source,title,publish_time,stock_or_entity,content,read_count,comment_count,url,crawl_time
新华网评论-最新评论,新华网视评｜管住任性“拍板”的手,2026-06-16,,招商项目本应结合地方发展实际，审慎论证、科学评估。然而，近年来一些地方招商项目仓促上马，少数领导干部随意“拍板”，隐患重重，甚至造成重大损失。 一些重大招商项目的教训极为深刻。比如南方某县为引进一家号称世界领先的显示材料生产企业，在尽职调查不充分的情况下匆匆签约落地，结果不久就陷入停产困境。再如，某开发区片面追求整车企业数量和规模，不顾风险投入巨额财政资金，多个项目先后停产。 一些地方领导干部为了在任期内快速出亮点，只盯着“高大上”的新项目，盲目追求“当年签约、当年开工、当年投产”，至于项目是否符合市场规律、技术是否成熟、企业有无真实实力，缺乏严谨细致的考察论证。记者调研发现，不少重大招商项目由“一把手”直接拍板。 随意决策，折射少数领导干部权力任性。当尽职调查、专家论证、风险评估等环节流于形式，当行政命令压过专业判断，再多的制度规定也会沦为摆设，以至于基层有时会出现这样吊诡的一幕：个别市县主要领导落马之际，也是少数“明星企业”关停之时。 管住任性“拍板”的手，要健全重大项目尽职调查机制。同时，要完善责任追究机制，对因盲目决策、违规操作、玩忽职守造成重大损失的，要严肃追责问责，让任性决策者付出应有代价。（文案：冯俊扬 黄浩然）,,,https://www.news.cn/comments/20260616/3358996d76ae41d9ab322546fa634ada/c.html,2026-06-17 07:53:45
新华网评论-最新评论,新华网三评之二：管住任性“拍板”的手,2026-06-16,,新华网南昌6月16日电 题：管住任性“拍板”的手 新华网记者冯俊扬 黄浩然 招商项目本应结合地方发展实际，审慎论证、科学评估。然而，近年来一些地方招商项目仓促上马，少数领导干部随意“拍板”，隐患重重，甚至造成重大损失。 一些重大招商项目的教训极为深刻。比如南方某县为引进一家号称世界领先的显示材料生产企业，在尽职调查不充分的情况下匆匆签约落地，结果不久就陷入停产困境。再如，某开发区片面追求整车企业数量和规模，不顾风险投入巨额财政资金，多个项目先后停产。 一些地方领导干部为了在任期内快速出亮点，只盯着“高大上”的新项目，盲目追求“当年签约、当年开工、当年投产”，至于项目是否符合市场规律、技术是否成熟、企业有无真实实力，缺乏严谨细致的考察论证。记者调研发现，不少重大招商项目由“一把手”直接拍板。 随意决策，折射少数领导干部权力任性。当尽职调查、专家论证、风险评估等环节流于形式，当行政命令压过专业判断，再多的制度规定也会沦为摆设，以至于基层有时会出现这样吊诡的一幕：个别市县主要领导落马之际，也是少数“明星企业”关停之时。 管住任性“拍板”的手，要健全重大项目尽职调查机制。同时，要完善责任追究机制，对因盲目决策、违规操作、玩忽职守造成重大损失的，要严肃追责问责，让任性决策者付出应有代价。 新华网三评之一：招商岂能沦为“豪赌”,,,https://www.news.cn/comments/20260616/ff09ca68fa044ee2bb90266c6039fa43/c.html,2026-06-17 07:53:45
新华网评论-最新评论,新华网视评｜招商岂能沦为“豪赌”,2026-06-15,有的地方通过国企出巨资收购省外上市公司,招商引资是促进地方经济发展、增加居民就业的重要方式。然而，近年来，一些地方招引的所谓重大项目屡屡烂尾，造成重大损失，受到社会广泛关注。 记者在基层调研发现，有的地方招引号称投资上百亿元的重大工业项目，给优惠给补贴，结果投产两年即停摆；有的地方通过国企出巨资收购省外上市公司，事后发现该企业有巨额潜亏；还有的地方为了抢项目，代建厂房、补贴设备，不顾成本搞“内卷式”竞争…… 开工时轰轰烈烈，烂尾时一地鸡毛。有些项目涉及的官员锒铛入狱，基层干部群众对此多有诟病。 最直接的危害就是财政资金“打水漂”，群众切身利益被损害。有的地方本就财力薄弱，为招引项目盲目给补贴、给优惠，甚至直接注资当股东。一旦项目烂尾或企业爆雷，前期投入血本无归。 地方引进重大项目初衷本没有错，但如果偏离了市场规律和法治轨道，沦为一场“豪赌”，就会南辕北辙，得不偿失。 地方发展等不起，百姓期待伤不起。招商引资必须坚决纠正短视、狭隘的“招商观”，加快建立科学的招商评估和风险防控机制，明确自身主导产业发展定位，不搞脱离实际的“产业造梦”，让招商引资真正赋能地方发展、壮大地方产业。（文案：冯俊扬 余贤红）,,,https://www.news.cn/comments/20260615/011541a345944f5fb7fb95073ca8228b/c.html,2026-06-17 07:53:45
新华网评论-最新评论,新华网三评之一：招商岂能沦为“豪赌”,2026-06-15,有的地方通过国企出巨资收购省外上市公司,新华网南昌6月15日电 题：招商岂能沦为“豪赌” 新华网记者冯俊扬 余贤红 招商引资是促进地方经济发展、增加居民就业的重要方式。然而，近年来，一些地方招引的所谓重大项目屡屡烂尾，造成重大损失，受到社会广泛关注。 记者在基层调研发现，有的地方招引号称投资上百亿元的重大工业项目，给优惠给补贴，结果投产两年即停摆；有的地方通过国企出巨资收购省外上市公司，事后发现该企业有巨额潜亏；还有的地方为了抢项目，代建厂房、补贴设备，不顾成本搞“内卷式”竞争…… 开工时轰轰烈烈，烂尾时一地鸡毛。有些项目涉及的官员锒铛入狱，基层干部群众对此多有诟病。 最直接的危害就是财政资金“打水漂”，群众切身利益被损害。有的地方本就财力薄弱，为招引项目盲目给补贴、给优惠，甚至直接注资当股东。一旦项目烂尾或企业爆雷，前期投入血本无归。 地方引进重大项目初衷本没有错，但如果偏离了市场规律和法治轨道，沦为一场“豪赌”，就会南辕北辙，得不偿失。 地方发展等不起，百姓期待伤不起。招商引资必须坚决纠正短视、狭隘的“招商观”，加快建立科学的招商评估和风险防控机制，明确自身主导产业发展定位，不搞脱离实际的“产业造梦”，让招商引资真正赋能地方发展、壮大地方产业。,,,https://www.news.cn/comments/20260615/0d5e596457df4c1e89010b67ee50f90f/c.html,2026-06-17 07:53:45
新华网评论-最新评论,新华网评：安全生产绝不能只“写在纸上、挂在墙上”,2026-06-12,国务院安委会办公室联合三部委约谈中国交通建设集团有限公司和中国电力建设集团有限公司,新华网北京6月12日电 题：安全生产绝不能只“写在纸上、挂在墙上” 近日，国务院安委会办公室联合三部委约谈中国交通建设集团有限公司和中国电力建设集团有限公司董事长及其有关下属二级公司主要负责人，直指企业安全责任制度悬空、安全制度和现场管理“两张皮”。 “纸面安全”挡不住塌桥塌方灾害的恶果。约谈指出广东梅大高速茶阳路段“5·1”塌方灾害、四川阿坝马尔康“11·11”红旗大桥垮塌灾害背后的深层问题，有关企业偷工减料、弄虚作假，同类事故隐患屡查屡犯。 此次约谈释放的信号直白又硬核：多大的光环，都护不住安全漏洞；什么样的巨头，也没有违规豁免特权。 安全是“1”，守不住“1”，后面再多的“0”也毫无意义。作为基建领域的国家队，相关企业被发现偷工减料、弄虚作假，违法分包、以包代管、包而不管，安全责任悬空，造成重特大事故，教训极其惨痛。 事实上，这已不是两家企业首次被约谈。近年来，中国交通建设集团有限公司因安全问题连续三年被约谈，中国电力建设集团有限公司相关项目也多次被地方约谈。屡谈不改，还出现重大问题，暴露出企业管理缺位、责任悬空，整改流于表面，未能触及根本。 安全无小事，生命大于天。当前正值第25个全国“安全生产月”，此次约谈亦是对全行业的警示：必须以“时时放心不下”的责任感抓安全，让制度落地、责任压实，杜绝敷衍塞责、表面文章，真正筑牢人民生命财产的安全防线。,,,https://www.news.cn/comments/20260612/dbb2d95d11114c4eb7373ffcbdef0d43/c.html,2026-06-17 07:53:45
新华网评论-最新评论,新华网视评丨不要让“孤独树”成为流量时代的尴尬注脚,2026-06-11,但在热衷网红打卡的游客和追逐爆款的平台,陕西白鹿原那棵伫立麦田边、因极简治愈走红的网红“孤独树”，最近被村民砍秃了树冠。 起因很简单。游客蜂拥打卡，村民家的麦田被踩，搭设围挡无果，劝说收效甚微，村民无奈动手砍了“祸根”。对此，网民争论不休，村里的态度却很干脆：“庄稼比树重要。” 一棵树，两种视角。对于村民而言，麦地是生计，凝结着数月耕耘的汗水。但在热衷网红打卡的游客和追逐爆款的平台算法眼中，孤树伫立麦浪，是诗意风景，是浪漫想象，是庞大的流量。 面对麦田被踩，村里也坦言，“难以保证时时都有人在麦田附近监管”。朴素话语直击人心，也揭开了此类“野景点”的流量困境——平台把“孤独树”捧成爆款，线下成本却让村民和村干部扛。 更荒诞的是，树冠被砍后，打卡热潮非但没有消退，反而愈发汹涌，甚至有人猎奇式追逐“残缺之美”。村民拼命止损，游客跟风追热，平台还在源源不断推送。 树木可以再抽新枝、重焕生机，可一季庄稼损毁，农户一年的辛劳便付诸东流。追逐美景无可厚非，但不能以牺牲当地人的正常生活为代价，不能以牺牲农民生计为代价。 不要让一棵被砍秃的“孤独树”，成为流量时代的尴尬注脚。游客出门打卡，要守住文明底线；平台追求流量，不能丢掉社会责任。（评论员：赵刚）,,,https://www.news.cn/comments/20260611/392c6df8934448df8e985ac238b5367a/c.html,2026-06-17 07:53:45
新华网评论-最新评论,用心守护少年气,2026-06-08,丰盈平台,【关键词】少年气 【事件】“自信，就是大大方方地‘献丑’。越敢‘献丑’，路越好走。”近日，云南昆明一名6岁男孩在足球赛夺冠后激情“演讲”，自信洒脱、毫不怯场。这一幕，打动了不少人，同时也引起人们思考，新一代青少年松弛又勇敢，这样的变化从何而来？ 记得一个周末，在公园空地上看一群小朋友玩滑板。有个小朋友学着他人的样子颤颤巍巍站上滑板，重心没稳住，摔倒在地。他迅速起身，拍拍身上的灰，开始下一次尝试。没有丝毫沮丧和挫败，脸上那种欢快劲和眼里的光，令我印象深刻。 后来看到13岁的李勇秋在法国巴黎拿下街舞赛事少儿组全球总冠军的新闻，不禁遐思，那位小朋友或许也能成长为一名滑板冠军。 “自古英雄出少年”。这股子永不服输的劲头、敢于一遍遍尝试的勇气，以及未来无限的可能性，正是少年气的重要特征。 少年气从何而来？ 天真稚气需呵护。“灯把黑夜/烫出了一个窟窿”“我挥挥手/就有很多手/我跑步/就有很多脚”“下雨了，天和地在打水仗，他们不分胜负，直到雨停”……这些诗句，展现了孩子们观察世界的独特视角、直观感受，饱含对未知事物的强烈好奇心与探索欲望。 不久前印发的《关于在全社会推进儿童友好建设的意见》，将“一米视角”正式确立为国土空间规划和城市更新专项规划等的重要遵循。今天，孩子们身处的是一个更加包容开放、多元自由的环境。从学校到家庭再到社会，教育的目标不是寻找标准答案，而是培养可能性。 远大志向早扎根。被问及为什么长大想当兵，一名小朋友如此回答：“保卫祖国的边疆……让每一个人的脸上，都挂满笑容。”成立于2006年的上海市黄浦区卢湾一中心小学“红喇叭”小讲解员社团，平均年龄10岁，20年来开展讲解超千场、服务听众数万人次。家国大爱，从小就深植于内心，化作日常的言谈举止和代代相传的精神。 在体育竞技的赛场上奋勇拼搏，在创新创造的舞台上大放异彩，在革命旧址用心用情讲述党的历史、革命故事和英雄事迹……以少年意气承时代使命、以蓬勃朝气赴复兴之约，擦亮的是“丹心从来系家国”的底色。 丰盈平台添底气。博物馆里，近距离观赏文物；科技馆中，探索科学奥秘；趣味课堂、实践活动充分发展兴趣……在缤纷多彩的活动中，孩子们度过了一个欢乐的“六一”国际儿童节。从中，也能看到触手可及的公共服务与资源为孩子们搭建更广阔的成长天地。 前不久落幕的一场全球大赛上，北京市八一学校的战队摘得机器人竞赛单元全球冠军，中国少年的科创风采熠熠闪光。广东深圳的“小孩哥”“小孩姐”，有的用AI“手搓”MV和网站迎接APEC，有的在地铁上与外国友人全英文对话无压力……眼里有光、心中有梦、脚下有路，新时代少年儿童正以蓬勃昂扬的姿态茁壮成长，当他们平视世界、拥抱未来，可信可爱可敬的中国形象也进一步树立。 “使举国之少年而果为少年也，则吾中国为未来之国，其进步未可量也。”事业在一代代人的传承接力中推进，用心守护这股少年气，就是守护我们的未来。（邹 翔）,,,https://www.news.cn/comments/20260608/091e11eb096b432db3a46e9c1963e46d/c.html,2026-06-17 07:53:45
新华网评论-最新评论,新华网视评｜“实践成果博士”释放学术评价新信号,2026-06-06,,近期，南京大学诞生首位以实践成果替代毕业论文的工程博士，消息一时刷屏。这位非在职博士研发的分布式光纤传感技术，已部署于南水北调等工程，甚至远销欧洲。有网友评价：“这是真把‘论文’写在祖国大地上。” 虽然不提交论文，但该毕业生的答辩要求却并不简单：用户单位应用报告、第三方检测、行业专家权威鉴定，缺一不可。 值得注意的是，此前，清华大学、中山大学等多所高校，已相继迎来首位“实践成果博士”。这释放出一个清晰的信号：学术评价，正换上多元化的“新尺子”。它不再只看纸面论文，而是丈量解决复杂工程问题的能力、技术创新的含金量、产业落地的实效。 改革高等教育评价体系的呼声由来已久。尤其对工科类教育而言，在“唯论文”导向下，存在为写而写，技术攻关能力弱化，实干精力被“纸面功夫”消耗等问题，偏离了育人的核心目标。2025年施行的《中华人民共和国学位法》明确，“实践成果”可与“学位论文”并列作为学位授予依据，为改革提供了法律支撑。 长期以来，唯论文、唯刊物、唯引用的片面评价导向，扭曲了科研与人才的评价逻辑，受到广泛诟病。“实践成果博士”的出现 ，为破除唯论文导向，构建分类分层评价体系开了个好头。兼顾成果实效、技术转化、一线贡献等实践成果，才能让科研回归求真致用的本源。（评论员：王志艳）,,,https://www.news.cn/comments/20260606/360155a2d07a432ebd3a6bec3309cf4e/c.html,2026-06-17 07:53:45
新华网评论-最新评论,新华时评丨日本炒作“周边威胁”难掩祸心,2026-06-04,,新华社北京6月4日电 题：日本炒作“周边威胁”难掩祸心 近日，日本媒体披露了日本2026年版《防卫白皮书》概要。不出所料，这份新版白皮书老调重弹，继续大肆渲染所谓“周边安全威胁”。剧本可谓毫无新意，反倒将其借危谋武、扩军备战的危险图谋暴露得更加清楚。明眼人一看便知，在亚太地区，那个不断渲染“威胁”的国家，才是地区和平稳定最大的威胁。 梳理近年来日方关于安全环境的表述，不难发现一条不断升级“危机叙事”的轨迹：几年前，就宣称面临“严峻复杂的安全环境”，此后又将其夸大为“战后最严峻复杂的安全环境”，如今新版白皮书更进一步鼓吹所谓“新的危机时代”。日本政府不断在字眼上加码，刻意营造“兵临城下”的危机感。尤其值得警惕的是，日方动辄拿所谓“中国威胁”做文章，妄图借此煽动焦虑、裹挟民意。其真实目的并非回应所谓的安全忧虑，而是为突破“专守防卫”原则、加速推进“再军事化”寻找借口。 从处心积虑推动修改和平宪法，到大幅调整“安保三文件”、公然写入发展所谓“反击能力”；从连续大幅提升防卫预算，到一再打破战后禁忌，多次修改“防卫装备转移三原则”，逐步放宽杀伤性武器出口限制；再到打着“强化防卫”的幌子重整军工复合体，加速与其他国家和地区军事勾连，甚至放风要放弃“无核三原则”……一系列动向都在揭示一个令人心惊的事实：日本“新型军国主义”已成势为患，对地区乃至世界和平稳定构成现实威胁。 这是3月5日在位于日本东京的市谷纪念馆内拍摄的远东国际军事法庭审判庭。新华社记者 贾浩成 摄 近代以来，日本军国主义曾屡屡以“生存受威胁”“维护安全”为借口，悍然发动侵略战争，给包括中国人民在内的亚洲各国人民带来深重灾难。如今，日本右翼势力不仅没有深刻反省历史罪责，反而妄图重蹈覆辙。正如日本国内有识之士所指出的，日本政府持续以“周边安全环境恶化”为幌子推进防卫政策转向，非但不能带来真正的安全，反而会激化军事紧张、加大战争风险。种种倒行逆施，正将日本推向险境，也让地区笼罩在军备竞赛的阴影之下。 日本一边在国际舞台上自我标榜“和平国家”，一边却在亚太地区拉“小圈子”，挑动对抗、制造紧张，日益成为地区安全的危险变数。事实一再证明，渲染“威胁”者往往是威胁的制造者，高喊“危机”者往往是危机的策源地。 亚太地区渴望和平发展，绝不能沦为地缘博弈的角斗场。日本右翼势力应认清时代大势，正视并深刻反省侵略历史，停止以渲染所谓“周边威胁”为借口推进“再军事化”。倘若执迷不悟，继续沉迷于编造“中国威胁论”的谎言，执意在“新型军国主义”的穷途末路上狂奔，日本不仅无法获得真正的安全，还将为破坏地区和平稳定承担应有的罪责、付出应有的代价。,,,https://www.news.cn/comments/20260604/ff8422b15a854798be23f6d0d78ccd81/c.html,2026-06-17 07:53:45
新华网评论-最新评论,新华网视评丨自己机不离手，孩子岂能放下手机,2026-06-02,,数字时代，电子产品早已深度融入青少年的学习与生活，如何管好孩子手中的屏幕，成为很多家庭的“育儿痛点”。孩子为何一头扎进电子产品？当家庭陪伴流于敷衍，日常玩乐单调乏味，短视频的瞬时快感、网络游戏的即时奖励，便会轻易填补孩子情感与社交的真空。没收设备、切断网络、严防死守的“堵截式”管教，治标不治本，还容易激化亲子矛盾，陷入“越管越叛逆、越禁越沉迷”的“死胡同”。孩子成长过程中，父母的陪伴很重要，不能因为追求轻松就将电子产品当成“哄娃神器”，也不能一边严令孩子“放下手机”，一边自己机不离手。技术可以是育儿的帮手，但不能是亲情的“替身”。（评论员：杨淑君）,,,https://www.news.cn/comments/20260602/07f12a3e4fd8426ea25c11be5af440cd/c.html,2026-06-17 07:53:45
新华网评论-最新评论,新华网评：自己机不离手，孩子岂能放下手机,2026-06-02,,新华网北京6月2日电 题：自己机不离手，孩子岂能放下手机 新华网记者杨淑君 数字时代，电子产品早已深度融入青少年的学习与生活，如何管好孩子手中的屏幕，成为很多家庭的“育儿痛点”。 孩子为何一头扎进电子产品？当家庭陪伴流于敷衍，日常玩乐单调乏味，短视频的瞬时快感、网络游戏的即时奖励，便会轻易填补孩子情感与社交的真空。没收设备、切断网络、严防死守的“堵截式”管教，治标不治本，还容易激化亲子矛盾，陷入“越管越叛逆、越禁越沉迷”的“死胡同”。 孩子成长过程中，父母的陪伴很重要，不能因为追求轻松就将电子产品当成“哄娃神器”，也不能一边严令孩子“放下手机”，一边自己机不离手。 技术可以是育儿的帮手，但不能是亲情的“替身”。全身心地陪孩子玩一场亲子游戏，共读一本书，走进大自然感受微风与花香……当父母把陪伴变得趣味满满，孩子就能在真实可触的生活场景中，找到比算法“投喂”更高级的快乐。那份对世界的好奇心与探索欲，也将在现实的土壤里生长。 真正的屏幕管理，需要家长的耐心与智慧，也需要学校和社会为孩子提供更具陪伴感的互动学习体验，创造更多“喜欢做、愿意做、做得开心”的活动与场景。 新华网评：小心“速成”神话给孩子带来伤害,,,https://www.news.cn/comments/20260602/5e68f0db1b27429c8894f56543c2b74a/c.html,2026-06-17 07:53:45
新华网评论-最新评论,新华网视评丨小心“速成”神话给孩子带来伤害,2026-06-01,,“3天掌握编程基础”“一个月实现自主阅读”……放眼当下儿童教育市场，各类打着“科技启蒙”“高效学习”幌子的数字工具风靡，许多父母不惜花费重金加入这场“速成学习”“超常培训”，期待孩子潜能得到开发。然而，所谓以极短时间培养孩子的特定能力，本质上是一种违背儿童成长规律的神话。不少早教软件，依靠高频切换的画面、强声光刺激吸引幼儿，塑造一种“伪专注”。长期沉浸在碎片化、高刺激的内容投喂中，孩子会慢慢丧失思考能力，主动探索的积极性也会被逐步消磨。（评论员：赵旭 田晨旭）,,,https://www.news.cn/comments/20260601/a1140adcb5ec4d21abf256b93817576d/c.html,2026-06-17 07:53:45
新华网评论-最新评论,新华网评：小心“速成”神话给孩子带来伤害,2026-06-01,,新华网北京6月1日电 题：小心“速成”神话给孩子带来伤害 新华网记者赵旭 田晨旭 “3天掌握编程基础”“一个月实现自主阅读”……放眼当下儿童教育市场，各类打着“科技启蒙”“高效学习”幌子的数字工具风靡，许多父母不惜花费重金加入这场“速成学习”“超常培训”，期待孩子潜能得到开发。 然而，所谓以极短时间培养孩子的特定能力，本质上是一种违背儿童成长规律的神话。 不少早教软件，依靠高频切换的画面、强声光刺激吸引幼儿，塑造一种“伪专注”。长期沉浸在碎片化、高刺激的内容投喂中，孩子会慢慢丧失思考能力，主动探索的积极性也会被逐步消磨。 数字“速成”带来的伤害，还可能体现在孩子的身体健康上。比如，长时间近距离观看数字产品，加上户外活动时间被挤占，会加剧视力发育负担。 “数字速成”神话背后，是部分商家刻意渲染竞争焦虑，用“抢跑”“超前学习”等话术收割家长，其危害远不止于财产损失，更可能让孩子在功利化的训练中，过早消磨掉对学习本身的好奇与热情。 教育无捷径，成长需耐心。成长需要阳光雨露，需要时间等待，万万不可拔苗助长。,,,https://www.news.cn/comments/20260601/4526f31d13284931b24b65b651b9c558/c.html,2026-06-17 07:53:45
新华网评论-最新评论,以童心绘岁月光阴,2026-06-01,,生命的到来自带温暖。我们永远不能忘记对孩子的关怀，要创造一个更尊重生命、更温柔、更良善的世界 我是一个给孩子画画、讲故事的人。我的作品像不同时候、不同土壤里的种子，到了合适的时候就冒出来了。 我特别喜欢《聊斋》，儿时看《聊斋》看得很投入。上世纪90年代，有编辑约我画绘本，在十几个故事中，我选择了一个以孩子为主角、出自《聊斋》的故事。我用笔去表达我的思考，我的心思顺着笔流到纸面上，《宝儿》就诞生了。 画书也是在画我的童年。小时候，我与外婆相伴。她爱生活，过得精致，常穿青布大褂，一条干干净净的小手绢别得很有型，还会在头发中插上茉莉花。最棒的是她会讲故事，有描述、有手势，还会配上自己的唱腔。我跟着她学会了干家务，也听懂了故事。外婆讲的故事，带着一代代人的生活智慧，滋润我成长。这些传统不能丢，我必须画下来。好的教育就像优质食粮，自然滋养着人们。这种滋养越早越好，养健康的胃口，养好孩子的精神，也养成孩子对生活的欢喜心。 欢喜心总在童年时萌发。所以父母甭管多忙，都该花点时间给孩子讲故事。有些人因为忙，会把这件事给忽略了。书给到孩子，让孩子自己去读，那种阅读是欠缺“声音”的。什么“声音”？现代图画书重交流。文字要念出来，有了声音，故事才能生动起来，更有情感和力量。故事里有父母的“声音”，故事就来得更亲切，更有精气神，孩子得到的是情感、艺术和文学多重的滋养。 孩子也会给成人带来启发和滋养，孩子们就是“小先生”。我哪里离开过小孩？一直跟他们是好朋友。我带我的小孙子，就像外婆当年对我一样。我的笔记里写满了我们之间的事，书页翻飞间，他一天天长大。跟孩子在一起的时光，每一天都很开心，当然很累、很麻烦的时候也有。育儿当然很辛苦，但是快乐多多。和孩子在一起，我回到童年，所谓返璞归真，就是这么回事。 璞就是素朴，真就是真诚，通过孩子的天真之眼可以洞见世界的本貌。孩子看山是山，而成人被闻见知识遮蔽，往往看山不是山。从这个意义上讲，当你愿意像孩子一样，用干干净净的眼睛看世界，生活中就处处有光。别让童年离开，去找寻所遇见的、好的、美的、各种各样事物的光吧，这样人的精神才完整、丰盈。 生活中，我觉得没有什么东西是没有用的。把事物简单分为“有用”和“无用”，仅仅守着“有用”的，就把世界看窄了。应当整体地去看待生活，将经历、知识融为一体，看到它们之间的奇妙关联，再去感受草木山峦。用心感悟，你才会爱你的生活，然后继续创造生活。 很多人都怕老，我也是，但我没有时间怕老。我也会担心时间过得很快，“恨无长绳能系日”，但并不会为此焦虑。我要快乐地老、快乐地生活，忘记年龄。世界这么大，只要你愿意，它就会向你打开。 AI（人工智能）时代，面对变化，人会有焦虑。但人的能动性不会因此而改变。AI能模仿，但是它不能复制你的心，你此刻的感受、思想和情感。所以，不要怀疑自己，不要怀疑以童心绘出的光华。 做童书，是立人的事业。我画生命的温度，画人间的感动，画对生活的勇气，画对光明世界的追寻……我相信，生命的到来自带温暖。我们永远不能忘记对孩子的关怀，要创造一个更尊重生命、更温柔、更良善的世界。 “六一”国际儿童节之际，我也想感谢每一个小朋友。每一个生命来到这个世界上，本身就是一种奇迹、一种胜利。你能来经历人世间的一切，有宽阔的视野，这是多么可爱。希望小朋友都爱自己、爱生活、爱创造，珍惜每一天，把每一天都过得很饱满。你说将来会有问题吗？会有，但无妨，未来充满希望。 （蔡 皋）,,,https://www.news.cn/comments/20260601/b07ff860aaa04b309f272ec5708e677b/c.html,2026-06-17 07:53:45
新华网评论-最新评论,莫让赏景变“伤景”,2026-05-29,,胸怀系统观念，厘清因果链、找准干预点，用好法治方式，精准治理，难题方能得到妥善解决 近年来，山野徒步成时尚，户外经济蓬勃发展。可在一些地方，伴随大批游客而来的，还有海量垃圾。饮料瓶、包装袋散落在山谷间、草丛中，不仅大煞风景，更会对生态造成持久伤害。 如何在发展户外经济的同时，做好垃圾治理？除了加强宣传教育、唤醒道德自觉，不少地方通过政府兜底来清运垃圾，或依托志愿团队定期捡拾。此外，还有什么高招？ 以系统思维谋全局、以法治思维固根基、以精准治理提质效，在涵养习惯与治理升级、专业引领与群防群治的多管齐下中，可以找到答案。 系统观念是具有基础性的思想和工作方法，为构建共治体系指明思路。徒步线路的规划管理，往往涉及林草、文旅、属地乡镇等多个部门，容易权责模糊，产生治理的罅隙。理顺各部门、各环节责任链条，统筹法治、经济等多种手段，构建政府主导、社会协同的共治机制，方能化解环保习惯养成难、治理成本高的双重挑战，还青山以纯净，护绿水以澄澈。 一些地方山野垃圾成堆，与监管缺位、无章可依有很大关系。尤需强化运用法治思维的能力，针对性推进法规建设。以四川金川县为例，当地出台登山户外运动管理办法（试行版），明晰主体责任，明确要求徒步团队妥善处理垃圾，不可降解垃圾必须全部携带下山并按规定分类处置。持续完善地方立法、颁布针对性文件，让治理有章可循，让责任有人担当，户外垃圾治理就有更稳定、持久的动力。 找准症结，还要找对疗法，下好“绣花功夫”。精准治理，就是要因时、因地、因人群而异，既有约束也有激励，用巧劲撬动难题破解。现实中，有的地方对全部进山者收取“卫生费”，引发争议。要看到，并非所有游客都乱扔垃圾，一些地方缺少垃圾桶等设施也是问题产生的原因之一。与之不同，有景区创新“环保押金”制度，游客返程带回一定重量垃圾，便可退费；有地方免费发放环保袋，鼓励捡拾垃圾、兑换纪念品。这些举措既有助于弥补设施短板，还能强化公众责任感。创新引导机制，营造人人主动参与的氛围，方是良策。 防范“破窗效应”，严格执法监督是必要保障。今年3月，两名游客因在秦岭乱扔垃圾并与志愿者起冲突，被严肃批评、依法处罚，彰显了法治威严。加强生态环境公益诉讼，开展典型案例警示，不断提高违法成本，才能形成有效震慑，促使游客敬畏法规、约束己身。 视野拉远，各种治理问题不断涌现，若只被动回应、头痛医头，便永远在救火。胸怀系统观念，厘清因果链、找准干预点，用好法治方式，精准治理，难题方能得到妥善解决。比如，上海推行垃圾分类，除了出台管理条例，还针对居民“嫌脏怕麻烦”的心态，配备洗手、除臭等设施，用精准服务化解治理阻力。再如，北京推动建设充电接口超100万个，同时严查违规行为，疏堵结合，电动自行车入屋充电现象显著减少。 拿出久久为功的韧劲和善作善成的巧劲，变“想到”为“做到”，让自律成自觉，文明之花定会绽放在山野间、扎根于人心深处。（常 晋）,,,https://www.news.cn/comments/20260529/02e54f25e9df4021ba5044ccf39a351e/c.html,2026-06-17 07:53:45
新华网评论-最新评论,“最暖的车”是城乡携手共富的生动注脚,2026-02-11,,“这是我见过最暖的一台车，明明是公交车，却没有地方下脚，满车都是蔬菜，司机却还说‘你们打空手（不运货）的就不能上’……”近日，一歌手在贵州贵阳252路公交惠农专线上拍摄的视频，引来众多网友围观。 车厢里，满满当当都是大包小包的蔬菜，每位乘客的脸上写满对生活的憧憬；车窗外，天还未亮。这一充满生活气息的场景，是最真实的人间烟火，令网友们倍感亲切。 包括252路在内，贵阳共开通了38条公交惠农专线，覆盖当地多个涉农区域，形成农产品运输类、日常出行类、赶场赶集类、乡村旅游类四大服务体系。专线开设目的，是让城市周边的菜农能更便捷实惠地进城卖菜，同时又不影响早高峰的城市交通秩序。这一精准解决民生痛点的暖心举措，惠及多个群体——菜农们进城卖菜方便了、上班族出行不受影响，市民则可以买到新鲜蔬菜，可谓“多赢”。初步统计数据显示，贵阳“惠农公交”线路总客运量达34.54万人次，运输农产品1249.6吨。 这样的“暖心车”不仅贵阳有：江西新干县不断升级“菜农公交”，一元钱即可从乡镇直达城区；四川凉山彝族自治州，老成昆线上往返于攀枝花南站和普雄站的公益慢火车被保留下来，猪、羊、土特产排得满满当当；在湖南，服务武陵山区城乡居民的7266次“慢火车”坐满了旅客、拉满了年货，还创新开展助农直播；在重庆，“背篓专线”加长版已正式上线，将串联起更多区域，让沿线民众有更加便捷的出行选择……这些举措有效加强了田间与城市的链接，让城市发展惠及更多人群和更大范围。 我们知道，中国式现代化是全体人民共同富裕的现代化。这些年，我们在推进全体人民共同富裕上取得了扎实进展。但不可否认，城乡之间的差距，仍然是横亘在共富路上的一道坎。 怎么解决这个问题？这就需要推进城乡融合发展。城市的现代化，不仅仅体现在基础设施的先进，更体现在城乡融合、带动乡村一起奔向现代化上。在中国，现代化的城市，一定是城乡共同谋求发展的城市，一定是城乡携手共富的城市。 我们看到，在城市建设日新月异，公交地铁网线加密，高铁高速遍布全国的同时，各地在发展的过程中，也始终把关注和回应最真实的民生需求，特别是农民群众的需求摆在发展的重要位置。贵阳的“暖心公交”、重庆的“背篓专线”，就是这一实践的生动注脚。 打造更多这样的城市，需要在城市治理上下“绣花功夫”，在发展过程中慢下脚步，认真倾听、体察所有居民最直接、最真实的生活需求，并及时作出回应。这样，在奔向现代化的进程中，我们的城市将不仅有高楼大厦，还有人间烟火。 这，是人民城市为人民的生动实践。（光明网评论员）,,,https://www.news.cn/comments/20260211/868f58373ebf4fee82a7ad63662d1093/c.html,2026-06-17 07:53:45
新华网评论-最新评论,盒饭摊“转正”的治理启示,2026-02-11,,【关键词】盒饭摊“转正” 【事件】浙江宁波镇海区九龙湖镇一工地旁，一名卤肉饭摊主凭借实在用料和暖心互动走红网络。当地社区了解到其有长期经营打算后，主动牵头，协调城建、城管、市监等部门启动联合服务，快速划定固定经营区域，全程指导证照办理。没多久，营业执照顺利送达，让小摊位在规范经营中升腾起更浓烟火气。 在规范管理与人文关怀之间找到最佳平衡点，这是基层治理的重要课题，是检验治理者智慧与方法的一块“试金石”。社区主动牵头提供服务、多部门协调全程指导，让一个盒饭摊实现合规经营，为这一命题提供了鲜活样本。 精准解题，首先要主动靠前倾听民声。以往，在一些地方，流动摊贩与执法者的矛盾时有显现，很大原因在于治理模式存在“一刀切”。忽视需求，就难以根治问题，倘若方式方法简单粗暴，还可能引发情绪对立。盒饭摊顺利“转正”，背后是治理模式从堵向疏的转变。避免遇事“一罚了之”，而是及时服务、柔性执法，既守牢了合法合规的底线，又呵护了群众生计，让治理充满人情味。 靠前倾听的一小步，背后有正确的政绩观，也有科学的方法论。比如，迈开“铁脚板”——重庆南川区通过马路办公、问卷调查等方式收集民意，摸清游摊分布与经营特点，科学设置“潮汐摊区”、提供免费摊位，让城郊农户有了稳定经营空间。又如，用好“大数据”——上海12345热线深挖诉求数据，梳理风险隐患、预判民生需求，推动治理从事后处置转向“未病先治”。因地制宜用好各类方式方法，治理才能精准发力、事半功倍。 系统思维也是提升治理效能的重要支撑。一个小小盒饭摊的经营，涉及场地规划、食品安全、证照办理等多个环节，唯有打破“各管一摊”的孤立分割，实现跨部门协同治理，才能以相互“补台”有效破解治理碎片化难题。 社会治理往往涉及很多专业性问题，坚持系统观念，让专业部门形成合力，才能更好满足复合多元的民生需求。例如，河北聚焦新生儿出生服务难题，整合卫生健康、公安、医保等多部门业务，推出出生“一件事”联办模式，让群众少跑腿、好办事；甘肃建立诉调、警调、访调“三调对接”机制，综治中心可统筹信访、司法等部门，集中力量调处化解矛盾纠纷……面对千头万绪，攥指成拳才能让温暖关怀直达“神经末梢”。 归根结底，辩证看待“管”与“帮”，是所有治理者的必修课。“管”与“帮”看似各有侧重，实则统一于为民服务的初心，是相辅相成的有机整体。既有共情能力，也守底线思维，才能圆满解决一件件民生小事，更好实现规范管理与人文关怀的共融。 治理没有一成不变的公式，期待更多地方和部门立足实际、因地制宜，创造更多人们喜闻乐见的“两全其美”，让群众幸福感绵延不息。（徐阳）,,,https://www.news.cn/comments/20260211/1c87efdd6acc4d4d8436655f8fe62fcc/c.html,2026-06-17 07:53:45
新华网评论-最新评论,跨省赶大集，感受“烟火气”,2026-02-11,再加上社交平台,临近春节，在安徽滁州来安县汊河镇，年货集市热闹非常，来这里“打年货”的除了乡里乡亲，还有很多是“外省人”，因为汊河镇与江苏省南京市浦口区仅一桥之隔。在商超林立、万物皆可网购的今天，一个看似“土”味十足的大集为什么能成为人们的心头好，甚至引得一些游客不辞辛苦拉着行李箱跨省而来？ “人间烟火气，最抚凡人心”，烟火气是集市的底色。当代人生活工作压力交织，容易沉浸在虚拟的线上世界。而“赶大集”恰好提供了一个充满松弛感和烟火气的线下场景——新鲜的果蔬、刚出炉的美味小吃、面对面带着温度的交流，这些真实而鲜活的体验，如同一剂“解药”，缓解着都市人的数字疲劳与精神内耗。而且，相比于城市高昂的生活成本和商品的品牌溢价，大集上那些价格实惠的农产品、日用品，也让人流连忘返。 如今的大集，还解锁了很多新玩法。山东临沂的临沭县是“柳编之都”，当地的曹洼大集就专门设置了非遗专区，现场展示柳编非遗技艺和作品，让传统技艺与现代审美碰撞融合。年轻人多了，自然也少不了“流量时代”的玩法。直播、录制短视频，再加上社交平台“赶集攻略”“宝藏集市推荐”等内容的助推，“云赶集”不仅拓宽了消费的时空维度，更将一次简单的采购，转化为一场可传播、可分享的文化体验之旅。 不过，短时间的巨大流量，带来了关注度和销售额，同时也对市场管理和城市治理提出了新的要求。比如，有的集市客流量大，但面临卫生环境差、消防隐患多、交通拥堵等问题。而且，周边游客在逛完集市之后，很难产生进一步的衍生消费，如何改进配套服务承接更多溢出效应是需要思考的问题。 用“流量”换“留量”，集市要留下的不仅是“流量”，还有舒适的体验和藏在市井生活里的美好记忆。老市场的管理不能用老办法，传统消费方式重新焕发生机需要全新思路。对此，有的地方科学划分功能区域，从交通疏导到秩序维护，全方位保障游玩体验；有的地区则推动交通一体化建设，让两地从“邻城”变“同城”，实现“上午坐车来赶大集，下午回城市喝咖啡”。与此同时，还要考虑好市场的经营。毕竟，一个个摊位，不仅关乎城市烟火气，还关乎许多家庭的生计。 商务部等9单位日前印发《2026“乐购新春”春节特别活动方案》，提出“支持县域地区举办年货大集”。支持县域地区举办大集，不妨进一步完善服务设施、优化消费环境。当然，也期待各地更多的治理智慧，让集市越来越热气腾腾，更好满足人们对美好生活的需求。 县域、摊位、农产品、摊主以及来自四面八方的顾客，共同构成了集市这一独特而富有亲和力的消费场景。跨省赶大集，感受“烟火气”，你会是其中一员吗？（臧梦雅）,,,https://www.news.cn/comments/20260211/b5ec2972447f4ae3bc15f9eee0b4fc77/c.html,2026-06-17 07:53:45
新华网评论-新华网评,新华网评：新官理旧账，是担当更是本分,2026-05-29,,新华网北京5月29日电 题：新官理旧账，是担当更是本分 “前前前前任留下的烂摊子，怎么理？” 近期，该话题在网上持续引发热议。这不仅是工作能否顺利接续的问题，更是摆在每一名履新干部面前的为官必答题。 现实中，不少领导干部存在一个误区，开新局、出新绩，才算是自己的成绩；清旧账、解旧难，是费力不讨好的“补坑活”。有的认为，旧账干好了不算自己功劳，干砸了要承担责任，不如把精力放在能快速出成绩的新项目上，更能突显自己的能力和政绩。还有的认为，旧账多是烂摊子，解决起来势必引发矛盾，要么一推了之，要么一拖再拖。结果，旧账成了“死账”，矛盾越积越深。 在一些地方，投资数千万元的惠民工程项目，只因为领导换了，政策就不兑现了；承诺为群众解决困难，领导一换又没人管了……表面看这是工作衔接不顺畅，本质上是私心作祟、责任缺失，是典型的不担当、不作为。 只重任内显绩，回避历史旧账，这样的政绩观明显跑偏。 政贵有恒。地方发展，从来不是一任之功、一时之事，而是一场久久为功的接力跑。一任一棒，才能步步前进、行稳致远。这是保持政策连续性的应有之义，也是维护政府公信力的必然选择；表面看是还历史的债，实际上是铺发展的路。还清一笔旧账，化解一个难题，补齐一块短板，赢得一片民心。这何尝不是政绩！ 每一笔未了结的旧账，都是群众的急难愁盼；每一件未解决的难题，都是发展的堵点短板。直面历史遗留的硬骨头、烫手山芋，彰显了事不避难的责任担当，也映照出为人民出政绩的价值取向。 善于在理旧账中破难题，敢于在清存量中出新绩，才是真正的为官能力、真正的为民政绩。,,,https://www.news.cn/comments/20260529/23f517e8ae9a4b58947438b54859f074/c.html,2026-06-17 07:53:45
新华网评论-新华网评,新华网评：“山海关不住”的“东北超”，为什么这么火？,2026-05-27,,新华网北京5月27日电 题：“山海关不住”的“东北超”，为什么这么火？ 新华网记者马若虎 继贵州“村超”、江苏“苏超”之后，“东北超”也火了。 开赛首日，沈阳、长春、哈尔滨、呼和浩特四座城市约10万人现场助威。这场跨越区域的“城市足球联赛”，撬动了近亿元赞助、覆盖超一亿人口的消费市场。“东北超”为什么这么火？ 火在“接地气”。“东北超”把体育赛事变成了大众狂欢，参赛球员包括学生、快递员、企业职工等普通群体，充分彰显全民参与、大众竞技。19.9元的亲民票价，让看球不再是奢侈消费，而是触手可及的周末娱乐。球迷还能凭票根享受文旅、餐饮、住宿等消费福利，太超值了。 火在“聚人心”。东北大地山水相连、文脉相通。“东北超”用足球激发了人们对家乡的热爱，形成了强大的情感共鸣。当巨幅“整装东北”在看台徐徐铺展，当“东北是家”的大旗迎风飘扬，“足球魂”与“东北情”被彻底唤醒。 火在“新模式”。作为区域性城市足球IP，“东北超”打破行政区域壁垒，以相近的人文习俗和体育兴趣为纽带，组建起一个跨区域的联赛共同体。这种创新模式，放大了单个城市的能量，其影响力和商业价值自然水涨船高。 真正有生命力的活动，必然根植于人民，服务于人民。“东北超”赛出了东北人的精气神，更赛出了区域的“热乎气”。这团从黑土地燃起的“火”，是对足球的热爱，更承载着黑土地的期盼。,,,https://www.news.cn/comments/20260527/5f0e46d608a94253b50297bdf7c9f907/c.html,2026-06-17 07:53:45
新华网评论-新华网评,新华网三评之三：毕业论文审核，不能过度依赖AI,2026-05-23,不少高校学生在社交平台,新华网北京5月23日电 题：毕业论文审核，不能过度依赖AI 新华网记者武江民 临近毕业季，不少高校学生在社交平台上吐槽，论文AI率检测陷入了“怪圈”：“明明是亲手写的内容，却被判定AI率过高”“为了降低AI率，被迫删减论文中逻辑强的内容”“AI率是降了，论文却被改得面目全非”…… 为避免学生对AI的过分依赖，一些高校借助技术手段筛查论文的AI率。但当前的AI率检测，并不能判断“用没用AI”，只能判断“哪些内容有AI味”。AI检测工具只能分析文章的写作特征、结构安排和逻辑连贯性，在分析判断复杂、专业或混合语言的学术文本时表现有限。如此背景下，原创论文频频被误判，不足为奇。 更值得警惕的是，有高校把原本仅供参考的AI率检测，变成论文通过的“硬门槛”。这种做法容易导致论文审核过度依赖技术、唯检测数据，却忽视论文本身的内容与质量，消磨学生的创造力。 防止学术不端的底线必须坚守，但若审核要求过于机械，则可能异化为对学生创新思维的束缚，进而消解其科研探索的内驱力。 学术评价应回归教育本心，少一点算法，多一点耐心，把重心放在论文观点创新、逻辑论证、实地调研上。AI检测可做疑点筛查，但不能作为最终判决书。如此，才能既堵住学术投机的漏洞，又避免误伤认真原创的学生，让毕业论文审核真正回归它应有的意义。 新华网三评之一：以敬畏之心守护科学诚信 新华网三评之二：论文署名岂能沦为“唐僧肉”,,,https://www.news.cn/comments/20260523/b5e45ff2767a4c6f860d93d5a27e10fe/c.html,2026-06-17 07:53:45
新华网评论-新华网评,新华网评：自行车进地铁，值得点赞,2026-05-22,,近日，北京地铁在部分线路推出“轨道+骑行”试点服务，收获不少网友点赞。 地铁禁自行车，客观上是因为人多、拥挤、容易出事故。如今，绿色出行成了新风尚，越来越多人想去近郊骑行，可自行车带不进地铁，长途骑行耗费体力，自驾来回又容易堵车，便民出行的现实难题亟待破解。 试点让自行车进地铁，就是为破解这个民生痛点的一个创举。 这表面上是一次交通运输服务的调整，实际上是治理思维的转变。北京地铁这次试点前，先后和骑友多次沟通，再定在双休日开放，明确轮径标准、实行专属票务。这是在为新服务立规矩，体现了服务的精度。 自行车上地铁，这件事本身不大。但它背后的民生关切和便民考量，值得好好品一品。（评论员：张骁）,,,https://www.news.cn/comments/20260522/8df4b4490ede4ab0a0501364ea3de656/c.html,2026-06-17 07:53:45
新华网评论-新华网评,新华网三评之二：论文署名岂能沦为“唐僧肉”,2026-05-22,,新华网北京5月22日电 题：论文署名岂能沦为“唐僧肉” 新华网记者于也童 近年来，论文署名乱象不时受到舆论关注。有博士生独立完成的论文，被导师强行索要“一作”；有学生投稿之际，被临时通知加塞多个署名，甚至连“名字顺序都已排好”…… 无贡献者“硬蹭”署名、真正贡献者被挤占排序，论文署名俨然成了任人分食的“唐僧肉”，不仅严重挫伤青年群体深耕学术的积极性，更污染了学术生态。 早在2009年，教育部便发出通知，将“未参加创作，在他人学术成果上署名”明确列为学术不端行为。2019年印发的《关于进一步弘扬科学家精神加强作风和学风建设的意见》强调，要按照对科研成果的创造性贡献大小据实署名和排序，导师不得在成果署名、知识产权归属等方面侵占学生、团队成员的合法利益。 禁令之下，论文署名乱象依然存在，令人深思。 现行学术评价体系中，论文署名位次与职称评定、项目申报、评优评先等切身利益直接挂钩。署名带来的功利性回报，让个别人动了歪心思，凭借自身学术资历与权力优势，肆意挤占学生、青年教师等群体的劳动成果。功利主义驱动下，论文署名沦为“权力的游戏”。 部分期刊“唯资历”的潜规则，为这种侵占行为提供了“温床”。当前，不少期刊对第一作者身份有隐性要求，甚至明确规定学生须与导师合著且导师为第一作者，否则不予采用。 要让论文署名回归学术本真，既要改变高校“唯论文、唯署名”的学术评价体系，也要破除期刊“唯资历”的选稿倾向，更要探索建立更为细化的署名规范。唯有让每一份贡献都被看见、被尊重，才能真正守护学术净土，激发创新活力。 新华网三评之一：以敬畏之心守护科学诚信,,,https://www.news.cn/comments/20260522/02db6b1b5833432bbb725a4d7ba6ed64/c.html,2026-06-17 07:53:45
新华网评论-新华网评,新华网三评之一：以敬畏之心守护科学诚信,2026-05-21,,新华网北京5月21日电 题：以敬畏之心守护科学诚信 新华网记者武江民、于也童 近来，多位知名高校教授被网民公开举报论文造假，其中不乏院长、“杰青”级别的学术带头人，引发广泛关注。 多所院校已宣布启动调查程序，其中同济大学近期通报称，受质疑的论文确实存在问题，该校生命科学与技术学院院长王某作为通讯作者，对实验数据和论文质量“失察失管”，已作免职处理。 按理说，越是知名高校，学术规范应当越严格；越是知名学者，严谨治学的意识应当越强。但此次被曝光的，不乏一些登上国际知名期刊、依托国家科研经费支持的重点项目成果。卷入争议的，恰恰是这些头衔耀眼、资源集中的机构和学者，实属不该。 领军者失守一寸，跟随者便可能溃退一丈。如果连顶尖的学者团队都不能确保研究过程的真实可靠，我们又如何期望在全社会筑牢科研诚信的基石？ 根治学术不端，要建立常态化、长效性的监管机制，对学术不端行为严肃追责。无论涉及何人，一经查实，依法依规公开严肃处理，让失信者真正付出沉重代价。 另一方面，也要筑牢评审底线，破除“权威迷信”。每一位导师、学科带头人、项目负责人，都应成为科研诚信的“第一责任人”和“最后一道防线”。 头衔越高，意味着责任越大、标准越严、期待越重。以敬畏之心守护科学诚信，每一位拥有高头衔的学者，都应当作出表率。,,,https://www.news.cn/comments/20260521/b8128341c42143c88ed60146e3ff4d2d/c.html,2026-06-17 07:53:45
新华网评论-新华网评,新华网评：“心机商标”该歇歇了,2026-04-24,,新华网北京4月24日电 题：“心机商标”该歇歇了 新华网记者赵刚、王志艳 127.3万件！这是2023年以来被国家知识产权局驳回的“心机商标”申请数量。 数字惊人，背后的套路更诛心。 看看此前被曝光的案例：冲着“手打”买的挂面，结果“手打”是商标，面是流水线机器生产的；以为买的是“120W”快充头，没想到“120W”是商标，实际功率只有22W；“三分钟奇迹”洗发水？别误会，奇迹没有，三分钟也不是承诺，只是注册的名字；多半袋面、多半桶面，包装上的“多半”是商标；想买山里来的土鸡蛋，结果“山里来的土”是商标……诸如此类的“心机商标”，让消费者极度反感：“我以为买的是品质，结果是文字游戏。” 这种把商标当幌子的玩法，监管没惯着。国家知识产权局已对3351件已注册、但在使用中严重误导消费者的商标，宣告无效。 说到底，企业不琢磨怎么把产品做好，反倒花心思在商标上耍心眼、玩套路，这是路走歪了。骗了消费者，坑了同行，扰乱的是整个市场环境。这种“小聪明”，注定走不远。 与其靠打擦边球去注册“心机商标”，不如打造良心品牌。否则即便有可能赢得一时销量，但最终会输掉消费者的口碑和企业的未来。 国家知识产权局已驳回“心机商标”申请127.3万件,,,https://www.news.cn/comments/20260424/af3269d0c3b3433fbed134b5eca3dace/c.html,2026-06-17 07:53:45
新华网评论-新华网评,新华网评：不是这些食品有毒，而是伪科普有毒,2026-04-24,中国互联网联合辟谣平台,新华网北京4月24日电 题：不是这些食品有毒，而是伪科普有毒 新华网记者李洪雷 李申 “蜂蜜一旦结晶就不能吃”“冷冻馒头含黄曲霉素”“味精加热后有毒”……一段时间以来，各类“食品有毒”传言时有发生。引得不少人信以为真、以讹传讹：有人倒掉整瓶结晶蜂蜜，有人丢弃冷冻主食，有人拒绝使用味精，不仅造成经济损失，还可能导致部分食品滞销、商家口碑受损。 这些谣言看似“有理有据”，实则漏洞百出，是典型的伪科学。中国互联网联合辟谣平台已逐一澄清：蜂蜜结晶是正常物理现象，可放心食用；黄曲霉毒素生成需特定条件，家用冰箱冷冻室低温下产生概率极低；味精高温分解的焦谷氨酸钠，无毒且不致癌。 必须明确：不是这些食品有毒，而是伪科普有毒。伪科普贩卖健康焦虑，用耸人听闻的表述吸引眼球、带节奏。“嘴上是科普，背后是生意”，这些看似贴心的“健康提醒”，本质上大都是别有用心者收割流量、谋取私利的工具。 舌尖上的安心，不该成为全民“辨谣闯关”的负担。唯有让权威科普跑在谣言前面，让真实信息覆盖网络空间，虚假传言才会失去传播土壤。,,,https://www.news.cn/comments/20260424/1f91c948317f4310b09ac2013f4e5f26/c.html,2026-06-17 07:53:45
新华网评论-新华网评,新华网评：屏幕再大，语音再灵，没有安全都是零,2026-04-22,,新华网北京4月22日电 题：屏幕再大，语音再灵，没有安全都是零 新华网记者周蕊 王辰阳 不久前，某新能源汽车在夜间高速行驶过程中，因语音指令识别错误导致大灯关闭，最终撞上了高速公路护栏。因智能系统不稳定已造成多起新能源汽车事故，必须引起警惕。 从大尺寸多功能的中控屏，到可以识别多国语言的语音控制系统，一段时间以来，“智能化”“科技感”成了一些新能源车企的宣传卖点。然而，有车主反映，一些智能功能华而不实，有的语音系统听不懂人话，有的屏幕系统多次卡顿死机，导致部分功能受限，影响基本的驾驶体验。 值得警惕的是，有的新能源车企将事故后用于修复智能系统漏洞的OTA（远程软件升级）补丁包装成所谓的“快速响应”，以回避产品研发阶段底层安全逻辑的缺失。 “智能”是卖点，但安全是底线。如果车企将大量精力和财力投入到所谓的“智能创新”“科技卖点”，而忽视新能源汽车的安全、可靠等核心性能，这就是舍本逐末了。 针对跑偏的汽车智能化，监管层面也在不断划“红线”。目前，工信部发布新修订的《汽车操纵件、指示器及信号装置的标志》《智能网联汽车 自动驾驶系统安全要求》等强制性国家标准，公开征求意见。根据新国标，转向灯、前进挡、雨刮器等功能都必须配备实体操纵件，自动驾驶系统应不对用户和其他道路使用者造成不合理的安全风险。 屏幕再大，语音再灵，没有安全都是零。只有始终把安全放在第一位，才能让技术真正服务于人，新能源汽车才能走得更远。,,,https://www.news.cn/comments/20260422/1038513401c649e39f0bff86fe4517ba/c.html,2026-06-17 07:53:45
新华网评论-新华网评,新华网评：“外挂”岂能乱挂,2026-04-21,某些社交平台,新华网北京4月21日电 题：“外挂”岂能乱挂 新华网记者吴振东 杨有宗 近期，某些社交平台上打着“纯电车加增程器”“续航翻倍”“无损安装”旗号的广告悄然蔓延。部分账号以“科普”之名，论证后期加装增程器的“可行性”，甚至建有几百人的客户交流群。 所谓的“增程器”，实际是一套包含发动机、发电机、控制器的复杂燃油发电系统。商家将其包装成“新能源汽车的充电宝”，试图打消车主对其合法性与安全性的顾虑。面对诱人的宣传，一些受“里程焦虑”的车主很难不动心。尤其对于跑运输的电动货车司机而言，原车续航不足会直接影响运营；一些小型电动车车主，也想通过加装增程器摆脱可能“半路没电”的尴尬。 但加装这种“外挂”，不安全还违法。 不少增程器被私自安装于车辆前机舱，一旦遭遇追尾或碰撞时极易引发燃油泄漏起火。如果增程器与汽车电池充电控制协议不匹配，还可能导致电池过充而引发自燃。 道路交通安全法规定，不得擅自改变机动车已登记的结构、构造或者特征。给纯电动汽车加装增程器，属于典型的非法改装，直接触碰了法律红线。 解决“里程焦虑”绝不能饮鸩止渴。从根本上化解“里程焦虑”，还需车企加强研发，提供更多合规的长续航产品，也需要相关部门企业加快完善充换电网络。 里程诚可贵，生命价更高。“外挂”不能乱挂，在安全与合法范围内的技术创新，才是真正有前途的创新。,,,https://www.news.cn/comments/20260421/5936fe6c531341688946d64e8f48cd17/c.html,2026-06-17 07:53:45
新华网评论-新华网视评,新华网视评丨自己机不离手，孩子岂能放下手机,2026-06-02,,数字时代，电子产品早已深度融入青少年的学习与生活，如何管好孩子手中的屏幕，成为很多家庭的“育儿痛点”。孩子为何一头扎进电子产品？当家庭陪伴流于敷衍，日常玩乐单调乏味，短视频的瞬时快感、网络游戏的即时奖励，便会轻易填补孩子情感与社交的真空。没收设备、切断网络、严防死守的“堵截式”管教，治标不治本，还容易激化亲子矛盾，陷入“越管越叛逆、越禁越沉迷”的“死胡同”。孩子成长过程中，父母的陪伴很重要，不能因为追求轻松就将电子产品当成“哄娃神器”，也不能一边严令孩子“放下手机”，一边自己机不离手。技术可以是育儿的帮手，但不能是亲情的“替身”。（评论员：杨淑君）,,,http://www.news.cn/comments/20260602/07f12a3e4fd8426ea25c11be5af440cd/c.html,2026-06-17 07:53:45
新华网评论-新华网视评,新华网视评丨毕业论文审核，不能过度依赖AI,2026-05-27,不少高校学生在社交平台,临近毕业季，不少高校学生在社交平台上吐槽，论文AI率检测陷入了“怪圈”：“明明是亲手写的内容，却被判定AI率过高”“为了降低AI率，被迫删减论文中逻辑强的内容”“AI率是降了，论文却被改得面目全非”……当前的AI率检测，并不能判断“用没用AI”，只能判断“哪些内容有AI味”。AI检测工具只能分析文章的写作特征、结构安排和逻辑连贯性，在分析判断复杂、专业或混合语言的学术文本时表现有限。更值得警惕的是，有高校把原本仅供参考的AI率检测，变成论文通过的“硬门槛”。防止学术不端的底线必须坚守，但若审核要求过于机械，则可能异化为对学生创新思维的束缚，进而消解其科研探索的内驱力。（评论员：武江民）,,,http://www.news.cn/comments/20260527/18e7c8ada1fc4ed3a22f7eb423849e98/c.html,2026-06-17 07:53:45
新华网评论-新华网视评,新华网视评丨论文署名岂能沦为“唐僧肉”,2026-05-26,,近年来，论文署名乱象不时受到舆论关注。有博士生独立完成的论文，被导师强行索要“一作”；有学生投稿之际，被临时通知加塞多个署名，甚至连“名字顺序都已排好”……无贡献者“硬蹭”署名、真正贡献者被挤占排序，论文署名俨然成了任人分食的“唐僧肉”，不仅严重挫伤青年群体深耕学术的积极性，更污染了学术生态。要让论文署名回归学术本真，既要改变高校“唯论文、唯署名”的学术评价体系，也要破除期刊“唯资历”的选稿倾向，更要探索建立更为细化的署名规范。（评论员：于也童）,,,http://www.news.cn/comments/20260526/ec1d681452d04712ac2018999ccaa8a2/c.html,2026-06-17 07:53:45
新华网评论-新华网视评,新华网视评丨以敬畏之心守护科学诚信,2026-05-25,,近来，多位知名高校教授被网民公开举报论文造假，其中不乏院长、“杰青”级别的学术带头人，引发广泛关注。按理说，越是知名高校，学术规范应当越严格；越是知名学者，严谨治学的意识应当越强。但此次被曝光的，不乏一些登上国际知名期刊、依托国家科研经费支持的重点项目成果。卷入争议的，恰恰是这些头衔耀眼、资源集中的机构和学者，实属不该。领军者失守一寸，跟随者便可能溃退一丈。如果连顶尖的学者团队都不能确保研究过程的真实可靠，我们又如何期望在全社会筑牢科研诚信的基石？（评论员：武江民、于也童）,,,http://www.news.cn/comments/20260525/9de9b1a083ac4db384a3b30a93e28d55/c.html,2026-06-17 07:53:45
新华网评论-新华网视评,新华网视评｜自行车进地铁，值得点赞,2026-05-22,,近日，北京地铁在部分线路推出“轨道+骑行”试点服务，收获不少网友点赞。 地铁禁自行车，客观上是因为人多、拥挤、容易出事故。如今，绿色出行成了新风尚，越来越多人想去近郊骑行，可自行车带不进地铁，长途骑行耗费体力，自驾来回又容易堵车，便民出行的现实难题亟待破解。 试点让自行车进地铁，就是为破解这个民生痛点的一个创举。 这表面上是一次交通运输服务的调整，实际上是治理思维的转变。北京地铁这次试点前，先后和骑友多次沟通，再定在双休日开放，明确轮径标准、实行专属票务。这是在为新服务立规矩，体现了服务的精度。 自行车上地铁，这件事本身不大。但它背后的民生关切和便民考量，值得好好品一品。（评论员：张骁）,,,https://www.news.cn/comments/20260522/8df4b4490ede4ab0a0501364ea3de656/c.html,2026-06-17 07:53:45
新华网评论-新华网视评,新华网视评｜灾难不是流量生意,2026-05-21,,近日柳州地震，全网揪心。地震造成伤亡、房屋倒塌，上万群众被迫转移。可偏偏有商家拿灾难博流量，打出“比520更早到来的，是柳州5.2级地震的震动”这样的营销文案，引发众怒。 这不是创意，是冷血。这样的“抖机灵”，是赤祼祼地往受灾同胞的伤口上撒盐，毫无同理心，毫无底线。涉事商家还是本地人，家乡受灾“流血”，他却想着“蹭流量”。 商家虽道歉、删文，承认是“对灾难和受灾同胞的极大不敬”，可伤害已经造成，就像地震留下的裂痕，不是几句道歉就能抹平的。当地监管部门已迅速出手，果断调查立案，传递了一个清晰的信号：灾难不是营销素材，谁敢蹭灾难营销的流量，谁就要付出代价。 这类“灾难营销”并非孤例。比如，台风登陆，有车企打出“史上最强台风，史上最强SUV”的广告；暴雨成灾，有房企喊出“居住高地，让风雨只是风景”；越野赛发生事故，竟有品牌拿事故图片做推广。一次次翻车，一次次道歉，可依旧屡禁不止。说白了，某些商家眼里只有流量，没有良知；只算经济账，不算良心账。 灾难不是流量生意，对生命的敬畏，是做人都该有的底线。（评论员：王志艳）,,,http://www.news.cn/comments/20260521/b36076aac66d4951937ea1bd495998b6/c.html,2026-06-17 07:53:45
新华网评论-新华网视评,新华网视评丨“种花家”的绿化，硬核又浪漫,2026-05-18,中国许多城市浪漫景观在海外社交平台,绿化带变成了月季花海，高架桥变身空中花廊，马路边挤满了芍药牡丹……近期，中国许多城市浪漫景观在海外社交平台持续走红出圈，引发外国网友惊叹与好奇：“是不是AI合成的？”“为什么绿化带搞得这么漂亮？” 当然不是AI。这些高颜值绿化的背后，藏着强大的“种花家”实力。 中国庞大的园林产业，让花卉苗木像工业品一样规模化生产。专业的设计施工和智慧养护，让“繁花似锦”不再是节庆特供。硬核，藏在看不见的产业链里。 这样的绿化，不光好看，还好用得很。它能缓解城市的热岛效应、吸附粉尘噪音、缓解驾驶疲劳，还把公园的美，延伸到市民日常通勤的街道，把有限的公共预算，转化为市民触手可及的“幸福感”“获得感”。花一份钱，办了好几件大事。 从北京的“月季项链”到广州的“异木棉长廊”，从南宁高架上倾泻而下的“三角梅花瀑”到洛阳街头国色天香的牡丹，这些风景向世界展示的，不仅是中国城市的颜值，更是一种兼顾效率与温度、融合生态与民生的现代化治理智慧。 正如网友所说，“一座城市认真对待一朵花，便是认真对待生活于此的人”。（评论员：赵刚）,,,https://www.news.cn/comments/20260518/63133d95197548019ead18978c590095/c.html,2026-06-17 07:53:45
新华网评论-新华网视评,新华网视评丨网购遭遇看“地”下菜碟，太荒诞了,2026-05-08,,同一链接、同一价格，一线城市收到的凤梨金黄多汁，农村老家的却青黑发苦；给老人买羽绒服，大城市和小县城收到的质量天差地别——这不是段子，而是媒体曝光的网友真实遭遇。 有商家大言不惭：“不同地址发‘AB货’就是潜规则。”消费者想维权，往往被“批次不同”等理由搪塞，网购活生生变成“开盲盒”。有网友被迫想出应对办法：贵重商品先填大城市地址，发货后再改回真实地址。太荒诞了！ 一些商家为何敢如此肆无忌惮？因为维权成本有差异。大城市退货方便，消费者维权意识更强，不敢糊弄；农村取个快递都要跑几公里，很多人嫌麻烦就凑合着用了。平台呢？B货走量能带来佣金和广告收入，于是睁一只眼闭一只眼，默许商家给用户“画像”，精准区别对待。 同店同价却不同质，这种看“地”下菜碟的发货套路，不仅公然侵犯消费者权益，更肆意践踏商业最基本的诚信底线。 “下沉市场”不能成为“次品市场”，绝不能让收货地址成为商家任性“潜规则”的依据。（评论员：王志艳）,,,https://www.news.cn/comments/20260508/a0aec4354b8f4ab681da76c035be4afc/c.html,2026-06-17 07:53:45
新华网评论-新华网视评,新华网视评丨代驾服务乱象，该治一治了,2026-04-28,但一些代驾服务平台,近年来，代驾服务迅速发展，解决了很多人的燃眉之急，受到好评。但一些代驾服务平台收费不透明、售后服务形同虚设、纠纷处理推诿扯皮等问题屡屡侵害消费者权益，让本是便民的服务沦为糟心事，行业野蛮生长的乱象亟待整治。 乱象背后，折射出一些代驾服务平台责任意识的缺失。部分平台刻意模糊自身定位，自称“信息中介”，出了事则与己无关。有的平台服务合同埋着免责条款，消费者一不留神就掉进坑里。还有的代驾司机碰到违章、肇事就失联，平台售后却形同虚设，电话打不通，纠纷无人管，投诉石沉大海。 代驾连着出行安全，容不得无序发展。治理乱象，不能再靠行业“自觉”，必须依靠强有力的外部监管和制度约束：首先是明确“谁来管”，厘清监管职责边界；其次是立好“规矩”，对服务、收费、事故理赔流程、各方权责边界等核心内容作出明确、公平的规定。 唯有让责任归位、监管发力，才能破除行业顽疾，让代驾真正惠及民生、良性发展。（评论员：雷嘉兴）,,,https://www.news.cn/comments/20260428/fc8e70481619476e97bb38fca588c5a6/c.html,2026-06-17 07:53:45
新华网评论-新华网视评,新华网视评丨屏幕再大，语音再灵，没有安全都是零,2026-04-22,,不久前，某新能源汽车在夜间高速行驶过程中，因语音指令识别错误导致大灯关闭，最终撞上了高速公路护栏。因智能系统不稳定已造成多起新能源汽车事故，必须引起警惕。有的新能源车企将事故后用于修复智能系统漏洞的OTA（远程软件升级）补丁包装成所谓的“快速响应”，以回避产品研发阶段底层安全逻辑的缺失。“智能”是卖点，但安全是底线。如果车企将大量精力和财力投入到所谓的“智能创新”“科技卖点”，而忽视新能源汽车的安全、可靠等核心性能，这就是舍本逐末了。（评论员：周蕊、王辰阳）,,,http://www.news.cn/comments/20260422/3ae0eccc20894397a8a6a85a27dc3b73/c.html,2026-06-17 07:53:45
新华网评论-新华网视评,新华网视评丨“外挂”岂能乱挂,2026-04-21,某些社交平台,近期，某些社交平台上打着“纯电车加增程器”“续航翻倍”“无损安装”旗号的广告悄然蔓延。部分账号以“科普”之名，论证后期加装增程器的“可行性”，甚至建有几百人的客户交流群。面对诱人的宣传，一些受“里程焦虑”的车主很难不动心。但加装这种“外挂”，不安全还违法。解决里程焦虑绝不能饮鸩止渴。从根本上化解“里程焦虑”，还需车企加强研发，提供更多合规的长续航产品，也需要相关部门企业加快完善充换电网络。“外挂”不能乱挂，在安全与合法范围内的技术创新，才是真正有前途的创新。（评论员：吴振东、杨有宗）,,,https://www.news.cn/comments/20260421/a712840be54545b8a63a3fa2a73ef6a3/c.html,2026-06-17 07:53:45
新华网评论-新华网视评,新华网视评丨新能源车牌“绿变白”？触红线了,2026-04-21,,近日，部分车主为追求所谓“高级感”，通过化学浸泡、强光照射等方式，人为将绿色号牌褪色改色。社交媒体上，更有博主发布“褪色教程”，诱导他人跟风效仿，形成不良风气。机动车号牌是车辆“身份证”，样式、颜色、规格由国家统一规定，一车一号、信息唯一，是交通管理、执法取证、事故追责的重要依据，绝非可以随意改动的装饰。人为改色车牌，看似追求个性，实则触碰法律红线、埋下安全隐患。一些博主标榜的所谓“不影响识别”的说法毫无科学依据，纯属误导公众。广大车主切莫被所谓“个性”带偏节奏，别让号牌沦为博眼球的道具。（评论员：李洪雷）,,,https://www.news.cn/comments/20260421/1de9b2603834423185edaa5f5617ea0b/c.html,2026-06-17 07:53:45
新华网评论-新华网视评,新华网视评｜把“民生刚需”当“唐僧肉”，该打,2026-04-09,,查处违法案件1.4万件，罚没2.35亿元，累计退费约3亿元——这是近日国家市场监管总局亮出的“水电气”整治成绩单。这是一次有力的敲打，因为数字背后，是众多家庭被多收的钱、被“跑快”的表、被强加的隐形费用。 计量不准、收费不规范，还有的企业不执行政府定价和政府指导价……这些都是长期被群众诟病的“顽疾”。此前，重庆燃气集团就因多计多收燃气费等问题，被群众质疑，因整改不力最终被处罚金810万元。 水电气公用企业，姓“公”不姓“私”。供水、供电、供气，本质上是为百姓提供基础保障的公共服务，不是企业的摇钱树。每家多收几块钱，看似不多，但乘以千万用户，就是巨额不当得利，于法不容。市场监管总局此次亮剑，态度鲜明：违规多收乱收的，必须“吐出来”。 民生领域收费，容不得“糊涂账”。每一次计量失准、收费不明，都是在透支老百姓对公用事业的信任，侵蚀政府公信力。要管住“问题表”“乱收费”，必须把监管纳入日常，把权力关进制度的笼子。让每一块表都经得起检验，每一笔收费都明明白白。（评论员：王志艳）,,,https://www.news.cn/comments/20260409/2b852a6f8b984d31b7e7c478dac5db89/c.html,2026-06-17 07:53:45
新华网评论-新华网视评,新华网视评丨岂容“量子”沦为骗子,2026-04-02,中国互联网联合辟谣平台,近日，中国互联网联合辟谣平台推出科普文章，揭开了“量子骗局”的伪科学把戏，引发广泛关注。收费高达26万元的“量子波动速读”课程，竟宣称能让孩子1至5分钟读完10万字，甚至闭着眼睛也能感知内容；标价3999元的“量子低频共振水杯”，声称可将普通水神奇转化为“量子水”，饮用后可清理血液垃圾；更有甚者，鼓吹量子能量手环能改善人体健康，通过“量子赋能”实现农作物增产增收……近年来，披着“前沿科技”外衣的量子骗局频频出现在公众视野，让不少人上当受骗。（评论员：李洪雷）,,,https://www.news.cn/comments/20260402/5ce08e957d9c44e9b75a875b705d7bc1/c.html,2026-06-17 07:53:45
新华网评论-新华网视评,新华网视评丨莫让打假变了味,2026-03-31,,一年举报1200多家饭店拍黄瓜有问题，要挟商家给钱息事宁人。近日媒体调查揭露，部分职业打假人打着维权的旗号，干着牟利的买卖。他们揪住商家的合规瑕疵，找茬、取证、举报、索赔一条龙。（评论员：王志艳）,,,https://www.news.cn/comments/20260331/aa0a520dcf034de3b77127768c2e3504/c.html,2026-06-17 07:53:45
新华网评论-新华网视评,新华网视评｜平台“内卷”，不能总让商家“买单”,2026-03-27,市场监管部门披露了外卖平台,近日，市场监管部门披露了外卖平台反垄断调查的最新进展，引发广泛关注。 拼补贴、拼价格、控流量……外卖平台用千亿补贴抢市场，占份额，可代价是中小商家被绑上战车，利润被压榨，定价权被剥夺，有的连“不参与”的权利都没有。一些撑起城市烟火气的小店，正在被所谓“补贴”一点点抽干。 不久前，北京市三部门联合约谈了12家平台企业，集中通报开展平台“内卷式”竞争综合整治以来发现的第一批问题，其中就提到，某外卖平台擅自侵害商家自主经营权，导致一些商家收入甚至难以覆盖原材料成本。 参与活动，利润归零；不参与，流量归零。无数左右为难的商家，卷入了这场以“补贴”为名的漩涡：有商家原价19.8元的套餐，被平台上架活动后，实收2.58元；正常售价18元的饺子，被平台修改价格后，商家实收1.25元……平台“内卷”，不能总让商家“买单”。 这种“内卷式”竞争，还冲击着餐饮行业价格体系和经营生态。媒体报道，餐饮堂食客单价已打回到十年前。当商家利润薄如纸片，还拿什么去维持品质、保障就业、涨薪水？最终的结果只能是餐饮品质下降、行业萎缩，消费者的选择减少。 平台可以竞争，但不能以牺牲千万中小商户的生计为代价。让价格回归合理，让竞争回归理性，让中小商家好好活下去，这不仅是经济账，更是民生账。（评论员赵刚、王志艳）,,,https://www.news.cn/comments/20260327/57af7570c2c4495798ca23405cb52314/c.html,2026-06-17 07:53:45
新华网评论-新华网视评,新华网视评丨绝不容许低俗广告给孩子“投毒”,2026-03-20,某些商业平台,近日，知名儿童启蒙品牌“宝宝巴士”因其旗下App中出现不良广告，被市场监管部门处以30万元罚款并没收违法所得。这笔违法所得仅3.68元，与罚款金额形成巨大反差，恰恰凸显了处罚的警示意义远大于经济惩戒——在儿童成长领域，任何商业利益都不能无视保护责任。 不久前，国家发展改革委、国务院妇儿工委办公室联合印发《关于在全社会推进儿童友好建设的意见》，明确要求“加强未成年人网络保护，集中整治通过互联网诱导危险行为、宣扬不良价值等涉未成年人突出问题”。 在数字化时代，构建真正的儿童友好社会，净化网络空间、守护数字童年是不可或缺的一环。 近段时间，一些家教机、学习机等儿童相关产品内容失范的情况时有发生，一些社交媒体也被指向未成年人推送软色情等有害信息。在流量至上的商业逻辑驱使下，某些商业平台将社会责任抛诸脑后，岂能放任不管。 针对“宝宝巴士”的30万罚款，既是对乱象的回应，也是强监管的警示：把“擦边”的黑手伸向孩子，必将付出沉重的代价。商业利益绝不能凌驾于孩子的健康成长之上。面向儿童的数字产品，必须用“显微镜”审视每一条广告，以“防火墙”隔绝每一次风险。现在的孩子是数字时代的“原住民”，守护这方寸屏幕，才能给“原住民”们一个健康的成长环境。（评论员：黄浩）,,,https://www.news.cn/comments/20260320/609f3ac668654da6b664cc2f5516f969/c.html,2026-06-17 07:53:45
新华网评论-新华网视评,新华网视评丨“养龙虾”不能忽视安全风险,2026-03-11,工业和信息化部网络安全威胁和漏洞信息共享平台,最近，“养龙虾”火了，与之相关的讨论也正在发酵。连全国人大代表、中国工程院院士高文都感慨：“现在大家急得不得了，生怕没有养上‘龙虾’。” 此“龙虾”非吃的龙虾，而是一款图标为“龙虾”的开源AI智能体OpenClaw。“养龙虾”则是指部署和使用这样一个智能体，有的可以当个人助理，有的能直接上手开发产品，好比雇了一个AI机器人干活。公众“养龙虾”热情高涨，深圳、无锡等地也纷纷出台相关支持政策，这是对前沿科技趋势的敏锐把握与长远布局。 然而，“养龙虾”热潮的背后潜藏着不容忽视的信息安全隐患。近日，工业和信息化部网络安全威胁和漏洞信息共享平台专门提示，OpenClaw部分实例在默认或不当配置下存在严重安全缺陷，极易诱发网络攻击与信息泄露。这一预警表明，信息安全的风险并非假设。在缺乏有效权限控制、审计机制和安全加固的情况下，随意授权“养龙虾”，无异于将数字家门的钥匙交给陌生人。 更令人担忧的是，鱼龙混杂的代安装市场环境让安全风险进一步加剧。OpenClaw的安装与调配具有一定门槛，普通用户难以独立完成，火热的“养龙虾”需求短时吸引大量“速成师傅”入场。这些人员水平参差不齐，部分人为牟利，刻意回避权限说明与风险提示，甚至将公开工具打包换皮——既可能因服务方技术疏漏埋下漏洞，更可能让AI智能体在失控的授权下成为信息泄露的通道。 “养龙虾”走红背后风险不能忽视。多方联手，尽快推出安全、合规、便利的“养龙虾”相关服务，才能让用得上、信得过的AI智能体走入寻常百姓家，真正成为数字生活的可靠伙伴。（评论员：黄浩）,,,https://www.news.cn/comments/20260311/e9e911be7291411191d357fdecb0e01d/c.html,2026-06-17 07:53:45
新华网评论-新华网视评,新华网视评丨建设生育友好型社会的重要一步,2026-03-07,,3月4日，十四届全国人大四次会议大会发言人透露，今年我国将制定托育服务法。全国两会期间，育儿话题持续引发关注，提高育儿补贴标准、落实父亲陪产假等建言，围绕的都是“带娃难”这一问题。 当前，0-3岁婴幼儿照护成为一些家庭的“急难愁盼”。双职工父母“无力带娃”、隔代照料往往力不从心、市场化托育机构经常收费较高……这些现实痛点，折射出普惠性托育服务的供给短板。托育服务法草案在总则中明确，“将普惠托育服务有序纳入基本公共服务范围”，这意味着婴幼儿照护将成为国家和社会更多承担的公共责任。 这也是近年来政策组合拳的延伸：2025年，全国各级财政发放约1000亿元育儿补贴，惠及3000多万婴幼儿，并同步推进免除公办幼儿园学前一年在园儿童的保育教育费；今年，中央财政继续安排近1000亿元补助，将新增普惠托位15万个。今年的政府工作报告也提出，加强初婚初育家庭住房保障，发展普惠托育和托幼一体化服务。“生育成本社会共担”的政策方向愈发清晰。 建设生育友好型社会是一场系统性工程，为托育立法是其中的重要一步。正如有全国政协委员所言：“推动生育友好，实质上是通过投资家庭、投资儿童来投资国家的未来，是另一种角度的‘投资于人’。”（评论员：王志艳）,,,https://www.news.cn/comments/20260307/67ebc3911ca94363904dca9fdbd8c399/c.html,2026-06-17 07:53:45
新华网评论-新华网视评,新华网视评丨期待一个更疏朗自在的假期,2026-03-06,,想象一下这样的图景：不是盛夏酷暑，也不是寒冬腊月，而是在草长莺飞的四月天或天高气爽的秋天，孩子们拥有了一周左右的“小长假”。与此同时，他们的父母也通过灵活的带薪休假，与孩子一起出行。这是不是很美？ 今年的政府工作报告提出，支持有条件的地方推广中小学春秋假，落实职工带薪错峰休假制度。这两个假并列提出，很有深意。 对于家庭而言，孩子的假期从来不只是假期，“孩子放假，家长上班”的矛盾长期困扰有娃家庭。如果单方面推广中小学春秋假，没有职工真正的错峰休假自由，那么每年春秋两季，社交媒体上可能充斥的不是出游美景，而是家长们“求托管”的焦虑帖。反之，如果只强调错峰休假，而没有学校假期的结构性调整，那么“错峰”的效果将大打折扣，社会整体的客流压力依然会在寒暑假集中爆发。 政策的生命力在于执行，而执行的关键在于正视这些具体而微的“同步”难题。对于企业而言，带薪错峰休假需要落实到位；对学校和教育部门而言，推广春秋假涉及教学计划的科学调整；对社会服务而言，假期结构的调整将催生新的需求波峰，这考验着公共服务的预见性与弹性。 期待我们能逐渐告别“一窝蜂休假”的疲惫，迎来一个更疏朗、自在的假期，让家庭的团聚更从容，让个人的休息更自主，让社会的活力更充沛。（评论员：赵刚）,,,https://www.news.cn/comments/20260306/8f95c1bb98cb4e1cb98d064fc7a3e046/c.html,2026-06-17 07:53:45
新华网评论-新华网视评,新华网视评丨这样的暖心服务，可以更多些,2026-02-14,,近期，南昌火车站的一项暖心服务引发网络关注：春运期间，对返乡务工人员携带的务工工具，提供全程免费寄送到家服务。这一小小举措，却实实在在破解了群众的出行难题，网友们纷纷点赞：“有温度的政策”“建议全国推广”…… 电钻、焊枪、锤子等工具，出于安全考虑不能带上火车，但作为“吃饭的家伙”，扔了可惜，自费邮寄往往比买新的还贵，这让许多务工人员陷入两难。南昌火车站的这项服务，既遵守了铁路安检规定，守住了公共出行的安全底线，又回应了务工群体生产工具“带不了、寄不起、不舍得扔”的实际困难。 网友对此评价：“接地气，暖民心。”的确，想群众之所想，急群众之所急，才能解群众之所难。 今年春运，全国许多地方都推出了类似服务。长沙南站面向务工人员也提供高铁禁带生产工具免费寄递服务，昆山市总工会则面向全市不返乡留昆过年的务工人员，推出快递免费寄回家乡的服务…… 春运的终点是家，服务的出发点是为人民。我们期待，如网友所说，这样有温度的便民服务能够在更多地方推广，做到群众心坎上的务实行动，能够更多。（评论员：赵刚）,,,https://www.news.cn/comments/20260214/61ec77e436254793bebf3a13434e8d36/c.html,2026-06-17 07:53:45
新华网评论-新华网视评,新华网视评丨这个“网红”记大功，追授优秀共产党员称号,2026-02-11,,确定追授记大功奖励，追授“新疆维吾尔自治区优秀共产党员”称号——近日，关于已故新疆农产品品牌建设与产销服务中心主任贺娇龙的两则追授，令许多网友动容。 这位“红衣女侠”，因策马雪原走红网络，逐步成为新疆知名主播。但她没有把“网红”当作个人光环，而是长期致力于公益助农直播，推广新疆优质农产品和当地文旅品牌。她用一场场线上直播、一次次实地奔走，将“流量”变“销量”，将“热度”变“口碑”。 从昭苏的蜂蜜、奶酪，到尼勒克的三文鱼……众多新疆特产通过她被更多人看见，许多新疆农牧民吃上了“旅游饭”“电商饭”。她用实际行动将流量变成打通城乡、连接产销的桥梁，诠释了新时代基层党员干部如何过好“互联网这一关”：既要扎根泥土，也要善用网络，借势发力，把流量红利真正转化为民生福祉。 确定追授记大功奖励，追授“新疆维吾尔自治区优秀共产党员”称号，是对贺娇龙个人的奖励，也是对坚守初心的基层奋斗者的礼赞。我们纪念的，是一个初心如磐的人，是一个实干担当的党员干部。（评论员：黄浩）,,,https://www.news.cn/comments/20260211/27a2e1c4207c4b49b7eacd97ddf78fdc/c.html,2026-06-17 07:53:45
新华网评论-新华网视评,新华网视评丨厘清家校权责边界,2026-02-07,,中小学假期近期陆续开始，不少老师松了口气，“来自家长的投诉总算能停一停了。”一段时间来，不少教师反映，针对学校和老师的琐碎投诉影响工作。 作业量的多与少、管教方式的严与宽、授课声音的高与低，都可能成为投诉事由，甚至有教师因回复家长信息稍晚、在办公室吃外卖等被投诉……当应对投诉消耗过多精力，教学质量难免受到影响。 更值得关注的是，这种环境正导致教师形成“自我保护优先”的职业心态，陷入“不敢管、不愿管”的困境。有教师坦言，如今跟学生说话需要先评估潜在风险，以免被投诉。 投诉的泛化与异化，根源主要在于家校责任边界的模糊错位。 家长对学校工作的关注与监督，是推动教育健康发展的重要力量，这份关切理应被尊重。但，当监督触角无限延伸，介入范围扩展至课程安排、教师任命等专业领域，甚至细致到教师的沟通方式与生活习惯，便超出了合理监督范畴。 这种越位式监督，不仅无法破解教育问题，反而会撕裂家校信任基础。为规避争议和风险，一些老师被迫追求“不出事”，而非“教得好”，对学生不当行为选择视而不见或轻描淡写，助长了流于表面的“表演式教育”。有人无奈调侃，课堂渐成“剧场”，老师成了“演员”。 适度的管教是树立规则意识、矫正行为陋习的必要环节，若教师因忌惮投诉而放弃管教、一味迁就，短期看似息事宁人，长期却是对学生成长的不负责任，更会消解教育的权威性与严肃性。 教师陷入“如履薄冰”的职业困境，最终伤及的是基础教育的根基与学生的长远成长。 教育从来不是单方的独奏，而是家校同心的合唱。 唯有厘清家校权责边界、筑牢互信包容基石，让监督回归理性轨道，让关爱找准发力方向，才能让学生在规则约束与温情呵护中茁壮成长。（评论员：赵旭、侠克）,,,https://www.news.cn/comments/20260207/0d50a3924b704f4ab2ab02512c0e3e42/c.html,2026-06-17 07:53:45
新华网评论-新华网视评,新华网视评丨家长当好家长 老师做好老师,2026-02-07,,刚刚过去的一学期，“家长打印作业”“护学岗家长倒下”等热点事件，掀起关于家校责任边界的讨论。“上班听老板的，下班听老师的”，不少家长把“家里必备打印机、替孩子做手抄报、帮学校打扫卫生、代老师批改作业”总结为教育新“四大负担”。 家校共育的本意，是家庭与学校各展所长、各司其职，共同托举孩子的成长。然而，一些学校将批改作业、打印资料、执勤站岗等本属学校管理范畴的事务，转移给了家长，不少家长自嘲成了“编外教师”，“和真正的老师相比‘只差一本教师资格证’”。 更让这份“兼职”充满压力的是，这些任务往往以“自愿参与”“家委会协调”之名开展，让许多家长难以拒绝，陷入“不配合不安心，配合了又力不从心”的两难。 化解这一困局，需要的是厘清家长与学校的责任：老师不是家长，家长也不是老师；老师有老师的职责，家长有家长的职责。教育主管部门可进一步细化家校协作的权责指引。学校也要回归育人主业，优化内部管理，切实为教师减负，规范家委会职能。社区、公益组织等力量可更多参与课后服务、校园安全协防等事务。 只有让该学校负责的归学校，让该家庭负责的归家庭，在孩子成长的同心圆中找准各自的位置，才能卸下不必要的负担，真正为孩子营造一个健康、从容的成长环境。（评论员：乌梦达、余佩璇）,,,https://www.news.cn/comments/20260207/f9e8123ffab748a5819dc8c851535346/c.html,2026-06-17 07:53:45
新华网评论-新华网视评,新华网视评丨春运出行，这些谣言必须当心,2026-02-05,第三方平台,近日，中央网信办举报中心联合国铁集团发布“涉铁路运输领域年度网络辟谣榜”，将“加速包抢票”“许愿补票”“扫码调温”等与旅客出行密切相关的典型谣言集中盘点，帮助网民识别虚假信息，切实保障旅客合法权益，必须点赞。 这些谣言瞄准旅客“求票心切”“出行求便”等心理，误导公众认知，徒增出行困扰，必须重视。 购票环节是谣言高发区，必须澄清。第三方平台热推的“加速包抢票”服务，实为12306免费候补功能的“换皮”包装，无法改变购票顺序，更无法提升抢票成功率； 所谓“在第三方购票平台输入口令购买低价打折票”纯属虚假宣传，实为第三方平台汇总展示12306原有优惠票，刻意制造的让利假象； 所谓“春运可提前90天预约抢票”更是营销炒作，通过第三方购票，暗藏附加费以及隐私泄露风险。 补票换座相关谣言有点搞笑，必须不严肃对待。向12306公众号“许愿补票”成功纯属巧合，补票结果由系统自动生成，人工无法干预；12306没有“在线换座”功能，第三方平台声称的“在线换座”服务本质就是改签。而“取消靠窗选座”则是误读，12306购票选座界面优化后，A、F座旁的“窗”字改为竖线标识，二者仍为靠窗座位，但不一定正对窗户。 乘车途中的谣言同样如此。所谓“扫码调温”可能是未来多少年的事情，目前高铁座位二维码仅用于旅客反馈服务问题，列车空调由系统统一调控，个人目前还无法自主调节；所谓“高铁车厢二氧化碳浓度超标”更是无稽之谈，实际测量的浓度远低于国家标准，动车组通风系统每小时换气6至12次，能够保障空气流通，可能比一些紧闭门窗的房间空气还好一些。 春运是流动的中国，更是温暖的中国。让我们共护风清气正的出行环境，让每一位归乡人安心启程，共赴团圆。（评论员：屈绍辉 李洪雷）,,,https://www.news.cn/comments/20260205/1bfbe634547e4c29bafcdd7995968edf/c.html,2026-06-17 07:53:45
新华网评论-新华网视评,新华网视评丨致敬这些平凡而伟大的守护,2026-01-30,,1月28日，“中国网事·感动2025”公益盛典暨年度颁奖典礼举行，十大年度网络人物同步揭晓。获奖者的事迹，让人倍感温暖，充满敬意。 “90后”藏族姑娘格西王姆，18岁起就在一家老年养护院勤恳工作，从护工到院长，始终以“女儿心”守护老人晚年；村医王驹，38年来背着药箱穿梭在鄂西深山，累计6000余次出诊，守护2000余名村民的健康；独臂老人蔡恩坤，40年前主动请缨到马本斋烈士陵园守墓，风雨无阻守护英烈忠魂…… 这些感人至深的事迹，都有一个共同的关键词：守护。守护生命的尊严、健康的希望、精神的传承，没有惊天动地的豪言，却有水滴石穿的坚韧；没有万众瞩目的光环，却如星辰般照亮人们心灵。 一份份守护之所以动人心魄，正因其源于平凡，却铸就了非凡。格西王姆将职业升华为亲情，把对老人的关爱，融入在日复一日的琐碎照料中；王驹医生辛苦跋涉，脚步丈量的不仅是崎岖山路，更是医者仁心的无疆大爱；蔡恩坤老人坚持清扫陵园，为陵园除尘，也为民族记忆增色。他们的选择如同一面面镜子，映照出什么是不变的责任，什么是可贵的专注，什么是无声的奉献。他们不被浮躁所扰，不为名利所困，在各自平凡的岗位上，完成了对生命意义最伟大的诠释。 致敬这些平凡而伟大的守护，不仅仅是感佩其个人的付出，更要看见并珍视他们所代表的那种精神力量。无论身处何种岗位，我们都应找到一份值得守护的价值与信念。无数守护之光汇聚，必将激励我们向上向善、勇毅前行。（评论员：马若虎）,,,https://www.news.cn/comments/20260130/ad5a31b03b234e4fbac5ea1211e4fa5b/c.html,2026-06-17 07:53:45
新华网评论-新华网视评,新华网视评丨这三起典型案例，都暴露出同一个问题,2026-01-23,,日前，中央层面通报了3起整治形式主义为基层减负典型问题：有的地方花费高额费用“改分数”，实现在某“百强县”榜单中上榜进位；有的地方设置不合理考核指标，基层为完成任务弄虚作假；有的地方频繁排名通报，层层加码下达指标，基层在上级压力下进行统计数据造假…… 无论花钱买虚名，还是脱离实际搞摊派，为完成任务“美颜”修饰数据，都暴露出一个共同的问题——政绩观偏差。 为官一任，想要出成绩，是追求上进的表现，但前提是必须树立和践行正确政绩观。 正确政绩观核心在为民，贵在实。站在人民立场上考虑问题，把为老百姓办了多少好事实事作为检验政绩的重要标准，才能赢得人民衷心拥护。实实在在的政绩不是表面的热闹，而是真正能够推动发展、惠及民生。 反观一些错误政绩观，有的干部患上了“榜单依赖症”，觉得“榜上有名”就是政绩，全然不顾发展实效；有的不做调研就“拍脑袋”决策，以为给基层派了多少活、收上来一些漂亮数据就是政绩，全然不顾工作实际和群众感受……如果追求政绩只是为个人“贴金”、为升迁“铺路”，必然会陷入急功近利、弄虚作假的误区，最终损害群众利益、影响党的形象，给发展埋下隐患。 近期，中央召开的多个会议都强调“树立和践行正确政绩观”。为民造福是最大政绩。只有坚持从实际出发、按规律办事，自觉为人民出政绩、以实干出政绩，才能创造出经得起实践、人民、历史检验的实绩。（评论员：马若虎）,,,https://www.news.cn/comments/20260123/d2046ed325c24db89e11e8b8ce06202d/c.html,2026-06-17 07:53:45
新华网评论-新华网视评,新华网视评丨一个行业协会，真的需要这么多副会长吗？,2026-01-22,建言献策的公共平台,近日有媒体曝光，某地一行业协会竟设有89名副会长，后虽澄清“实际为53人”，仍远超相关规定上限。此事引发公众强烈质疑：一个行业协会，真的需要这么多副会长吗？目前当地已要求立即整改，但暴露出的深层问题值得深思。 此事并非孤例。记者检索发现，有的行业协会各类“副会长”“名誉副会长”“特邀副会长”多达近百人；有的地方商会设立一大堆“名誉会长”“荣誉会长”“永久荣誉会长”……如此“头衔通胀”，往往并非出于工作需要，而是为了满足一些人的“身份需求”。 行业协会本应是沟通企业、服务行业、建言献策的公共平台，但一些协会拿头衔做交易，用来换会费、拉关系，此前就曝光某律师花60万“运作”当上地方律师协会会长被查处；有的视协会为“小官场”，热衷搞头衔抬身价，协会的公共属性与行业的整体利益往往被放在一边。 这样的行业协会，显然已经背离了初心使命，难以发挥其应有的作用。必须正本清源，强化监督规范，让协会回归服务，真正发挥其社会组织服务、协调与引领作用，才能重拾公众与行业的信任。（评论员：王志艳）,,,https://www.news.cn/comments/20260122/7eda28dc407141559c6e7914d1be072e/c.html,2026-06-17 07:53:45
新华网评论-新华网视评,新华网视评丨平台越大，越要守规矩有担当,2026-01-20,新华网视评丨平台,近日，某头部在线旅游平台涉嫌滥用市场支配地位实施垄断行为被市场监管总局立案调查一事，引发社会广泛关注。 从被指强制要求商家“二选一”，到涉嫌单方面抬高佣金、通过技术手段干预商家定价，再到消费者诟病的“大数据杀熟”等争议，该平台的一系列行为，让商家和公众苦之久矣。 平台越大，越要守规矩、有担当。平台经济头部企业的市场地位，是市场充分竞争的结果，是用户与商家信任的累积，绝非可以肆意妄为的“特权”。 此次立案调查，不仅回应了市场和公众的关切，也传递了一个明确信号：任何企业都不能利用市场优势地位损害公平竞争和消费者权益。 据媒体报道，在此之前，该平台就多次被地方监管部门约谈：2025年8月，贵州监管部门约谈要求杜绝“二选一”“价格欺诈”；同年9月，郑州监管部门就规范经营行为对其进行约谈…… 明明已经留出整改时间和空间，但该平台并未就约谈内容拿出实质性整改举措。约谈不是“走过场”，对“屡教不改”者，依法追责是必然。处罚不是目的，如何整改是关注焦点。从地方监管约谈“责令改正”，到市场监管总局“立案调查”，监管的介入不仅是对一家企业的调查，更是对平台经济生态的净化。 针对此次调查，该平台回应，将积极配合监管部门调查，全面落实监管要求，与行业各方携手共建可持续发展的市场环境。当前，我国已有超过11亿用户接入互联网，数字经济的前景广阔无垠。公平竞争的市场环境，才能更好驱动和引领发展。（评论员：赵刚、黄浩）,,,https://www.news.cn/comments/20260120/dec2bc56d8484e379d18af36f026521b/c.html,2026-06-17 07:53:45
新华网评论-新华网视评,新华网视评丨司法公开不能“匿名”，责任担当不可“隐身”,2026-01-13,,近日，中国裁判文书网上一批“匿名”裁判文书，引发社会广泛关注。这些文书中，审判人员姓名和案件案号被隐去或模糊处理。对此，最高人民法院审判管理办公室负责人回应，指出此举“显属不当”，并要求相关法院整改。 司法公开旨在以透明促公正，裁判文书上网是其中的关键一环。审判人员署名，体现的是司法责任制下的责任与担当；案号公开，则是公众监督的重要依据。将二者隐去或模糊处理，无异于为责任“卸甲”、为监督“关门”，显然背离了司法公开的本意。 最高法对此问题明确表态，彰显了维护司法公开原则的决心。司法公开的目的，是为了保障公众的知情权和监督权，从而筑牢司法公信力。任何“打折扣”的公开，都是对这一原则的损耗。 司法公开不能“匿名”，责任担当不可“隐身”。此次“匿名”文书问题的曝光，是一记提醒，提醒各级法院：公开必须彻底，执行不容变通。法治的公信力，藏在每一份完整真实的文书里，映在每一个清晰坦然的署名中。唯有如此，才能让人民群众切实感受到司法的公开、公平与公正。（评论员：朱丽莉）,,,https://www.news.cn/comments/20260113/31301897451949dc9d2b50e1623616f2/c.html,2026-06-17 07:53:45
新华网评论-新华网视评,新华网视评丨敬畏自然，敬畏生命,2026-01-09,网络平台,近日，户外违规穿越再酿安全事故，5人违规穿越陕西鳌太线，3人不幸遇难。鲜活生命的骤然消逝，令人叹息，也再次敲响沉痛警钟：当“探索自然”异化为对规则的漠视、当“挑战自我”演变成对生命的赌博，这样的“任性”穿越必须止步了。 近年来，违规穿越造成的安全事故层出不穷，有关部门频频警示，但在流量裹挟下，“秘境穿越”被包装成“勇敢者”的游戏。有人将专业探险简化为“说走就走的旅行”，还有人轻信个人经验忽视专业预警。事实上，所谓“秘境”之所以人迹罕至，就是因为这里环境复杂、风险莫测，本就不适合非专业人员出入。 每一次违规穿越，都可能是拿自己生命在冒险，更可能让救援人员身陷未知险境，是对自己、对家人、对社会的不负责任。 悲剧已然发生，必须警钟长鸣。一方面，相关部门应强化保护区管理，提升违法违规成本，让“跃跃欲试者”切实感受到违规穿越的代价。另一方面，网络平台等责任主体应下架以“吸引眼球”“赚取流量”为目的的不良诱导，积极宣扬健康理性的户外运动理念。更重要的，每一个户外爱好者要树立敬畏之心，既敬畏自然的磅礴莫测，也敬畏生命的珍贵唯一。（评论员：吴鸿波、曹彦语）,,,https://www.news.cn/comments/20260109/47b9a97819d04f6d86163fce4eefe4d0/c.html,2026-06-17 07:53:45
新华网评论-新华网视评,新华网视评丨“宝华月季”，因何而美？,2026-01-07,,近日，云南农科院发起为新品种月季征名活动，网友一句“刘宝华月季，因为我二舅叫刘宝华”的提议，竟引来广大网友热烈投票。原以为只是网络玩梗，却被科研机构认真采纳——“宝华月季”已通过初审，即将正式“名留花史”。 这不是一次简单的命名，更像是科学与人文的一次温情握手。科研机构以开放姿态接住了这份来自网络的朴素心意，一朵花，因此有了“二舅”的身影，有了人间烟火的故事。 为何是“宝华”？或许是因为它击中了人们心中最柔软的地方。提议的网友说二舅“长得像花一样”，这让人想起很多家庭里常有的那位坚韧朴实的长辈，那位默默扎根生活土壤、用力开花的普通人。也有网友借此怀念亲人：“我父亲也叫宝华，希望宝华月季上市的时候，我能够拥有一株，那就是我的思念。”可以说，网友们不仅是在选一个名字，更是完成了一场关于亲情与平凡价值的集体表达。 未来，当“宝华月季”在某个春日盛开，它就像一封写给所有平凡劳动者的温柔献词，那些努力生活的本身，都值得被“看见”与“命名”。（评论员：赵刚、王志艳）,,,https://www.news.cn/comments/20260107/759a41c458134a7f8e2feae72c0643ed/c.html,2026-06-17 07:53:45
新华网评论-新华网视评,新华网视评｜易燃易爆的氢气球，并非浪漫的选择,2026-01-05,,近年来，放飞气球成为一些节庆活动中的“浪漫标配”。刚过去的元旦期间，一些地方因放飞氢气球发生多起意外，有的与电线接触后爆炸导致大面积停电，有的引燃树木险些发生火灾。一系列安全事故不断敲响警钟，用氢气球营造浪漫潜藏安全风险。 消防部门指出，氢气爆炸极限极宽，且最小点火能量很低，衣物摩擦静电、电器开关火花、未熄灭的烟头都足以引发爆燃。 《关于进一步加强施放气球安全管理工作的通知》明确，应以惰性气体取代氢气等易燃易爆气体作为气球的填充物。多地也出台规定，禁止在公共场所施放氢气球。 浪漫诚可追，安全价更高。节日的欢庆绝不能以忽视安全为代价。氢气球和氦气球从外观上难以区分，消费者如果不能确定填充的是什么气体，请慎重购买。每个人都是公共安全的维护者和受益者，必须树牢安全意识，主动远离氢气球。（评论员：张京品）,,,https://www.news.cn/comments/20260105/dfa4e0d6ce874db69ecb4fd2e633d9d5/c.html,2026-06-17 07:53:45
新华网评论-新华网视评,新华网视评｜电动自行车上楼入户，除了“防”还得“疏”,2026-01-02,,临近年关，一则居民违规将电动自行车停放在疏散楼梯间，被罚款200元的消息，引发广大网民关注。严格执法、依法处罚，是守住安全红线的必要之举。但处罚只是手段，绝非目的。 《高层民用建筑消防安全管理规定》明确指出，禁止在高层民用建筑公共门厅、疏散走道、楼梯间、安全出口停放电动自行车或者为电动自行车充电。电动自行车进楼入户，如同在楼中家中放置一颗不定时炸弹，过去血的教训已经太多。 近年来，很多地方探索运用智能设备等新技术，有的在楼门口安装智能摄像头，有的居民楼电梯加装了阻车器，阻止电动自行车进楼入户。但除了严防死守，电动自行车安全管理还得用心疏解居民需求。 电动自行车已是亿万人日常出行的“腿”，其停放和充电需求是刚性、普遍的，这一庞大而合理的民生需求必须正视并妥善回应。化解进楼入户风险，先要系统化地补齐基础设施短板，建够停车棚，设好充电桩。这需要规划、消防、社区、物业乃至企业多方协同。 “防”是底线，“疏”是关键，唯有将严厉的“防”与人性化的“疏”紧密结合，方能化解老百姓“最后一米”的停车充电焦虑，让电动自行车上不去楼，老百姓也不想让它上楼。（评论员：白佳丽、杨文）,,,https://www.news.cn/comments/20260102/d5da9e5ac9474eb497c3afcf3b261f45/c.html,2026-06-17 07:53:45
新华网评论-新华网视评,新华网视评｜警惕这些年底诈骗新招,2025-12-31,,临近年关，各类诈骗新招不时登场：有人因轻信“积分跨年作废”的信息，点击不明链接被骗；有人在所谓“航司客服”的引导下，下载不明APP被骗10余万元…… 这些骗术并不高明，无非是老剧本套上新场景。积分不用就亏了，机票出问题一定要解决，各种补贴不领就要错过截止日期了……不法分子精准利用大众的“岁末焦虑”，制造紧迫感，再叠加AI语音、伪造APP、虚拟界面等技术，将骗局包装得愈发逼真，令人防不胜防。 纵观这些骗局，无论场景如何变化，其套路一以贯之：制造信息壁垒，然后利用紧迫感击穿理性防线。对年底诈骗新招，最有效的“拆招”之术，是主动按下“暂停键”。 一是保持警惕。当看到“补贴”“赔偿”“礼券”等关键词，特别是让你马上进行操作时，需提高警觉，正规政策或活动不会强制要求马上做决定。二是多方核实。碰到对方提出开启屏幕共享、转账等要求时，千万留个心眼、谨慎对待。诈骗分子常诱导下载一些软件用来窃取信息，务必通过正规应用商店安装软件。 守好自己的钱袋子。好事不怕晚，莫让“岁末焦虑”给诈骗分子留下可乘之机。（评论员：黄江林）,,,https://www.news.cn/comments/20251231/adb6e4dd9b554ae586c5a2e30153af90/c.html,2026-06-17 07:53:45
新华网评论-学习网评,有责任有担当，青春才会闪光,2022-05-12,,在庆祝中国共产主义青年团成立100周年大会上，习近平总书记深情寄语广大青年，号召他们担当使命任务，到新时代新天地中去施展抱负、建功立业。 有责任有担当，青春才会闪光。历史的书页，定格了一段段闪光的青春。从“我们不说，谁说？我们不干，谁干？”到“向困难进军、向荒原进军”，从“团结起来，振兴中华”到“请党放心，强国有我”，回望百年，一代代中国青年在担当中历练，在尽责中成长，把最美好的青春献给祖国和人民，为民族复兴的历史洪流注入了强大的青春力量。 “人生最浪漫的事莫过于：祖国召唤时，我们正青春。”只有当青春同党和人民事业高度契合时，青春的光谱才会更广阔，青春的能量才能充分迸发。在抗疫一线冲锋在前、守护健康，在自然灾害面前赴汤蹈火、舍生忘死，在风雪边关献身国防、捍卫和平，在科技战线贡献才智、争创一流，在农村广阔舞台挥洒汗水、助力振兴，在三尺讲台为党育人、为国育才，在冬奥赛场顽强拼搏、为国争光……新征程上，每当危难时刻，重要关头，总有青年挺身而出，用臂膀扛起如山的责任，用行动践行铿锵的誓言，这正是青春最美的样子。 “我们是五月的花海，用青春拥抱时代。我们是初升的太阳，用生命点燃未来。”新时代的中国青年，以担当奉献绘就出闪光的青春、书写出无悔的人生，也必将在大有可为、大有作为中迎接更美好的未来。,,,http://www.xinhuanet.com/comments/20220512/1c57857d5ee844d086d459ccb4e0dc05/c.html,2026-06-17 07:53:45
新华网评论-学习网评,咬紧牙关，一起打赢这一战！,2022-03-20,,近日，习近平总书记主持召开中央政治局常务委员会会议时强调，进一步动员起来，统一思想，坚定信心，坚持不懈，抓细抓实各项防疫工作。 防疫只有持之以恒、咬紧牙关，从严从实抓好疫情防控工作的方方面面，才能不断巩固来之不易的成果，实现疫情防控和经济社会发展的双胜利。 咬紧牙关，就要始终保持清醒、保持斗志，发扬咬定青山不放松的作风与韧劲，继续同疫情作斗争，直至获得最终胜利。 当前，国内外疫情防控具有复杂性、艰巨性、反复性的特点。向外看，全球新冠肺炎疫情进入第四波流行，至今仍保持在高位水平；向内看，近期全国本土聚集性疫情呈现点多、面广、频发的特点，进入3月，疫情已经波及28个省份。疫情在反复，病毒在变异，特殊时期，容不得任何麻痹思想、厌战情绪、侥幸心理、松劲心态。 常态化疫情防控以来，我国取得了显著成效，也积累了重要经验。实践已经证明，“外防输入、内防反弹”总策略、“动态清零”总方针是正确的、有效的，关键是要继续坚持不动摇，只要没到达终点线，就不能轻言成功、歇脚停步。 咬紧牙关，就要科学精准、深入细致推进疫情防控工作，拿出更大的智慧和耐力与疫情作斗争。 疫情防控是一项具体的工作，防控措施要实实在在、精准到位，工作落实要细而又细、落地见效。面对越来越狡猾、隐匿性越来越强的病毒，我们的打法自然也应该不断优化、升级，把各项工作抓得再紧些、再实些、再细些。 科学防控和精准防控的精神，也在新一版新冠肺炎诊疗方案中贯穿始终。在分层救治、出院后的隔离时间等方面，方案都作出了相应的调整，这有助于让患者尽早回归正常生活，同时避免了医疗资源的浪费。防疫不能松懈，发展也不能止步，要保持战略定力，坚持稳中求进，统筹好疫情防控和经济社会发展，采取更加有效措施，努力用最小的代价实现最大的防控效果，最大限度减少疫情对经济社会发展的影响。 疫情暴发两年多来，我们始终枕戈待旦，经受住了一轮又一轮考验。这一次，我们咬紧牙关不懈怠，众志成城、全力以赴，也一定能尽快驱散疫情阴霾，迎来春和景明。 中共中央政治局常务委员会召开会议 习近平主持会议 新华网评：发挥好党的领导这一最大优势 新华网评：坚持，定能迎来胜利！,,,http://www.xinhuanet.com/comments/20220320/b0703505f3ce40cda7ba6614f507636a/c.html,2026-06-17 07:53:45
新华网评论-学习网评,坚持，定能迎来胜利！,2022-03-19,,3月17日，中共中央政治局常务委员会召开会议，分析新冠肺炎疫情形势，部署从严抓好疫情防控工作。习近平总书记在讲话中强调，坚持就是胜利。 六个字，传递出一个重要的信号，我们不仅有直面挑战的勇气，还有战胜疫情的信心和底气。 信心和底气，来自应对疫情挑战的成功经验。 过去两年多，在新冠肺炎疫情这场大考中，中国不断交出优异答卷。全国上下一盘棋，“外防输入、内防反弹”，不断提升分区分级差异化精准防控水平，快速有效处置局部地区聚集性疫情……一系列防疫举措，最大限度地保护了人民生命安全和身体健康，充分体现了我国防控疫情的坚实实力和强大能力。经过这两年多的积累，如今我们拥有对抗疫情更专业的人才、更先进的技术、更周全的措施、更高的社会治理能力和水平，这些都将有效助力我们战胜疫情。 信心和底气，来自以人民为中心的发展理念。 抗击疫情，人的生命是最为宝贵的，是第一位的。从抗击新冠肺炎疫情一线战场，到全国各地城乡社区，“人民至上、生命至上”的理念贯穿始终。疫情防控，为了人民，也依靠人民。在这场战疫中，人民群众守望相助、众志成城，通过各种方式积极参与到社区防疫工作中，构筑起坚不可摧的人民防线。这是中国抗击疫情的核心逻辑，也是中国能够控制疫情的重要原因。 信心和底气，来自科学精准的防控理念。 任何事情，只要做到“科学精准”，成功就有了极大的保障。疫情防控更是如此。在这场抗击疫情的战斗中，中国一再强调“科学防治、精准施策”。加强疫苗、快速检测试剂和药物研发等科技攻关，加快疫苗接种等科学防疫手段，使防控工作更加高效且有针对性。精准开展流行病学调查、精准查明疫情的来龙去脉、精准保障人民的生活等日常需求、精准开展临床救治等，统筹协调疫情防控和经济社会发展，最大限度地减少了疫情防控对正常生产生活的影响。 莫道春光难揽取，浮云过后艳阳天。一路走来，我们对困难有清醒的认识，对形势有足够的把握，有信心、有能力迎来最终战胜疫情的那一天。 中共中央政治局常务委员会召开会议 习近平主持会议 新华网评：发挥好党的领导这一最大优势,,,http://www.xinhuanet.com/comments/20220319/6df7017907bf4d49a2c4b43c1ba9a7eb/c.html,2026-06-17 07:53:45
新华网评论-学习网评,发挥好党的领导这一最大优势,2022-03-18,,3月17日，中央政治局常务委员会召开会议，分析新冠肺炎疫情形势，部署从严抓好疫情防控工作。习近平总书记指出，“我国经济发展和疫情防控保持全球领先地位，充分体现了我国防控疫情的坚实实力和强大能力，充分彰显了中国共产党领导和我国社会主义制度的显著优势”。 近期我国疫情多发频发，防控形势严峻复杂。面对疫情新一轮冲击，要继续发挥好党的领导这一最大优势。 中国共产党领导是中国特色社会主义制度的最大优势。办好中国的事情关键在党。“党政军民学，东西南北中，党是领导一切的。”新冠肺炎疫情发生后，习近平总书记亲自指挥、亲自部署，时刻关注疫情形势和防控工作进展情况，多次主持召开会议，深入基层调研指导，研究部署疫情防控工作。全国疫情防控工作在以习近平同志为核心的党中央集中统一领导下有序有效展开。哪里有危险，哪有就有共产党员的身影，党旗始终在疫情防控斗争第一线高高飘扬。事实充分证明，中国共产党，就是风雨来袭时中国人民最可靠的主心骨。 疫情就是命令，防控就是责任。各地区各部门各方面要坚定不移贯彻落实党中央决策部署，进一步动员起来，统一思想，坚定信心，坚持不懈，抓细抓实各项防疫工作。疫情较为严重的地方，党政主要领导和各级领导干部要把防疫工作放在第一位，尽锐出战，决战决胜。 纷繁世事多元应，击鼓催征稳驭舟。我们坚信，有以习近平同志为核心的党中央坚强领导，有中国特色社会主义制度的显著优势，有强大的动员能力和雄厚的综合实力，有全党全军全国各族人民的团结奋斗，我们一定能够维护和巩固来之不易的疫情防控成果，有力有效保障人民群众生命健康和经济社会发展，实现疫情防控和经济社会发展目标任务的双胜利。 中共中央政治局常务委员会召开会议 习近平主持会议,,,http://www.xinhuanet.com/comments/20220318/eb40283be9034b86a15074133d0e3100/c.html,2026-06-17 07:53:45
新华网评论-学习网评,走好“必由之路” 用好“有利条件”,2022-03-16,,今年全国两会期间，在参加内蒙古代表团审议时，习近平总书记回顾新时代党和人民奋进历程，提出了“五个必由之路”的重大论断，揭示了新时代中国的“成功密码”；在看望政协委员并参加联组会时，又提出“五个有利条件”，展望了中国发展的光明前景。 以党史发展为镜，朝未来奋力前进。高瞻远瞩的眼光、掷地有声的判断，为我们开创未来提供了科学指引。 对“五个必由之路”认识越深刻，我们阔步前行就越自信。大国之大，也有大国之重。对于我们这个占世界五分之一人口、怀揣民族复兴之梦的大国，要在风云诡谲的国际环境下，赢得更高水平的发展，非常不容易。但回首波澜壮阔的百年党史，特别是回望过去不平凡的十年历程，中国在复杂多变环境下取得的重大成就，都深刻说明了，只要我们坚定不移走好“必由之路”，巍巍“中国号”巨轮一定能克服一切艰难险阻，乘风破浪行稳致远。 用好“五个有利条件”，我们就能赢得主动、赢得未来。当前，从国内外环境看，我国发展都面临着不少考验，在一定程度上影响着社会信心与预期。在诸多复杂条件下，习近平总书记深刻阐明了我国发展具有的战略性的有利条件，有利于我们在正视困难和挑战的同时更加坚定信心，也有利于我们危中寻机，进而抓住机遇，把握有利条件，“继续创造令人刮目相看的新的奇迹”。 “任重而道远者，不择地而息。”中国共产党带领中国人民，一路披荆斩棘、开拓前进走到今天，也必将坚定不移沿着“必由之路”踔厉奋进，共同建设伟大祖国，共同创造美好生活。 新华网评：必然选择，走稳走好“成功之路”,,,http://www.news.cn/comments/20220316/2220601e1dfd46bc917b24bfeee0fdcd/c.html,2026-06-17 07:53:45
新华网评论-学习网评,必然选择，走稳走好“成功之路”,2022-03-15,,新时代中国的“成功密码”是什么？今年全国两会，习近平总书记参加内蒙古代表团审议时，回顾新时代党和人民奋进历程，高度概括了这一历程中形成的“五个必由之路”重要认识，深刻揭示了这个“成功密码”。 “五个必由之路”是成功之路。“旗子立起了，大家才有所指望，才知所趋赴。”举什么旗，走什么路，朝什么方向，历来至关重要。党的全面领导是根本政治保证，中国特色社会主义是唯一正确道路，团结奋斗是成事之基，贯彻新发展理念是发展之道，全面从严治党是强党之本——“五个必由之路”是历史实践的产物、历史奋斗的结晶、历史规律的深刻揭示，是一系列原创性治国理政新理念新思想新战略的深刻总结。它为我们弄清楚中国共产党为什么能、马克思主义为什么行、中国特色社会主义为什么好的内在逻辑标注了理论坐标，为我们奋进新时代指明了方向。 走自己的路，是党的全部理论和实践立足点，更是党百年奋斗得出的历史结论。“五个必由之路”环环相扣，浑然一体，充分展现了习近平总书记作为马克思主义政治家、思想家、战略家的非凡理论勇气、卓越政治智慧、强烈使命担当，展现出在新起点上团结带领人民开创未来的坚定历史自信。找到一条好的道路不容易，坚定不移走好这条道路更不容易。在中国共产党领导下，中国短短几十年间实现巨大发展，创造了世所罕见的经济快速发展和社会长期稳定两大奇迹，向世界宣示了中国发展的正确方向和光明前景。今天，我们比历史上任何时期都更接近、更有信心和能力实现中华民族伟大复兴的目标，同时必须准备付出更为艰巨、更为艰苦的努力。新的赶考之路上，坚定志不改、道不变的决心，保持战略定力和耐心，我们一定能牢牢把中国发展进步的命运掌握在自己手中。 “知之愈明，则行之愈笃。”对“五个必由之路”认识越深刻，我们阔步前行就越自信。踔厉奋发、共同奋斗，走稳走好“成功之路”，我们一定能在新时代新征程上夺取新胜利、赢得新荣光，继续创造让世界刮目相看的发展新奇迹。,,,http://www.xinhuanet.com/comments/20220315/f659ee22dbb241658f9e222bd2570498/c.html,2026-06-17 07:53:45
新华网评论-学习网评,哪里人民需要，哪里就能创造业绩,2022-03-03,,古往今来，为官者都在意“政绩”二字。但如何认识这两个字的内涵，取决于为官从政者的信仰、追求和品格。 习近平总书记曾多次强调，领导干部必须树立正确政绩观。在2022年春季学期中央党校（国家行政学院）中青年干部培训班开班式上，习近平总书记再次告诫广大干部，必须树立和践行正确政绩观。 树立和践行正确政绩观，要搞清楚“政绩为谁而树、树什么样的政绩”的问题。 树高千尺，不能忘本。为什么人、靠什么人的问题，是检验一个政党、一个政权性质的试金石。领导干部弄明白“为了谁、依靠谁、我是谁”，才能更好履职尽责。中国共产党的根基在人民、血脉在人民、力量在人民。打江山，靠的是人民的无私支持和牺牲；守江山，守的是人民的生活和福祉。共产党人必须牢记，执政为民是不变的根本，为民造福是最大的政绩。共产党人的政绩只有为国家、为人民的利益而树，把好事实事做到群众心坎上，这应该是不变的初心，这样才能干出实实在在的政绩。 树立和践行正确政绩观，要搞清楚“靠什么树政绩”的问题。 空谈误国，实干兴邦。社会主义是干出来的，新时代也是干出来的。唯有实干，才能有所作为。树政绩，没有“一步登天”的捷径可走，更来不得半点虚招假式，惟有务实功、出实招、下实力。一方面，对当务之急的工作，要立说立行、紧抓快办，不能慢慢吞吞、拖拖拉拉，要做让人民群众看得见、摸得着、得到实惠的事；另一方面，对长期任务，要保持战略定力和耐心，有功成不必在我的胸怀，做为后人做铺垫、打基础、利长远的好事。无论是显绩还是潜绩，都是党和人民事业的组成部分，做好了都是政绩。 “处天下事，当以天下之心出之。”哪里人民需要，哪里就能创造业绩。领导干部唯有以人民为中心创实绩、做实事，才能做到不辜负党和人民的信任与重托。,,,http://www.news.cn/comments/20220303/d9bd3394d1f94056be926c6cab7e3ecb/c.html,2026-06-17 07:53:45
新华网评论-学习网评,虎虎生威，以勇敢和力量化危为机,2022-01-20,,“再过两周，中国农历虎年新春就要到来”“在中国文化中，虎是勇敢和力量的象征”。 在2022年世界经济论坛视频会议的演讲中，习近平主席提出的“虎年”之喻，把中国传统文化和世界形势变化结合起来，彰显新时代中国勇于战胜一切艰难险阻、推动人类文明进步的历史主动精神。 今天的人类，正在经历前所未有的时代之变；今天的世界，进入了新的动荡变革期。纵观历史，人类正是在战胜一次次考验中成长、在克服一场场危机中发展。中国人常说生龙活虎、龙腾虎跃，在变局、乱局面前，就是要像虎一样无所畏惧。 面对世纪疫情，国际社会打响了一场顽强的阻击战。在这个过程中，中国始终站在守护全人类生命健康的高度，推动构建人类卫生健康共同体，不仅以实际行动打造了防控疫情的样板，而且以加强国际合作树立起团结抗疫的标杆。 中国的责任担当，带给世界信心和希望，开辟了冲破疫情至暗时刻的前行之路。在国际社会共同努力下，全球抗疫已经取得重要进展，世界经济正在走出低谷。但当前疫情蔓延反复，百年变局加速演进，全球挑战层出不穷，种种艰难险阻仍然困扰着人类。 在新的十字路口，如何战胜疫情、建设疫后世界，成为国际社会必须回答的紧迫的重大课题。世界各国要更加坚定信心、同舟共济，勇敢战胜前进道路上各种险阻，全力扫除新冠肺炎疫情阴霾，全力促进经济社会恢复发展。 共创后疫情时代美好世界，各国要携手合作，聚力战胜疫情；化解各类风险，促进世界经济稳定复苏；跨越发展鸿沟，重振全球发展事业；摒弃冷战思维，实现和平共处、互利共赢。此次演讲中，习近平主席强调，中国将坚定不移推动高质量发展、推进改革开放、推进生态文明建设。中国发展的历史性成就和当前发展的良好势头，中国经济韧性强、潜力足、长期向好的基本面，给世界经济复苏带来重大利好，为世界可持续发展贡献源源不断的动力。 面对人类面临的严峻挑战，世界各国风雨同舟、命运与共。保持虎虎生威的精气神，以勇敢和力量化危为机，疫情阴霾终将散去，希望的阳光必将照亮人类！ 习近平在2022年世界经济论坛视频会议的演讲（全文） 新华网评：同乘一条船，一起向未来！,,,http://www.news.cn/comments/20220120/3945492eeed14598b8a4da234c4b5078/c.html,2026-06-17 07:53:45
新华网评论-学习网评,同乘一条船，一起向未来！,2022-01-18,,“在全球性危机的惊涛骇浪里，各国不是乘坐在190多条小船上，而是乘坐在一条命运与共的大船上。” 1月17日，习近平主席出席2022年世界经济论坛视频会议并发表演讲。演讲中“船”与“浪”的比喻，给人们留下了深刻印象。面对各种逆流险滩，各国必须握稳舵盘、把准航向，同乘一条船，共同驶向更加美好的彼岸。 同乘一条船，就要同舟共济、战胜疫情。 当今世界正在经历百年未有之大变局，世纪疫情成为事关人类前途命运的重大危机。随着疫情反复延宕，病毒变异增多，传播速度加快，终结这场全球大流行已成为国际社会紧迫而重要的任务。 人类是休戚与共的命运共同体，在疫情面前尤其如此。然而，个别国家以不负责任的态度大搞政治操弄，“免疫鸿沟”还在拉大，疫苗构筑的免疫防线持续受到变异毒株冲击。在全球抗疫的复杂形势下，任何相互掣肘，任何无端“甩锅”，都会贻误战机、干扰大局，相互支持、团结合作才是战胜危机的人间正道。 同乘一条船，就要同心划桨、顺应大势。 天下之势不盛则衰，天下之治不进则退。纵观历史，人类正是在战胜一次次考验中成长、在克服一场场危机中发展。 有问题不可怕，可怕的是不敢直面问题，不能认清形势。新冠肺炎疫情给世界经济和全球治理带来严重冲击，全球经济复苏势头不稳，老矛盾和新风险交织积累，不确定和不稳定因素显著增多，种种困难和挑战困扰着人类。不论风吹雨打，人类总是要向前走的，经济全球化始终是时代潮流。大江奔腾向海，总会遇到逆流，但任何逆流都阻挡不了大江东去。 有问题不可怕，可怕的是找不到解决问题的思路，不能付诸行动。如何战胜这场疫情，如何建设疫后世界？此次演讲中，习近平主席从历史和哲学高度给出了中国答案。国际社会秉持团结战胜疫情的正确方向、推动世界经济稳定复苏的治本之策、弥合发展鸿沟的现实路径、国家之间正确的相处之道，坚定信心、走稳走实，就会凝聚起战胜困难和挑战的强大力量。 小船经不起风浪，巨舰才能顶住惊涛骇浪。在当今世界风起云涌、风险凸显的形势下，全世界团结一心、共谋发展，命运与共的大船必将御风破浪，载着各国人民一起向未来！ 习近平在2022年世界经济论坛视频会议的演讲（全文）,,,http://www.news.cn/comments/20220118/7c5d7df3314f48c798d46fdda3239dd4/c.html,2026-06-17 07:53:45
新华网评论-学习网评,坚定不移走高质量发展之路,2021-12-14,,推动高质量发展，是保持经济社会持续健康发展的必然要求。近日召开的中央经济工作会议，在总结2021年经济工作，分析当前经济形势，部署2022年经济工作时，频频提到了“高质量发展”。 2021年是党和国家历史上具有里程碑意义的一年。这一年，世纪疫情冲击下，百年变局加速演进，外部环境更趋复杂严峻和不确定。面对重重困难，我们沉着应对，构建新发展格局迈出新步伐，高质量发展取得新成效，实现了“十四五”良好开局，交出了一份亮眼的答卷。 在应对风险挑战的实践中，我们进一步积累了做好经济工作的规律性认识，更加坚定了走高质量发展之路的决心。经济发展和疫情防控保持全球领先地位，国家战略科技力量加快壮大，产业链韧性得到提升，改革开放向纵深推进，民生保障有力有效，生态文明建设持续推进……这一系列令人欣喜的成就，彰显高质量发展成色，为今后我国经济发展蓄积了强大势能。 经济发展“下一程”，仍然要瞄准高质量。中央经济工作会议明确指出，2022年要坚持稳中求进工作总基调，完整、准确、全面贯彻新发展理念，加快构建新发展格局，全面深化改革开放，坚持创新驱动发展，推动高质量发展等。这是明年我国经济工作的路线图，也是对我国经济所处发展阶段的精准把脉和清晰定向。在当前及今后一段时期，推动经济实现质的稳步提升和量的合理增长，要坚定不移走高质量发展之路。 走好高质量发展之路，要念好“稳字诀”。从我国发展阶段来看，“稳”的重要性不言而喻，“稳”就是要为高质量发展巩固基本盘。高质量发展不是一时一事的要求，要“稳字当头、稳中求进”，一茬接着一茬干。做到这一点，就要有条不紊地推进经济发展步伐，将会议提出的实施新的减税降费政策、加大对实体经济融资支持力度等一揽子“暖心”政策落到实处，不断发掘新优势、激活新动能。 艰难方显勇毅，磨砺始得玉成。要清醒认识到，当前我国经济发展面临需求收缩、供给冲击、预期转弱三重压力。我们要保持战略定力，在高质量发展之路上稳步前行，坚定信心、真抓实干，不断释放优势和潜力，推动中国经济巨轮乘风破浪、行稳致远。 稳中求进迸发“活力中国”,,,http://www.news.cn/comments/20211214/46e7a9c6da924ccb87ace7b6b2c410f5/c.html,2026-06-17 07:53:45
新华网评论-学习网评,稳中求进迸发“活力中国”,2021-12-13,,“明年经济工作要稳字当头、稳中求进”。12月8日至10日召开的中央经济工作会议，亮出2022年经济工作的鲜明基调。 “坚持稳中求进”是我们党治国理政的重要原则，也是做好经济工作的方法论。2021年以来，我国经济发展和疫情防控保持全球领先地位，国家战略科技力量加快壮大，产业链韧性得到提升，改革开放向纵深推进，民生保障有力有效，生态文明建设持续推进，构建新发展格局迈出新步伐，高质量发展取得新成效，实现了“十四五”良好开局。 成绩的背后，中国经济“稳”的基调愈发坚实，“进”的态势不断增强。一年来，我们在危机中育先机，于变局中开新局，经济发展的强大韧性和旺盛活力持续彰显，向世界展示出了一个创新引领、结构升级、新产业蓬勃发展、新动能加快释放、内生动力持续迸发的“活力中国”。 “活力中国”是循环畅通的中国。经济社会是一个动态循环系统，系统畅通，经济发展就强劲有力。2021年前三季度，消费、投资和净出口对国内生产总值增长的贡献率分别为64.8%、15.6%和19.5%，“三驾马车”奋蹄向前，更加开放的国内国际双循环，不仅是中国自身发展需要，也更好造福着各国人民。 “活力中国”是创新满满的中国。创新是引领发展的第一动力。2021年前10月，新能源汽车、工业机器人、集成电路产量同比分别增长164%、51.9%、40.2%，以新产业新业态新模式为代表的新动能成长壮大，拉动经济发展的马力更足，为经济发展注入澎湃动能。 当前，世纪疫情冲击下，百年变局加速演进，外部环境更趋复杂严峻和不确定。越是面对复杂形势，越要坚持问题导向，扭住“稳”的关键点，找准“进”的切入口。稳定宏观经济大盘，保持不断向好势头，推动发展韧性不断增强，发展潜力加快释放，未来中国经济航船必定会继续劈波斩浪、行稳致远，“活力中国”的时代画卷将更加富丽多姿、徐徐铺展。,,,http://www.news.cn/comments/20211213/1f0d68e2598c4b47bc8604ff2a2105f5/c.html,2026-06-17 07:53:45
新华网评论-今日专家,新华网评：要比“无上限服务”，而不是“无下限流量”,2024-09-14,,新华网北京9月14日电 题：要比“无上限服务”，而不是“无下限流量” 新华网记者 邱小敏 顾彦 近期，直播电商行业某些头部主播的纷争一度成为舆论热点。从“拉踩引战”到直播卖惨，貌似流量有了，但网友要看的真是这样的流量吗？这样的商业逻辑能代表直播电商行业的发展模式吗？ 这些行业乱象引发了更多人对直播电商的审视和反思。 近年来，直播电商行业规模扩张的速度迅疾。中国互联网信息中心今年3月发布的《中国互联网络发展状况统计报告》显示，2023年中国网络直播用户规模增长至8.16亿人，同比上涨8.66%。直播电商行业快速发展，对于带动消费、促进创业就业、推动产业转型发挥了积极作用。 作为一个新兴的互联网消费场景和业态，电商主播和粉丝之间的连接、互动、信任，比传统货架电商和消费者之间的利益关系复杂得多。电商主播想要维系粉丝粘性、保持长尾流量、巩固市场地位，比拼的应该是产品、是服务。服务没有上限，在这上面无论下多大功夫都不为过。那种一味博出位、博流量，靠拉低下限来进行恶性竞争，只能留下一地鸡毛。 2024年7月，中央网信办曾专门印发通知，在全国范围内部署开展为期1个月的“清朗·网络直播领域虚假和低俗乱象整治”专项行动，坚决制止“流量向恶”和“劣币驱逐良币”的问题，推动网络直播行业健康有序发展。 直播电商从野蛮生长走向规范发展，需要相关各方共建清朗的行业环境，尤其是头部主播，更应以弘扬正能量为己任，引导“流量向善”。回归商业本质，在货品质量、服务上下功夫，才能让“流量”变“留量”，做长久的生意。,,,https://www.news.cn/comments/20240914/32bda04746ec4fd8a8cbcef6f265a4dd/c.html,2026-06-17 07:53:45
新华网评论-今日专家,今日主角,,,每个人都是生活的主角，每个人都是时代的主角。今天我们关注的主角是他——“两弹一星”元勋于敏。 2019年1月16日 “两弹一星”元勋于敏逝世 这位曾为国家隐姓埋名近30年的科学家 留下的影像资料并不多 在很多人眼中他是“天才” 他却说自己“不聪明，勤奋得很” 是因为你只能考98分 而学霸考100分 是因为试卷上只有100分” 这个段子放在别人身上或许有些夸张 却显得“格局小了” 北大代数考试特别难 数学系的平均成绩不满20分 然而物理系的于敏却考了100分 却成了世界一流的理论物理学家 被称为“国产土专家一号” 在原子核理论研究的巅峰时期 毅然服从国家需要 开始从事氢弹理论的探索研究工作 成为中国的“氢弹之父” 在很多人眼中于敏是“天才” “我不笨，也不聪明，但很勤奋” 电视剧《功勋》之《无名英雄于敏》 或许是最好的注解 成千上百个科学家 从年初演算到年末 草稿纸可以铺满整个戈壁滩” 他笑着回忆用穷办法为祖国造氢弹 “我们精神世界是富有的！” 搞第一颗氢弹研发时 尤其在大西北的核试验场 吃的是夹杂砂子的馒头 茫茫戈壁飞沙走石 工作条件也很艰苦 当时中国只有一台运算5万次的计算机 每周只能用大约10小时 得靠最古老的算盘、计算尺 回忆起这段穷苦的岁月 于敏脸上始终挂着笑容 他反复背诵千古名篇 “鞠躬尽瘁，死而后已……” 在一次核试验前的讨论会上 压力、紧张充斥着会场 于敏和陈能宽两位科学家忽然 诸葛亮的《后出师表》 “臣受命之日，寝不安席，食不甘味……” 那一刻，在座所有人 无不被感动得泪流满面 “鞠躬尽瘁，死而后已，死而后已……” “身为一叶无轻重，愿将一生献宏谋！” 文 案：冯文雅 游苏杭 视频制作：张 倩 审 校：曹 滢 陈竞超,,,https://www.news.cn/comments/20230116/3cc755fb1be644a8ac7d2ee2bc6b16d4/c.html,2026-06-17 07:53:45
新华网评论-今日专家,今日主角｜悄悄回家给家人惊喜，接下来的一幕太暖心,2023-01-05,,每个人都是生活的主角，每个人都是时代的主角。今天我们关注的主角是他们——家人。 一些人已经踏上了回家的路途 “偷偷回家时家人反应”登上热搜 悄悄回家给家人惊喜 他们会有怎样的反应？ 是猝不及防后笑到合不拢嘴 或是一脸错愕后给你一个大大的拥抱 还是一瞬间难以相信后向你飞奔而来 “00后”偷偷提前回家 在外务工的“00后”小黎瞒着父亲提前回家 干完活回家的父亲突然看到小黎从屋里走出来 脸上绽放出淳朴又惊喜的笑 “父亲是一名电焊工 平时工作特别辛苦 她这次离家有小半年了 希望通过这样‘爱的惊喜’让他开心一下” 父亲的眼神诠释出了 爱你的人满眼都是你 孩子们手舞足蹈尖叫 长期在工地干活的父亲带着礼物回家 进门瞬间孩子们高兴得又蹦又跳 父亲从怀里掏出四串糖葫芦 最后一串笑着递给妻子 画面温馨令人羡慕 偷藏奶奶背后共舞 悄悄站在奶奶身后抓着手臂一同跳舞 奶奶突然回头才发现 笑得合不拢嘴，激动拥抱 拍摄下这一幕的父亲说 “家人都知道孩子要回来 孩子从小就是奶奶带大的 两年多未归儿子偷偷回家 开门后惊喜与激动随之而来 两年多未归的儿子偷偷回家看望父母 父母高兴得像个孩子似的手舞足蹈 惊喜与激动随之而来 这一幕幕“惊喜” 也看见了重逢的甜 人们满载着一年的收获与感恩 抖落身上的辛劳和疲惫 回到最熟悉的那一方天地 去见最亲近的那些人 承载着无限的乡愁与期盼 家人永远是心中的牵挂 过年回家永远是那颗不变的团圆归心 你为家人准备了什么惊喜？ 文 案、视频制作：冯文雅 审 校：曹 滢 陈竞超,,,https://www.news.cn/comments/20230105/13554c15f91d4b858511dfbb37295b5a/c.html,2026-06-17 07:53:45
新华网评论-今日专家,今日主角,2022-11-09,,每个人都是生活的主角，每个人都是时代的主角。今天我们关注的主角是他们——消防员。 四川攀枝花消防救援支队 开展119宣传月主题活动 在街边晒出“十年出警单” 有凌晨、有深夜、也有正午 包括火灾、车辆侧翻、电梯被困、抓蛇、取蜂窝等 这就是消防员不寻常的日常 这就是我们的“蓝朋友” 他们就会穿上“战斗服” 冲锋在前 保民平安 11个月大女童掉坠井 消防员倒挂金钩救出 一11个月大女童 不慎掉入小区绿化带下水道井内 龙湾区消防救援大队永宁路消防救援站 火速赶赴现场处置 救援人员轮番用“倒吊”的方式下井救人 经过长达一个小时四十分钟的救援 勘探员被困百米悬崖 消防员徒步7小时救出 两名勘探员在深山迷路，被困崖壁 消防员接警后深夜赶赴，展开救援 由于山间崎岖难行、地势陡峭 从天黑搜寻到天亮 终于从百米悬崖处将两人救出 成功护送至安全地带 消防员接力背下山 一位老人不慎踩中私放的捕兽夹 消防员徒步上山约3公里后 并轮流接力将老人背下山 4米长蟒蛇“霸占”村民菜园 被消防员当场带走 一村民发现自家菜园 被一条4米多长的大蟒蛇“霸占” 大蟒蛇正盘踞在菜地里 没有一丝离开的“想法” 于是消防员使用捕蛇器将其控制 塔吊维修人员被蜇伤 消防员25米高塔摘除马蜂窝 马蜂在25米高塔吊顶端安家筑巢 塔吊维修人员进行施工作业时不慎被蜇伤 全副武装爬上塔吊 登高25米“上演”高空行动 消防员高喊“加油！坚持住” 一辆货车发生追尾事故 驾驶员被挤压在驾驶室内无法动弹 消防员立即赶赴现场救援 为了使驾驶员保持清醒 消防员不停地对他喊话 一个小时后成功救出 消防员火场救出被困孩子 消防员立即赶赴现场 深入火场进行人员搜救 发现一名被困孩子后 迅速为其戴上空气呼吸器 抱着孩子一路飞奔 将其交给医护人员后 又返回火场继续救援 都是消防员的一份守护 希望每个人都从身边小事做起 就是对消防员最好的致敬和爱护 文 案、视频制作：冯文雅 审 校：曹 滢 陈竞超,,,https://www.news.cn/comments/20221109/50fdbe88efe04d41b16ee2b2771e6166/c.html,2026-06-17 07:53:45
新华网评论-今日专家,今日主角,2022-11-05,,每个人都是生活的主角，每个人都是时代的主角。今天我们关注的主角是他们——湿地守护者。 有关“湿地”的报道很多 “湿地守护者”频频受到关注 他们的坚守和默默付出 南飞候鸟恋上松花江 “鸟叔”享受忙的幸福 任建国（资料图） 63岁的任建国现在每天只睡5个钟头 他习惯性地沿着水岸步行 观察候鸟的过冬设施有无损坏 至少3000只候鸟要来吉林市长白岛过冬 它们应该对这位六旬老人很熟悉了 任建国在松花江上的长白岛义务护鸟多年 到岛上“落籍”的鸟儿年年增加 其中不乏中华秋沙鸭等20多种珍稀濒危鸟群 “鸟叔”名号远近闻名 没翅膀的人类教小丹顶鹤学飞 江苏盐城湿地珍禽自然保护区 陆续人工孵化出42只丹顶鹤 其中22只小丹顶鹤最近正接受飞行训练 工作人员模拟成鹤带领小鹤学飞 领着它们迎风奔跑 小鹤通常就能掌握飞行技能 进一步野化训练后 它们将被完全放归大自然 昔日撒网者 如今护鸟人 他从“渔民”变成湿地生态“守护者” 54岁的李国忠出生在 河北省衡水市衡水湖畔的王家宜子村 但钱挣了，生态却被破坏了 2017年当地招收巡湖员 他毫不犹豫地报了名 守护在衡水湖畔已有五个年头 他的工作主要是对鸟类进行监测、保护 监督破坏环境、偷捕偷猎等行为 由东向西南从湖中穿过 他一天最少两个来回 李国忠每天坚持记日志 他亲眼见证了衡水湖的生态越来越好 来此栖息的鸟类越来越多 沉湖湿地有对“神雕侠侣” 保护好沉湖的鸟，就是保护好世界的鸟 沉湖湿地是武汉的重要湿地 候鸟迁徙通道上的重要驿站 沉湖站有位巡护组长叫郭松 每天带领小组4名汉子巡湖护湖 是站里负责内勤的“贤内助” 这对“神雕侠侣”朝夕相伴 共同守护这处珍贵湿地的生态 3万余只水鸟翔集 但跟大自然打交道 常常会有意想不到的惊喜 父女共护“自然精灵” 把“有意思”变成“有意义” 有一对父女特别爱看鸟 父亲汤飞每周都会带女儿到金银湖湿地公园观鸟 汤飞加入了武汉市观鸟协会 在志愿者的带领下 参与了很多鸟类救助和保护工作 如今，他跑遍了武汉的湿地 对武汉的400多种鸟类品种如数家珍 业余时间基本都用来参与 湿地巡护、科普教育、护鸟净滩等工作 女儿汤楚徽也成为了观鸟达人 武汉是一个非常美的城市 希望跟爸爸一起爱护鸟 并称为全球三大生态系统 拥有地球之肾、生物超市、物种基因库 等各种各样的美誉 就是保护人类美好家园 11月5日至13日 《湿地公约》第十四届缔约方大会 “珍爱湿地 人与自然和谐共生” 越来越多的“湿地守护者” 就是主题的践行者 正演绎着人与自然和谐共生的动人故事 文 案、视频制作：冯文雅 审 校：曹 滢 陈竞超,,,https://www.news.cn/comments/20221105/7cceaf79f6d140779b3657c157cac774/c.html,2026-06-17 07:53:45
新华网评论-今日专家,今日主角,,,每个人都是生活的主角，每个人都是时代的主角。今天我们关注的主角是他们——大国工匠。 2022年世界技能大赛特别赛上 中国选手捷报频传 中国代表团已获得 15枚金牌、3枚银牌、3枚铜牌和5个优胜奖 相关话题多次登上热搜 “00后”小伙“刮腻子”刮成世界冠军 操作误差不能超过一毫米！ 来自浙江温州的“00后”小伙马宏达 在2022年世界技能大赛特别赛中 获得抹灰与隔墙系统项目金牌 实现中国队在该项目上 金牌“零”的突破 抹灰和隔墙看不出技术含量 “但在世界竞赛领域 操作误差往往不能超过一毫米” 马宏达的身影总是会准时出现在实训室内 一天的训练量不低于7小时 让每一个动作刻进肌肉记忆里 5公分厚的钢头鞋 不到2个月就磨破了底 “去之前，我们的目标就是金牌 只想把掌握最高的技艺展示出来 斩获精细木工项目金牌 “00后”小伙志做当代鲁班 “00后”年轻教师邵茹鹏 夺得世界技能大赛特别赛 精细木工项目的冠军 这是我国在世赛舞台上 获得的首个精细木工项目金牌 精细木工项目比赛难在“精细”二字 项目对于精度的要求极其苛刻 认识邵茹鹏的人都说 他的成功在意料之中 他付出了比其他人更多的努力 人家休息，他加紧练习 别人做一遍，他做两遍 “95后”姑娘夺世界级美发大奖 来自杭州轻工技师学院的沈文青 夺得2022年世界技能大赛特别赛美发项目银牌 在八年的备战时间里 沈文青不放弃任何练习的机会 平均每天要练习2-3个发型 她一天都不曾落下 “我每天都会掐着秒表对创作时间进行严格控制 保证自己能够在限定时间内完成创作” 比赛既是结束，也是一个新的起点 她要将学到的成果转化为教学方面的专业知识 传授给更多的学生 泥瓦匠里的“天花板”！ 这个农民工靠砌墙走进人民大会堂 16岁到建筑工地打工 20岁获得世界技能大赛砌筑项目优胜奖 23岁当选全国人大代表 邹彬的青春因“砌墙”而精彩 这位“95后”工匠 出生在湖南的一个小山村 十几岁就跟着父亲来到建筑工地上 开启了和砖块、水泥“较劲”的日子 一门心思琢磨如何砌好一面墙 一步步“升级”成为行业标杆 获得“全国技术能手”等称号 从建筑工地到世界领奖台 从小山村到人民大会堂 邹彬坚持干一行，爱一行 一步步成长为大国工匠 “在这个人人都能出彩的时代 哪怕是只会砌墙这门手艺 这个出彩并不是我个人的出彩 我只是千千万万农民工里的 做到极致亦是非凡 大到卫星火箭、高铁航母 背后都离不开大国工匠身体力行 致敬！专心致志的奋斗人生 文 案、视频制作：冯文雅 审 校：曹 滢 陈竞超,,,https://www.news.cn/comments/20221026/dd71391afd7840769c6ad5949f19f9ee/c.html,2026-06-17 07:53:45
新华网评论-今日专家,今日主角,2022-09-22,,每个人都是生活的主角，每个人都是时代的主角。今天我们关注的主角是他们——用艺术手法记录丰收模样的“民间艺术家”。 当“丰收”与“艺术”相遇 会碰撞出怎样的火花？ 又是一年一度丰收季 一些心灵手巧的“民间艺术家” 用各式各样的艺术手法 将五谷杂粮变成了一件件艺术品 山东大姐用煎饼复刻世界名画 谁说煎饼只能吃？ 用煎饼卷出了一个“花花世界” 再现了梵高、莫奈、达利、拉图尔等画家 《牡丹瓶花》《冥想玫瑰》 《玫瑰花和水果》《向日葵》 这些世界名画的“可食用版本” 其实是大姐用黄桃煎饼、火龙果煎饼 甜菜根煎饼等制作而成的 她还通过传授制作技艺 带动了30多名村民致富 让“煎饼花”变成了“致富花” “精神食粮”可以这么美！ 硕果累累、五谷丰登 一幅幅栩栩如生的画作 不用颜料、不用画笔 而是山东菏泽东明“粮画” 第八代传承人韩国瑞 利用五谷杂粮的自然形状和颜色 有“国泰民安、五谷丰登”的美好寓意 被人们称为挂在墙上的“精神食粮” 非遗传承人在米粒上刻诗作画 毫厘之间尽显大千世界 为迎接2022年中国农民丰收节 山东济南微雕非遗传承人王天明 在米粒上刻诗作画 老人已从事微雕40多年 不仅能在玉石、壶器、米粒等材料上 他还能在一根头发丝上进行雕刻 希望农民钱袋子鼓起来 小伙用6万多根玉米制成“巨龙” 寓意风调雨顺、五谷丰登 一段小伙用6万多根玉米制作“巨龙”的视频 在景区摆放着一条十分壮观的“巨龙” 它长69米，高5.5米 这是小伙耗时15天 用6万多根玉米制成的 丰收的喜悦如飞龙腾空 你眼中的丰收是什么样呢？ 监 制：朱永磊 翟子赫 文 案、视频制作：冯文雅,,,https://www.news.cn/comments/20220922/f3f1103986794437b85782162d8e01e8/c.html,2026-06-17 07:53:45
新华网评论-今日专家,今日主角,2022-09-20,,每个人都是生活的主角，每个人都是时代的主角。今天我们关注的主角是他们——农业科技工作者。 一幅幅秋收画卷正徐徐展开 将陆续端上每个人的餐桌 有一群农业科技工作者 他们与亿万农民一起 为我们创造了“饱饱的”美好生活 84岁“油菜院士” 让盐碱地遍开油菜花 草帽、挎包、深筒靴 水壶、工作服、笔记本 在华中农业大学师生中 流传着 “傅氏六件套” 的说法 说的是中国工程院院士傅廷栋 “六件套”是他的“经典”装扮 他是新中国第一名油菜遗传育种专业方向的研究生 专注杂交油菜育种60余载 带领团队培育近60个油菜品种 被人们亲切地称为 “油菜院士” 他始终坚持一个理念 “科研就得围着农民打转!” 在盐碱地试种“盐碱油菜” 是他众多成就中为人津津乐道的一项 为培育适宜在恶劣环境生长的油菜新品种 在内蒙古、宁夏、黑龙江、天津等地 用不同的盐碱地证明品种的耐盐碱特性 育成的耐盐碱油菜 作为营养价值优良的饲料 产生可观经济效益 同时，翻耕后作为绿肥 可以大幅度增加土壤有机质 39岁“庄稼汉” 为水稻育种贡献青春力量 一个头戴草帽、脚穿胶鞋、皮肤黝黑的“庄稼汉” 弓着腰在稻田里忙碌 这是不少人印象中的周雷 作为一位水稻育种专家 周雷一年里有超过300天 “泡”在实验室和田间地头 在头上太阳烤、脚下水汽蒸 身边蚊虫绕的稻田里 他一待就是大半天 他去海南的南繁基地进行加代育种 往往春节也不能回家 周雷的微信名为“稻之道” 头像是一片绿意盎然的稻田 每当看到这照片就会充满动力 他扎根田地、潜心科研 带领团队在水稻育种领域全力攻关 先后培育出16个优质高产水稻新品种 鄂中5号、广两优272、巨2优60等 已累计推广5000多万亩 他被授予第26届中国青年五四奖章 三代院士 两脚泥巴 华南农业大学部分师生 来到 丁颖和卢永根 院士雕像前 相关照片在网上热传 我国水稻研究领域 一段“一脉师承三院士”的佳话 成为网友津津乐道的话题 第一位院士 丁颖 被誉为“中国稻作科学之父” 当选中科院学部委员（院士） 第一株“千粒穗”水稻类型 第二位院士 卢永根 丁颖的秘书兼科研助理 他跟随恩师的足迹 小心地保护着丁颖收集的 7000多份稻种资源 并将其命名“丁氏稻种资源” 第三位院士 刘耀光 在卢永根的感召下 放弃国外优渥的生活回到中国 植物育性发育的分子遗传 在许多方面取得了创新性研究成果 “院士的老师是院士的学生” “这就是传承吧” 今天讲到的几位农业科研人员 有年逾花甲的老人 也有正追梦奔跑的“宝藏青年” 他们之间隔着几十年的岁月 却有着同样的奋斗目标—— 监 制：朱永磊 翟子赫 文 案、视频制作：冯文雅,,,https://www.news.cn/comments/20220920/75e7731103564fe09248cfdd9f6dc310/c.html,2026-06-17 07:53:45
新华网评论-今日专家,今日主角,2022-09-15,浙江杭州一则短视频火遍各大平台,每个人都是生活的主角，每个人都是时代的主角。今天我们关注的主角是他们——五位老人。 看到几位老人的故事 9旬浙大退休老师深夜拾荒 10年资助7位困难学生 在刚刚过去的教师节 90岁的浙大退休教师王坤森 又完成了一笔资助捐款 汇给了一名浙江嘉兴的学生 而这些钱是他夜夜拾荒所得 但捡垃圾也没什么不好意思的 就要拿出自己的行动和诚意来 有了一支更大的爱心队伍 已经将包装盒、易拉罐 整整齐齐地放在门口 浙江大学也成立了以老人命名的基金会 助力他的爱心事业 81岁老教师线上直播物理课 数十万人“追更” 81岁的王广杰原是 一所职业中学的电工课教师 他于1996年退休 2020年，王广杰萌生了 直播、拍科普短视频的想法 于是把家里的阳台 为来自全国各地的学生讲授物理课 授课风趣、板书漂亮、讲解易懂 王广杰的物理课成为 学生心中的“顶流” 每天一个半小时的课堂 吸引数十万人观看 96岁老人每天做300多个仰卧起坐 金华一位96岁的大爷郦德火 用实力证明了一句话 所谓年龄，只是数字 这位大爷每天要做300多个仰卧起坐 四五十个引体向上 另外还要走四五十分钟路 老师除了耳朵有点背 我们这帮五六十岁的人 体检指标都没他好 老人曾是一名英语老师 退休后也一直没有把英语落下 每天坚持用英语写日记 多年下来积累了50多本 郦德火开始免费给孩子们辅导英语 自己学习的同时还能帮助其他人 满足了爱好，挖掘了潜力 也增强了幸福感和生存的价值 86岁老人为老伴考取驾照 一辈子就喜欢研究新东西 浙江杭州一则短视频火遍各大平台 视频中一名老人在学习小型汽车驾驶 老人名叫孙振锄，今年86岁 为了陪行动不便的老伴看病 85岁他开始学车 并最终成功考取驾驶证 就在大家纷纷点赞时 网友发现老人过往的经历 更是让人肃然起敬 孙振锄是一名“两弹一星”研究员 曾多次参与核试验 见证了新中国第一颗原子弹的成功试验 我这辈子就喜欢研究新东西 76岁老人第一次平板作画惊艳网友 近日苏州的薛先生突发奇想 教76岁的外婆用平板电脑画画 外婆就完成了一幅完整的花鸟画 外婆68岁开始学国画 家中也挂满了外婆的作品 这些老人的故事带给我们的 自己年纪太大、时间太少 打算放弃继续学习和成长时 不妨看看他们的精彩人生 监 制：朱永磊 翟子赫 文 案、视频制作：冯文雅,,,https://www.news.cn/comments/20220915/f624725d5cd74cbbae67d889f3789ca9/c.html,2026-06-17 07:53:45
新华网评论-今日专家,今日主角,2022-09-09,,每个人都是生活的主角，每个人都是时代的主角。今天我们关注的主角是他们——“最美自然守护者”。 2021“最美自然守护者”先进事迹发布 包括9位个人、1个集体 这些“大自然的哨兵” 他累计走了12万余公里 四川省绵阳市安州区高川乡 自然资源所原负责人马银国 踏遍全乡173平方公里 山山水水、沟沟坎坎 累计走了12万余公里 把管好村民的“饭碗田” 保护好人民群众的生命财产安全 他冒着手冻僵被截肢的风险 进行了20多分钟测绘作业 自然资源部第一大地测量队办公室主任 长期在野外一线从事自然资源测绘工作 他两次参加珠峰复测 在海拔7500米突遇特大暴风雪 他冒着双手被截肢危险摘下羽绒手套 进行20多分钟测绘作业 成功将重力测量推进到海拔7790米 获取三维坐标并攀登到海拔8000米 地科院凌晨三点的星空最美！” 山东省地质科学研究院科技创新中心主任李大鹏 是“与金子打交道的人” 他所在团队通过创新成矿理论 实现鲁西归来庄矿田深部金矿资源量 增加20余吨的新突破 在莱州焦家金矿带 成功实施“中国岩金第一见矿深钻” 在近3266米处发现厚达25米的 目前我国最深金矿体 攻克金矿深部资源勘查难关 面对长年野外奔波、披星戴月的工作 “这辈子若能做好这件事， 杭州市国土整治中心主任沈乐毅 从2015年起牵头组织 杭州市永久基本农田划定工作 经过他和同事的共同努力 划定永久基本农田254万亩 被原国土资源部和农业部评价为“杭州样板” 每一块田地都有了“田长”守护 这背后离不开沈乐毅的推动 就是守住老百姓的“饭碗田” 这辈子若能做好这件事 “湿地上的草木鱼鸟， 都是我的‘孩子’” 不管是夜间滩涂执法 还是凌晨道口守候 作为上海市崇明东滩自然保护区管理事务中心 党支部书记、主任 钮栋梁始终冲在最前面 区域内生态环境明显改善 鸟类种群数量显著增加 湿地上的草木鱼鸟 都是我的“孩子” 要细心呵护它们健康成长 哪个上面有坑他都一清二楚 姜文凯是自然资源部北海局千里岩 海洋环境监测站站长 他已经数不清围着小岛走了多少圈 只记得最长一次在岛上值班217天 自己闭着眼睛都能勾勒出岛上的一草一木 特别是通往温盐井和验潮井的300多级台阶 哪个上面有坑他都一清二楚 “大家都说‘每个滑坡都不一样’， 我偏要在千差万别中寻找共性。” 我国地质灾害点多面广 作为中国地质环境监测院首席科学家 殷跃平从事地质灾害防治工作40余年 重大地质灾害发生时 救援现场总能看到他的身影 殷跃平开展滑坡“技防”研发与试点 推动了地质灾害监测预警 从“人防”到“技防”的提升 为了找到合适树种 他每天带着干粮在山头上寻觅 从寸草不生的荒山 到华北地区最大的人工林场 内蒙古自治区乌兰察布市兴和县苏木山 有一位“塞上愚公” 苏木山林场原场长董鸿儒 他几十年如一日勤勤恳恳种树 让野岭荒山终成林海 如今已经83岁的董鸿儒 像青山上的“不老松” 讲述苏木山的故事 成千上万的志愿者加入植树造林的队伍中 一线守护中原良田 有一位耕地“守护者” 河南省漯河市自然资源和规划局 农村乱占耕地建房整治办公室主任张辉 为了制止违法采沙行为 他曾纵身跳进水深10多米的沙坑 为了打击破坏耕地偷挖盗采 他吃住在村里紧盯死守 被同事称为“拼命三郎” 土地是农民的命根子 看到乡亲们的真诚笑脸 所有的付出都值了 有一群特别的守护者 他们是创新实干的“苏小登” “最美自然守护者”还有一个集体 江苏省自然资源厅自然资源确权登记局 他们牵头推动建成“线上苏小登” 为省内企业和群众办理不动产登记等 提供便捷安全的“不见面”登记服务 “线上苏小登”迄今已累计 颁发电子证照2237万份 在美丽中国的画卷里 他们是广大自然资源工作者的生动缩影 他们的身影平凡而闪亮 他们把跋涉的足迹 献给祖国的绿水青山、碧海蓝天 监 制：朱永磊 翟子赫 文 案、视频制作：冯文雅,,,https://www.news.cn/comments/20220909/1eb5e04e49db4a92b72efcf18fe00c6f/c.html,2026-06-17 07:53:45
央广网评,央广网评丨AI创作的“能”与“不能” 人始终是核心 发展AI不是为了取代人，而是为了“让人更好地成为人”。唯有明晰AI、AIGC的应用边界，重视并守护创造性劳动的独特价值，以创新应对变革、以温度消解冰冷、以原创抵御同质化，方能让人工智能向善而行、有序发展，让独属于人的创造之力、人性之真始终闪耀光芒。 2026,2026-04-25,有视频平台,近段时间，关于AI的新闻频频登上热搜。特别是在影视创作领域，用AIGC创制的微短剧刷屏出圈，有视频平台要推出“AI艺人库”，新职业AI抽卡师月薪三四万也难寻人才……可以预见，随着AI技术的飞速发展与应用，其带来的争议与讨论也引发广泛关注。 舆论热议中，既有对AI“万能”还是“无能”的争论，也不乏“AI恐慌”。推崇“技术万能”的人认为，AI能完成大部分工作，可以让人更轻松愉悦地生活，由此也引发许多从业者陷入对“被替代”的焦虑。另一方面，很多人质疑AI应用特别是AIGC带来的创作千篇一律、缺少“人味”、真假难辨等问题，愈发崇尚“手搓”的温度与价值。 AI生成的“霸总”短视频“围猎”老年人 讨论AIGC创作的“能”与“不能”，首先需要明确什么样的作品是好作品。无论是古代经典著作，还是当代佳片好剧，所有打动人心的创作、演绎，其核心都是创作者的生命体验与情感注入。当下，文娱行业AIGC模仿复刻之风盛行，依托海量数据，精准复刻演员的表演范式，快速批量产出标准化内容，却无法理解人物故事背后的情绪纠葛与人生厚度，更无法完成临场发挥、细节留白、情绪递进等个体化的艺术表达，这些是数据算法无法企及的高度。 讨论AIGC创作的“能”与“不能”，根本上是我们应该如何认识“技术”与“人”的关系。AI也好，AIGC也好，本身就是人类创造性劳动的成果，无论AI发展速度如何惊人、算力如何强大、AIGC产出成果如何惊艳，其本质始终是服务人类的工具与手段。 在人工智能时代，人类独有的创新思维、情感温度、责任担当愈发珍贵。拨开对AI的复杂情绪，我们既要客观看待技术赋能的优势，积极拥抱它，但更要坚守自身核心价值，不必陷入过度焦虑与妄自菲薄。从蒸汽机带来生产力跃升，到互联网联通万物，再到人工智能全面落地，每一次技术变革都曾引发人们关于岗位替代的讨论与焦虑。历史早已证明，真正决定时代走向的，从来不是技术本身，而是懂得驾驭工具、持续创造价值的人。 AI已来，关键是如何让技术更好地为人所用。譬如，在医疗场景中，AI可以辅助影像研判、数据分析等提升医生的诊疗效率；但安抚病痛、传递关怀、做出人文判断的，则是医者有温度的专业坚守。在文艺创作领域，AIGC能够快速建模生成视频，却难以超越创作者与表演者独有的阅历积累、价值思考和即兴创造力。我们要善用AI解放重复劳动、赋能提质增效，让人把更多精力投入到更丰富的创造性劳动中去。 发展AI不是为了取代人，而是为了“让人更好地成为人”。唯有明晰AI、AIGC的应用边界，重视并守护创造性劳动的独特价值，以创新应对变革、以温度消解冰冷、以原创抵御同质化，方能让人工智能向善而行、有序发展，让独属于人的创造之力、人性之真始终闪耀光芒。（央广网特约评论员 之心） 发展AI不是为了取代人，而是为了“让人更好地成为人”。唯有明晰AI、AIGC的应用边界，重视并守护创造性劳动的独特价值，以创新应对变革、以温度消解冰冷、以原创抵御同质化，方能让人工智能向善而行、有序发展，让独属于人的创造之力、人性之真始终闪耀光芒。,,,https://www.cnr.cn/newscenter/comment/cnrp/20260425/t20260425_527600222.shtml,2026-06-16 23:48:27
央广网评,【央广网评】科技向善 别让AI技术沦为违法帮凶 技术只有向善向上，才有未来。AI终究是辅助工具，商业的本质离不开过硬的产品和真诚的服务。靠信息差收割焦虑、靠虚假内容污染数据，或许能得逞一时，但终将付出法律与信誉的双重代价。 2026,2026-03-16,,有人借AI编造“带货躺赚”的骗局，收割电商创业人群；有人利用GEO“数据投毒”，操控AI输出误导公众；有人用AI外呼系统电话骚扰，试图绕开监管，逃避法律责任……在3・15之际，总台等多家媒体曝光利用AI技术欺诈造假、违法违规的典型案例，再次为公众使用AI技术敲响警钟。 “收割”“投毒”――上述案例中的违法者肆无忌惮。他们均是利用公众信任却不甚了解AI技术的信息差，把AI技术异化为违法工具和犯罪帮凶，损害消费者合法权益，其违法成本低、手法更隐蔽，监管取证难度大，影响范围更广。以总台3・15晚会曝光的“数据投毒给AI洗脑”为例，GEO（Generative Engine Optimization，即“生成引擎优化”），本是通过优化网络内容以提高其在AI大模型推荐展示几率的技术手段，而今却被别有用心者变成了敛财诈骗的工具：一面生成虚假信息，一面恶意投喂训练大模型，甚至故意造假抹黑对手。这不仅涉嫌虚假宣传、误导消费者，更扰乱正常市场秩序，损害数字产业健康发展，透支公众对AI技术的信任。 据总台 3・15晚会曝光， 某 GEO优化系统软件 将一款并不存在的智能手环产品，实现 AI大模型 抓取推荐 从前几年用AI换脸、变声实施诈骗，到所谓“养老伴侣机器人”等新型骗局，人工智能技术快速迭代的同时，各类风险套路也层出不穷、防不胜防。技术本是中性工具，关键在于使用者必须心存敬畏、守住底线。 当前，人工智能大模型等新技术新应用正深度重塑我们的生产和生活方式，规范治理能力必须同步跟上，以有效防范技术滥用带来的风险危害。譬如，政府监管部门和行业协会要及时出台规范措施，将《人工智能生成合成内容标识办法》《生成式人工智能服务管理暂行办法》相关规定落实落细，要用“道高一丈”的技术治理管住“魔高一尺”的违规乱象；平台、企业和从业者要坚守法律与道德底线，摒弃投机取巧心态；对广大用户来说，则要破除“躺赚”幻想，理性辨别信息、多方交叉核实。 技术只有向善向上，才有未来。AI终究是辅助工具，商业的本质离不开过硬的产品和真诚的服务。靠信息差收割焦虑、靠虚假内容污染数据，或许能得逞一时，但终将付出法律与信誉的双重代价。（央广网评论员 姜葳） 技术只有向善向上，才有未来。AI终究是辅助工具，商业的本质离不开过硬的产品和真诚的服务。靠信息差收割焦虑、靠虚假内容污染数据，或许能得逞一时，但终将付出法律与信誉的双重代价。,,,https://www.cnr.cn/newscenter/comment/cnrp/20260316/t20260316_527553479.shtml,2026-06-16 23:48:27
央广网评,央广网评｜全运会群众赛事扩容 带来多层次联动效应 “全民全运、全运惠民。”在活力四射的大湾区，在全国其他地方，本届全运会的联动效应将持续释放，推动我国体育强国建设不断迈向新高度，推动全民运动和全民健康事业书写新篇章。 2025,2025-11-14,,“激情全运会，活力大湾区。”第十五届全国运动会正在如火如荼地进行。在粤港澳三地各类赛场内外，不仅有专业运动员的巅峰对决，更有普通民众热情参与的群众赛事。 据悉，本届全运会群众比赛设23个大项166个小项，其中有乒乓球、羽毛球等19个群众广泛参与的比赛类大项，还有舞龙舞狮、太极拳等4个兼具文化特色的展演类大项，群众赛事决赛将超3000场。本届全运会群众赛事的扩容，是我国体育发展理念的又一次深刻演进――将竞技体育与群众体育不断融合发展，进一步实现两大体系的同台展示与价值共鸣。 从群众赛事项目设置看，既有篮球、轮滑等展现青春活力、吸引年轻群体参与的潮流项目，也有太极拳等适配中老年需求的传统健身项目；既有围棋、象棋等考验个人谋略的竞技项目，也有舞龙舞狮等强调团队协作的展演项目，更好地覆盖了不同人群的运动喜好。这种“全覆盖、全龄化”的设置，为更多业余高手提供了梦寐以求的舞台，让他们拥有专属的全运故事，也向全社会传递清晰信号――运动带来健康，更带来快乐。 第十五届全国运动会群众展演舞龙舞狮项目南狮传统决赛现场（图片来源：视觉中国） “体育强国的基础在于群众体育。”数据显示，上百万人投身群众赛事预赛，“周周有比赛、村村有参与”的场景在各地上演。从社区球场上的邻里对垒，到城市赛场的区域比拼，再到决赛阶段的巅峰亮相，各地日趋完善、丰富的赛事活动激发起全民运动的澎湃热情，成为我们美好生活的重要组成部分。 近年来，我国“15分钟健身圈”建设加速推进。仅“十四五”时期，国家累计投入56.5亿元，支持公共体育场馆向社会免费或低收费开放。截至2024年底，全国体育场地增至484.17万个，体育场地面积达42.3亿平方米，人均体育场地面积3.0平方米。“赛事进景区、进街区、进商圈”“跟着赛事去旅行”“村超”“苏超”火爆出圈，“体育+科技”“体育+文旅”“体育+城市有机更新”等协同并进，跨区域交通便利化政策持续优化，这些都为群众赛事的普及、传播、推广奠定了坚实基础。 全运会群众赛事的热度，能够催生多层次联动效应。在体育发展层面，拥有庞大参与群体的群众赛事为竞技体育提供肥沃土壤，民间“草根高手”可能成为专业运动员的后备力量；竞技体育的专业标准通过群众赛事下沉，又带动基层训练水平提升。在产业层面，上百万人的参与热潮进一步激活体育消费市场，拉动运动装备、教练培训、体育旅游等相关需求，为体育产业注入新活力。在社会层面，“我要上全运”活动深入社区、乡镇，既丰富了基层文化生活，又增强社会凝聚力，营造出蓬勃向上的氛围。 “全民全运、全运惠民。”在活力四射的大湾区，在全国其他地方，本届全运会的联动效应将持续释放，推动我国体育强国建设不断迈向新高度，推动全民运动和全民健康事业书写新篇章。 （央广网评论员 文峰） “全民全运、全运惠民。”在活力四射的大湾区，在全国其他地方，本届全运会的联动效应将持续释放，推动我国体育强国建设不断迈向新高度，推动全民运动和全民健康事业书写新篇章。,,,https://www.cnr.cn/newscenter/comment/cnrp/20251114/t20251114_527430190.shtml,2026-06-16 23:48:27
央广网评,央广网评丨为“老有所乐”赋能 让银发消费安心更舒心 近年来，随着我国老龄化进程加速，针对老年群体的特色消费项目逐渐涌现，许多老年朋友结合自身兴趣爱好，积极主动参与更加品质化、多元化的消费体验。 2025,2025-10-29,在一些医院,前不久，新疆铁路今年第70列银发旅游专列成功开行，850余名平均年龄60岁以上的新疆本地游客开启了东南探秋之旅。在北京、上海等地，“退休俱乐部”“银发俱乐部”人气攀升，其中开设的AI绘画、咖啡拉花等课程，深受老年会员欢迎……近年来，随着我国老龄化进程加速，针对老年群体的特色消费项目逐渐涌现，许多老年朋友结合自身兴趣爱好，积极主动参与更加品质化、多元化的消费体验。 湖北黄石，银发生活市集吸引许多市民前来体验 当前，我国银发经济市场规模约为7万亿元，刚需、健康、悦己成为银发消费的三大核心驱动力。从“养老”到“享老”，万亿级市场蓬勃发展的背后，一方面是我国人口结构变化的现实基础。数据显示，截至2024年底，我国60岁及以上老年人口已达到3.1亿，占总人口的22%。另一方面，政策与市场双轮驱动，让促消费与惠民生相结合，也促使银发消费市场不断拓展。今年3月，中办、国办印发的《提振消费专项行动方案》明确提出，“积极发展抗衰老、银发旅游等产业，释放银发消费市场潜力”，从国家层面为相关产业发展注入强劲动力。 从餐饮购物到健身锻炼，从康养旅游到医疗照护，丰富老年人多层次的物质与精神生活的消费服务供给，不断满足和提升银发群体对美好生活的需求，让银发群体充分享受国家和社会发展进步带来的新变化，还需要我们在营造良好消费环境上不断下功夫。 2025年4月13日，Y828次赣闽首趟银发旅游专列从江西南昌站发车 消费环境的提质升级，首先要解决老年人日常生活中的便利性问题，譬如全方位适老化改造工作。在不少地方的老旧小区，电梯、无障碍通道就是老人家头痛和企盼的大事；在一些医院和商超，自助挂号、结算的智能设备也让老人家们不知所措。为此，各地各部门要加快推进各领域的适老化改造。以银发旅游为例，不少地方铁路部门为银发旅客专列开设乘车通道，配备随车医护人员，在车厢内铺设防滑垫、洗漱间安装扶手等，全力构建更安全、懂老人心理的出行环境。部分旅游城市推出节奏舒缓、服务细致的银发专属行程，让广大银发游客在“有得看、有得玩、有得学”中不断提升出行体验。把适老化服务从“事后补救”转向“前置预防”，需要各行各业主动作为，共同筑起老年人出行与消费的安全防线，助力他们跨越数字鸿沟、乐享养老生活。 消费环境的提质升级，更需要筑牢消费安全监管防线。老年消费市场一直是监管的薄弱环节，如网购骗局、养生陷阱、金融诈骗等针对老年群体的侵权事件时有发生。守护老年人的消费安全，不仅需要老年人家属主动关心、悉心照顾，更需要市场监管与执法部门强化执法力度，严厉打击各类涉老消费欺诈行为，构建更加完善的消费维权机制。同时，有关方面还要主动加强与社区、街道、村组的联动，加强涉老消费普法宣传，提升老年人风险防范意识与自我保护能力，形成社会共治的良好局面。 一个社会幸福不幸福，很重要的是看老年人幸福不幸福。唯有切实维护好广大老年人的合法权益，为他们构建一个安全、便利、多元的消费生态，才能让银发消费更放心、更安心、更舒心。（央广网评论员 关灵子） 近年来，随着我国老龄化进程加速，针对老年群体的特色消费项目逐渐涌现，许多老年朋友结合自身兴趣爱好，积极主动参与更加品质化、多元化的消费体验。,,,https://www.cnr.cn/newscenter/comment/cnrp/20251029/t20251029_527411479.shtml,2026-06-16 23:48:27
央广网评,央广网评｜文旅IP热力涌动 激发“双节”服务消费新增量 随着国庆、中秋“双节”假期临近，各地连日来密集召开文旅活动筹备新闻发布会，一系列围绕“迎国庆、贺中秋、庆丰收”主题的特色文旅IP集中亮相。 2025,2025-09-28,,随着国庆、中秋“双节”假期临近，各地连日来密集召开文旅活动筹备新闻发布会。一系列围绕“迎国庆、贺中秋、庆丰收”主题的特色文旅IP集中亮相。这些文旅IP，不仅为区域内外民众假期出行提供了多元选择，更以创新活力迭代升级各地文旅品牌的传播矩阵。 “文旅IP”是文化旅游产业中核心价值的浓缩载体。其本质是基于特定文化内核、具备独特识别性与情感共鸣力，并可通过商业开发转化为文旅产品、体验或服务的知识产权（IP）体系。梳理各地的文旅IP不难发现，“联动、特色、场景、体验”是核心关键词。 而今，在我国区域一体化发展背景下，跨区域文旅联动IP正成为促进消费的重要抓手。以京津冀地区为例，三地依托地缘相近、文化相通优势，策划推出一系列区域联动文旅消费活动，通过整合历史文化、自然风光、民俗体验等资源，开发“乐游京津冀”等组合产品，构建联动消费“引力场”，让游客在“双节”出行中获得更丰富多元的沉浸式体验。四川、重庆则借第十四届中国艺术节举办的东风，推出“跟着演出去旅行”等精品IP，将艺术节的优质资源与川渝两地知名景区、特色古镇串联，形成特色旅游线路，让广大游客既能欣赏高水平的文艺演出，又能畅游巴蜀大地，有效拓展了服务消费的时空边界。 国庆假期临近，天安门广场“祝福祖国”花坛吸引游客观赏拍照 相较于区域级文旅IP，不少市县的文旅IP更聚焦挖掘本地文化内核和独特魅力，以“小而美”的文旅创新定位吸引游客。譬如，河北邯郸成安县“十一”期间即将举办的“美丽中国踏歌行”音乐节，便是县域文旅IP创新的生动尝试。活动不仅邀请知名音乐人登台献艺，更将本地的非遗文化、特色美食、乡村风光融入活动全程，推出“音乐节+深度体验游”套餐，能更加有效激活基层文旅资源和服务消费的“微循环”。 从观演赏剧到游历山河，从中秋团圆主题活动到亲子游乐项目，从夜间消费场景到丰收体验项目，“双节”文旅IP正呈现出“多元化布局、场景化渗透”的特点。它们彼此串联、相互赋能，形成覆盖全年龄段、全时段的消费场景矩阵。基于国庆中秋“喜相逢”的假期特征，部分地区将中秋赏月与非遗展演结合创新，打造“月下非遗”主题IP；有的景区推出亲子研学IP，将自然教育、文化学习融入游乐体验；不少城市围绕夜间消费，打造“夜间市集+灯光秀+特色演出”的夜间文旅IP。这种“IP串珠成线”的模式，不仅可以进一步提升游客的消费体验，更能带动当地服务消费的全方位增长，释放出显著的“乘数效应”。 文旅IP热力涌动，背后是各地各部门对消费升级趋势的精准把握，也是对服务消费潜力的深度挖掘。随着人们的消费需求从“有没有”向“好不好”转变，优质、特色、创新的文旅IP成为撬动消费的关键变量。我们欣喜地看到，从需求侧挖掘潜能，从供给侧创新服务供给，一系列促消费行动正以精准节奏推进，激发服务消费新增量，为消费“引擎”注入新动能。（央广网评论员 文峰） 随着国庆、中秋“双节”假期临近，各地连日来密集召开文旅活动筹备新闻发布会，一系列围绕“迎国庆、贺中秋、庆丰收”主题的特色文旅IP集中亮相。,,,https://www.cnr.cn/newscenter/comment/cnrp/20250928/t20250928_527379169.shtml,2026-06-16 23:48:27
央广网评,央广网评｜呵护清朗“视界” 莫让负面情绪流量化 近日，中央网信办印发通知，在全国范围内部署开展“清朗・整治恶意挑动负面情绪问题”专项行动。本次行动将着力整治挑动群体极端对立情绪、宣扬恐慌焦虑情绪、煽动网络暴力戾气、过度渲染消极悲观情绪等网络乱象，具有极强的现实针对性。 2025,2025-09-23,一些平台,近日，中央网信办印发通知，在全国范围内部署开展“清朗・整治恶意挑动负面情绪问题”专项行动。本次行动将着力整治挑动群体极端对立情绪、宣扬恐慌焦虑情绪、煽动网络暴力戾气、过度渲染消极悲观情绪等网络乱象，具有极强的现实针对性。 我国有11亿多网民，互联网已经深度融入并影响着我们每个人的生活。在网络空间，我们不难发现，总有那么一些人将“挑动负面情绪”视作流量密码，当成牟利工具：有的假扮高学历外卖骑手，集中发布视频，大肆鼓吹“努力无用论”“读书无用论”等绝对化、消极化论调；有的借社会热点事件强行关联身份、地域、性别等信息进行标签化、污名化炒作，蓄意挑动群体间矛盾；有的编造“大师”“专家”等虚假身份、人设，围绕就业、婚恋、教育等领域“贩卖”焦虑以带货卖课……这些充满恶意、挑动负面情绪的行为背后，不仅形成了固定的情绪传播模式，更催生出编剧、演员、推手组团协作的黑灰产业链。他们释放的负面情绪如同“毒素”，不仅污染清朗的网络环境，有时还会升级为网络暴力，对我们凝聚社会共识、构建和谐社群关系的危害不容小觑。 守护清朗网络空间，需要形成各方“合力”。网络空间不是负面情绪的“垃圾场”，更不是某些人非法牟利的“演绎场”。此次专项行动，监管部门明确了整治方向与力度，既是对违法违规行为的“震慑”，也是对网络正向流量观的重申。相关各方要根据新情况、新态势，持续完善长效合作机制，通过技术手段识别恶意挑动情绪的内容，用好法律手段严惩背后的黑灰产业链，让“靠负面情绪牟利”者付出沉重代价，从源头遏制乱象滋生。 网警在向孩子宣传相关网络知识 守护清朗网络空间，平台“把关人”责任和社会责任的底线绝不能失守。当前，一些平台的算法机制仍存在“偏爱极端内容”的错误倾向――越是煽动性强、充满负面情绪的内容，越容易获得算法推荐，这就形成了“劣币驱逐良币”的恶性循环。各大平台须将“内容质量”“价值导向”纳入推荐核心指标，对恶意挑动情绪的账号果断实施限流乃至封号，让积极健康、理性客观的内容获得更多曝光。此外，平台要不断完善举报机制，简化举报流程，让网民能便捷地对不良内容说“不”。 守护清朗网络空间，离不开我们每一个人。广大网民是网络空间的“使用者”，也是网络环境的“守护者”，这就需要我们不断提升“媒介素养”。看到煽动性文章时，敢问一句“信源是否可靠”“是否存在片面解读”；遇到挑动对立的言论时，要想一想“是否有人在带节奏，激化群体矛盾”……当我们都做到“不转发、不点赞、不关注、会举报”，就会让那些靠挑动负面情绪牟利的“黑手”失去生存的土壤。 网络不是法外之地。此次“清朗”专项行动，既是一次对网络乱象的“大扫除”，也是对社会共识的“再凝聚”。唯有识破挑动负面情绪的流量陷阱，用理性思考取代情绪跟风，才能真正守护网络空间的天朗气清，让互联网成为我们凝聚社会共识的“正能量场”。（央广网评论员 文峰） 近日，中央网信办印发通知，在全国范围内部署开展“清朗・整治恶意挑动负面情绪问题”专项行动。本次行动将着力整治挑动群体极端对立情绪、宣扬恐慌焦虑情绪、煽动网络暴力戾气、过度渲染消极悲观情绪等网络乱象，具有极强的现实针对性。,,,https://www.cnr.cn/newscenter/comment/cnrp/20250923/t20250923_527373047.shtml,2026-06-16 23:48:27
央广网评,央广网评｜危化品须严管，莫让“化骨水”悲剧重演 此次“化骨水”事件为我们敲响了警钟，绝不能让类似悲剧重演。只有以最严格的标准、最严密的措施、最严肃的问责，在全社会筑牢危化品全链条监管防线，才能真正守护好公众的生命安全。 2025,2025-09-19,氢氟酸在部分电商平台,近日，杭州一女子在一废弃地踩破一只白色塑料方桶，被桶内残留的液体（氢氟酸）严重灼伤，送医后不幸离世。18日下午，杭州警方发布最新事件调查情况通报说，涉案人员已被控制，案件正在进一步侦办中。 氢氟酸俗称“化骨水”，是氟化氢气体的水溶液，无色透明，有刺激性气味。虽然其酸性弱于盐酸等常见强酸，但腐蚀性极强，既能腐蚀玻璃、陶瓷、金属，更能侵蚀人体骨骼，仅巴掌大小的皮肤接触就可能危及生命。按照我国相关规定，氢氟酸属于一种危险的高毒性化学品，其生产、储存、销售、使用和废弃处置等环节都应处于严格监管之下，购买者须提供相应资质证明，流通渠道更要全程可溯。 然而，记者调查发现，氢氟酸在部分电商平台可轻易买到。在一些平台，“氢氟酸溶液”“HF清洗剂”等商品，售价十几元至几十元不等，月销量过千件。部分商家声称，这些商品“普通快递可寄”，购买也不需要报备。不少商品页面仅简单提醒“戴手套操作”，连通风、防护及废液处理都未标注，甚至还附有“免责条约”――强调买家须具备“安全使用知识”，否则风险自负。如此致命性的化学品若无严格审核就能一键下单，且使用者随意丢弃、无人监管，那无疑给公共安全埋下了“隐形炸弹”。 工作人员在检查危化品企业实验室 公共安全无小事，监管必须无死角。日前，《中华人民共和国危险化学品安全法（草案二次审议稿）》公开征求意见，明确要求对危化品实行电子标识和全生命周期管理，为堵住相关漏洞提供了法治方向。从现实来看，危化品存在生产、销售、使用、销毁等多个监管环节，从来不是某一个部门、某一个主体的事，而是需要从企业、平台、政府职能部门乃至全社会共同参与的全链条系统工程。链条上对应的环节都要各负其责、各尽其职，确保 “谁生产谁负责、谁销售谁负责、谁使用谁负责”。 从这起悲剧中汲取教训，电商平台首先要压实审核责任。要建立严格的危化品销售准入机制，对购买者资质进行实名核验与备案；对违规商家，应从严处罚并清退，从源头遏制非法流通。 市场监管、应急管理、环保、公安等部门还须强化协同执法。要打破信息壁垒，利用电子标识、大数据等技术建立危化品全链条监管信息共享平台，实现从生产企业备案、销售渠道追溯，到使用登记、废弃处置的全流程动态监控。相关部门要定期开展专项执法行动，对线上线下违法违规行为“零容忍”，让监管真正做到严管严控；更要建立和完善“失职追责”机制，对监管不力、纵容违法的单位和个人，应严肃追责。 公共安全从来没有“旁观者”。我们要进一步加强公众安全教育，通过科普宣传让大众了解氢氟酸等危化品的属性，增强防护意识和科学处置能力。鼓励公众监督，一旦发现违规售卖、丢弃危化品的行为，及时向相关部门举报，共同织密全社会参与的安全防护网。 此次“化骨水”事件为我们敲响了警钟，绝不能让类似悲剧重演。只有以最严格的标准、最严密的措施、最严肃的问责，在全社会筑牢危化品全链条监管防线，才能真正守护好公众的生命安全。（央广网评论员 文峰） 此次“化骨水”事件为我们敲响了警钟，绝不能让类似悲剧重演。只有以最严格的标准、最严密的措施、最严肃的问责，在全社会筑牢危化品全链条监管防线，才能真正守护好公众的生命安全。,,,https://www.cnr.cn/newscenter/comment/cnrp/20250919/t20250919_527368432.shtml,2026-06-16 23:48:27
央广网评,央广网评｜中国男篮逆境突围，再证竞技体育精神 竞技体育，队员战胜自己是战胜对手的前提，只有渴望胜利才能获得胜利，在过程中体现的精神品质远远重于比赛结果，这是竞技体育的铁律。网友们集体点赞的，正是中国男篮以弱拼强的热血、团队协作的精神，以及为国征战的赤子之心。 2025,2025-08-19,,“有一支球队叫中国男篮。” 在日前结束的2025年男篮亚洲杯决赛中，中国男篮与澳大利亚男篮奉献了一场令人热血沸腾的巅峰对决。最终，中国男篮以89比90一分之差惜败澳大利亚男篮，获得亚军。尽管未能捧起冠军奖杯、重登亚洲之巅，但这支年轻的中国男篮赢得了从赛场到全网的集体点赞。 回溯过程，中国男篮一路走到决赛并不容易。由于多名重要球员因伤缺阵，球队在赛前并不被看好。可是，这支年轻的队伍，在郭士强指导的带领下，凭借着顽强拼搏精神和出色的团队协作，一路过关斩将，闯入决赛。 小组赛中，他们先后战胜沙特队、印度队、约旦队，以三战全胜的战绩晋级淘汰赛。1/4决赛，面对老对手韩国队，中国队在落后的情况下实现逆转，展现出了强大的心理素质。半决赛中，他们又力克劲旅新西兰队。面对世界前八的澳大利亚男篮，他们拼到最后一秒。整个系列赛，中国男篮只输了一分。 2025男篮亚洲杯决赛，中国男篮创近10年最佳战绩 更重要的是，在过程中，我们可以看到：关键时刻，总有人挺身而出；无休止的跑动转换、防守的压迫性，折射着球员们的比赛态度；每个球员都在战术体系中找到精准坐标，充分发挥自己的作用。网友冠以的“拼命十三郎”称号，正是对他们每球必争、每分必抢的生动注解。 队长赵睿说，我要把责任担起来。胡金秋含泪说，和平年代，我们能够代表国家出战、能够为中国去做点什么，是至高无上的荣誉。赛事新星王俊杰透露，主教练郭士强每次开会都向队员强调，“人是我选的，战术是我布置的，出了错都算我的”……这些细节诠释了一个颠扑不破的道理：上下同欲者胜，同舟共济者赢。 比技战术和比赛结果更振奋人心的，是精神和态度，以及它们传递的希望。在中国男篮的低谷期，这几场比赛太重要了。竞技体育，队员战胜自己是战胜对手的前提，只有渴望胜利才能获得胜利，在过程中体现的精神品质远远重于比赛结果，这是竞技体育的定律。网友们集体点赞的，正是中国男篮以弱拼强的热血、团队协作的精神，以及为国征战的赤子之心。 中国男篮在中国球迷《歌唱祖国》的合唱里拼得了近十年最佳成绩。这些球员虽然不是国际篮球界公认的超级巨星，但是，在我们许多人看来，他们就是超级巨星。因为他们有着强烈的国家队意识，�哿ν�心为国家荣誉而竭力战斗。在逆境中突围，迎来新起点的中国男篮，可谓“敢拼变更强，爱拼才会赢”。他们，值得所有点赞！（央广网评论员 文峰） 竞技体育，队员战胜自己是战胜对手的前提，只有渴望胜利才能获得胜利，在过程中体现的精神品质远远重于比赛结果，这是竞技体育的铁律。网友们集体点赞的，正是中国男篮以弱拼强的热血、团队协作的精神，以及为国征战的赤子之心。,,,https://www.cnr.cn/newscenter/comment/cnrp/20250819/t20250819_527327533.shtml,2026-06-16 23:48:27
央广网评,央广网评｜线上线下联动，筑牢防汛救灾安全堤坝 当前正处于“七下八上”的防汛关键期。近日，我国多地接连遭遇强降雨、雷暴大风等极端天气考验，引发洪涝和地质灾害，防汛救灾工作形势严峻、任务艰巨。“落实落细各项防汛措施”是各地区各部门的当务之急。 2025,2025-07-31,通过各类线上平台,当前正处于“七下八上”的防汛关键期。近日，我国多地接连遭遇强降雨、雷暴大风等极端天气考验，引发洪涝和地质灾害，防汛救灾工作形势严峻、任务艰巨。“落实落细各项防汛措施”是各地区各部门的当务之急。 认识是行动的先导。“落实落细各项防汛措施”首先要认识到，应对极端天气，做好防汛救灾工作，是一场综合性大考。它不仅考验我们的硬件设施，更考验意识、能力、应急体系、团结协作和责任担当等。唯有树牢底线思维和极限思维，实现线上线下全社会大联动，做到提前预警、预报，突发紧急情况时第一时间响应、第一时间处置，确保群众遇到危险能够便利、迅速施以救援，才能筑牢防汛救灾安全堤坝，最大限度减少人员伤亡。 “落实落细各项防汛措施”要盯紧守牢薄弱环节。结合以往经验，防汛救灾的重点和难点往往在于特殊地段、特殊时间、特殊群体的安全保障措施是否到位。譬如，城市低洼地带、河湖垸堤等特殊地段，一般是险情易发多发之地。这就必须提前设置明显的警示标识，运用先进技术，做到责任到人，确保一旦出现险情能第一时间处置。近期多地暴雨出现在深夜、凌晨等特殊时间节点，这个时段的人们多处于休息状态，更需要加强巡逻和监测。同时，由于老人、儿童、残疾人等特殊群体在灾害面前自我救助能力较弱，只有提前建立点对点的帮扶机制，才能确保在紧急情况下迅速将其转移到安全地带。 “落实落细各项防汛措施”要形成相关信息的立体传播矩阵。通过各类线上平台，如手机短信、社交媒体、新闻客户端等，将暴雨、雷电、大风等预警信息精准推送，让人们提前做好防范准备。准确、及时地信息发布是防汛救灾的重要手段，也是预防和减少灾害损失的重要途径。要让各类重要信息及时触达我们每个人，提高人们的防灾、避险、自救能力。传播好险情处置和谨防次生灾害信息，可以让人们更好地了解当前险情的应对措施和进展，避免因信息不明而产生恐慌。持续发布避免去危险区域的预警信息，明确告知哪些区域存在危险，可以引导人们主动规避风险。 从实践来看，一些地方正将政务直播间变为“防灾课堂”，专家在线答疑解惑，让专业防灾知识“听得懂、用得上”。如“城市内涝时开车还是步行更安全”等就是群众关注的话题。这样的“云宣传”模式结合短视频、社区群等渠道传播，有利于避险常识走进千家万户，值得大力推广。 应对极端天气，防汛救灾，没有局外人。大家多一分警觉，就多一分安全；少一点侥幸，就会避免很多危险。有关部门要压实守土有责、守土负责的政治责任，社会各界要齐心协力、守望相助，形成线上线下的全社会大联动，共同筑牢防汛救灾的安全堤坝，将因自然灾害造成的损失降到最低。 （央广网评论员 文峰） 当前正处于“七下八上”的防汛关键期。近日，我国多地接连遭遇强降雨、雷暴大风等极端天气考验，引发洪涝和地质灾害，防汛救灾工作形势严峻、任务艰巨。“落实落细各项防汛措施”是各地区各部门的当务之急。,,,https://www.cnr.cn/newscenter/comment/cnrp/20250731/t20250731_527293992.shtml,2026-06-16 23:48:27
央广网评,央广网评丨以积极老龄观谱写“老有所为”新篇章 人生的金秋，既是硕果盈枝，更是星光璀璨。期待这场盛典成为契机，将“银发力量”汇入时代发展的浪潮。在中国式现代化的进程中，持续提升老年人的获得感与幸福感，书写出更加温暖、更富希望的“老有所为”新画卷。 2025,2025-07-24,通过这样老龄文化平台,清晨公园里，打太极拳、慢跑的老人正强健身体；社区活动中心、老年大学里，书法班、合唱团、舞蹈团丰富着老年人的精神生活……这些场景，都是中国社会迈入中度老龄化阶段，“积极老龄观”“健康老龄化”的生动缩影。 老年志愿者教孩子们写福字 今年年初，国家统计局发布的数据显示，截至2024年年末，我国60岁及以上人口已达3.1亿，占全国人口的22.0%。亿万人已步入人生的金秋阶段，与此同时，老年群体对生活品质、精神世界和人生价值的追求，也成为彰显社会发展活力与治理温度的重要组成部分。 时间赋予长者的，不仅是年岁的增长，更是智慧的沉淀、经验的积累与精神的挺拔。无论是在家庭、社区，或是在专业领域，老年人都发挥着极其重要的作用。他们在家庭中以生活智慧教养子孙，是亲情纽带；在社区里投身志愿服务，是和谐关系之中枢；数十年如一日钻研传统手艺、坚守科研一线，蕴藏生命的厚度，为后辈立范。“积极老龄观”与“健康老龄化”的核心，正是唤醒这份“银发价值”――它不是夕阳余晖，而是历经风雨的从容，是传承文化、推动社会进步的宝贵财富。 “银发力量・老龄盛典”7月23日在北京正式启幕 央广网“银发力量・老龄盛典”的启幕，正是对这一理念的积极回应与创新实践。活动聚焦各地老年榜样，采撷他们在日常点滴、志愿服务、文化传承与终身学习中的闪光故事，勾勒当代银龄的精神图谱。同时，以多场主题活动为桥，为老年人搭建起舒展自我、收获认同的广阔舞台，立体展现活力长者的昂扬风貌。 当银发长者在此相逢，各自的人生阅历交织碰撞，既为老年群体的精神世界添彩，也让“老有所养、老有所乐、老有所为”的社会共识愈发深厚，夯实理解与尊重的根基。其更深层的价值，在于凝聚各界力量，一同求索更有尊严、更富品质的晚年生活之道，为养老事业汇聚起更广泛的社会认同与支持。 养老服务人员教老年人使用智能手机 人生的金秋，积淀着智慧，闪耀着价值。我们期待，通过这样老龄文化平台的搭建，能够让越来越多人看到感受到“银发力量”，在全社会营造更加浓厚的尊老、敬老、爱老、助老氛围，让更多的老年人老有所养、老有所乐、老有所为。（央广网评论员 田甜） 人生的金秋，既是硕果盈枝，更是星光璀璨。期待这场盛典成为契机，将“银发力量”汇入时代发展的浪潮。在中国式现代化的进程中，持续提升老年人的获得感与幸福感，书写出更加温暖、更富希望的“老有所为”新画卷。,,,https://www.cnr.cn/newscenter/comment/cnrp/20250724/t20250724_527280135.shtml,2026-06-16 23:48:27
央广网评,央广网评｜共建微短剧生态 让大流量澎湃文艺正能量 当更多作品能做到“流量有热度、内容有温度、价值有高度”，当整个行业达成“内容为王、创新为要、责任为先”的共识，微短剧可以更好成为展现中国精神、传播中国价值的重要载体，这片“新蓝海”必将迸发更强劲的文艺正能量。 2025,2025-07-23,,近年来，微短剧已成为极具活力、广受关注的文化新业态。从手机屏幕里的“三分钟沉浸”，到成为亿万人一种日常的文化和娱乐选择，这种诞生于移动互联网时代的文娱产品，正以“轻骑兵”的姿态改写着文艺作品的创作方式和传播格局。 《中国网络视听发展研究报告（2025）》显示，截至2024年12月，我国微短剧用户达6.62亿人，占短视频门类的63.7%。从市场规模来看，2024年，中国微短剧市场规模已达504亿元左右，超过当年电影票房规模，预计2025年将超过680亿元，并于2027年突破1000亿元。当流量与市场的双重红利奔涌而至，微短剧的产业价值与潜力已无需赘言。 当然，我们也要看到微短剧还存在的一些问题。譬如，部分微短剧把“高反转”当万能公式，用“画面堆砌”替代叙事逻辑；题材扎堆在“霸道总裁”“逆袭复仇”区间，抄袭成风导致“换皮不换骨”等。这些问题如任其发展，既影响观感体验，更会让行业偏离健康航道。 受邀嘉宾上台讨论，分享对微短剧产业协同和生态繁荣的见解 在此背景下，7月23日，央广网行业微短剧生态共建计划发布仪式在北京举行。活动汇聚专家、平台、制作方等多方力量，共同铺展行业微短剧的发展新图景。这有利于推动微短剧行业进一步“规范、创新、提质”，也有利于催生出更多精品力作。 好的微短剧注重“形式与内容”的平衡。微短剧的“短”是优势，但“短”不意味着“浅”。反转是技巧，但不能成为“机械式套路”。那些真正打动人心的作品，往往是用紧凑节奏讲好一个故事，以精炼表达传递一份情感。可见，形式如船，内容是帆，唯有帆正船稳，微短剧才能行稳致远。 好的微短剧既要有流量也要有能量。流量让作品“被看见”，能量让作品“被记住”。流量决定影响的广度，能量折射作品的深度。微短剧要从“爆款频出”到“口碑长青”，必须实现从“吸引眼球”到“触动心灵”的转变。这需要许多创作者走出“流量焦虑”，扎根现实土壤，让作品既有生活的温度，又有精神的高度。 微短剧创作要厘清“引导与迎合”的边界。文艺的意义，在于“引导审美”而非“迁就低俗”。那些靠“雷人台词”“极端人设”搏出位的作品，或许能短暂收割流量，却会拉低行业的审美底线。真正的好作品，应当像一束光，让人看到就会感受到温暖和能量。 体量虽“微”，格局可“大”。作为数字时代的文艺新形态，微短剧承载着传播文化、连接情感、引领价值的使命。当更多作品能做到“流量有热度、内容有温度、价值有高度”，当整个行业深度达成“内容为王、创新为要、责任为先”的共识，微短剧可以更好成为展现中国精神、传播中国价值的重要载体，这片“新蓝海”必将迸发更强劲的文艺正能量。（央广网评论员 文峰） 当更多作品能做到“流量有热度、内容有温度、价值有高度”，当整个行业达成“内容为王、创新为要、责任为先”的共识，微短剧可以更好成为展现中国精神、传播中国价值的重要载体，这片“新蓝海”必将迸发更强劲的文艺正能量。,,,https://www.cnr.cn/newscenter/comment/cnrp/20250723/t20250723_527278696.shtml,2026-06-16 23:48:27
央广网评,央广网评｜“警示牌”反成鸟贩“广告牌” 监管何以成“真空”？ 近日，总台记者在多地调查发现，我国受保护的野生鸟类被一些盗猎者肆意捕猎、售卖，一个非法交易的“黑灰产业链”在形成。在天津千里堤市场，禁止销售野生鸟类的“警示牌”竟被鸟贩当成了“广告牌”。甚至在一些地方，监管人员在树林外侧巡查，鸟贩就在树林里公然交易。 2025,2025-07-22,对于那些履责不力的平台,近日，总台记者在多地调查发现，我国受保护的野生鸟类被一些盗猎者肆意捕猎、售卖，一个非法交易的“黑灰产业链”在形成。在天津千里堤市场，禁止销售野生鸟类的“警示牌”竟被鸟贩当成了“广告牌”。甚至在一些地方，监管人员在树林外侧巡查，鸟贩就在树林里公然交易。 报道里曝光的监管“真空”让人匪夷所思！我国野生动物保护法、邮政法实施细则、动物防疫法等法律法规对野生鸟类的保护、交易及运输等环节都有明确规定。无论是线上还是线下，售卖受保护的野生鸟类，都应该受到法律的严惩。这不仅反映出个别地方监管部门在野生动物保护领域的严重缺位，更说明一些监管部门工作人员存在尸位素餐的问题。 要填补监管“真空”，不仅需要开展专项打击行动，更须建立“日常巡查+技术监控+全链条追责”的长效机制。现实中，一些监管人员抱着“多一事不如少一事”的心态，对非法交易视而不见，甚至将责任推给上级部门；还有一些监管人员本身就成为这条“黑灰产业链”上的一环，甚至当起“保护伞”。这说明，若缺乏明确的考核机制和刚性的问责制度，我们对受保护野生动物的法律法规就可能成为一纸空文，“监管者”就容易沦为“稻草人”。对于那些尸位素餐的工作人员和相关负责人，必须问责并依法依规处理。 国家一级保护珍稀鸟类彩�q在江西九江一处鹭岛繁殖后代 互联网不是法外之地，对于那些履责不力的平台也应予以重罚。当下，部分网络平台为求流量放松审核，默许主播通过“私信交易”等方式规避监管；或者对违规账号处罚过轻，使网络成为非法交易的“避风港”。有关部门要对平台的监管“长牙”“带电”，倒逼其严格履职尽责。 野生鸟类保护涉及林业和草原局、市场监管、公安、邮政、网信等多个部门，有必要建立跨部门协同机制，实现线索共享、行动同步，对“从偷猎到运输再到销售”进行全链条监管查处，破解目前“抓了摊贩，放了盗猎者；罚了卖家，漏了运输商”的困境。要建立健全奖励机制，鼓励广大群众参与监督举报，将监管触角和体系延伸到社会各个角落。 非法捕鸟交易明火执仗，依法追责就得顺藤摸瓜连窝一起端。媒体曝光已经提供了诸多可供追查的明晰线索，有关部门不能无动于衷，要立即从曝光地入手，一查到底，做成典型案例，形成强大的警示威慑，斩断野生鸟类非法交易的利益链条。（央广网评论员 文峰） 近日，总台记者在多地调查发现，我国受保护的野生鸟类被一些盗猎者肆意捕猎、售卖，一个非法交易的“黑灰产业链”在形成。在天津千里堤市场，禁止销售野生鸟类的“警示牌”竟被鸟贩当成了“广告牌”。甚至在一些地方，监管人员在树林外侧巡查，鸟贩就在树林里公然交易。,,,https://www.cnr.cn/newscenter/comment/cnrp/20250722/t20250722_527276692.shtml,2026-06-16 23:48:27
央广网评,央广网评｜《我的母亲》刷屏：生活是文艺创作的富矿 “坟头上的草青了又黄，黄了又青，就像我的念想一样，总也断不了。我已经当了爸爸，也已经当了爷爷，但我已经三十多年没叫过妈妈了……”最近，一篇题为《我的母亲》的文章感动千万网友。 2025,2025-07-16,,“坟头上的草青了又黄，黄了又青，就像我的念想一样，总也断不了。我已经当了爸爸，也已经当了爷爷，但我已经三十多年没叫过妈妈了……”最近，一篇题为《我的母亲》的文章感动千万网友。 感动之外，这篇文章还带来一些思考。今天，我们的文艺创作领域保持着蓬勃活力――每年有海量图书与读者见面，无数创作者笔耕不辍，不少影视作品以精品力作呈现着时代风貌。在这样多元的创作生态中，这篇由农民工大爷写下的文字，能以真挚力量触动广泛共鸣，让人格外感受到一种朴素的触动。这也让我们思考：能走进人们心里的作品，应该承载怎样的特质？那些真正被记住的创作，又凭借什么力量与读者、观众建立起深层联结？ 创作《我的母亲》的农民工大爷 真实的力量。生活是文学创作的富矿，真人真事是感人肺腑的触媒。《我的母亲》这篇文章写的是作者真实的家庭生活。文章讲述的母亲为家庭操劳的真实细节，既让作者铭记一生，也戳中读者的泪点。文章昭示我们：只有扎根生活、反映生活的真实，作品才有打动人心的力量。张培祥的《卖米》、电视剧《人世间》等，都是因为真实可感才让读者观众沉浸其中而广受好评。 真情的力量。正如《文心雕龙》所言，“情者文之经，辞者理之纬；经正而后纬成，理定而后辞畅：此立文之本源也。”情感是文章的经线，文辞是道理的纬线，经线端正了，纬线才织得上去，情理确定了，文词才会畅达，这是好文章的根本。《我的母亲》语言质朴，但作者思念母亲的情感不仅炽热，而且贯穿始终。这种从心田流淌到笔尖，再呈现到读者面前的情感，让很多读者看到了自己母亲的影子。文学创作也好，电影创作也罢，创作者只有在作品中注入真情，才能让读者和观众共情。这种真情，反映了创作者对现实生活始终有深刻的观察，对读者和观众始终有敬畏的态度。 内心的力量。“似曾相识”难以出“爆款”。《我的母亲》是农民工大爷基于生活、有感而发的内心表达。在AI时代，人人都可以利用工具写文章，但真正的好文章，永远是AI替代不了的。每个人都有着自己独特的记忆和生活故事，这是一篇文章个性的灵魂，是工具无法理解和感知的创作要素。若创作者忽视了这种独特个性，作品就难以感动自己，更不用说感动他人。 观众对文艺作品，从来没有无缘无故的热爱，也没有无缘无故的厌恶。脱离现实生活的电视剧、无脑的微短剧，打不动人心；粗制滥造的快餐作品没有回味，很难成为经典。《我的母亲》出圈证明：真正的好作品，不仅不会被埋没，而且能够澎湃大流量。（央广网评论员 文峰） “坟头上的草青了又黄，黄了又青，就像我的念想一样，总也断不了。我已经当了爸爸，也已经当了爷爷，但我已经三十多年没叫过妈妈了……”最近，一篇题为《我的母亲》的文章感动千万网友。,,,https://www.cnr.cn/newscenter/comment/cnrp/20250716/t20250716_527266418.shtml,2026-06-16 23:48:27
央广网评,央广网评｜听懂纬度里的中国 文化IP让山河“开口说话” 从“听”纬度到“懂”中国，把有意义的事做得有意思，我们需要更多解码式文化IP，让 “大美中国”在荧屏上可见可感，共同促进守护自然、传承文明的生动实践。 2025,2025-07-08,,地理之美，是自然之美与人文之美的美美与共。 7月7日，由中央广播电视总台央广网出品的大型地理人文纪录片《沿着纬度听中国》第一季“北纬30°”首集《山的眷恋》，在中央广播电视总台央视科教频道（CCTV-10）开播。《山的眷恋》以中国三级地理阶梯为脉络，用娓娓道来的方式讲述中国北纬30°沿线的山脉生态与人文故事。7月8日播出的第二集《人水相依》聚焦中国北纬30°沿线“水脉”精华和生存密码。 沿着一条纬线可以看见什么？ 看见未知，了解新知。对于北纬30°，大家并不陌生。学中学地理时，我们都曾接触这条“地球腰线”，但它串联了哪些中国独有的自然景观、人文景观，其背后又有哪些文化内涵和历史故事，很多人未必知晓答案。这就给地理人文纪录片提供了创作空间。从这个视角看，《沿着纬度听中国》既是记录自然的“影像档案”，也是人与自然对话的桥梁，更是人们了解昨天、今天、明天的重要窗口。 横断山脉沙鲁里山脉段风光 看见山水，体验风俗。北纬30°穿过青藏高原、青城山、峨眉山、武当山、神农架、庐山、黄山、普陀山等名山大川；奔涌的长江通连都江堰、大渡河、洞庭湖、汉江、清江、鄱阳湖等诸多江河湖泊。中国三级地理阶梯是对我国地势特征的形象划分，这种阶梯状分布深刻影响了我国气候、自然环境、河流走向及人类活动。从这里，我们可以看到山的巍峨、感受水的柔情，可以品味风俗的多样、领略物产的丰沛。不同地域的农业生产、风土人情，本质上是一代代中国人了解自然、适应自然、改造自然的智慧结晶。 看见美学，领悟哲学。北纬30°是风光线，也是认知线。自然之美与人文之美构成整体的中国之美，这种多元的美有层次、有内涵、有体系，有着可以进行多元视角解读的特性。它诠释着“靠山吃山，靠水吃水”的古老生存哲学，也给我国文旅高质量发展提供了“富矿”，为人们的生活带来更多可能性。 好的纪录片，底色是文化，底蕴是哲学。仅以已播出的《山的眷恋》《人水相依》为例，摄制组以“重新发现”的精神，通过“在场式”的记录、“俯身倾听”的创作姿态、“家常话”式的叙事表达，为观众带来极具感染力、治愈系与启发性的视听体验。从“听”纬度到“懂”中国，把有意义的事做得有意思，我们需要更多解码式文化IP，让“大美中国”在荧屏上可见可感，共同促进守护自然、传承文明的生动实践。（央广网评论员 文峰） 从“听”纬度到“懂”中国，把有意义的事做得有意思，我们需要更多解码式文化IP，让 “大美中国”在荧屏上可见可感，共同促进守护自然、传承文明的生动实践。,,,https://www.cnr.cn/newscenter/comment/cnrp/20250708/t20250708_527251825.shtml,2026-06-16 23:48:27
央广网评,央广网评｜高考志愿填报，不妨在三个维度里找交集 填报志愿是共性和个性的结合，广大考生不妨在三个思考维度中找到交集、作出自己的选择。这三个维度分别是：自己感兴趣的，适合自己的，国家和社会、企业需要的。 2025,2025-06-27,部分平台,这几天，全国各地高考分数线陆续发布，千万考生正式进入志愿填报的关键阶段。如何填报高考志愿成为许多家长的热议话题，选择背后也反映出部分家长的焦虑情绪。 有的家长依赖AI工具。当前，AI技术凭借信息整合与数据分析优势，一定程度上打破了高考志愿填报中的信息壁垒，为考生及家长系统梳理专业沿革、就业前景等信息提供便利。不过，需要提醒的是，市场上的“AI志愿填报软件”质量良莠不齐，部分平台数据更新滞后、算法逻辑单一，大家对其实际参考价值要谨慎考量。AI并非“万能钥匙”，大家切莫夸大和迷信它的作用，更不要被一些虚假的AI高考志愿填报服务忽悠。 有的家长“跟风追热”。宇树科技创始人王兴兴日前发文，为有意投身具身智能行业的同学送上报考建议，引发了众多家长的关注。需要指出的是，不是每个考生都适合未来从事具身智能行业。今天所谓的热门专业，明天也可能会成为冷门专业。即便选择了当下的热门专业，也不等于孩子的学习和就业就有了完全的确定性。说到底，适合自己的才是最好的。 填报志愿是共性和个性的结合，广大考生不妨在三个思考维度中找到交集，作出自己的选择。这三个维度分别是：自己感兴趣的，适合自己的，国家和社会、企业需要的。 考生在咨询高考志愿填报 “自己感兴趣的”，能让人更坚持长期主义。热爱是最好的老师。特别是在步入社会后，一个人面对竞争能够游刃有余，靠的是“硬功夫”，这就需要通过长期学习，不断精进。兴趣赋能，人们更容易从艰苦而漫长的学习中找到快乐和成就感，正所谓“热爱可抵岁月漫长”。 “适合自己的”，能让人更容易激发潜能。自己感兴趣的，未必就是自己能学能干的，更不一定是擅长的。譬如，数学不好的同学，就要考虑相关专业适不适合自己；有些专业需要过硬的身体素质，这个时候同样要考虑自身情况。当选择与自身特质适配，潜能便会由“沉睡的矿藏”转化为“发光的能量”，继而让每一分努力成为撬动能力提升的支点。在适合自己的赛道上，人往往更能跑出超预期“加速度”。 “国家、社会、企业需要的”，能让人更好地实现社会价值和个人价值。大学生最终都要走向社会，奔赴职场。自己的专业能力、实践能力，是不是符合国家、社会、企业的需求，不仅关乎个人职业发展的规划，更决定着能否在时代浪潮中为推动社会进步发光发热。从课堂理论到职业实践，从专业知识到跨界思维，唯有在不断对标需求的过程中完善自己，才能让所学所悟更好地转化为服务国家、奉献社会、助力企业的真实效能，书写出优异的奋斗答卷。 选专业，没有完美答案，但有属于自己的最优答案。思考完以上三个维度，再在这三个维度间找出交集，思路就会比较清晰。有了明晰的方向，再结合分数，看专业细分、看院校师资、看研究课题，综合考虑之下就能找到自己的答案。当然，进入大学后还有机会转专业，在发现自己不适合时还可以主动作出改变，许多高校也在探索为学生提供更便利的转专业机会和通道。 每一代年轻人都有属于自己的时代机遇，行而不辍，未来可期。祝所有考生，梦想成真！（央广网评论员 文峰） 填报志愿是共性和个性的结合，广大考生不妨在三个思考维度中找到交集、作出自己的选择。这三个维度分别是：自己感兴趣的，适合自己的，国家和社会、企业需要的。,,,https://www.cnr.cn/newscenter/comment/cnrp/20250627/t20250627_527232270.shtml,2026-06-16 23:48:27
央广网评,央广网评｜三问“天价救护车800公里收2.8万元” 生命通道，不容天价收费和胡乱收费设卡添堵。患病本就让患者和家属揪心忧虑，救护车等医疗服务绝不能给患者和家属的处境雪上加霜。 2025,2025-06-20,江西的唐先生将身患重症的孩子从省儿童医院,又见“天价救护车”事件！ 前不久，江西的唐先生将身患重症的孩子从省儿童医院转至上海治疗，800公里路程被“民营救护车”收取了2.8万元转运费，转运费直接转到司机的个人账户，且无费用明细及发票。此事引发网络热议。江西省卫健委日前通报称，已责令南昌赣医医院退回不合理收费，暂停医疗转运服务。梳理相关信息，这件事仍须继续追问。 一问，该机构无发票无明细的收费操作是否属实，是否长期存在？在生命救援的紧急时刻，还有多少类似机构利用患者家属治病救人的急迫心情“趁火打劫”，行违规收费之举？根据《中华人民共和国发票管理办法》，不开具发票，涉嫌偷税漏税，这也让患者家属后期难以维权。为此，江西省有关部门须顺藤摸瓜、由点及面，在这一领域内严查相关违法行为。 二问，关键时刻堂堂三甲医院却无符合跨省转运条件的救护车，是何原因？通报称，由于就诊医院无符合跨省转运条件的救护车，经家属请求，诊治医生联系了赣医医院救护车。江西省儿童医院是三甲医院，曾被授予全国首批“百姓放心示范医院”，救命的关键时刻却出现“无符合跨省转运条件的救护车”。是医院确实没有这类车辆，还是即使有也不能跨省使用？有当地医生反映，根据相关制度，“公立医院配备的救护车一般用于同一医院的分院之间，或者本省内地方医院向三甲医院的病患转移”。救人是第一位的，在患者有跨省转运迫切需求时，患者正在就诊的医院本应承担救死扶伤的责任，为生命救治开启绿色通道。制度设计是为了更好地治病救人，如果制度规章与治病救人相冲突，那就要把“救人优先”作为判断标准。对于网民有关“推荐转运服务的医务人员和医院与转运服务机构是否存在利益关系”的质疑，同样需要有关部门调查清楚，以正视听。 三问，涉事机构不合理收费的情况到底有多严重？江西省卫健委的通报证实了不合理收费的行为，但并未讲明该机构收费超出正常收费的程度。医疗转运车服务因服务对象的特殊性及车辆装备的特殊性，其收费既有公共服务属性的因素，也有特殊设备使用的因素。根据《中华人民共和国价格法》第十八条，政府在必要时可以对重要的公用事业价格和重要的公益性服务价格等实行政府指导价或者政府定价。有关部门须明确相关收费项目和收费标准，并加强对民营救护车、转运车运营资质、服务质量、收费行为的全流程监管，让人们看到公开、透明的阳光价目表。 日前，中共中央办公厅、国务院办公厅印发《关于进一步保障和改善民生 着力解决群众急难愁盼的意见》，提出“公平、均衡、普惠、可及”的八字方针。看病难、看病贵是群众“急难愁盼”的事项之一，这些年，救护车和医疗转运车收费高、乱收费等乱象在许多地方时有发生。这既有非法逐利、监管不力的原因，也有投入不足、运营机制和医疗资源未被整合利用的原因。各地有关部门要站稳人民立场，坚持问题导向，从关键处入手，联手破解民生痛点。 生命通道，不容天价收费和胡乱收费设卡添堵。患病本就让患者和家属揪心忧虑，救护车等医疗服务绝不能给患者和家属的处境雪上加霜。我们期待，当地相关部门的后续调查能够更加深入彻底，整改方案能够尽快落地见效。（央广网评论员 文峰） 生命通道，不容天价收费和胡乱收费设卡添堵。患病本就让患者和家属揪心忧虑，救护车等医疗服务绝不能给患者和家属的处境雪上加霜。,,,https://www.cnr.cn/newscenter/comment/cnrp/20250620/t20250620_527221911.shtml,2026-06-16 23:48:27
央广网评,央广网评｜推动非遗文创走进千家万户 让“古今对话”真实可感 这几天，全国许多地方围绕“文化和自然遗产日”组织了一系列活动。其中，不少非遗沉浸式体验打破传统展示的界限，让人们深入认知非物质文化遗产，进一步推动非遗文创走进千家万户。 2025,2025-06-17,让非遗传播创新平台,这几天，全国许多地方围绕“文化和自然遗产日”组织了一系列活动。其中，不少非遗沉浸式体验打破传统展示的界限，让人们深入认知非物质文化遗产，进一步推动非遗文创走进千家万户。 如何更好地保护、传承、传播非物质文化遗产，是时代课题。当前，非遗传承面临多重任务：既要保护传统技艺精髓，又要创新传播方式；既要解决传承断层问题，又要推动文化延续；既要促进非物质文化遗产创造性转化、创新性发展，又要避免过度商业化损害非遗的文化质感。 我国非遗资源丰富，仍有不少非物质文化遗产需要被系统挖掘和深入阐释。同时，不少非物质文化遗产代表性传承人专注于传统技艺的传承，对互联网创新运营模式知之甚少，相关非物质文化遗产的传播力和影响力有限。破解这些问题，需要敢于创新，让非遗传播创新平台发挥更大作用。 江西景德镇，志愿服务者正向游客讲述陶瓷制作工艺、技艺等陶瓷文化。 6月17日，由央广网和央广优选联袂打造的“央广非遗”直播项目正式启动，开启了对相关工作的深入探索。据了解，该平台将通过三大举措构建非遗传承新生态：启动“非遗青年创变者”培育计划，为传统技艺注入青春力量；打造“非遗‘云’带货”品牌活动，让匠心产品走进现代生活；运用数字化技术搭建非遗传播矩阵，实现保护成果全民共享。 这样的平台赋能具有多重意义。一方面，当非遗元素融入日常生活用品、文创产品，传统文化将以更亲切的姿态走进大众视野。这种创造性转化不仅延续了文化记忆，更通过现代设计语言让年轻一代读懂传统之美，让“古今对话”在日常生活中更加真实可感。另一方面，当非遗文创产生经济价值，能够更好地反哺非遗保护机制，让更多新生代非物质文化遗产代表性传承人加入其中，形成可持续的良性保护循环。这也有利于我们推动文化产业发展、助力乡村振兴，让非遗手工艺成为当地经济发展的新引擎和新品牌。 保护、传承、传播非物质文化遗产是一项系统工程。文化的个性、产品的个性和艺术的个性是相通的。把非遗文创这件有意义的事做得有意思，就一定有价值，有成就感。非遗传播创新平台，可以激活产业价值创造链条；通过首店、首秀、首展等首发经济形式，构筑起时尚传播新生态；通过借鉴潮玩经济，可以培育新型文化消费生态，进一步营造非遗保护与传承的良好社会氛围。 非物质文化遗产需要以使命感和责任感去呵护。我们期待，社会各界能够形成更强合力，让更多非遗技艺在数字时代焕发新生，为坚定文化自信、建设文化强国贡献更加强劲的力量。（央广网评论员 文峰） 这几天，全国许多地方围绕“文化和自然遗产日”组织了一系列活动。其中，不少非遗沉浸式体验打破传统展示的界限，让人们深入认知非物质文化遗产，进一步推动非遗文创走进千家万户。,,,https://www.cnr.cn/newscenter/comment/cnrp/20250617/t20250617_527217087.shtml,2026-06-16 23:48:27
央广网评,【央广网评】警惕“无脑”微短剧产生“破窗效应” 内容可以创新，但不能无底线；创作可以夸张，但不能反智。这类微短剧与其说是“爽剧”，不如说是“毒剧”，不仅拉低了整个微短剧行业整体水准，更是刻意渲染拜金主义、性别对立、家庭暴力等不良价值观念，在碎片化传播中麻痹观众神经，嘲笑观众的心智，扭曲观众对现实生活的认知。 2025,2025-06-17,该微短剧已在短视频平台,意外怀上“龙种”、一胎生99个儿子，还把孩子们叠放在床上……近日，某热播微短剧中这些无脑且无厘头的夸张“剧情”，让网友们直呼“‘癫’过头了”“侮辱智商”。目前，该微短剧已在短视频平台下架。 近年来，微短剧迎来爆发式增长，以其小体量、快节奏、强反转等特点，满足了部分观众碎片化的观看需求，也为影视行业带来新的流量增长点。数据显示，2024年，我国微短剧市场规模已达到505亿元，首次超过电影票房规模；微短剧用户达6.62亿，占网民的59.7%，可见其强劲的发展势头。 然而，相伴而来的还有微短剧产业成长期的种种“乱象”。当“流量至上”，一些微短剧作品逐渐偏离其作为精神文化产品的初心，有的刻意堆砌豪门争斗、重生复仇、性别反转等“狗血”桥段，剧情毫无逻辑可言；有的挑战大众常识与道德伦理底线，离谱程度看着让人直犯尴尬。譬如，上一秒还坐在轮椅上的爷爷，见到孙子后直接跑了起来；千亿富豪开劳斯莱斯送外卖、中年保洁闪婚百亿霸总；总裁必须是霸道的、婆媳肯定是有矛盾的、恋爱必须虐心虐肺、职场一定是勾心斗角的……一个个雷人剧情屡屡上演，俨然成为程式化、套路化的创作模板和“流量密码”。 内容可以创新，但不能无底线；创作可以夸张，但不能反智。这类微短剧与其说是“爽剧”，不如说是“毒剧”，不仅拉低了整个微短剧行业整体水准，更是刻意渲染拜金主义、性别对立、家庭暴力等不良价值观念，在碎片化传播中麻痹观众神经，嘲笑观众的心智，扭曲观众对现实生活的认知。若此类低劣、低俗、低智的内容大量充斥网络空间，不仅会挤压优质内容创作空间，造成“劣币驱逐良币”的现象，也会葬送整个微短剧行业和产业的发展，最终对整个社会的文化生态带来负面影响。 事实上，相关部门早已多次发出明确信号。2024年11月，国家广电总局发布管理提示，要求加强对“霸总”微短剧管理。今年2月，国家广电总局公开发布《关于进一步统筹发展和安全 促进网络微短剧行业健康繁荣发展的通知》，明确落实“分类分层审核”制度、“白名单”制度等，剑指微短剧行业不良现象。 微短剧作为新业态，发展潜力巨大。随着观众审美需求的不断升级，市场迫切呼唤更多制作精良、立意深远的真诚之作。此次网友们对“一胎生99个儿子”的集体吐槽并非偶然，而是“辣眼睛”“倍速播放”“一键划过”等负面反馈长期累积后的反应，也进一步印证了一个行业共识：广大观众不愿为毫无营养的低质内容买单，那些靠廉价“爽感”、低俗噱头博眼球的粗制滥造之作，必将失去市场生存空间。 实现微短剧行业良性发展，需要从业者、政府机构、平台企业等多方合力共为。一方面，相关部门要进一步规范微短剧的创作、生产、审核和发布流程，持续开展专项治理，从源头上遏制这种“狗血型”“脑残型”和低俗媚俗型微短剧的野蛮生长，加大惩治力度，避免“破窗效应”。另一方面，平台必须承担起大众公共文化平台的责任，及时拦截、下架违规微短剧，加大对优质内容的扶持力度，不断优化排播、算法推荐、分账支持等机制。最重要的是，创作者必须认识到，真正的核心竞争力来自对现实的深刻洞察和艺术表达，而非“10秒一个爽点，20秒一个反转”的俗套设定。唯有扎根生活、真诚创作，才能打造出既有流量又有口碑的精品佳作。（央广网评论员 关灵子） 内容可以创新，但不能无底线；创作可以夸张，但不能反智。这类微短剧与其说是“爽剧”，不如说是“毒剧”，不仅拉低了整个微短剧行业整体水准，更是刻意渲染拜金主义、性别对立、家庭暴力等不良价值观念，在碎片化传播中麻痹观众神经，嘲笑观众的心智，扭曲观众对现实生活的认知。,,,https://www.cnr.cn/newscenter/comment/cnrp/20250617/t20250617_527216985.shtml,2026-06-16 23:48:27
央广网评,央广网评丨“最后一课”不妨成为“日常一课” 这两天，随着高考临近，高中“最后一课”成为感动网友的热议话题。希望，在小学、初中、高中，都能多一些这样饱含深情、触动心灵的课程设计，以滋养孩子的身心成长。“最后一课”不妨成为“日常一课”。 2025,2025-06-06,,这两天，随着高考临近，“最后一课”成为感动许多网友的热议话题。 这些“最后一课”形式多样。其中，有诗歌互动的“最后一课”。海南华侨中学的徐永清老师，以一首《高三最后一课，我希望，下课晚一分钟》赠予学生，诗行铺展三年时光轨迹――“高一懵懂，高二深沉，高三独立……”学生们也以诗回赠。课堂诗意为青春刻下别样印记，成为日后回望时温润的注脚。 有以歌祝福的“最后一课”。湖南长沙明德中学的朱彦妮老师，哽咽着为学生们唱起《人间》，台下的学生们热泪盈眶，为老师送上掌声。当平日严肃的老师流露真情，师生间最纯粹的情感纽带清晰可见。 有组团策划的“最后一课”。贵州师范大学附属中学的黎俊老师，提前几周精心策划：三年点滴汇聚成短视频，定制书签寄语阅读习惯，学弟学妹的向日葵寓意“一路生花”。考前来自老师的这份用心祝福，是学生们的解压良方，更唤起无数过来人的共鸣。 有寄语人生的“最后一课”。陕西榆林一位历史老师叮嘱学生：树立终身学习的理念，迎着阳光走，把阴影抛到自己的后面；永远保持阳光的心态，寻求个人最好的发展；你们的路非常宽阔，但永远不可能笔直，用你们的青春和善良，用你们的努力和付出，塑造你们人生的辉煌……如果说知识需要“教”，人生的体悟则重在“育”。 老师的一席话，可能成为学生一生的座右铭。 校园里的“最后一课” 教育，既要教，更要育。这些不一样的“最后一课”，没有分数比较，没有错题复盘，更没有排名竞争的压力；有的是寄语，是心灵对话、情感抒发，更是师生间亦师亦友的感恩与感动。它启示我们：与教授知识同等重要的，是让学生保持丰富的感知与热爱，充分体验来自集体的情感滋养；比成绩更重要的，是带着最真挚的祝福奔赴山海，坚持不懈追逐梦想，做最好的自己。 好的教育，既提升学业，更塑造人格。炽热的情感，人生的体悟，需要培育，也需要抒发，且不必在“特别的日子”集中表达。我们不妨让学生的整个求学阶段都多一些这样饱含深情、触动心灵的课程设计，更好地滋养孩子们的心灵，伴随他们健康成长成才，让“最后一课”成为“日常一课”。（央广网评论员 文峰） 这两天，随着高考临近，高中“最后一课”成为感动网友的热议话题。希望，在小学、初中、高中，都能多一些这样饱含深情、触动心灵的课程设计，以滋养孩子的身心成长。“最后一课”不妨成为“日常一课”。,,,https://www.cnr.cn/newscenter/comment/cnrp/20250606/t20250606_527198678.shtml,2026-06-16 23:48:27
央广网评,央广网评丨玩文字游戏的“擦边品宣”何时休？ 近日，白象方便面“多半袋/桶面”引发争议。其产品包装上的“多半”是注册商标，而非网友以为的产品分量多一半。网友质疑企业“在产品宣传上玩文字游戏”，给出了愤怒的差评。 2025,2025-06-06,,近日，白象方便面“多半袋/桶面”引发争议。其产品包装上的“多半”是注册商标，而非网友以为的产品分量多一半。网友质疑企业“在产品宣传上玩文字游戏”，给出了愤怒的差评。 事实上，白象并非首个陷入此类商标争议的企业。此前，千禾“0”酱油、广东壹号食品的“壹号土”猪肉等案例就与之类似。这些案例反映了一种亟须整治的“擦边品宣”乱象。 当下，一些企业的品牌、产品、法务部门会联动进行品宣推广活动。企业的品牌和产品部门基于市场需求创造新卖点，法务部门则寻找法律漏洞使其“可行”，继而形成了看似“聪明”实则短视的营销策略。它们利用精心设计的模糊表述以及商标包装组合，在合规边缘游走，诱导消费者产生超出产品实际价值的联想。 这种“擦边品宣”通常抓住消费者对更健康、更优质、更实惠产品的心理预期，同时又利用消费者的认知习惯。譬如，“多半”自然联想到“多”，“0”联想到无添加，“土”联想到传统散养。可以说，“擦边品宣”的算盘打得很响，套路玩得很深。 市场监督管理局工作人员向消费者宣传识假辨假技巧 “擦边品宣”的危害不容小觑。对于消费者来说，“擦边品宣”损害消费者利益，影响消费体验；对于企业而言，这样的行为无异于饮鸩止渴。消费者信任是品牌最宝贵的资产，失去后重建极其困难，短期流量红利无法弥补品牌形象受损、口碑坍塌的长远代价。此外，这种模式还容易引发“劣币驱逐良币”效应。它让诚信经营、真实宣传的企业成本更高，导致市场环境恶化，阻碍行业发展。 整治“擦边品宣”不能只靠消费者擦亮眼。在消费服务升级大背景下，消费者对产品透明度的要求正日益提高。一般而言，消费者难以在购物时核实品宣信息的具体含义。由于企业此前已经预设了“合法”解释，即使事后企业被质疑，企业也规避了明显虚假宣传的法律风险。因此，整治“擦边品宣”离不开企业自律自纠和监管加码。 整治“擦边品宣”，部分企业要将品宣价值观从“如何钻空子”转向“如何创造真实价值”。商标和包装是品牌的“身份证”，真诚是最好的宣传语。企业品宣策略的制定标准不只是“法律允不允许”，而更应该是“真诚与否、是否误导消费者”。对此，企业的市场、产品、法务部门应该有所敬畏，将发力点放在如何提升核心竞争力、满足真实需求、建立正向品牌资产上，而非消耗在“极限擦边”的文字游戏中。越是品牌，越要爱惜羽毛，越要成为行业典范。 整治“擦边品宣”，监管规则和审查标准需要与时俱进，及时发现、堵住漏洞。这类纠纷往往止步于舆论吐槽或监管部门“责令整改”，违法成本低让一些企业有恃无恐。针对层出不穷的“擦边”手法，从商标注册审查，到广告包装宣传内容审核，再到市场流通环节的监测，要形成监管闭环。特别是要严查具有描述性、易误导的商标，对查实的“擦边”误导行为，处罚力度必须加大，使这些企业得不偿失，形成强大震慑。同时，还要定期发布典型案例，清晰界定“可为”与“不可为”的边界，减少灰色地带，为企业提供正向引导。 只有给玩文字游戏的“擦边品宣”念出最强“紧箍咒”，才能让市场清朗有序，切实维护消费者权益。（央广网评论员 文峰） 近日，白象方便面“多半袋/桶面”引发争议。其产品包装上的“多半”是注册商标，而非网友以为的产品分量多一半。网友质疑企业“在产品宣传上玩文字游戏”，给出了愤怒的差评。,,,https://www.cnr.cn/newscenter/comment/cnrp/20250606/t20250606_527198566.shtml,2026-06-16 23:48:27
央广网评,【央广网评】重拳整治“黑嘴” 网络环境也是营商环境 中央网信办日前决定，在全国启动为期2个月的“清朗・优化营商网络环境―整治涉企网络‘黑嘴’”专项行动。此举剑指当前恶意抹黑诋毁攻击企业、敲诈勒索、恶意营销炒作、泄密侵权等突出问题，引发各界关注。 2025,2025-05-23,网络平台,中央网信办日前决定，在全国启动为期2个月的“清朗・优化营商网络环境―整治涉企网络‘黑嘴’”专项行动。此举剑指当前恶意抹黑诋毁攻击企业、敲诈勒索、恶意营销炒作、泄密侵权等突出问题，引发各界关注。 现实中，网络“黑嘴”违法行为可谓五花八门、屡禁不止。为谋取私利，他们有的诋毁攻击企业产品质量、经营状况，蓄意捏造虚假信息抹黑企业声誉，对企业进行恶意投诉；有的组织、操纵“网络水军”“黑公关”，联动发布涉企负面信息，恶意攻击企业或企业家；有的搞以商养测、以测养商、商测结合的虚假不实测评，涂抹恶搞企业标识，侮辱贬损企业形象；有的发布涉企负面信息后，以“删帖”“撤稿”等名义，向企业索取“删稿费”“公关费”，将企业当作“提款机”……对这些问题和乱象，中央网信办在专项行动中一一点明，将整治铁拳打在“黑嘴”的七寸上，就是要向公众表明：网络不是法外之地，优化营商环境永不止步。 网络环境是营商环境的重要组成部分，优化营商环境必须统筹好线上线下，加强系统性治理。当前，网络已深度融入我们经济社会的每一个层面、每一个人。只有强化问题导向，强化线上线下同向发力，才能呼应企业期盼，更好培育和激发经营主体活力，为高质量发展提供有力支撑。刚刚施行的民营经济促进法也明确规定，“任何单位和个人不得利用互联网等传播渠道，以侮辱、诽谤等方式恶意侵害民营经济组织及其经营者的人格权益”，这为整治涉企网络“黑嘴”提供了更坚实的法律后盾。 整治网络“黑嘴”，速度要快。造谣一张嘴，辟谣跑断腿。譬如，近期引发广泛关注的“柴怼怼攻击胖东来”事件就暴露了网络“黑嘴”连续输出带来的危害。在这方面，网络平台必须承担起更多社会责任，行政监管要更加及时，才能持续铲除“黑嘴”们“带节奏”“博眼球”“吸流量”的生存土壤。 整治网络“黑嘴”，惩治要狠。一些自媒体账号之所以肆无忌惮，根源在于违法成本低。有关部门要不断加大依法整治力度，让监管“长牙带刺”，让违法者付出沉重代价。同时，还要及时发布典型案例，以案释法，形成更大威慑。 整治网络“黑嘴”，机制要健全。在AI技术、算法技术等大规模应用的背景下，一些“黑嘴”会伪装得让人真假难辨。这就要求监管部门不断优化技术监管方式，健全多部门、多平台、多机构协同的长效工作机制，动态总结经验，形成更强监管合力，确保技术向善，既管当下又管长远。 整治涉企网络“黑嘴”的同时，我们也要鼓励开展正常监督。正常监督有利于企业持续健康发展。对广大企业而言，一方面要坚守合法经营底线，面对用户、消费者善意的建议要虚心接受、积极改进；另一方面，对诬陷抹黑，要敢于发声、澄清事实，坚决依法维权，绝不能让“黑嘴”们得逞。（央广网评论员 文峰） 中央网信办日前决定，在全国启动为期2个月的“清朗・优化营商网络环境―整治涉企网络‘黑嘴’”专项行动。此举剑指当前恶意抹黑诋毁攻击企业、敲诈勒索、恶意营销炒作、泄密侵权等突出问题，引发各界关注。,,,https://www.cnr.cn/newscenter/comment/cnrp/20250523/t20250523_527183414.shtml,2026-06-16 23:48:27
央广网评,【央广网评】彻查“肖某引发舆情事件” 维护全社会良好医德医风 国家卫生健康委15日通报关于肖某引发舆情事件调查处置进展情况。 2025,2025-05-16,中日友好医院,国家卫生健康委15日通报关于肖某引发舆情事件调查处置进展情况。通报称，近日，中日友好医院胸外科肖某被其妻子举报违反生活纪律、医德医风等问题，引发社会关注。国家卫生健康委迅速成立调查组，派出工作组进驻涉事单位，会同有关方面，对肖某执业行为、医德医风，董某莹的入学资格、学习情况、学术论文、毕业论文、入职过程、住院医师规范化培训管理等各环节进行彻查，对有关问题及所涉单位、部门和人员进行调查。国家卫生健康委表示，将在全国卫生健康系统组织开展医疗质量安全、医德医风专项整治。 从通报信息来看，肖某的违规违纪违法问题属实。肖某既存在私德问题，也存在医德问题，其行为不仅对患者造成伤害，也对医生的职业形象带来了负面影响。若私德有失，遑论医德修养和救死扶伤。任何违背医生职业操守的行为，都不能容忍；任何无视医疗安全底线的行为，都必须依规严肃处理。 在这起舆情事件中，董某莹的违规违法行为同样不容小觑，即存在入学资格造假和抄袭剽窃学术不端行为。医护人员被人们视为白衣天使，今天的医学生就是明天大众生命健康的“守护神”。此次事件警示我们，相关部门必须进一步扎紧医学教育培养体系的制度篱笆，确保每一个进入医疗行业的从业人员是救死扶伤的“天使”而非草菅人命的“杀手”。坚决杜绝“走捷径”“走后门”，底线要坚守，红线须“带电”，追责须从严。 从及时启动联合调查，到核准事实后第一时间发布通报，再到举一反三、由点及面开展医疗质量安全和医德医风建设专项整治，一系列举措表明了主管部门的鲜明态度。对行业内存在的违规违纪违法问题，该处理的果断处理，该澄清的迅速澄清，该整改的立即整改，这是在行业捍卫医德医风、以护佑人民健康为根本、保障医疗质量安全的必要举措。 医疗质量安全不仅关乎每位患者的生命健康，更是医疗行业的生命线。在现实生活中，人们对生命健康愈发重视，医护人员背负的责任和精神压力无疑也是巨大的。正因如此，医护人员对病患的每个问询、每项检查、每次手术、每项治疗，都容不得半点马虎和懈怠。良好的医德医风既是白衣天使的应有之义，也是赢得患者信任、构建和谐医患关系的关键基石，是卫生健康事业高质量发展的软实力。 此次事件给医疗行业敲响了警钟。各医疗机构要以案为鉴，认真排查从诊疗流程到医德医风建设中是否存在漏洞和不足，要进一步加强内部监督管理，建立健全长效机制。对医护人员的培养、选拔、任用、考核等环节要严格把关、动态把关，不仅要考察专业技能，更要注重考察道德品质和职业操守。同时，还要进一步畅通患者就医问诊、投诉、反馈等渠道和机制，鼓励社会各界对不正之风进行监督，形成全社会共同参与维护医德医风、办好人民满意卫生健康事业的强大合力。（央广网评论员 文峰） 国家卫生健康委15日通报关于肖某引发舆情事件调查处置进展情况。,,,https://www.cnr.cn/newscenter/comment/cnrp/20250516/t20250516_527170828.shtml,2026-06-16 23:48:27
央广网评,【央广网评】救人考生获补考 原则之上有温度 有一种温暖来自道德自觉，来自人性光辉，来自金子般的心灵，来自正确价值观的践行与呵护。 2025,2025-05-15,,温暖的新闻总会获得公众的掌声。 日前，山东省城市服务技师学院考生姜昭鹏在与同学乘车赴考点途中，因抢救并护送突发疾病的同学就医耽误参加首场语文考试。姜昭鹏说，“考试一次没考还有下一次，但是同学的生命只有一次，错过了就不会再重来。” 该事件引发关注后，“情况特殊，能否增加一次补考”成为公众热议的焦点。此前，当地招办回应称，按照相关考试管理规定，春季高考不允许补考。不过，5月14日，山东省教育招生考试院发布公告：经报请上级主管部门同意，将按照规定程序启用春季高考语文科目副题，安排姜昭鹏参加考试。 这样的补考安排，既是对制度规则的精准把握，更是对人间善意的温暖回应，体现了原则性和灵活性的统一。补考是一种破例，这种破例是在阳光之下进行的，不仅遵循了公平原则，而且彰显了教育和选拔的初衷。它向全社会讲明了一种导向：在追逐个人梦想的道路上，对他人生命的尊重、对社会责任的担当，同样是个体成才的“必答题”。考试规则对应的是公平原则，原则必须坚守，但原则之上可以有温度，也应该有温度。 我们要培养的学生，是符合时代需求的“大写的人”。给姜昭鹏这样的考生“破例”补考，制度设计为道德实践“亮起绿灯”，符合我们选拔和培养人才的初衷。一边是可能改变自己人生命运且不容迟到的职教高考，一边是急需救助的同学，当只能二选一时，姜昭鹏毫不犹豫地选择了后者。他把个人利益摆在后面，在人性的考场上，已经拿了满分。 有一种温暖来自道德自觉，来自人性光辉，来自金子般的心灵，来自正确价值观的践行与呵护。像姜同学一样，在危急时刻给予他人以温暖，我们才能共享公序良俗的温暖阳光。最新消息是，姜昭鹏被补充推荐为“中国好人榜”候选人。祝贺姜同学，也祝愿姜同学能够考出好成绩，进入心仪的大学！（央广网评论员 文峰） 有一种温暖来自道德自觉，来自人性光辉，来自金子般的心灵，来自正确价值观的践行与呵护。,,,https://www.cnr.cn/newscenter/comment/cnrp/20250515/t20250515_527170529.shtml,2026-06-16 23:48:27
央广网评,【央广网评】“救护车”拉警报器开道旅游 从严监管和追责必须双管齐下 优先路权决不能被滥用，对于不是特种车却扮成特种车、享受特权等行为都要予以严厉打击、严肃惩处。 2025,2025-05-14,海南省三亚市卫健委,近日，一段“救护车拉警报器开道旅游”的视频在网络上引发关注。视频显示，一辆悬挂海南牌照、车身标有“经纬航空医疗急救站”字样的车，在西藏墨脱的公路上一路鸣笛，迫使前方车辆纷纷避让；该车随后停在景区，车上人员身着便服下车拍照打卡，之后又继续拉响警报器招摇上路。 对此，海南省三亚市卫健委发布通报称，涉事车辆牌照为琼B120BB，是隶属海南经纬航空医疗急救服务有限公司的非急救医疗转运车，现由西藏经纬航空医疗急救服务有限公司管理使用；该车辆在墨脱县存在非紧急情况下使用警灯警报器等违规违法行为。 “救护车”拉警报器开道旅游，一路招摇过市，这样的行为确实让人义愤填膺。提供绿色通道为救护车让行，为生命争分夺秒是一种公共认知。这个事件无疑会损害公众信任，戳伤公众的让行善意。优先路权决不能被滥用，对于不是特种车却扮成特种车、享受特权等行为都要予以严厉打击、严肃惩处。 这起事件也暴露出行业监管存在漏洞。一般而言，人们日常所说的救护车分为两种：一种是紧急救护车（即120急救车）；另一种是非紧急医疗转运车，用于满足病情稳定患者的转院、出院、透析接送等非紧急医疗需求。由于120急救车用于抢救急危重症患者，需快速抵达现场并进行院前急救，所以可合法使用警灯、警报器，享受优先通行权。非紧急医疗转运车则不享有优先通行权，也无权使用警灯、警报器。非紧急医疗转运车需求量大，一些地方对其监管不严，导致出现了不少乱象，这提醒我们：非急救医疗转运与120急救服务的界限不能模糊，必须予以清晰界定。 目前，我国一些地方已经出台相关措施规范非急救服务。譬如，对非紧急医疗转运车的反光带及车身主体颜色作出明确要求，对两类用车加以区分；开通非急救转运热线96120、设立服务中心；对非急救转运正式立法，明确非急救转运服务救护车的配置、标准、从业人员、价格、监管等。这些举措可以让人们更好地区别120急救车和非紧急医疗转运车，进一步完善非急救转运服务体系。一旦发现非紧急医疗转运车滥用警灯警报器的行为，群众可以进行监督举报。 特种车决不能成为个别人享受特权的“私家车”，从严监管和从严追责须双管齐下。具体到此次事件，有关部门要深入彻查涉事人员，健全从严追责机制。同时，各地还应尽快完善从严监管机制，对救护车和非急救医疗转运车加以明确区分，利用科技手段实现对特种车辆的全周期追踪和实时监管，避免类似事件再次发生。（央广网评论员 文峰） 优先路权决不能被滥用，对于不是特种车却扮成特种车、享受特权等行为都要予以严厉打击、严肃惩处。,,,https://www.cnr.cn/newscenter/comment/cnrp/20250514/t20250514_527169417.shtml,2026-06-16 23:48:27
央广网评,【央广网评】遏制“胖北来”式歪风 为品牌经济保驾护航 近日，浙江嘉兴一家名为“胖都来”的卖场，因店名与著名商家“胖东来”相似而引发争议。据央广网报道，除“胖都来”外，与“胖东来”近似的“胖西来”“胖南来”“胖北来”等企业名称也比比皆是。 2025,2025-05-08,,近日，浙江嘉兴一家名为“胖都来”的卖场，因店名与著名商家“胖东来”相似而引发争议。据央广网报道，除“胖都来”外，与“胖东来”近似的“胖西来”“胖南来”“胖北来”等企业名称也比比皆是。 这折射了一种歪风：有的商家不走踏踏实实做好产品、服务、口碑的正道，只想投机取巧蹭别人流量。如此歪风若不刹住，不利于保护知识产权，不利于创新创业，也不利于促进我国实体经济健康发展。 名称、字号是企业重要的无形资产，是企业知识产权的组成部分。我国《企业名称登记管理规定》明确提出，要保护企业合法权益，维护社会经济秩序，优化营商环境。一些地方市场监管部门除了对申请登记材料的完整性和表层合规性进行审核外，未能就是否对同类知名品牌存在仿冒或混淆视听等嫌疑进行综合判断，这就为“胖北来”们提供了可乘之机。即使有关部门事后纠错，也存在监管滞后问题。而被侵权企业在通过法律途径维权过程中，除了时间周期长，还可能面临举证难，或维权成本大于最终赔偿所得的情况。如果侵权成本远远小于维权成本，势必会出现多方侵权的乱象。如此，维权方要么疲于奔命，要么只能选择隐忍。 品牌发展需要良好生态，需要更优营商环境。面对这股歪风乱象，我们必须及时破除，以正视听。各地市场监管部门要积极主动作为，既要从推动本地企业和品牌更好发展角度展现作为，更要从维护全国统一大市场、呵护知名企业和品牌做强做大角度展现担当，主动引导社会舆论、公众和企业旗帜鲜明地抵制各种投机行为，决不能让“李鬼”肆无忌惮地恶心“李逵”，更不能让伪币成势驱逐真币。只有这样，像“胖北来”这种吊诡的现象才不会隔三岔五地冒泡。 我国已经施行的《优化营商环境条例》 当下，各地聚焦经济社会高质量发展，都极为重视对品牌的保护，这为全国品牌经济的发展壮大激浊扬清、赋能助力。“胖东来”品牌的形成源自其经营理念，这是企业品牌的精髓，也为区域品牌出圈打了样。各地市场监管等部门要遏制“胖北来”式歪风，保护知识产权、保护品牌生态，进一步优化本地和全国的营商环境。 再过两天就是中国品牌日，民营经济促进法也即将施行。各地各部门应进一步形成共识与合力，为品牌经济轻装上阵、做大做强、做久做优保驾护航，在全社会树立创新实干的导向，更好地促进高质量发展。（央广网评论员 文峰） 近日，浙江嘉兴一家名为“胖都来”的卖场，因店名与著名商家“胖东来”相似而引发争议。据央广网报道，除“胖都来”外，与“胖东来”近似的“胖西来”“胖南来”“胖北来”等企业名称也比比皆是。,,,https://www.cnr.cn/newscenter/comment/cnrp/20250508/t20250508_527163119.shtml,2026-06-16 23:48:27
央广网评,【央广网评】多地花式待客 真诚服务才是“王道” 重庆市荣昌区政府机关食堂假期前两天接待一万多名游客用餐，火上热搜；湖北武汉等多地党政机关假期免费开放内部停车场和卫生间，赤壁政府机关甚至还加赠免费洗车服务；陕西榆林交警柔性执法，对违停的外地游客只作提示不罚款……这个“五一”小长假，全国许多地方再次拿出满满诚意待客“宠客”，让八方来客切身感受到当地政务的温度和实干态度。 2025,2025-05-04,,重庆市荣昌区政府机关食堂假期前两天接待一万多名游客用餐，火上热搜；湖北武汉等多地党政机关假期免费开放内部停车场和卫生间，赤壁政府机关甚至还加赠免费洗车服务；陕西榆林交警柔性执法，对违停的外地游客只作提示不罚款……这个“五一”小长假，全国许多地方再次拿出满满诚意待客“宠客”，让八方来客切身感受到当地政务的温度和实干态度。 从发放消费券到减免门票，从各种花式宣推到主动开放内部资源为游客提供便利便民服务，今年以来，各地积极主动推广本地文旅资源，助力推动相关消费。在此过程中，部分地区文旅宣传为博流量，一度因“用力过猛”而引发争议。与之形成对比的是，此次因假期就餐人员过多、人手紧张，荣昌区政府部分干部赶到食堂帮忙分装食材、分盛饭菜，收获了众多网友的点赞。当大客流来临时，及时做好谋划和预案，为游客提供暖心便利服务，这才是各地各部门该用心、用力的方向，也是最实实在在的文旅宣传。 5月1日，重庆荣昌区政府机关食堂首餐即吸引超3000名游客“一站式”品尝当地美食 无论是机关开放食堂、停车场、卫生间，还是景区各种“放送福利”，背后都离不开一个“诚”字。是否设身处地为远道而来的游客着想，是否真心实意把广大民众需求放在心上，既关系到游客旅游体验感的提升，传递着当地的民风民情民意，更展现着地方政府开放、亲民、务实的形象，是建设服务型政府的有益创新。唯有如此，方能有“回头客”和更多“慕名者”。 政府食堂打开大门，背后是工作作风的转变、工作思路的打开。有个细节值得注意，就是荣昌区政府机关食堂在“宠客”的同时，并没有忽视本地居民的体验需求，特意公示每月第一个周六中午对居民长期开放。这份“内外兼顾”的贴心考量令人欣慰，也值得各地“抄作业”。 想得细、落得实。今年“五一”假期，这些地方有关部门以辛勤诚恳的付出为文旅资源和城市承载力有限的“小城”文旅服务提供了借鉴参考。“提振消费”位列今年政府工作任务之首，两办印发的《提振消费专项行动方案》也要求“以高质量供给创造有效需求，以优化消费环境增强消费意愿”。在此背景下，无论是游客还是地方政府都对消费质效有更高期待和要求。方式方法尽可不拘一格，但唯有真诚服务才是“王道”。（央广网评论员 姜葳） 重庆市荣昌区政府机关食堂假期前两天接待一万多名游客用餐，火上热搜；湖北武汉等多地党政机关假期免费开放内部停车场和卫生间，赤壁政府机关甚至还加赠免费洗车服务；陕西榆林交警柔性执法，对违停的外地游客只作提示不罚款……这个“五一”小长假，全国许多地方再次拿出满满诚意待客“宠客”，让八方来客切身感受到当地政务的温度和实干态度。,,,https://www.cnr.cn/newscenter/comment/cnrp/20250504/t20250504_527158041.shtml,2026-06-16 23:48:27
央广网评,【央广网评】快递业务量突破500亿件 赋能农村消费新活力 国家邮政局最新数据显示，截至4月11日，今年我国快递业务量已突破500亿件，比2024年提前了18天。快递业务量的快速增长不仅反映了物流行业的高效运转，也折射出当下国内消费市场的活力与潜力。尤其是在广大农村地区，快递网络的延伸和创新模式的探索正以“小包裹”撬动“大民生”，为激活农村消费、推动乡村全面振兴注入强劲动能。 2025,2025-04-13,冷链物流与电商平台,国家邮政局最新数据显示，截至4月11日，今年我国快递业务量已突破500亿件，比2024年提前了18天。快递业务量的快速增长不仅反映了物流行业的高效运转，也折射出当下国内消费市场的活力与潜力。尤其是在广大农村地区，快递网络的延伸和创新模式的探索正以“小包裹”撬动“大民生”，为激活农村消费、推动乡村全面振兴注入强劲动能。 县级寄递物流共配中心 近年来，国家大力推进“快递进村”工程，以“共同配送”“客货邮融合”为代表的物流创新模式，成为破解农村物流瓶颈的关键抓手。譬如，在青海大通县，邮政快递企业利用城乡公交富余运力，将包裹“搭车”下乡，缩短包裹投递时限，增加投递频次，进村运营成本降低10%。在四川道孚县，乡村客运班车化身“快递轻骑兵”，让松茸等高原特产24小时可直达全国餐桌，带动当地农牧民收入显著提升。这些探索不仅盘活了县域公共交通的闲置运力与场地，更通过“统仓共配”“共享司机”等模式，将物流成本转化为民生红利。 快递进村打通了“工业品下乡”与“农产品上行”的双向通道。一方面，在家电、数码产品等“以旧换新”政策推动下的大件商品，通过送装一体、逆向物流等定制化服务直达广大农村地区，大大提升农村消费者的购物体验。另一方面，冷链物流与电商平台的结合，让生鲜农产品销售突破地域限制“卖到全国”。以湖北恩施为例，当地通过整合资源实现了村级寄递服务网点全覆盖，便捷物流助力农特产品走向市场，从深山里的“土疙瘩”，到富硒土豆脆片、马铃薯蛋白粉等深加工产品，恩施小土豆火爆全网，为乡亲们增收开辟了新渠道。这种“送进来”与“卖出去”的良性互动，既满足了农村消费者的需求，也为农村农产品销售和产业升级提供了坚实支撑。 湖北恩施，实现村级寄递服务网点全覆盖 技术革新与政策协同是推动农村寄递物流体系进一步完善的关键。当前，随着技术水平的不断提升，冷链物流、智能温控、自动化分拣、无人机配送等新技术的应用，将进一步延伸快递物流的覆盖面，让“田间到餐桌”的链条更加稳固，为农村物流规模化发展提供支撑。在政策层面，相关部门有必要通过设立县域物流产业基金、将物流设施纳入乡村振兴用地清单等举措，引导社会资本向农村冷链、仓储等领域倾斜，为优化农村物流体系注入持久动力。 500亿件快递量的背后，是中国经济稳中向好的生动注脚，更是城乡融合发展的真实写照。随着数字技术与实体经济的深度融合，农村物流体系必将释放更大潜能，让更多农民共享发展红利，为构建新发展格局注入强劲动能。（央广网特约评论员 和生） 国家邮政局最新数据显示，截至4月11日，今年我国快递业务量已突破500亿件，比2024年提前了18天。快递业务量的快速增长不仅反映了物流行业的高效运转，也折射出当下国内消费市场的活力与潜力。尤其是在广大农村地区，快递网络的延伸和创新模式的探索正以“小包裹”撬动“大民生”，为激活农村消费、推动乡村全面振兴注入强劲动能。,,,https://www.cnr.cn/newscenter/comment/cnrp/20250413/t20250413_527134212.shtml,2026-06-16 23:48:27
央广网评,【央广网评】马拉松热背后的冷思考 春暖花开，全国马拉松赛事热度不断升温。仅今年三四月间，各地举办的马拉松赛事就接近200场。据中国田径协会统计，2024年全国共举办各级各类路跑赛事749场，赛事总规模达700万人次。当越来越多的城市开始举办马拉松比赛，一些问题也逐渐显露，如违规参赛、赛事组织管理混乱、后勤保障不足等。面对热潮中的马拉松，我们需要冷思考。 2025,2025-04-13,行业协会也要承担起赛事指导与平台,春暖花开，全国马拉松赛事热度不断升温。仅今年三四月间，各地举办的马拉松赛事就接近200场。据中国田径协会统计，2024年全国共举办各级各类路跑赛事749场，赛事总规模达700万人次。当越来越多的城市开始举办马拉松比赛，一些问题也逐渐显露，如违规参赛、赛事组织管理混乱、后勤保障不足等。面对热潮中的马拉松，我们需要冷思考。 马拉松运动是随着社会经济发展而兴起的，我国的马拉松比赛已经延续了数十年，近几年呈现井喷之势。这一方面是源于近年来国家加强了对全民健康与群众体育的重视与支持，另一方面也因为“赛事+”经济效应不断凸显，各地希望以举办马拉松赛事为流量入口，为本地经济提供发展新动能。 成功举办一场动辄几万人参加的大型体育活动，考验的是一个城市方的组织协调能力。一些地方在办赛过程中，就暴露出很不专业的一面。譬如，前不久江南某地马拉松比赛就出现了“中学门口撒尿事件”，这虽反映出一些跑者素质不高，但也折射出组织者的赛事服务保障存在短板。在西南某地举办的半程马拉松赛事中，一名12岁男孩参加并完成了此次比赛，这不仅公然违反赛事组织规则，也暴露出赛事组委会对未成年人安全的漠视。 面对此起彼伏的马拉松赛事，体育主管部门必须提前规范，及时采取措施提升各地马拉松赛事的专业水准和文明程度，让马拉松始终“跑”在正确赛道上，防止一哄而上。对地方政府或主办方来说，应充分评估自身举办马拉松的条件，量力而行。一旦获批举办资格，就要做足专业和系统的赛事筹备，对涉及的安保、交通、医疗、补给等方面，都需要提前规划、落实到位。行业协会也要承担起赛事指导与平台搭建的管理职责，制定严格规范的规则与评判标准，确保赛事公平公正，持续推动文明参赛、文明观赛理念深入人心。 马拉松比赛毕竟是一场对个人身体与耐力的极限考验，不适合所有人。报名之前，参赛者要充分评估自身健康状况。在参赛过程中，要严格遵守赛事规则，文明参赛，展示个人良好的精神风貌。 马拉松是一场长跑，赛事的组织也绝非一场冲刺。只有多方都能珍视马拉松运动的价值，尽心尽力地保障每一场马拉松比赛顺利完赛，才能让这项群众体育运动更好地发挥应有价值，助推全民健身、展示城市形象、助力经济发展。（央广网特约评论员 余本鲁） 春暖花开，全国马拉松赛事热度不断升温。仅今年三四月间，各地举办的马拉松赛事就接近200场。据中国田径协会统计，2024年全国共举办各级各类路跑赛事749场，赛事总规模达700万人次。当越来越多的城市开始举办马拉松比赛，一些问题也逐渐显露，如违规参赛、赛事组织管理混乱、后勤保障不足等。面对热潮中的马拉松，我们需要冷思考。,,,https://www.cnr.cn/newscenter/comment/cnrp/20250413/t20250413_527134208.shtml,2026-06-16 23:48:27
央广网评,【央广网评】网售“养老机器人”？ 警惕利用新技术噱头诈骗陷阱 让全体老年人安享幸福晚年，守护“夕阳”下的万家安宁，更好保障老有所养，是全社会的共同责任。打击以新技术为噱头的诈骗陷阱与源头治理并举，让技术创新与人文关怀同频，才能使新兴技术不断为“夕阳红”增色，为养老带来更多福祉，而不是沦为“坑老”工具。 2025,2025-03-15,商业平台,据央广网报道，有网络主播正将目光瞄向“AI（人工智能）”“人形机器人”等新兴领域，用虚拟商品对老年人进行诱骗。被曝光的名为“李校长AI”的主播用不实视频诱骗老年人为买到并不存在“养老伴侣机器人”先购买相关培训课程，销售额超百万元。当老年人在直播间购买“养老伴侣机器人”课程时，他们不知道，自己正在为一场精心设计的套路买单。 发布大量不实视频、冒充央企，“李校长AI”只有一个目的，就是卖课敛财。此外，他还利用老年人想挣钱心理，让老年人开设账号销售课程，以分销模式套取合作费用，二次“收割”老年人。从调查看，“李校长AI”屡屡得逞，赚得盆满钵溢。 无独有偶，此前也有媒体报道过，有不良商家利用AI数字人等新技术，批量起号获客，让AI数字人“扮演”医疗专家，讲述养生“奇迹”，诱导中老年群体购买高价保健品，大发不义之财。 对照此类网络欺诈行为，我们可以发现，这类骗局有三个特点：其一，都以中老年人为围猎对象；其二，都以新兴技术为牟利工具；其三，都屡屡得手且轻易获利。 当AI时代踏浪而来，人们在尽享便利的同时，也面临新风险、新挑战。一些不法分子利用新技术制造噱头、设置陷阱，实施欺诈，人们必须对此保持高度警惕。特别是这些不法分子最容易把老年人当猎物，精心挖“坑”，频频得手。一个重要原因是，不少老年人对AI等新技术了解不深，面对骗子的话术缺乏足够的拆解能力，一不小心就会上当。 据统计，截至2024年末，我国60岁及以上老年人口已超过3.1亿人。为此，国务院办公厅发文明确提出要发展银发经济、增进老年人福祉，除“扩大产品供给，提升质量水平”“聚焦多样化需求，培育潜力产业”外，还要求打击涉老诈骗行为，依法严厉打击侵害老年人合法权益的各类诈骗犯罪。 当新兴的科技被不法之徒用作诈骗工具，如何守护“夕阳红”？需要全社会齐抓共管。一方面，要警惕“老套路”换“新马甲”，无论传统骗术还是新型骗局，只要触犯法律，必将予以严惩。针对利用AI等工具骗人这一成本更低、危害更大的现象，商业平台必须毫不犹豫地扛起企业社会责任，监管部门要升级打法、精准出击，予以更有力更有效的围堵和打击。 近日，四部门联合发布《人工智能生成合成内容标识办法》，剑指“生成合成技术滥用、虚假信息传播扩散加剧等问题”。新规意在减轻人工智能生成合成技术滥用危害，防范利用人工智能技术制作传播虚假信息等风险行为。只有强化平台责任，加大监督力度，才能从空间上遏制利用新技术噱头堵塞诈骗陷阱。 另一方面，全社会要帮助老年人跨越数字鸿沟，提升辨别能力。AI浪潮加速到来，很多老年人对此既感到新奇、兴奋，又容易受到蛊惑。特别是不法分子瞄准老年人的心理弱点，从情感上下手、从老年人刚需上巧舌如簧，极易让一些老年人上当。对此，我们的社区、公益组织要加强常识普及，加大力度拆穿“伪科普”“伪知识”和真骗局，帮助老年人提升分辨能力。更重要的是，老年人的子女应及时给予情感补位，帮助父母建立防护墙。 让全体老年人安享幸福晚年，守护“夕阳”下的万家安宁，更好保障老有所养，是全社会的共同责任。打击以新技术为噱头的诈骗陷阱与源头治理并举，让技术创新与人文关怀同频，才能使新兴技术不断为“夕阳红”增色，为养老带来更多福祉，而不是沦为“坑老”工具。（央广网特约评论员 秦川） 让全体老年人安享幸福晚年，守护“夕阳”下的万家安宁，更好保障老有所养，是全社会的共同责任。打击以新技术为噱头的诈骗陷阱与源头治理并举，让技术创新与人文关怀同频，才能使新兴技术不断为“夕阳红”增色，为养老带来更多福祉，而不是沦为“坑老”工具。,,,https://www.cnr.cn/newscenter/comment/cnrp/20250315/t20250315_527101882.shtml,2026-06-16 23:48:27
央广网评,【央广网评】这个“魔童”的“魔力”在哪里？ “魔童”何以有这么大“魔力”？形象丰满、情节有趣、制作精良，台词精心打磨，细节把控苛刻……《哪吒2》各个方面的制作水准已经与世界最高水平不相上下，树立了中国动画电影的巅峰。创作团队所秉承的“长期主义”态度固然可嘉，但这恐怕还都不是终极密码。 2025,2025-02-14,后由138家中国本土动画公司,在万众期待中，电影《哪吒之魔童闹海》票房（含预售）2月13日突破100亿元，现不仅已跻身全球影史票房榜前16位，也让世界看到了中华文化深厚的创造力和中国消费市场的巨大潜力。人们更期待，哪吒这位中国神话里的“魔童”在单一市场的创纪录模式继续引领，继续创造极限。 “魔童”何以有这么大“魔力”？形象丰满、情节有趣、制作精良，台词精心打磨，细节把控苛刻……《哪吒2》各个方面的制作水准已经与世界最高水平不相上下，树立了中国动画电影的巅峰。创作团队所秉承的“长期主义”态度固然可嘉，但这恐怕还都不是终极密码。 “我们希望用动画的方式，让更多观众感受到中国传统文化的魅力。”《哪吒2》团队这样的想法在电影行业并不罕见，也不乏有益尝试。但在相当长的一段时期内，或是过于向往“国际化”呈现而对中国传统文化不自信，或是未能找到传统文化与当下时代精神的契合点，或是干脆过于“迷信”西方电影表达方式，取材于中国传统文化的电影佳作，可以说是寥寥无几。以至于当《花木兰》、《功夫熊猫》等被好莱坞拍成大片热卖，我们自己仍徘徊在中国优秀传统文化这座富矿之外而不得其门。 炫技会吸引人，文化才能打动人。“若前方无路，我便踏出一条路！”《哪吒2》在一定程度上探索出了一条“由中国人用中国的方式，讲好中国故事”的成功之路。主创团队不仅从中华优秀传统文化中汲取创作灵感，更成功实现了中华传统文化与现代观念、现代技术的激情碰撞和深度表达。譬如，哪吒源自中国传统神话故事，在影片中被赋予“我命由我不由天”的独立意识和反叛精神；太乙真人的形象被设计为操着“川普”口音的喜剧角色，完全颠覆了神话中“师道尊严”形象；片中众多纹饰、场景、器物等各有考古出处；民乐和伴唱也带有直击人心的民族风，与西洋管弦交响乐相得益彰…… 解读中国文化，要靠中国人来讲才最地道。导演饺子透露，曾考虑找国际动画团队完成关键情节的特效制作，但效果并不理想，后由138家中国本土动画公司合力“死磕”，这才有了震撼人心的中国动画“万鳞甲”。最典型的就是影片结尾处神妖对决场面，将中国传统水墨画晕染效果融入算力支撑的3D动画，画面的宏大细腻瞬间燃爆全场，让传统与现代、东方与西方、文化与科技完美融合。这是新一轮信息技术革命影响电影产业发展的潮流之势，更是这一代人的使命，是对中华优秀传统文化的传承和创造性的转化，也是我们对民族文化自信自强的底气所在。正如导演所言，中国文化走向世界，主要在于作品本身，在于剧本、故事、角色等核心内容，“这些不是能外包的东西”。 近年来，中国文化IP出海格外令人期待。《哪吒2》在海外首映的优异反响再次证明，在世界多元文明交融进程中，包括中式审美、中式智慧的“中国风”正从“被围观”向“被理解”进阶，我们有能力“向世界阐释推介更多具有中国特色、体现中国精神、蕴藏中国智慧的优秀文化”。 票房十亿的电影作品在今天已是寻常，《哪吒2》可谓“高原”中出现的一座“高峰”。坚定对中国文化的自信，“我命由我不由天”的哪吒故事还将继续，下一个“哪吒”也定将到来。（央广网特约评论员 贾亮） “魔童”何以有这么大“魔力”？形象丰满、情节有趣、制作精良，台词精心打磨，细节把控苛刻……《哪吒2》各个方面的制作水准已经与世界最高水平不相上下，树立了中国动画电影的巅峰。创作团队所秉承的“长期主义”态度固然可嘉，但这恐怕还都不是终极密码。,,,https://www.cnr.cn/newscenter/comment/cnrp/20250214/t20250214_527071660.shtml,2026-06-16 23:48:27
央广网评,【央广网评】超2000万人申请数码产品补贴 “以旧换新”激活新一年消费活力 商务部数据显示，1月20日0时至2月8日24时，全国有2009.2万名消费者申请了2541.4万件手机等数码产品购新补贴。如此可观的数据背后，是补贴政策及时落地，抓住了春节消费黄金期；申请热度这般火爆，也反映出消费者对数码产品的旺盛需求。 2025,2025-02-11,,商务部数据显示，1月20日0时至2月8日24时，全国有2009.2万名消费者申请了2541.4万件手机等数码产品购新补贴。如此可观的数据背后，是补贴政策及时落地，抓住了春节消费黄金期；申请热度这般火爆，也反映出消费者对数码产品的旺盛需求。 2025年2月7日，江西吉安，消费者在商场内选购数码产品 “以旧换新”政策加力扩围，叠加年节消费旺盛需求，助燃消费热潮。春节是辞旧迎新的重要节点，年节假期也是年轻人迭代升级手中数码产品、给自己一个可心奖励的重要时段，“以旧换新”补贴政策的出台契合了年轻消费者的消费心理与观念。如今，手机、iPad等数码产品，产品类型多样、迭代更新快，价格相对较高。“以旧换新”政策以补贴有效减少了人们的消费支出，如售价在3300元至6000元之间的数码产品，消费者可以获得500元补贴。这让更多的人有能力购买性能更强、功能更丰富的数码产品，从而进一步激发潜在消费需求。 云南昆明，消费者在数码产品卖场选购商品 消费连着民生与生产，是我国经济发展的第一拉动力。商务部统计，2024年消费对经济增长贡献率为44.5%。数码产品消费热，将直接传导到生产端，不仅为数码生产研发企业和整个供应链带来信心与动力，也将助力数字文化企业产品创新创意发展、信息消费和电商。年节消费火热需求持续，定将拉动投资、研发与生产，让产品推陈出新，进而可能形成新的消费热点。本轮“以旧换新”政策补贴激起的涟漪，无疑让消费、生产与投资形成互促共进的良性循环，推动产业升级，成为助推经济发展的强劲动能。 新消费激活新动能。乙巳蛇年消费市场的“开门红”，让人们对节庆期间补贴政策有了更多期待。美好的生活既需要我们每个人共同奋斗去创造财富，也需要我们不断加强市场引导，通过创新消费场景，利用更多新技术、新模式提升消费体验，积极培育消费热点，挖掘新兴消费领域，持续激发市场活力和消费潜力，进一步推动消费市场繁荣，让中国经济发展的底气更足、信心更强。（央广网特约评论员 和生） 商务部数据显示，1月20日0时至2月8日24时，全国有2009.2万名消费者申请了2541.4万件手机等数码产品购新补贴。如此可观的数据背后，是补贴政策及时落地，抓住了春节消费黄金期；申请热度这般火爆，也反映出消费者对数码产品的旺盛需求。,,,https://www.cnr.cn/newscenter/comment/cnrp/20250211/t20250211_527068660.shtml,2026-06-16 23:48:27
央广网评,【央广网评】个别基层“大兴土木” “过紧日子”之弦须臾不可松 无论什么时候，我们都要保持艰苦朴素的优良传统，坚持勤俭办一切事业，不仅要坚决杜绝华而不实的形象工程、面子工程，更要把为人民造福的事情办好办实，把宝贵资金用在紧要处和工作急需上。 2024,2024-11-14,,日前，中央层面整治形式主义为基层减负专项工作机制办公室会同中纪委办公厅通报，成都金牛区投资12.16亿元建设建筑面积8.22万平方米的对外交流中心项目，使用进口石材拼花、手工羊毛地毯、玻璃幕墙等高档材料进行豪华装修，园林绿化工程总花费约700万元，智能化信息系统造价超过1.2亿元；太原清徐县违规将县政府综合办公楼仿古屋顶及外立面涂装、政府综合办公楼亮化工程等，打包到县城水系生态治理及城市停车场惠民工程中，实际形成支出1193万元，该项目还在城市广场建设了多处景观小品，包括一座银色莲花雕塑、一座景观石、一处地雕、多棵仿真椰子树，实际形成支出1305万元。 一个区级对外交流中心历时两年建设装修耗资超12亿元，县政府办公楼的“面子工程”花费上千万且“藏”在民生工程里，寥寥几处景观雕像和仿真椰子树竟花了1300多万元，这些做法和数字着实令人震惊！在党中央三令五申“要习惯过紧日子”和厉行节约反对浪费的背景下，当地政府对上马非必要非急需的建设装修项目不仅把关不严、监督管理不到位，居然主动为之且有意掩盖。这让人不得不追问，从项目立项、预算编制、支出审核、执行监督直到结项验收全过程中，是如何层层过审的？在建设执行过程中有没有“走样”，到底是哪些环节在“开后门”，其中有没有“猫腻”？ 目前披露的事实可以初步判断，这些典型案例暴露出当地财政预算事前绩效评估与预算评审等规章制度不健全或执行不到位，财会监督、审计监督等各类监督以及财经纪律形同虚设。对这些问题，当地必须依照党纪国法严肃追责并加以惩处，更要公开处理结果、以儆效尤。 “过紧日子”之弦须臾不可松。党中央明确要求“党政机关要习惯过紧日子”，“真正精打细算，切实把财政资金用在刀刃上、用出实效来”写入今年的《政府工作报告》，财政部门也多次重申强化预算约束和监督执行。更重要的是，无论什么时候，我们都要保持艰苦朴素的优良传统，坚持勤俭办一切事业，不仅要坚决杜绝华而不实的形象工程、面子工程，更要把为人民造福的事情办好办实，把宝贵资金用在紧要处和工作急需上。（央广网评论员 姜葳） 无论什么时候，我们都要保持艰苦朴素的优良传统，坚持勤俭办一切事业，不仅要坚决杜绝华而不实的形象工程、面子工程，更要把为人民造福的事情办好办实，把宝贵资金用在紧要处和工作急需上。,,,https://www.cnr.cn/newscenter/comment/cnrp/20241114/t20241114_526975151.shtml,2026-06-16 23:48:27
央广网评,【央广网评】人贩子余华英被判处死刑 用正义告慰所有受害家庭 10月25日，贵州省贵阳市中级人民法院对余华英拐卖儿童案作出重审一审宣判，对被告人余华英以拐卖儿童罪判处死刑，剥夺政治权利终身，并处没收个人全部财产。 2024,2024-10-25,,10月25日，贵州省贵阳市中级人民法院对余华英拐卖儿童案作出重审一审宣判，对被告人余华英以拐卖儿童罪判处死刑，剥夺政治权利终身，并处没收个人全部财产。 虎毒不食子。余华英走上拐卖儿童之路，第一个卖掉的竟是她自己的亲生儿子；在长年的作案中，余华英常常利用年幼的女儿掩盖犯罪行为。在余华英拐卖的17个孩子中，有5个家庭是两个孩子一起被拐走。落网后，余华英既不主动供述犯罪事实，也没有悔罪表现。凡此种种，足见其人性泯灭、罪孽深重，不杀不足以平民愤。重审一审维持死刑判决的结果，是对余华英罪孽应有的惩戒！ 对一个家庭来说，失去孩子让父母失去希望，往往意味着家的破碎。像余华英这样的人贩子将罪恶黑手伸向不谙世事的儿童，一次又一次拐卖得逞，让一个个家庭骨肉分离、陷入极度痛苦，酿成一幕幕人生悲剧。有的被拐儿童的双亲在寻亲路上奔波了几十年，被拐卖儿童在远离亲生父母后备受情感上的折磨和煎熬，人贩子给这些家庭和孩子造成的痛苦和伤害无法估量，也无可救赎！ 重审余华英拐卖儿童案，充分体现司法机关“罪无遗漏”的执法理念。允许被告人余华英上诉并对案件进行重审，是法律赋予公民的合法权利；判处罪孽深重的余华英死刑，是维护法律公正权威的使命所系，这是全社会追求公平正义的民心所向！也是本案重审的意义所在。 我国刑法明确规定，拐卖妇女、儿童“情节特别严重的，处死刑，并没收财产”。此案经过一审二审，又进一步进行重审，正是要按照最严格的法律程序，彻底查清余华英全部犯罪事实，并依据法律进行准确量刑，既还所有受害者家庭一个公道，也让余华英为其罪恶行径承担应有后果。 制止犯罪最好的办法就是及时将罪犯绳之以法。今天，随着生物科技、信息技术的不断进步，随着公安机关打击拐卖儿童案件力度的持续加大，一大批被拐卖儿童得以与亲生父母团聚，一个个罪恶深重的人贩子落网受审。我们要在全社会对拐卖妇女、儿童犯罪行为形成持久震慑力，就必须加大对余华英案等此类恶性案件的惩处力度，对罪犯穷追不舍、除恶务尽，才能以儆效尤，让广大公众在一件件具体的司法案件中，对法律和正义树下敬畏之心，让“天下无拐”早日实现。（央广网特约评论员 济兼） 10月25日，贵州省贵阳市中级人民法院对余华英拐卖儿童案作出重审一审宣判，对被告人余华英以拐卖儿童罪判处死刑，剥夺政治权利终身，并处没收个人全部财产。,,,https://www.cnr.cn/newscenter/comment/cnrp/20241025/t20241025_526953126.shtml,2026-06-16 23:48:27
央广网评,【央广网评】让“老吾老以及人之老”照进我们每个人的生活 “孝者，德之本也”“家有一老，如有一宝”“老吾老以及人之老”……尊老爱老自古以来就是我们中华民族的传统美德。 2024,2024-10-11,,折叠助浴椅、适老版App、“奶奶款衣物”等原本面向老年人的消费品，近年来在一些年轻人中悄然兴起。此类产品以其实惠耐用、性价比高，被亲切地称为“老年严选”。之所以受年轻人喜欢，除了有当今年轻人消费观念更加务实、借此彰显个性的原因之外，这一“惠老式消费”风潮也在启示我们：促进适老产品的研发、普及和推广，最需要人们用心关注广大老年人的各种需求和帮助。 “孝者，德之本也”“家有一老，如有一宝”“老吾老以及人之老”……尊老爱老自古以来就是我们中华民族的传统美德。据统计，截至2023年底，我国60岁及以上老年人口已达到2.97亿，占总人口的21.1%。老龄化是我国的基本国情之一，也是我们推进中国式现代化必须面对的重大课题。党的二十届三中全会《决定》就此提出了十分清晰的完善发展养老事业和养老产业政策机制改革路线图。积极应对人口老龄化，让更多老年人老有所养、老有所依、老有所乐、老有所安，不仅事关我们亿万群众每个人的小家幸福，也事关国家发展全局、社会和谐稳定。 工作人员向老人介绍适老改造设施及相关政策 新时代以来，在党和国家积极应对人口老龄化国家战略的引领下，各地聚焦老年人急难愁盼问题，不断完善政策举措，因地制宜地陆续推出许多老龄产品、为老服务及适老化改造项目等。譬如，宁夏、甘肃、陕西等省份近期纷纷出台以旧换新居家适老化改造实施方案，购置家具、卫浴、护理床、轮椅等居家适老化改造产品，每件最高可补贴1万元。在辽宁沈阳，政府委托养老机构等服务主体，向高龄、失能老年人提供每月3小时至45小时不等的免费居家养老服务，为他们提供洗澡、家庭保洁等服务。上海有老年福利院推出“短期助养”服务，帮助有临时需求的家庭解决燃眉之急。江西已建成日间照料中心4234家，覆盖90%以上城市社区，基本可满足老年人助餐、助浴、助医、助洁等服务需求……以前不久人社部公布的“社区助老员”“老年助浴员”两个新工种为标志，如今，我国养老事业和养老产业的社会分工和职业化更加细化多元。 山东聊城，一对金婚老人在化妆拍摄婚纱照 “一个社会幸福不幸福，很重要的是看老年人幸福不幸福。”让全社会共同关心、参与老龄事业和养老产业，既是我国推动银发经济健康发展的必由之路，更是让我们身边的每位老人共享国家和社会发展、进步、繁荣的应有之义。 九九重阳节，寄托着人们对老人健康长寿的美好祝福。在生活工作节奏愈加忙碌的今天，我们要提醒自己，别忽视了嘴上说着“忙你的不用管我们”、内心却时刻牵挂子女儿孙的父母祖辈。重阳节到来之际，无论是回家吃饭还是打个电话，都要记得给老人们送上一份真挚的问候与祝福。（央广网评论员 姜葳） “孝者，德之本也”“家有一老，如有一宝”“老吾老以及人之老”……尊老爱老自古以来就是我们中华民族的传统美德。,,,https://www.cnr.cn/newscenter/comment/cnrp/20241011/t20241011_526935628.shtml,2026-06-16 23:48:27
央广网评,【央广网评】城管打老人只因被“挑衅”？ 别让“已和解”纵容“粗暴执法” 期待当地有关部门将这一事件作为典型案例进行深入剖析，作为改进队伍建设、更好服务人民的重要抓手，进一步吸取教训，既维护好公职队伍形象，又切实保障好当事各方的合法权益。 2024,2024-09-14,,近日，一段“几名身穿制服人员当街与一老人发生冲突，其中一名工作人员多次跳起对老人挥拳殴打”的视频引发关注。对此，福建三明三元区城管执法局工作人员回应媒体采访时称，系该局城管队员在巡查过程中遭遇路人主动挑衅辱骂、踢打，执法人员“情绪失控后进行了还击”；并称双方已达成和解，涉事城管队员停职配合调查，详细调查结果后续会公布。 当地城管执法部门的回应，初步证实了城管队员与老人发生冲突的基本事实，但显然不能完全平息疑问。譬如，身为路人的老人为何要“主动挑衅”并采取“辱骂、踢打”等过激行为，是有什么前情？在信息还原不完整的情况下，当地城管单方面抛出“已和解”，并不代表事情的是非曲直可以不追究、事件性质可以成定论了。 细究看似“四平八稳”的措辞，则另有文章。当地城管部门声称事件起因是对方“主动挑衅辱骂、踢打”，而城管执法人员是“还击”。基于“谁先动手谁理亏”的基本常识，责任看来似乎主要在老人这边，有明显解释回护之意。此外，“已和解”“已停职”的说法，并不能改变执法者违法的事实，若仅以此为最终处理结果，则有虚应舆论、包庇纵容之嫌。 尤其需要指出的是，城管执法部门代表的是地方一级政府部门和基层治理系统。城管执法人员身为公职人员，履行执法职责不是个人行为，发生的冲突也不是自然人之间的冲突。具体到本次事件中，城管部门用“挑衅”一词定性老人行为，缺乏执法温度、背离初衷。况且，几名年轻力壮的城管队员，面对一位老人，是否有比“情绪失控”更专业积极的执法态度，是否有比“还击”更稳妥有效的处理办法？ 令人稍感欣慰的是，事发后双方均第一时间就医检查确认并无大碍。这些善后事宜，不代表这事可以就此翻篇。据介绍，目前当地警方已介入调查，期待对涉事双方的不当行为依法依规严肃处理。 当地城管部门更应该反思，是拿出“已和解”“已停职”回应舆论、息事宁人，还是正视城管队员在处置纠纷时能力不足的问题，认真研究对粗暴执法行为如何追责的问题。期待当地有关部门将这一事件作为典型案例进行深入剖析，作为改进队伍建设、更好服务人民的重要抓手，进一步吸取教训，既维护好公职队伍形象，又切实保障好当事各方的合法权益。（央广网特约评论员 济兼） 期待当地有关部门将这一事件作为典型案例进行深入剖析，作为改进队伍建设、更好服务人民的重要抓手，进一步吸取教训，既维护好公职队伍形象，又切实保障好当事各方的合法权益。,,,https://www.cnr.cn/newscenter/comment/cnrp/20240914/t20240914_526903739.shtml,2026-06-16 23:48:27
央广网评,【央广网评】峨眉山景区“黑车”宰客 标本兼治方能破顽疾 中秋、国庆假期临近，全国各个景区都将迎来出游高峰。如何标本兼治杜绝景区“黑车”宰客顽疾，切实保障游客权益，让出游更美好更难忘，是峨眉山景区必须要解决的问题，也是很多存在类似“顽疾”景区共同的命题。 2024,2024-09-14,,据媒体报道，有游客投诉称峨眉山“黑车”宰客猖狂，5公里路程要价100元。记者多次实地走访发现，峨眉山景区内和景区两个火车站都有大量“黑车”运营，喊价不一、上车加价。对此，景区管委会回应称，将加大整治力度，协调景区客运企业科学设置观光车收发班时间，同时倡议广大游客积极举报“黑车”行为。 峨眉山景区是国家重点风景名胜区，自然生态优美，历史文化深厚，“登峨眉，看金顶”吸引着众多游客前来体验。然而，与美景相伴的，是当地多年来驱之不去的“黑车”宰客现象。这不仅一次次搅扰游客兴致，也给当地旅游生态带来恶劣影响。在特别强调旅游体验的当下，游客被忽聚忽散的“黑车”追逐，动辄几十元、上百元的要价，实在是令人扫兴。若任由其肆意生长，看似癣疥之疾的“黑车”宰客行为势必会成为一道把人推走的冰冷壁垒，影响许多游客对峨眉山景区的观感。 “黑车”肆虐的时间既久，为什么总是看不到明显的整治效果？此前景区管委会特别强调，“黑车”是管委会坚持打击和整治的对象，但也是景区的顽疾问题。言下之意，“黑车”宰客已经是一个老问题了，不好治理。如此回应，未免轻飘，也有卸责之嫌。恰恰因为是“顽疾”，才更有必要彻底清理、严查严处！ 当下之计，景区要听得见游客的呼声，真正站在“游客友好”的层面，高度重视景区交通，合理做好制度安排。既然景区把摆渡车作为最主要的交通工具，那么，摆渡车的运营时间就不能死板地卡在18点下班，而应该按照客流的实际情况适当延长。傍晚时分，往往也是景色最美的时段，游客远道而来，在景区多盘桓流连一会儿，是可以理解的。景区还须努力做好服务，保障好这部分游客的通行需求，而不是僵化刻板地将收车时间“一刀切”。 事实上，国内很多景区早已实现人性化交通服务，比如根据峰谷情况，实时调整摆渡车时间；有的景区还会安排“收容”车辆，运载落在后面的游客。这正是服务理念的差别。 此外，整治行动也应更积极、更主动、更持久。这些年来，峨眉山景区几乎每年都表态要采取严厉的零容忍整治措施。只是“年年严厉”，却“年年难治”。这恐怕与“一阵风”式的整治有关，而强风过后一切又故态复萌。为了让游客满意，也为了景区长远发展，当地要真正秉持为民服务的初心，公安、文旅、市场监管等相关部门各司其职、同心协力、一抓到底，持续加大打击惩治“黑车”的力度，把各项举措一一落地落实。 中秋、国庆假期临近，全国各个景区都将迎来出游高峰。如何标本兼治杜绝景区“黑车”宰客顽疾，切实保障游客权益，让出游更美好更难忘，是峨眉山景区必须要解决的问题，也是很多存在类似“顽疾”景区共同的命题。（央广网特约评论员 龙之朱） 中秋、国庆假期临近，全国各个景区都将迎来出游高峰。如何标本兼治杜绝景区“黑车”宰客顽疾，切实保障游客权益，让出游更美好更难忘，是峨眉山景区必须要解决的问题，也是很多存在类似“顽疾”景区共同的命题。,,,https://www.cnr.cn/newscenter/comment/cnrp/20240914/t20240914_526903510.shtml,2026-06-16 23:48:27
央广网评,【央广网评】喷灌设备成摆设 对脱离群众的“样子货”项目要一查到底 国家的钱不能打水漂，喷灌设备成摆设不能不了了之。对“样子货”项目要一查到底，查得一清二楚，更要汲取教训，举一反三，深刻意识到涉农项目关乎农民利益，容不得丝毫含糊。唯有因地制宜、合理规划、公正透明，才能确保资金资源高效利用，真正惠及农民。 2024,2024-09-12,,据报道，有媒体记者近日深入黑龙江省林甸县多个乡镇、村屯发现，田间一些大型喷灌设备用不了，零部件丢的丢、坏的坏，有的因为“碍事”被拆卸。此外，一些抗旱水源井也成了摆设。 “老百姓用不上，国家花了冤枉钱。”当地村民的一声叹息，像一个尖锐而沉重的问号，需要令人信服的答案。不少大型喷灌设备处于“建而不用、建而难用”状态，究竟是什么原因？ 梳理报道可以发现，主要有三大原因。其一，林甸县耕地面积有限，老百姓承包的口粮田少，地块分散，并不适合用“大喷”。其二，“大喷”建设时未经村民同意，直接占地建设，有的设备安装至今“动都没动”。其三，使用花费大、维修成本高也是问题。表面看起来，这些都是理由，但稍微一细究，便感觉有些不对劲。 从常情常理看，无论“大喷”还是“小喷”，建设之初都要充分问需于民，从立项到审批，从建设到验收，从使用到维护等，每一个环节都需要遵循程序，每一个步骤都不能“掉链子”。而如今，这些喷灌设备却成了摆设，不仅不能造福于民，甚至因“直接占地建设”而影响居民种植，问题出在哪里？如此脱离实际、脱离群众的“样子货”项目，究竟是怎么出炉的？ 据悉，针对部分涉农项目“建而不用”等问题，林甸县已制定项目排查整改方案，对全县涉农项目建设的设施进行检查。奔着问题去、盯着问题改，固然值得肯定，但纠错的第一步，还要弄清楚当初为何犯错。同时，既要纠错，也要究责，究竟谁来承担这个责任？ 近年来，国家高度重视水利建设。据统计，2023年全国完成水利建设投资11996亿元，较首次迈上万亿元大台阶的2022年增长10.1%，再创历史新高。水利建设投资高、建设规模大，对保障粮食安全、推动乡村振兴、提高农民收入等具有积极意义。 无论是大型喷灌设备，还是抗旱水源井等，既然花大笔钱建了，就要物尽其用、良性运转。从全面加强水利基础设施建设，到加快优化其布局、结构、功能和系统集成，再到充分发挥其积极作用，把每一项工作都做实做细，才能真正造福于民。 国家的钱不能打水漂，喷灌设备成摆设不能不了了之。对“样子货”项目要一查到底，查得一清二楚，更要汲取教训，举一反三，深刻意识到涉农项目关乎农民利益，容不得丝毫含糊。唯有因地制宜、合理规划、公正透明，才能确保资金资源高效利用，真正惠及农民。（央广网特约评论员 秦川） 国家的钱不能打水漂，喷灌设备成摆设不能不了了之。对“样子货”项目要一查到底，查得一清二楚，更要汲取教训，举一反三，深刻意识到涉农项目关乎农民利益，容不得丝毫含糊。唯有因地制宜、合理规划、公正透明，才能确保资金资源高效利用，真正惠及农民。,,,https://www.cnr.cn/newscenter/comment/cnrp/20240912/t20240912_526899647.shtml,2026-06-16 23:48:27
央广网评,【央广网评】44人终身禁止从事足球行业 去“沉疴”还须下“猛药” 只有正本清源，把自己体内的毒素、把攀附在足球上的寄生虫清理干净，才能恢复元气，也才有重整旗鼓的底气。这次国家体育总局与公安部的联合行动，揭开了那些隐藏在光鲜表面下的黑暗角落。相关部门要以此为契机，深入挖掘背后的深层次原因，持续推动足球监管改革、构建长效机制，让中国足球回归其应有的纯粹与公正。 2024,2024-09-10,,9月10日，国家体育总局、公安部联合召开足球职业联赛“假赌黑”问题专项整治行动新闻发布会。会上，中国足协负责人介绍了对61名涉案足球从业人员的纪律处罚情况，给予金敬道等43人终身禁止在我国从事任何与足球有关活动的处罚；给予巴合江・吾尔满等17人禁止在我国从事任何与足球有关活动五年的处罚。此外，原杭州绿城队球员沈刘曦，2013年已被处以终身禁止从事任何与足球有关活动的处罚，仍不知悔改，在此次案件中因开设赌场罪受到刑事处罚。 系列违法犯罪事实被揭露，众多涉案人员被依法严惩，可谓触目惊心，也令人痛心。这次专项整治行动，无疑是对足球行业内违规违法行为的一次强力打击，不仅是对个人的惩罚，更是对全行业的警示，体现了监管部门对维护足球行业秩序、保障比赛公平公正的坚定决心――只要涉及“假赌黑”等违法犯罪，必将严肃处理，绝不姑息！ 前不久，国足在世界杯预选赛以零比七输给日本队，大比分的输球纪录以及“耻辱性”输球方式，再次唤起了全社会对中国足球的讨论。这场发布会披露的信息，也算是一个答案，即中国足球场上的无能为力，或许不是因为对手过于强大，而是因为自身疾病缠身。事实证明，中国足球成绩的滑坡、公信力的丧失，与背后严重的腐败问题密切相关。 去“沉疴”还须下“猛药”。许多恨铁不成钢的球迷称，中国足球已经到了一个触底反弹、急需推倒重来的关键时刻。希望成真，要靠我们对中国足球的系统性重塑。拖着千疮百孔、气血不足的病体，中国男足是无论如何都踢不出血性的。只有正本清源，把自己体内的毒素、把攀附在足球上的寄生虫清理干净，才能恢复元气，也才有重整旗鼓的底气。这次国家体育总局与公安部的联合行动，揭开了那些隐藏在光鲜表面下的黑暗角落。相关部门要以此为契机，深入挖掘背后的深层次原因，持续推动足球监管改革、构建长效机制，让中国足球回归其应有的纯粹与公正。 中国足球的复兴之路任重而道远。但只要中国足球不放弃自己，相信中国球迷就不会放弃中国足球。足球从业人士的信心，中国球迷的信心，就要在这一次次刀刃向内、不避家丑的行动中，一场场努力拼搏、踢出血性的比赛中，逐渐积累。（央广网特约评论员 贾亮） 只有正本清源，把自己体内的毒素、把攀附在足球上的寄生虫清理干净，才能恢复元气，也才有重整旗鼓的底气。这次国家体育总局与公安部的联合行动，揭开了那些隐藏在光鲜表面下的黑暗角落。相关部门要以此为契机，深入挖掘背后的深层次原因，持续推动足球监管改革、构建长效机制，让中国足球回归其应有的纯粹与公正。,,,https://www.cnr.cn/newscenter/comment/cnrp/20240910/t20240910_526897920.shtml,2026-06-16 23:48:27
央广网评,【央广网评】一汉堡品牌被曝卫生问题 守护舌尖安全岂能逞口舌之利 近日，连锁汉堡品牌牛约堡被曝光存在严重卫生问题，包括老鼠乱窜、满地油污、备餐到出餐店员不洗手也不戴手套等。有媒体记者探访发现，牛约堡的不少加盟门店藏在巷子深处、环境简陋脏乱。 2024,2024-09-09,,近日，连锁汉堡品牌牛约堡被曝光存在严重卫生问题，包括老鼠乱窜、满地油污、备餐到出餐店员不洗手也不戴手套等。有媒体记者探访发现，牛约堡的不少加盟门店藏在巷子深处、环境简陋脏乱。对此，牛约堡官方微博先后两次发文回应有关其食品安全问题的质疑，承认问题存在，表示已在改进，“最多时曾有400多家脏乱差门店，到如今剩下60余家”。牛约堡称，网上对其环境和食品卫生的指责大多来自过去的旧店和个别特殊情况，欢迎顾客通过官方渠道反馈问题，“而非以讹传讹、过度夸张个别现象”。 无论是牛约堡所谓“1.0版本门店”要升级到“3.0版本”，还是“直营店”和“加盟商”的模式，任何品牌连锁店都必须为广大消费者提供符合卫生质量要求的食品，这是“食以安为先”的底线要求。消费者没有义务去了解甚至谅解其内部管理系统是否完善，或者共情品牌发展至今的不容易而放松对产品质量的要求。 牛约堡或许混淆了对品牌加盟商与社会公众的内外之别，想做好一波“危机公关”的同时，趁机官宣老店升级迁址、未来发展方向等。但回应公众，首先要有诚恳端正的态度，而不是上来就把批评定性为“攻击”，然后“感慨一路过来的历史”，更不需要抒发诸如“老店是我们今天的痛，却也是我们曾经的伙伴”“这些老店也将焕发新生，成为顾客心中新的温馨港湾”之类的情怀。 面对消费者的不安、质疑和曝光，品牌更应做的是认真排查改进，而不是利用这个时机抒怀、公关，更不该逞口舌之利。在第二次回应中，牛约堡干脆将环境卫生问题归咎于“过去的旧店和个别特殊情况”，并要求顾客“通过官方渠道反馈遇到的实际问题，而非以讹传讹、过度夸张个别现象”。这就是对消费者的不满表示“不服”甚至“较劲”了，不是解决问题的正确态度。 9日中午，牛约堡官微在最新回应中正式致歉，承认干净、整洁是“基本要求”，表示已关闭被曝光门店并展开“调查和整改行动”，欢迎消费者监督。做餐饮业确实不容易，更该且行且珍惜。珍惜辛苦培育起来的品牌，也珍视消费者的口碑，方是做好服务业的长远之道。（央广网评论员 姜葳） 近日，连锁汉堡品牌牛约堡被曝光存在严重卫生问题，包括老鼠乱窜、满地油污、备餐到出餐店员不洗手也不戴手套等。有媒体记者探访发现，牛约堡的不少加盟门店藏在巷子深处、环境简陋脏乱。,,,https://www.cnr.cn/newscenter/comment/cnrp/20240909/t20240909_526895485.shtml,2026-06-16 23:48:27
央广网评,【央广网评】加亚钠、熏硫磺？莫让“化学枸杞”断了产业发展之路 为了能卖上个好价钱，青海甘肃等地一些枸杞商户在明知可能影响消费者身体健康的情况下，依然使用加焦亚硫酸钠、熏硫磺的方法，对品相不好的枸杞进行“提色增艳”。记者调查发现，这些“化学枸杞”流向了火锅店、小药铺等，有的进了茶包，有的被制成枸杞酒。 2024,2024-09-03,,据央视财经报道，为了能卖上个好价钱，青海甘肃等地一些枸杞商户在明知可能影响消费者身体健康的情况下，依然使用加焦亚硫酸钠、熏硫磺的方法，对品相不好的枸杞进行“提色增艳”。记者调查发现，这些“化学枸杞”流向了火锅店、小药铺等，有的进了茶包，有的被制成枸杞酒。 食品安全是不可触碰的红线。然而如此明目张胆的非法加工存在已非一日两日，在一些地方商户那里还很普遍。“化学枸杞”层层闯关，后果非常严重。一方面，这些有害枸杞流入市场，必然会严重危害广大消费者的身体健康。另一方面，“化学枸杞”也严重损害了守法商户的合法权益，久而久之，必然产生“劣币驱逐良币”的结果。 要斩断不法商户逐利的“黑手”，市场监管是极其重要的一环。面对“化学枸杞”暴露出来的严重问题，我们不禁要问一问，当地政府及相关部门，是否真正承担起了监管责任？更具体一点说，当地相关部门对此类非法行为的监管是否在线、是否有效？对问题商户的处罚是否到位？俗话说，徒法不足以自行。巨大的利益面前，仅仅靠商户自律是行不通的，必须严打生产“化学枸杞”的黑心商。如果监管经常“打盹”，甚至对不法行为“睁一只眼闭一只眼”，“化学枸杞”之风只会更加有恃无恐。 记者调查中也提到，一些商户坦言，他们知道焦亚硫酸钠不让加，当地政府也每年都查，但后来发现不加就会亏钱，于是也开始加焦亚硫酸钠了。食品安全面前，“不加亏钱”显然不是理由，但“亏钱”背后的原因，不能不深入探究。 据说，当地为了打造品牌、扶持产业，甚至出台了高于国标的地方标准，有的地方政府还出台了培育地方枸杞种植加工产业的文件法规，期望能增加农民收入、培育特色产业。可是，为何这些美好初衷，最后却没能管住“化学枸杞”，落了个一地鸡毛呢？这说明在农产品和市场之间，还有大量工作要做，还有多方面积极性需要调动，还有更多规范需要落实。面对广阔的国内外市场，无论商户还是厂家都必须认识到：民以食为天，食以质为本。丢了质量、没了品质，农产品就成了无根之木、无源之水，甚至成为“害人毒药”。地方政府也好、生产厂家也好、种植商户也好，不在品质上下功夫，或许能获得短期利益，但最终必定自取其祸，严重的甚至要被追究刑事责任。 与此同时，地方政府更要致力于规范性市场秩序的维护。这不仅包括加大对相关产品质量、生产流程的常态化监管，严厉打击扰乱枸杞市场的“黑手”，保护守法商户的合法权益，更需要出台政策措施，帮助企业打造品牌、提升质量、扩大销路、保护权益，形成面向规范生产的正向反馈机制，才能走出一条发展地方经济、壮大产业经济的可持续发展之路。（央广网特约评论员 济兼） 为了能卖上个好价钱，青海甘肃等地一些枸杞商户在明知可能影响消费者身体健康的情况下，依然使用加焦亚硫酸钠、熏硫磺的方法，对品相不好的枸杞进行“提色增艳”。记者调查发现，这些“化学枸杞”流向了火锅店、小药铺等，有的进了茶包，有的被制成枸杞酒。,,,https://www.cnr.cn/newscenter/comment/cnrp/20240903/t20240903_526885421.shtml,2026-06-16 23:48:27
央广网评,【央广网评】火锅店主救人牺牲市民排队就餐致敬 凡人善举传递爱与希望 仁者爱人，只有关爱别人，才能在别人需要帮助的时候伸出援手，在别人陷入危难的时候挺身而出。这种崇高而理想的人生境界，就是我们当下念兹在兹的公共精神。每一个奋不顾身的平民英雄，每一个润物无声的凡人善举，都能让人看到“仁以为己任”的朴素理想，感受到那种直抵人心的坚韧力量。每一份善良都会散发光芒，每一颗善的种子都会抑制不住向上生长，汇聚起,2024-08-24,,近日，山东好汉栾留伟在河北固安永定河勇救3名落水儿童后牺牲，引发各方关注。英雄救人的事迹被报道后，不少北京市民自发前往栾留伟和妻子在京经营的火锅店吃饭，以这样的方式向英雄表达敬意。 据与栾留伟一同参与施救落水儿童的村民介绍，危急关头，栾留伟第一个冲下河救人。仅从这一个细节就足以看出，栾留伟舍己救人的壮举，是一种条件反射式的本能反应。英雄已经离开，爱心市民竞相涌入栾留伟和妻子经营的火锅店，何尝不是人性中美好情感的条件反射？这个悲壮而又暖心的故事，再次说明了一个道理：爱出者爱返。 在那个小小的火锅店里，充满了浓浓的人间温情。有人驱车数十公里专程赶来，有人主动为忙不过来的店员提供帮助，有人因为时间来不及特意买走几瓶饮料以表敬意……恰如一位客人所说“吃饭是小事，主要是想尽自己的一份力”。这是一种朴素的本能，也是一种真正意义上的慈善――唯有润物无声，善意才更容易让人感觉温暖。 为了营救素昧平生的落水儿童，栾留伟毫不犹豫地挺身而出；为了帮衬栾留伟妻子的生意，素昧平生的北京市民自发形成爱心接力。这一幕幕令人动容。置身于“生人社会”中，人与人之间的接触日益频繁，相互之间的关怀越来越不可或缺，那些素昧平生的热心人，总是更容易让人感到欣慰、产生共鸣。 仁者爱人，只有关爱别人，才能在别人需要帮助的时候伸出援手，在别人陷入危难的时候挺身而出。这种崇高而理想的人生境界，就是我们当下念兹在兹的公共精神。每一个奋不顾身的平民英雄，每一个润物无声的凡人善举，都能让人看到“仁以为己任”的朴素理想，感受到那种直抵人心的坚韧力量。每一份善良都会散发光芒，每一颗善的种子都会抑制不住向上生长，汇聚起爱的力量，我们的生活将更加温暖而美好。（央广网特约评论员 赵志疆） 仁者爱人，只有关爱别人，才能在别人需要帮助的时候伸出援手，在别人陷入危难的时候挺身而出。这种崇高而理想的人生境界，就是我们当下念兹在兹的公共精神。每一个奋不顾身的平民英雄，每一个润物无声的凡人善举，都能让人看到“仁以为己任”的朴素理想，感受到那种直抵人心的坚韧力量。每一份善良都会散发光芒，每一颗善的种子都会抑制不住向上生长，汇聚起爱的力量，我们的生活将更加温暖而美好。,,,https://www.cnr.cn/newscenter/comment/cnrp/20240824/t20240824_526869782.shtml,2026-06-16 23:48:27
央广网评,【央广网评】悟空“刷屏” 中国神话凭什么惊艳了世界 首款国产3A游戏《黑神话：悟空》8月20日发布，随即全网“刷屏”甚至火到了海外。这款游戏的出圈出海，得益于将游戏制作的技术、创意与中华传统优秀文化完美结合，呈现出堪比电影的中式审美效果。比如，制作团队历时7年时间，通过实景扫描技术把遍布十余省市的数十座古建、石像上传、建模、加工，成为游戏的场景、机关；从主角孙悟空到各类神佛妖怪的形象都是中式审美，,2024-08-21,在海外的社交平台,首款国产3A游戏《黑神话：悟空》8月20日发布，随即全网“刷屏”，甚至火到了海外。在国内的社交媒体上，有网友比对游戏取景地的历史文化，有网友用各种乐器演奏86版《西游记》片头曲《云宫迅音》，有人解析《西游记》中的角色故事；在海外的社交平台上，有人打听中国猴子的“身世”，很多网友晒出了不同语种、不同版本的《西游记》原著，交流着各自对这部中国名著剧情、角色的理解。 人们不禁好奇，一款游戏为什么能火到“出圈出海”、惊艳世界的程度？这主要得益于创作团队将游戏制作的创意、技术与中国神话经典完美结合，呈现出了堪比电影大片的精良品质。比如，从主角孙悟空到各类神佛妖怪的形象都是中式审美，甚至直接“复刻”了文物雕像的形象，中式传统服饰、道具器物也都细致入微，贯穿始终的介绍文字出自书法名帖。最令人称道的是，创作团队通过实景扫描技术把遍布十余个城市的名山大川和数十座古建筑上传、建模、加工，成为游戏亦真亦幻的机关场景，直观展示了优秀传统文化的独特魅力，“圈粉”了很多平日不玩游戏的广大受众。 游戏中的亢金龙形象与山西晋城玉皇庙中的亢金龙彩塑 正如一位网友所说，“我在法国当过‘刺客’，在北欧当过‘战神’，在日本当过‘武士’，但内心我一直期望在一款充满中国元素的游戏中成为英雄，去创造属于自己的故事。”这款游戏的开发公司创始人兼CEO冯骥接受媒体采访时也表示，做一款符合中国文化架构的游戏是其夙愿，团队共创“聊到《西游记》时，所有人都沉默了。这可能就是我们大家的集体记忆和兴奋点。” 实际上，对于无论是对86版《西游记》情怀满满的中年人，还是从小就与游戏为伴的Z世代，以及越来越瞩目中国的国际社会来说，这款充满“中国元素”的游戏问世，恰逢其时，也正符合了大家的期待。 《黑神话：悟空》游戏海报 正是源于对传统文化、游戏产业的热爱执着，以及不负期待的决心毅力，这个初期只有13人的制作团队，耗时7年精雕细琢一部作品，在资金支持方面也坚持品质为先未作过多商业妥协。从美术取景到技术研发，再到文史细节，“悟空”的爆火提示更多企业，专注于提升产品内容和产品体验，而不是迎合市场流量、以“速成快餐”追求短期回报，终会取得“真经”。 “悟空”全球圈粉的背后，远远不止一部游戏的走红。作为文化出海“新三样”，“悟空”这部游戏不仅满足了广大玩家的消费娱乐需求，更是沉浸式“讲好中国故事”的另一种有益尝试，在年轻人间架起一座“跨文化的桥梁”。（央广网评论员 姜葳） 首款国产3A游戏《黑神话：悟空》8月20日发布，随即全网“刷屏”甚至火到了海外。这款游戏的出圈出海，得益于将游戏制作的技术、创意与中华传统优秀文化完美结合，呈现出堪比电影的中式审美效果。比如，制作团队历时7年时间，通过实景扫描技术把遍布十余省市的数十座古建、石像上传、建模、加工，成为游戏的场景、机关；从主角孙悟空到各类神佛妖怪的形象都是中式审美，甚至直接“复刻”了古建雕塑的形象；中式传统服饰和器物也都细致入微。这不仅满足了国内玩家的消费娱乐需求，也是“讲好中国故事”的另一种有益尝试。,,,https://www.cnr.cn/newscenter/comment/cnrp/20240821/t20240821_526863919.shtml,2026-06-16 23:48:27
央广网评,【央广网评】利用制度漏洞骗保 工伤“保命钱”岂能这么用！ 工伤保险又称职业伤害保险，主要是为保障工伤职工医疗及其基本生活，是国家和社会对劳动者的补偿，也是劳动者的基本权利。可是，工伤骗保案件的发生，实在令人痛心，也再次警醒有关各方，应该不断扎紧制度的“笼子”，提升监管能力，管好用好万千劳动者的“保命钱”。 2024,2024-08-21,若非医院,据总台中国之声报道，近日，有知情人士反映，北京市化工职业病防治院和一些被认定为工伤的患者把工伤保险视为“唐僧肉”“取款机”：电脑里显示几十人因职业病住院治疗，实际却只有几个人在病房；吸氧、输液、服药治疗一样不少，氧气却被放掉，输液和雾化用药直接丢进垃圾箱；90余天里就诊104次，且大量开药…… 工伤保险又称职业伤害保险，主要是为保障工伤职工医疗及其基本生活，是国家和社会对劳动者的补偿，也是劳动者的基本权利。可是，工伤骗保案件的发生，实在令人痛心，也再次警醒有关各方，应该不断扎紧制度的“笼子”，提升监管能力，管好用好万千劳动者的“保命钱”。 从报道可知，工伤骗保主要集中在违规大量开药，以及通过“假住院”骗取生活补助等方面。这些骗术其实并不高明，背后不乏黑手在推波助澜，某种程度上已经形成了灰色的利益链条。四五十人动辄“假住院”一个周期56天，一年住四五次，且每天都在做各种“治疗”，若非医院配合，是不可能完成的。同样，像某些患者在90余天内门诊就诊100余次，每次都会开出数百元、甚至上千元的各种药品，其背后若说没有一条收药、售药的稳定链条，也很难让人相信。 工伤患者都是付出了健康代价的劳动者，像很多尘肺病人，他们长期受病痛折磨，生活质量并不高。工伤开药全额报销、医疗费用不设限额等，本是为了让工伤患者权益更有保障，而不是用来套利的。至于专业的职业病防治医院为凑患者数和床位数，弄虚作假，串通患者公然行骗，不仅丧失了医者的职责操守，也浪费了宝贵的医疗资源和工伤保险基金。 工伤保险基金关系到每位参保人的切身利益。数据显示，截至6月底，全国工伤保险参保人数为2.99亿人，同比增加478万人。强力治理工伤骗保行为，一方面，有关监管部门要下大力气从普遍问题入手，严查工伤患者以及职业病防治机构的异常行为，清除灰色的收药、售药链条，对于搞“假住院”的机构更要严厉惩处。另一方面，我们要坚持人民至上、生命至上，不断深化改革，探索实施更科学、更精准的工伤保险管理办法，尽快完善工伤保险和医保的联动互通，确保工伤保险运行在阳光下，真正把“保命钱”用在刀刃上，为劳动者筑牢安全屏障，惠及更多需要的人。（央广网特约评论员 龙之朱） 工伤保险又称职业伤害保险，主要是为保障工伤职工医疗及其基本生活，是国家和社会对劳动者的补偿，也是劳动者的基本权利。可是，工伤骗保案件的发生，实在令人痛心，也再次警醒有关各方，应该不断扎紧制度的“笼子”，提升监管能力，管好用好万千劳动者的“保命钱”。,,,https://www.cnr.cn/newscenter/comment/cnrp/20240821/t20240821_526862520.shtml,2026-06-16 23:48:27
央广网评,【央广网评・看奥运】告别巴黎再出发 中国体育的故事一定更精彩 巴黎奥运会虽然结束，但塞纳河的夏天终将被铭记。致敬每一位中国健儿！告别巴黎奥运会，相信属于“00后”的精彩故事才刚刚开始，属于中国的体育故事也将开启更璀璨篇章。带着骄傲与梦想，下一站，我们再见！ 2024,2024-08-12,,北京时间8月12日凌晨，举世瞩目的巴黎奥运会缓缓落下帷幕。40金27银24铜！中国军团交出了境外奥运会参赛最佳成绩单。16天里，404名中国健儿奋力拼搏、挑战极限，创造了一个又一个奇迹，续写了中国体育新的荣光。人们不断重温并津津乐道那些精彩的瞬间，并将其写入我们共同的国民记忆。 “干饭哥”盛李豪和“阿条姐”黄雨婷沉着冷静，成功射落“首金”；无惧杂音质疑，中国游泳健儿上演惊天大逆转，摘得男子4×100米混合泳接力金牌，用实力赢得世界的尊重；在罗兰・加洛斯球场，郑钦文创造历史，站上网球女单最高领奖台，引无数人动容；在大溪地的管浪中，来自大凉山的15岁姑娘杨思琪凭借着勇气和自信乘风破浪……傲人的成绩背后，是无数汗水的浇灌，更是因为“站在巨人的肩膀上”。遥想1984年，我们实现了夏季奥运会金牌零的突破。金牌数量从1到300，是中国体育强国建设的一个缩影，更是我们综合国力和国家软实力的生动写照。 综合国力的提升，文化自信的增进，不仅带来更强的科技助力，也带给我们新一代运动员奋发的朝气和大方自信的神采。平视世界、充满个性，真实又可爱、竞争且尊重……中国运动员用自己的行动诠释了奥林匹克精神的真谛，塑造了丰富立体的中国运动员群像。 值得一提的是，此次出征巴黎奥运会的中国运动员中，“00后”占到一半；中国收获的40枚金牌背后，有26位“00后”运动员的身影。尤其是在一些新兴项目、小众项目和被垄断项目上，如滑板、自由式小轮车、艺术体操、男子100米自由泳等，“00后”含量着实不低，并代表中国队取得新的突破。他们勇于追梦、敢于造梦，不自我设限，有“舍我其谁”的豪情，更有不断自我超越的奋进。在社交网络上，观众为他们大方送上掌声的同时，也不忘加上一句“少年强则国强”的“呐喊”。我们乐见，赛场上刮起的“青春风暴”，将激活更多梦想，带来更多奇迹。 巴黎奥运会虽然结束，但这个塞纳河的夏天已经定格了太多精彩瞬间。致敬每一位中国奥运健儿！告别巴黎奥运会，属于“00后”的精彩故事才刚刚开始，属于中国体育的故事也将开启更加璀璨的篇章。带着骄傲与梦想，下一站，我们再见！（央广网特约评论员 莫洁） 巴黎奥运会虽然结束，但塞纳河的夏天终将被铭记。致敬每一位中国健儿！告别巴黎奥运会，相信属于“00后”的精彩故事才刚刚开始，属于中国的体育故事也将开启更璀璨篇章。带着骄傲与梦想，下一站，我们再见！,,,https://www.cnr.cn/newscenter/comment/cnrp/20240812/t20240812_526849088.shtml,2026-06-16 23:48:27
央广网评,【央广网评・看奥运】岁月见证荣耀 向拼搏在奥运赛场的老将们致敬！ 巴黎奥运会已至尾声，即将落下帷幕。中国奥运健儿顽强拼搏，中国代表团斩获颇丰。连日来，“水灵灵的00后开始扛事儿了”引发热议。中国“00后”健儿“硬控”赛场，掀起青春风暴，令人刮目相看。 2024,2024-08-11,,巴黎奥运会已至尾声，即将落下帷幕。中国奥运健儿顽强拼搏，中国代表团斩获颇丰。连日来，“水灵灵的00后开始扛事儿了”引发热议。从被称为“小孩姐、小孩哥”的黄雨婷、盛李豪，到被赞为“（游得）像一颗子弹”的中国“飞鱼”潘展乐，再到说出“Queen Wen这个词，我实至名归”的郑钦文……中国“00后”健儿“硬控”赛场，掀起青春风暴，令人刮目相看。 年轻小将披荆斩棘、表现出彩，值得点赞；老将们沉稳坚定，全力以赴，同样赢得赞誉。 比如，被誉为“六边形战士”的乒乓球老将马龙，与队友一道助力中国男乒实现奥运团体项目五连冠，他也成为中国奥运史上首位“六金王”；四战奥运的汪顺在本届奥运会上，夺得男子200米个人混合泳决赛铜牌。同样是奥运会“四朝元老”的跳水运动员曹缘，从伦敦到里约，从东京到巴黎，始终发挥稳定，收获满满……在老将们身上，可以深切感受到追求卓越的信念和永不言败的精神。 追梦过程中，不必以奖牌论英雄。本届奥运会，是35岁的巩立姣第五次征战奥运。尽管未能如愿拿到奖牌，但她超越自我的拼搏精神，仍然令人肃然起敬。 无独有偶。今年37岁的刘虹是本届奥运会中国体育代表团年龄最大的选手，在女子20公里竞走决赛中以第21名完赛。20多年的体育生涯，刘虹从未停下脚步，这样的坚持令人动容。值得一提的是，比赛中，杨家玉和前辈刘虹相遇。“一路领跑的杨家玉在套圈前辈刘虹时，两人相视一笑”。这个细节让人感慨，有网友称，刘虹对竞走的热爱与坚持、对新人的传承与激励，早已成为她胸前一枚永久的金牌。 岁月见证荣耀，拼搏铸就传奇。对于老将们来说，此次奥运也许是他们的“最后一舞”。应该说，新老交替本是竞技体育的一大特点，他们退出了奥运舞台，但他们的顽强拼搏令人铭记，永不“退出”我们的记忆。更让老将们欣慰的是，中国体育，后浪奔涌。“00后”乃至“05后”已经闪亮登场，闪耀舞台，这种薪火相传让人欣喜。 近日，马龙在社交媒体上发声：“从伦敦到巴黎，走了很远很久的一段路。辛苦了，很完美。谢谢站在我身边和身后的所有人。”我们也要谢谢老将们的付出，向他们致敬，致敬他们的坚持与奋斗、奉献与担当，致敬他们对体育的深沉热爱，以及为国争光、不辱使命的情怀。奥运赛场见证了他们的成长和辉煌，在他们的精神引领下，相信中国体育事业将不断汲取力量，持续蓬勃发展。（央广网特约评论员 秦川） 巴黎奥运会已至尾声，即将落下帷幕。中国奥运健儿顽强拼搏，中国代表团斩获颇丰。连日来，“水灵灵的00后开始扛事儿了”引发热议。中国“00后”健儿“硬控”赛场，掀起青春风暴，令人刮目相看。,,,https://www.cnr.cn/newscenter/comment/cnrp/20240811/t20240811_526847081.shtml,2026-06-16 23:48:27
央广网评,【央广网评・看奥运】中国艺术体操夺金 东方美学征服世界 昨晚，中国艺术体操团体全能摘金，让国人惊喜，让世界惊艳。特别是第二轮《凤鸣凌霄》以汉唐国风为主题，通过运用彩带模拟琵琶古筝等民乐，尽展东方美学。此外，中国选手王子露也以一曲《秦王破阵乐》，获得艺术体操个人全能第七，创造此项目的奥运最佳成绩。艺术体操起源于欧洲，这是中国艺术体操首枚奥运金牌，也是整个亚洲的首枚奥运金牌。正是深厚璀璨的中华传统文化,2024-08-11,,8月10日的奥运赛场上，我国选手在艺术体操团体全能赛为中国队摘得第35金，让国人惊喜，让世界惊艳。这是中国艺术体操的首枚奥运金牌，也是整个亚洲的首枚奥运金牌。从东京奥运会的《飞天月舞》《天地英雄》，到此次奥运会上汉唐风满满的《凤鸣凌霄》，东方美学再次征服世界。 在昨晚的艺术体操团体全能赛场，中国选手的表现堪称惊艳。特别是在第二轮以汉唐国风为主题的《凤鸣凌霄》中，云肩流苏，中式传统的朱玄配色；彩带琴弦，抹挑之间弦声铮然乍起；彩练当空成环，像一盏明灯升空，交错落下时又营造出烟花绽放般的效果；《明灯引》《天军行阵乐》等古筝、琵琶领衔的中国民乐，伴以隐约的戏剧唱腔……在短短两分半的时间里，仿佛一场令人目不暇接的文化盛宴，尽展东方美学，令人沉醉。 此前，中国选手王子露也以一曲《秦王破阵乐》，获得艺术体操个人全能决赛第七，创下了中国运动员在该项目的奥运最好成绩。再往前追溯，上届东京奥运会中国艺术体操队凭借《飞天月舞》《天地英雄》获得殿军佳绩；《水龙吟》《破阵乐》获2023年世锦赛5圈单项金牌，这是中国艺术体操队首次拿到世界冠军。 艺术体操项目发源于欧洲，从比赛规则、审美取向，到获奖选手乃至裁判员，几乎历来由欧洲运动员主宰，其他地区的运动员无不是学习模仿欧洲队伍进行训练。中国队在欧洲强队的包围圈里成功突围，从此前的部分穿插一些民族元素，到如今从服饰到配乐成套展示中国风，在欧洲摘取的这顶桂冠格外有深远意义和文化价值。 赛场上下，姑娘们眼角眉梢的盈盈笑意，早已将文化自信、民族自豪大方地展现无遗。中国艺术体操队教练孙丹在此前接受媒体采访时说，为了培养队员们的文化素养和艺术表现力，曾带她们去敦煌莫高窟采风，与研究学者交流；通过学习中国古代历史加深理解，参观展览研究古代服饰配色，在茶室办读书会陶冶情操……可以说，正是深厚璀璨的中华优秀传统文化的底蕴与姑娘们的力量技巧完美结合，最终征服了“挑剔”的裁判，再次创造历史。（央广网评论员 姜葳） 昨晚，中国艺术体操团体全能摘金，让国人惊喜，让世界惊艳。特别是第二轮《凤鸣凌霄》以汉唐国风为主题，通过运用彩带模拟琵琶古筝等民乐，尽展东方美学。此外，中国选手王子露也以一曲《秦王破阵乐》，获得艺术体操个人全能第七，创造此项目的奥运最佳成绩。艺术体操起源于欧洲，这是中国艺术体操首枚奥运金牌，也是整个亚洲的首枚奥运金牌。正是深厚璀璨的中华传统文化底蕴与姑娘们的力量技巧完美配合，最终征服了“挑剔”的裁判再次创造历史。,,,https://www.cnr.cn/newscenter/comment/cnrp/20240811/t20240811_526846770.shtml,2026-06-16 23:48:27
央广网评,【央广网评・看奥运】超越奖牌 “永不言弃”的精神重千钧 我们深知，竞技体育要看成绩，运动员也要以分数、名次、纪录为目标，但我们更清楚，在金牌、奖牌之外，还有更重要的东西：对顽强拼搏、挑战自我、越挫越勇的精神的赞许，对运动员努力与付出的敬重与爱护。 2024,2024-08-10,很多认识或不认识石智勇的网友纷纷在石智勇社交平台,北京时间8月9日凌晨，在巴黎奥运会举重男子73公斤级决赛中，“三朝元老”石智勇尽管在抓举中取得较大优势，但在挺举中，三次试举191kg都未成功，最终无缘奖牌，遗憾离场。 熟悉举重项目的人对石智勇这个名字都不会陌生。他是2016年里约奥运会男子69公斤级、2020年东京奥运会男子73公斤级的冠军。此外，在世锦赛、世界杯、全运会等国际国内运动场上，石智勇也屡屡斩获佳绩。但冠军不是天生的，伴随着石智勇一路摘金夺银举重生涯的，还有屡屡发作的伤痛和外国选手强势崛起带来的压力。 赛后，石智勇流下了遗憾的泪水，表示“对不起大家”。但他超越自我的勇气和顽强拼搏、永不言弃的精神，感动了无数关心、关注着他的人。很多认识或不认识石智勇的网友纷纷在石智勇社交平台的评论区留下安慰、鼓励、支持和祝福：“站在奥运会赛场上，已经很棒了！”“千万不要自责，养好身体”“在人生的颁奖台你就是冠军！”……网友们的话语朴素又暖心。 这种温馨的画面在此次奥运会期间已经多次出现。在女子100米蝶泳决赛中，“蝶后”张雨霏摘铜；在女子10米气步枪决赛中，黄雨婷以0.1环之差，获得银牌；在射箭女子团体决赛中，安琦轩、杨晓蕾和李佳蔓组成的中国队不敌韩国队，获得亚军……但他们无一例外地获得了网友们的掌声和点赞。 竞技体育是残酷的，冠军只有一个，奖牌只颁给前三名，但如今观众们的心态早已发生了变化，可以以更加理性、平和的态度观看比赛、对待输赢。我们深知，竞技体育要看成绩，运动员也要以分数、名次、纪录为目标，但我们更清楚，在金牌、奖牌之外，还有更重要的东西：对顽强拼搏、挑战自我、越挫越勇的精神的赞许，对运动员努力与付出的敬重与爱护。我们向往得奖，但并不“唯奖牌论”。我们为那些获奖的运动员献上鲜花和掌声，也从不吝惜向暂时的失意者表达安慰和鼓励。某种程度上说，这也是我们大多数普通人与奥运精神建立连接、产生共鸣的一种方式。 “现代奥林匹克之父”顾拜旦在《体育颂》中，对体育作了热情讴歌。在他的笔下，体育除了是“荣誉”，还是“美丽”“正义”“勇气”“乐趣”“培育人类的沃土”“进步”“和平”。鲁迅先生曾说：“我每看运动会时，常常这样想：优胜者固然可敬，但那虽然落后而仍非跑至终点不止的竞技者，和见了这样竞技者而肃然不笑的看客，乃是中国将来的脊梁。”就在这场没有获得奖牌的竞赛中，运动员和观众共同收获了我们对体育精神的信仰。这份信仰，超越奖牌，重达千钧。（央广网特约评论员 之心） 我们深知，竞技体育要看成绩，运动员也要以分数、名次、纪录为目标，但我们更清楚，在金牌、奖牌之外，还有更重要的东西：对顽强拼搏、挑战自我、越挫越勇的精神的赞许，对运动员努力与付出的敬重与爱护。,,,https://www.cnr.cn/newscenter/comment/cnrp/20240810/t20240810_526844081.shtml,2026-06-16 23:48:27
央广网评,【央广网评】甲醛检测弄虚作假 公众健康岂容如此“忽悠”！ 检验检测，重在一个“信”字。室内空气质量检测关系到千家万户的健康福祉，容不得半点弄虚作假。《“十四五”市场监管现代化规划》中明确提出“服务效能、行业环境”等四大类发展目标，要“提高质量认证服务能力”“加大认可和检验检测改革创新力度”。只有通过全面、深入的整治，才能还甲醛检测行业一片净土，让广大消费者真正享受到安全、健康的居住环境。 2024,2024-08-08,,近日，央广网记者调查发现，室内甲醛检测乱象丛生。所谓的检测机构可以随意更改检测结果，并通过制造“甲醛焦虑”，诱导消费者购买其“治理”产品，然而经治理后甲醛的含量也并未达标，严重侵害消费者合法权益。（ 此前报道>>> ） 如今，随着人们对居住环境健康要求的日益提升，室内空气质量尤其是甲醛污染问题，备受关注。甲醛检测作为衡量室内污染程度的重要手段，本应科学严谨，但检测机构在利益驱动下的一系列违规操作，不仅是对消费者权益的极端漠视，更是让消费者陷入健康安全风险之中。 此现象并非孤例，折射出整个甲醛检测行业内部秩序混乱、监管存在缺失的问题。正如报道中所提到的，甲醛检测从业门槛低，仅需要采购些仪器和配置药剂，就可以通过发展加盟商圈钱。一些企业先通过包装品牌吸引加盟商，这个品牌出事了，再换另一个品牌。先检测后治理，这种“又当裁判员又当运动员”做法，也反映出行业的不规范、不严谨。 面对广阔的市场需求和纷乱的行业失序现状，亟须采取有力措施进行整治。一方面，主管部门须建立健全行业性法规，从源头上提高检测行业的准入门槛，严格审查检测机构的资质和检测人员的专业水平，并明确检测标准和操作规程，杜绝“左手接检测、右手接治理”的商业模式，为检测行业提供清晰的行为准则和法律边界。同时，应加强对检测机构的日常监管检查，对违规行为“零容忍”，一旦发现即予以严厉处罚，以儆效尤。 检验检测，重在一个“信”字。室内空气质量检测关系到千家万户的健康福祉，容不得半点弄虚作假。《“十四五”市场监管现代化规划》中明确提出“服务效能、行业环境”等四大类发展目标，要“提高质量认证服务能力”，“加大认可和检验检测改革创新力度”。只有通过全面、深入的整治，才能还甲醛检测行业一片净土，让广大消费者真正享受到安全、健康的居住环境。（央广网评论员 王迟） 检验检测，重在一个“信”字。室内空气质量检测关系到千家万户的健康福祉，容不得半点弄虚作假。《“十四五”市场监管现代化规划》中明确提出“服务效能、行业环境”等四大类发展目标，要“提高质量认证服务能力”“加大认可和检验检测改革创新力度”。只有通过全面、深入的整治，才能还甲醛检测行业一片净土，让广大消费者真正享受到安全、健康的居住环境。,,,https://www.cnr.cn/newscenter/comment/cnrp/20240808/t20240808_526841815.shtml,2026-06-16 23:48:27
央广网评,【央广网评】执法部门依法亮剑 整治“饭圈”不能手软 8月7日，公安部网安局通报近期整治“饭圈”乱象的情况，表示将加强分析研判，强化工作举措，依法严厉打击涉体育领域的“饭圈”乱象。这向全社会发出一个强烈信号，对“饭圈”乱象必须采取“零容忍”态度予以严厉打击和整顿。 2024,2024-08-08,有关网络平台,8月7日，公安部网安局通报近期整治“饭圈”乱象的情况，表示将加强分析研判，强化工作举措，依法严厉打击涉体育领域的“饭圈”乱象。这向全社会发出一个强烈信号，对“饭圈”乱象必须采取“零容忍”态度予以严厉打击和整顿。 “饭圈”是指“粉丝”圈子，过去主要出现在文娱领域，表现为“粉丝”群体对某位演艺人员的喜爱、支持和追捧，后来逐渐演变成为一些超出合理范围的越界乃至极端行为。譬如，非法收集、售卖、购买偶像的行程信息，在机场聚众围堵偶像，跟踪偷拍甚至入侵偶像入住的酒店房间，搞对立、挑起网络骂战等……各类“饭圈”无所顾忌，给一些演艺人员的日常生活、工作造成极大困扰和精神压力。 近年来，“饭圈”乱象侵袭体育界。最近发生在巴黎奥运会赛场上的一幕就非常典型，两名中国乒乓球选手包揽金银奖牌，对国人来说本是双喜临门的好事。不料，现场一些观赛“粉丝”却因金牌获得者不是自己喜欢的运动员而向夺金运动员“喝倒彩”，场面十分尴尬，正如很多网友所怒斥，这一操弄“真是丢人丢出国！”对此，有关网络平台对涉体育“饭圈化”不良内容进行了清理，对相关账号视违规情况予以阶段性禁言乃至永久禁言处置。 喜欢、支持某位运动员，并由此认识、爱上某类体育项目，这本是正常且很美好的事情。但如果这些“喜欢”脱离了正常行为，没有对运动员的基本尊重，甚至侵犯运动员的个人隐私、损害他人名誉、扰乱公共秩序，那么这种“喜欢”就变味了、变态了，这种“疯狂的爱”就已不是文明行为，而是涉嫌违法犯罪。我们必须看到，在“饭圈”乱象的背后，必有黑手的推波助澜――他们利用“粉丝”对偶像的热情，通过非法收集、贩卖运动员个人隐私信息及签名卡片、集资应援、操纵网络舆论等方式谋取私利。对此，有关部门必须依法给予严厉查处和打击，才能从源头上杜绝此类问题的发生。 如今，执法部门依法亮剑，加强对“饭圈”乱象的分析研判，强化整治举措。我们希望相关部门加强协同联动，从源头上彻底铲断各类“饭圈”的利益链条，决不手软。那些在幕后操纵“饭圈”的黑手，不要心存侥幸，试图躲避一阵子，然后依旧肆意妄为，否则，等待他们的必将是法律的严惩。（央广网评论员 陈锐海） 8月7日，公安部网安局通报近期整治“饭圈”乱象的情况，表示将加强分析研判，强化工作举措，依法严厉打击涉体育领域的“饭圈”乱象。这向全社会发出一个强烈信号，对“饭圈”乱象必须采取“零容忍”态度予以严厉打击和整顿。,,,https://www.cnr.cn/newscenter/comment/cnrp/20240808/t20240808_526841726.shtml,2026-06-16 23:48:27
央广网评,【央广网评・看奥运】“因为喜欢就要一直滑下去” 无缘金牌的拼搏同样闪闪发光 巴黎奥运会的赛程已经过半。在过去的一周里，一场场精彩比赛牵动着全球观众的目光和心情。跌宕起伏的竞赛场面和冲金夺冠的高光时刻，再次让人感受到奥运会的独特魅力和至高荣耀。同时，那些拼尽全力却未能得奖或夺冠的运动员，也展现出了坚韧不拔、乐观向上的精神面貌，同样值得掌声。 2024,2024-08-07,,巴黎奥运会的赛程已经过半。在过去的一周里，一场场精彩比赛牵动着全球观众的目光和心情。跌宕起伏的竞赛场面和冲金夺冠的高光时刻，再次让人感受到奥运会的独特魅力和至高荣耀。同时，那些拼尽全力却未能得奖或夺冠的运动员，也展现出了坚韧不拔、乐观向上的精神面貌，同样值得掌声。 中国体操选手肖若腾在男子个人全能决赛中，以零失误完成比赛，拿下铜牌。尽管有与金牌失之交臂的诸多遗憾，他坦然表示：“作为一名运动员，有完成目标的时候，也有完不成的时候，但永远不要放弃拼搏，这是我们的使命和责任。” 在女子街式滑板决赛中，14岁的崔宸曦奋力一战，最终排名第四，虽然无缘领奖台，却已经创造了中国队在该项目的最佳战绩。她有点失望，但也告诉自己：“来到奥运会就已经很厉害了，重要的是享受比赛。” 作为铁人三项女子个人赛中唯一一名中国选手，“00后”小将林鑫瑜最终排名第28名，这个成绩刷新了中国在该项目上第32名的历史最好成绩，将中国“女铁人”的荣耀推向了新的高度。对此，林鑫瑜感到很骄傲：“无论是什么成绩，只要是我尽了最大努力，就已经成功了。这次比赛给了我以后继续努力的信心，有了去追赶世界水平的动力。” 拿奖、夺冠，自然是每一个奥运健儿孜孜以求的梦想。但竞技体育是残酷的，每个项目只有一块金牌，能登台领奖的人屈指可数。何况在奥运赛场上，登台竞技的都是世界顶级高手，可谓巅峰对决，想要脱颖而出是难上加难，多数选手拼尽全力也只能无缘奖牌，其中的遗憾可想而知。不过，奖牌从来就不是运动员的唯一追求，拿不到奖牌绝不代表“失败”。奥林匹克精神的内核在于不断挑战自己、突破自己。只要全力以赴，更进一步，哪怕拿不到奖牌，也值得尊敬、值得掌声。 “因为喜欢，就要一直滑下去。”崔宸曦的这句肺腑之言令人动容，让人看到中国选手对体育运动纯粹的热爱、追求、拼搏、坚持，以及中国青年自信阳光、积极向上的状态，这本身就有足够的含金量，比奖牌更闪耀。如今，赛程已过半，祝愿运动健儿们在下半场的比赛中尽情享受竞技的快乐、拼搏的快乐。不论得奖与否，每一个拥抱梦想、全力冲刺的人都是闪闪发光的。（央广网评论员 陈锐海） 巴黎奥运会的赛程已经过半。在过去的一周里，一场场精彩比赛牵动着全球观众的目光和心情。跌宕起伏的竞赛场面和冲金夺冠的高光时刻，再次让人感受到奥运会的独特魅力和至高荣耀。同时，那些拼尽全力却未能得奖或夺冠的运动员，也展现出了坚韧不拔、乐观向上的精神面貌，同样值得掌声。,,,https://www.cnr.cn/newscenter/comment/cnrp/20240807/t20240807_526837712.shtml,2026-06-16 23:48:27
央广网评,【央广网评】一漂流景区大量游客滞留 旺季叠汛期须做万全准备 据媒体报道，8月3日辽宁省抚顺市清原满族自治县红河峡谷漂流景区有上万游客滞留，现场混乱无人响应。4日，清原县人民政府发布《关于红河峡谷漂流景区游客滞留情况的通报》提到，当天红河峡谷漂流景区客流激增，景区内摆渡大巴车无法正常通行，景区周边道路出现交通拥堵，部分游客长时间滞留。作为一家国家4A级景区，该漂流景区此次事件暴露了当地在接待能力、服,2024-08-05,,据媒体报道，8月3日，辽宁省抚顺市清原满族自治县红河峡谷漂流景区有上万游客滞留，现场混乱无人响应，有游客堵在半路到不了景区，还有一些游客结束漂流等不来摆渡车，只好在山道间人车混杂步行2公里返回。4日，清原满族自治县人民政府发布《关于红河峡谷漂流景区游客滞留情况的通报》确认，当天红河峡谷漂流景区客流激增，景区内摆渡大巴车无法正常通行，景区周边道路出现交通拥堵，部分游客长时间滞留。 作为一家国家4A级景区，该漂流景区此次事件直接暴露了当地在接待能力、服务管理、交通统筹、应急响应等方面严重的管理疏漏。此事不仅损害了景区的声誉、对当地旅游形象造成负面冲击，更将广大游客的消费者权益乃至人身安全悬置无着。当地县政府和景区管理部门连夜安置以及“退款+赔偿”的迅速反应，在一定程度上体现出了对善后事宜的重视和诚意，但更重要的是如何有效避免再发生类似事件。 根据官方通报，该景区目前因大雨等天气原因“暂停营业”。需要追问的是，景区门票发售是否存在超过接待能力的情况？工作人员是否有做好服务的意识和素养？出现了突发状况，应急预案为什么没能第一时间高效响应？不能等事情“闹大了”才有人出面解决善后问题。无论如何，游客的安全和体验应该且必须是第一位的，景区的接待能力、服务水平要跟得上文旅市场更高的要求。 这也给各地旅游业敲响警钟，眼下正是旅游旺季叠加汛期，绝不能只顾门票收益上去了，服务却掉链子，必须充分重视客流、天气等各方面的风险评估，不厌其烦地做好万全准备，以落实到细节的各种管理和预案，并结合大数据监测等技术手段，切实提升服务质量水准，为广大游客带来更佳体验。（央广网评论员 姜葳） 据媒体报道，8月3日辽宁省抚顺市清原满族自治县红河峡谷漂流景区有上万游客滞留，现场混乱无人响应。4日，清原县人民政府发布《关于红河峡谷漂流景区游客滞留情况的通报》提到，当天红河峡谷漂流景区客流激增，景区内摆渡大巴车无法正常通行，景区周边道路出现交通拥堵，部分游客长时间滞留。作为一家国家4A级景区，该漂流景区此次事件暴露了当地在接待能力、服务水平、交通统筹、应急响应等方面严重的管理疏漏。县政府和景区管理部门退款+赔偿的迅速反应，在一定程度上体现出了对善后事宜的重视和诚意，但更重要的是如何有效避免再发生类似事件。这也给各地旅游业敲响警钟，眼下正是旅游旺季叠加汛期，不能只顾门票收益上去了、服务却掉链子，必须充分重视客流、天气等各方面的风险评估，以落实到细节的各种管理预案切实提升服务质量，为广大游客带来更佳体验。,,,https://www.cnr.cn/newscenter/comment/cnrp/20240805/t20240805_526835401.shtml,2026-06-16 23:48:27
央广网评,【央广网评・看奥运】中国网球历史性夺冠 拼到最后一刻的意志力胜了 当地时间8月3日，在巴黎奥运会网球女单决赛中，中国选手郑钦文以总比分2,2024-08-04,,当地时间8月3日，在巴黎奥运会网球女单决赛中，中国选手郑钦文以总比分2-0战胜克罗地亚球员维基奇，夺取冠军，为中国赢得首枚奥运网球单打金牌。 奥运网球女单决赛上的郑钦文（图源：新华社） 对所有中国观众而言，这是一个令人沸腾且难忘的夜晚――这个看起来始终战斗力满格的中国姑娘果然不负众望，在巅峰对决中赢得了属于她的胜利，让人为之欢呼、激动。 对“00后”郑钦文来说，首次参加奥运会就获得了奥运女单冠军，可谓是一战成名。要知道，三年前东京奥运会举办时，不到19岁的郑钦文世界排名刚刚进入前300位，奥运会对她来说还显得有些遥远。从2022年首次参加法网就闯入16强，到2023年在美网进入女单8强，再到2024年夺得澳网女单亚军，郑钦文的战绩可谓一路高歌猛进。本次奥运赛场上的胜利更是进一步刷新其个人纪录，实现了极大的自我突破。 对中国网球来说，郑钦文奥运夺冠更是一个历史性时刻。这是继2004年雅典奥运会网球女双夺冠后，中国网球时隔20年再夺奥运金牌，也是中国网球首枚奥运女单金牌。这不仅实现了中国选手在该项目上的历史性突破，也让郑钦文成为亚洲第一位获得奥运单打金牌的网球运动员。郑钦文身披国旗庆祝夺金的瞬间，让所有观众共同见证了一个中国奥运健儿的家国情怀。 奥运网球女单决赛上的郑钦文（图源：新华社） 郑钦文此次巴黎奥运之战可谓过五关、斩六将，一路充满艰辛，但她始终展现出顽强的意志力和战斗力，令人心生敬意。 在1/8决赛中，她苦战3个多小时，逆转美国选手纳瓦罗；1/4决赛，又是历经3个小时的激战，在决胜盘1-4落后的不利局面下，最终以大比分2-1逆转两届大满贯得主、德国老将科贝尔晋级四强，追平李娜在北京奥运会上取得的成绩；半决赛，面对自己此前从未战胜过的世界排名第一的波兰名将斯瓦泰克，郑钦文并未怯场，反而表现强劲，以2-0战胜对手闯入决赛…… 每一场都是3个多小时的鏖战，面对的都是世界名将，身高1.78米、肤色黝黑的郑钦文始终如同斗士般奋战到底、表现神勇。但令人敬佩的不只是她惊人的战斗力和爆发力，更是她身上那股“一定要拼到底”的劲儿。在半决赛战胜波兰名将斯瓦泰克时，她说出了内心的想法：“我终于证明了，我可以在她最擅长的场地上打败她，我一直知道我可以做到。”同时，她又清醒地认识到：“我的战斗还没有结束。虽然不知道决赛会发生什么，但我可以保证的是，我一定会拼到最后一口气。”她说，“虽然我很累，却感觉可以继续打，即使现在让我为我的国家再打三个小时，我仍然愿意再来一次！”这些肺腑之言让我们看到，一位不满22岁的姑娘，在最美好的年华登上梦想的奥运舞台，她会多么珍惜来之不易的机会，也正是这种为梦想、为中国网球而战的使命感和信念感，让她撑到最后一刻，拼到最后一刻，直至夺取胜利。 奥运网球女单决赛上的郑钦文（图源：新华社） 夺冠后，郑钦文说到自己的感想：“请勇敢地去做梦，因为只有去做梦才能够产生一个目标去实现。但是更别忘了，这一路上可能会有艰辛、困难、疑惑、付出、泪水、失败，但是一定要享受这个过程，因为所有的失败都是为了下一刻的成功。如果你站在我今天这个位置上，你会发现过去一切的付出都是值得的，会觉得人生不虚此行。”这些发自内心的感言，不仅让我们理解了一个冠军是如何诞生的，也让每一个观赛的人获得精神力量――去热爱、去拼搏，无论路上会有多艰难，拼到最后一刻就对了。（央广网评论员 陈锐海） 当地时间8月3日，在巴黎奥运会网球女单决赛中，中国选手郑钦文以总比分2-0战胜克罗地亚球员维基奇，夺取冠军，为中国赢得首枚奥运网球单打金牌。,,,https://www.cnr.cn/newscenter/comment/cnrp/20240804/t20240804_526832733.shtml,2026-06-16 23:48:27
央广网评,【央广网评・看奥运】“影院+奥运” 解锁文体消费新场景 赛事如火如荼，比拼紧张激烈，巴黎奥运会正吸引了全球目光。对每一个体育爱好者来说，这场盛会不容错过，观看比赛是参与其中的绝佳方式。如何观赛才过瘾？除了电视和互联网，这一次，中国观众还“解锁”了一个全新的打开方式――走进影院，透过大屏看比赛。 2024,2024-08-02,,赛事如火如荼，比拼紧张激烈，巴黎奥运会正吸引了全球目光。对每一位体育爱好者来说，这场盛会不容错过，观看比赛是参与其中的绝佳方式。如何观赛才过瘾？除了电视和互联网，这一次，中国观众还“解锁”了一个全新的打开方式――走进影院，透过大屏看比赛。 在巴黎奥运会期间，全国800多家影院向公众推出赛事直播活动，只要预约拼场的观众人数达到开场标准，观众就能走进影院，一起观看比赛直播。活动一经推出就受到许多观众的喜爱和参与。以7月30日为例，当日乒乓球混双决赛的总票房超过百万元，在0.1%排片的情况下实现了1%的票房产出。 观众在影院看奥运直播 走进影院看比赛，对观众来说，无疑是一次新鲜且丰富的体验。除了更大更高清的屏幕和立体音响带来的耳目一新的视听感受外，一起看比赛的氛围感和互动感显得更为有趣。譬如，与平时看电影保持安静不同，观看比赛直播时，人们可以交流看法；当比赛进入激烈阶段，观众们一起鼓掌、欢呼甚至尖叫，将内心的激动与兴奋真实地释放出来；当荧幕上的颁奖仪式奏响国歌时，很多观众齐唱国歌；一些球迷还特意为喜爱的运动员带上精心制作的应援小横幅、小卡片，宛如到了比赛现场…… 这种体验有点像聚会，就像几个好朋友聚在家里或者餐馆，喝啤酒、看比赛、聊聊天，共同度过轻松愉悦的美好时光。只不过，在影院里，是与更多有着相同或相近体育爱好的人在一起，氛围感、沉浸感和趣味性都升级加倍。 影院+比赛直播，“文+体”跨界融合，创造出了全新的消费场景，给了消费者别样的体验，这是文旅产业创新发展的新成果。观众的参与热情与一致好评也再次表明，体验感越丰富的产品和服务，自然能够更多获得消费者的青睐。相信随着行业探索越来越深入，文体融合的广度和深度会得到进一步拓展，文体消费的新打开方式也会越来越多，这些探索都值得点赞、值得期待。（央广网评论员 陈锐海） 赛事如火如荼，比拼紧张激烈，巴黎奥运会正吸引了全球目光。对每一个体育爱好者来说，这场盛会不容错过，观看比赛是参与其中的绝佳方式。如何观赛才过瘾？除了电视和互联网，这一次，中国观众还“解锁”了一个全新的打开方式――走进影院，透过大屏看比赛。,,,https://www.cnr.cn/newscenter/comment/cnrp/20240802/t20240802_526829120.shtml,2026-06-16 23:48:27
央广网评,【央广网评・看奥运】世界第一VS世界唯一 赛出了比金牌更宝贵的胜利 7月31日，巴黎奥运会乒乓球女单32强比赛中，女单头号种子孙颖莎4比0战胜卢森堡61岁老将倪夏莲，被外界称为“世界第一”对战“世界唯一”。在此前的混双决赛前，倪夏莲曾因与朝鲜选手金琴英打法相似，受邀成为王楚钦/孙颖莎的陪练，帮助国乒备战。在比赛中，年逾六旬的倪夏莲状态松弛、快乐感染着每个人，打出好球时踮脚转圈、失手后跳脚、甚至36,2024-08-01,,7月31日，巴黎奥运会乒乓球女单32强比赛中，女单头号种子孙颖莎4比0战胜卢森堡61岁老将倪夏莲，被外界称为“世界第一”对战“世界唯一”。在此前的混双决赛前，长胶选手倪夏莲曾因与朝鲜选手打法相似，受邀成为王楚钦/孙颖莎的陪练，帮助国乒备战。六战奥运的老将倪夏莲展现出超越自我、超越输赢的奥林匹克精神，令人动容。 在31日孙颖莎与倪夏莲的比赛中，年逾六旬的倪夏莲，她的乐观松弛始终感染着每位观众。打出好球时她踮脚转圈、失手后跳脚，甚至360度转身接球，淋漓尽致地展现出超越输赢、享受运动本身的快乐与热爱。据媒体报道，倪夏莲20岁时曾代表中国国家队出战获世乒赛冠军，1986年退役后旅居海外，自上世纪90年代起代表卢森堡参加比赛，后因年龄原因一度淡出乒坛，直至2008年北京奥运会重返赛场，止步于当时的单打预赛第三轮。近50年的职业生涯、6次征战奥运，对面的对手换了一茬又一茬，她不断向自己的年龄发起挑战，运动生涯甚至超过了51岁退役的“常青树”瓦尔德内尔。倪夏莲曾在回应年龄问题时表示：“我肯定不是最年轻的，但我总是相信，‘今天的你比明天年轻’。如果有梦想，年龄不应该成为阻碍。”“唯有热爱可抵岁月漫长”，这种超越自我、挑战极致、追求梦想并享受过程本身就是一段传奇，赢取了比金牌更宝贵的胜利。 倪夏莲本是左手直拍长胶选手，以“怪球手”之称长青于乒坛，恰恰在混双决赛前收到了国乒邀请，甘愿给王楚钦/孙颖莎的混双做陪练，以便帮他们适应朝鲜女选手的打法。这相当于把自己的看家本领提前亮给下一轮对手，甚至帮对手找到克制之法。在这场被称为“跨越了几代国手的交手”中，年轻的孙颖莎并没有因对手是年长前辈、曾为自己无私陪练而有任何“手下留情”，始终拿出全部实力全力以赴，给予对手最高等级的尊重。双方比分一度胶着，第三局甚至打出了13:11的高分。两代选手共同呈现给观众一场纯净而美好的比赛，被解说誉为“这场赛事完成了薪火相传”。 “奥运之父”顾拜旦曾说，“重要的绝非凯旋而是战斗”。两代选手诠释了超越输赢、涵盖人与人相互理解尊重的纯粹的奥运精神，不断挑战人类极限、团结共进的体育精神，在人生赛道上始终不弃梦想的奋斗精神，它不是任何奖牌所能定义，却永远是最可称颂的荣誉。期待在接下来的奥运会赛场上，我们可以欣赏到更多、更精彩的“超越之战”。（央广网评论员 姜葳） 7月31日，巴黎奥运会乒乓球女单32强比赛中，女单头号种子孙颖莎4比0战胜卢森堡61岁老将倪夏莲，被外界称为“世界第一”对战“世界唯一”。在此前的混双决赛前，倪夏莲曾因与朝鲜选手金琴英打法相似，受邀成为王楚钦/孙颖莎的陪练，帮助国乒备战。在比赛中，年逾六旬的倪夏莲状态松弛、快乐感染着每个人，打出好球时踮脚转圈、失手后跳脚、甚至360度转身接球，紧淋漓尽致地展现了超越输赢、享受运动本身的喜悦。孙颖莎也没有因对手是年长前辈、曾为自己无私陪练而有任何“手下留情”，始终拿出实力全力以赴，给予最高等级的尊重，两代选手共同呈现给观众一场纯净而美好的比赛，也赛出了比金牌更宝贵的胜利。期待在接下来的奥运会上，我们可以欣赏到更多、更精彩的“超越之战”。,,,https://www.cnr.cn/newscenter/comment/cnrp/20240801/t20240801_526827456.shtml,2026-06-16 23:48:27
央广网评,【央广网评・看奥运】“去创造一个新的自己” 挑战自我的青春更酷炫 青春，总是蕴藏着无限的希望、充满各种可能，成长的道路上同样会面临各种挑战，或是来自学习，或是来自工作、生活。只要我们不畏惧困难、不放弃梦想，拼尽全力去挑战自我、克服难题，总能在突围破局中有所成长，收获一个更好的自己。哪怕只是更好一点点。或许，这种精神力量，就是奥运会和奥运健儿馈赠给每一个你我的一笔宝贵财富。 2024,2024-08-01,,这个夏天，在巴黎奥运会赛场上，一个个挑战自我的青春故事正在书写。 自由式小轮车项目自2017年才在中国开展，在3年前的东京奥运会上，中国男女队都未能获得该项目参赛资格。今年，在巴黎奥运会上，年仅18岁的中国选手邓雅文在激烈竞赛中发挥完美，一举夺下金牌，实现了中国队在此项目奥运金牌从0到1的突破；中国网球选手郑钦文历经三个小时的鏖战，逆转两届大满贯得主、德国老将科贝尔晋级四强，也追平了她的湖北老乡李娜在北京奥运会上取得的成绩；在男子100米自由泳决赛中，中国游泳选手潘展乐以46秒40打破由自己保持的世界纪录，夺得金牌…… 从0到1，从遥不可及到遥遥领先，从追赶他人到突破自我，在竞技场上，青年运动员们用坚持不懈的拼搏和追赶不断刷新纪录、创造奇迹，一次次证明了人的潜力是无限的。只要不放弃、不认输，直面挑战、勇往直前，总能冲刺出全新的天地。哪怕只是比上一次更好一点，也是一种来之不易的突破和进步。这是不安于现状的开拓，是对“更高、更快、更强、更团结”的奥林匹克精神的完美诠释。对运动健将而言，这既是使命，也是荣耀。 正如邓雅文在斩获金牌后所言，这枚金牌只能代表她最近一段时间的努力，但她不能躺在功劳簿上。“我在以后的每场比赛都会抛开今天的荣誉，重新做回比赛中最好的自己，去创造一个新的自己。” 青春，总是蕴藏着无限的希望、充满各种可能，成长的道路上同样会面临各种挑战，或是来自学习，或是来自工作、生活。只要我们不畏惧困难、不放弃梦想，拼尽全力去挑战自我、克服难题，总能在突围破局中有所成长，收获一个更好的自己，哪怕只是更好一点点。或许，这种精神力量，就是奥运会和奥运健儿馈赠给每一个你我的一笔宝贵财富。（央广网评论员 陈锐海） 青春，总是蕴藏着无限的希望、充满各种可能，成长的道路上同样会面临各种挑战，或是来自学习，或是来自工作、生活。只要我们不畏惧困难、不放弃梦想，拼尽全力去挑战自我、克服难题，总能在突围破局中有所成长，收获一个更好的自己。哪怕只是更好一点点。或许，这种精神力量，就是奥运会和奥运健儿馈赠给每一个你我的一笔宝贵财富。,,,https://www.cnr.cn/newscenter/comment/cnrp/20240801/t20240801_526827410.shtml,2026-06-16 23:48:27
央广网评,【央广网评・看奥运】“00后”闪耀奥运赛场 拼出自信快乐的青春风采 在巴黎奥运会赛场上，中国代表团的平均年龄仅为25岁，“00后”小将纷纷崭露头角、登台竞技，在奋勇争先中取得一个又一个亮眼的成绩。不过，比起比赛成绩，更引人关注、令人欣喜的，是这些“00后”小将所展现出的充满活力的精神面貌。 2024,2024-07-30,,20岁的盛李豪气定神闲、稳操胜券，如愿拿下男子十米气步枪金牌；19岁的程玉洁在奥运首日就斩获女子4×100米自由泳接力铜牌；16岁的体操选手张怡涵以自信昂扬的姿态跳跃旋转，和团队战友一同晋级决赛；年仅14岁的滑板选手崔宸曦首次参加奥运会即获得第四名，创造了中国滑板在奥运会上的最好成绩…… 在巴黎奥运会赛场上，中国体育代表团的平均年龄仅为25岁，“00后”小将纷纷崭露头角、登台竞技，在奋勇争先中取得一个又一个亮眼的成绩。不过，比起比赛成绩，更引人关注、令人欣喜的，是这些“00后”小将所展现出的充满活力的精神面貌。 比赛前，他们信心满满、踌躇满志，有的甚至对着镜头开起玩笑――“小小奥运，轻松拿捏”。没有紧张不安，没有沉重负担，这份轻装上阵的“松弛感”源自自信，源自实力，源自平时扎实的训练，值得点赞。比赛时，他们屏气凝神、奋力一搏，努力发挥自身最佳水准，全力应战的模样尽显成熟、专业，乃至被网友称为“小孩哥”“小孩姐”。得奖时，他们欢呼雀跃，毫不掩饰内心的兴奋与骄傲；同奖牌失之交臂时，有人一笑而过，有人直言“有遗憾，但很享受比赛的过程”，有人自觉“对不起队友”而愧疚哽咽……不管哪种，这些都是运动员内心真实的情感反应。“00后”小将们所展现出朝气、活力、阳光、炙热、向上，都是青春真实美好的样子，是对体育运动纯粹的热爱和享受，是体育精神的生动映照。 赛场外，网友的观赛心态同样轻松多了。不执着于一场比赛的输赢，或者拿了多少奖牌，人们更多关注的是体育竞技本身，享受观赛带来的趣味和刺激，捕捉运动健儿的精彩瞬间，从而更纯粹地感受奥林匹克运动的魅力和中华体育精神的内涵。这是一种进步，也是举办奥运会的意义所在。 说到底，奥运赛场也是生活舞台的一部分、一个缩影。只要热爱生活、认真生活，尽情感受生活的美好，勇敢迎接生活的挑战，那就值得点赞、值得鼓掌。（央广网评论员 陈锐海） 在巴黎奥运会赛场上，中国代表团的平均年龄仅为25岁，“00后”小将纷纷崭露头角、登台竞技，在奋勇争先中取得一个又一个亮眼的成绩。不过，比起比赛成绩，更引人关注、令人欣喜的，是这些“00后”小将所展现出的充满活力的精神面貌。,,,https://www.cnr.cn/newscenter/comment/cnrp/20240730/t20240730_526823296.shtml,2026-06-16 23:48:27
央广网评,【央广网评】大学生暑假社会实践 社会各方要合力支持 在暑假找一份兼职工作或实习岗位，既能通过劳动挣到生活费，又能深入社会、积累经验，是很多大学生的选择。然而，近期一些学生却在暑期求职时踩到“雷”，上当受骗了。 2024,2024-07-25,,在暑假找一份兼职工作或实习岗位，既能通过劳动挣到生活费，又能深入社会、积累经验，是很多大学生的选择。然而，近期一些学生却在暑期求职时踩到“雷”，上当受骗了。 陕西西安一名在校大学生在当地一家人力资源企业面试后，被要求缴纳308元的体检费和312元的保险费，交了钱后却迟迟未能收到入职通知，就连负责面试的工作人员也失联了。据了解，目前受骗的学生有200多人。对此，西安劳动维权部门调查核实后，已责令涉事企业暂停经营，退还预收费用，如发现涉嫌犯罪，将依法移送公安机关处理。同样的情况还发生在广东梅州，多名在校生到当地一家咖啡店应聘暑假兼职，被要求缴纳几百元到上千元不等的押金，即使没机会到岗也不能退回押金。 打着招工的幌子，巧立名目、收取费用，一些企业可谓别有用心。他们利用学生应聘热情和社会经验不足、维权能力不强等弱点，把在校生的暑期社会实践当成“唐僧肉”。显然，这是违法行为。我国劳动法规定，用人单位与劳动者订立劳动合同时，不得以任何形式向劳动者收取定金、保证金或抵押金。不论是在校生、应届毕业生还是社会人员，求职时但凡遇到要交押金的情况，都应保持警惕心理，拒绝不合理不合法要求，乃至向劳动监察部门反映。家长和老师平时也要多给学生“打预防针”，讲解普及应聘就业时可能遇到的法律问题和相应的法律知识，提高学生的法律意识和辨别能力，防患于未然。 从培养学生认识社会、了解社会、增强能力的角度来看，对学生假期的社会实践意愿和需求，各大高校更应及时统计掌握、协调各方、整体统筹，尽可能根据学生的专业专长对接好相关企业和社会机构，以校企合作的方式为学生提供更多正规的社会实践机会。同时，学校还须认真负起指导、监督责任，既指导学生遵守接收单位的管理规定，更好开展社会实践活动，同时也防止不良企业侵犯学生合法的劳动权益。 利用假期做一份兼职工作，是许多学生积极努力走进社会、服务社会的第一次尝试。这份热情与努力应该得到鼓励、支持和帮助，更需要来自家庭、学校和企业等社会各方的合力呵护。（央广网评论员 陈锐海） 在暑假找一份兼职工作或实习岗位，既能通过劳动挣到生活费，又能深入社会、积累经验，是很多大学生的选择。然而，近期一些学生却在暑期求职时踩到“雷”，上当受骗了。,,,https://www.cnr.cn/newscenter/comment/cnrp/20240725/t20240725_526814077.shtml,2026-06-16 23:48:27
央广网评,【央广网评】上新又“上心” 录取通知书藏着传统文化课 2024年高校录取通知书近日起陆续投递派送。据报道，今年各校的录取通知书异彩纷呈，很多富含中式元素的设计巧思国风感十足。从毛笔手迹到苏绣绣名，从“当归”相框到日晷机关，“上新”又“上心”中显示出校方满满的诚意与祝福，也给新生潜移默化地送上一堂传统文化启蒙课。 2024,2024-07-20,,2024年高校录取通知书近日起陆续投递派送。据报道，今年各校的录取通知书异彩纷呈，很多富含中式元素的设计巧思国风感十足。从毛笔手迹到苏绣绣名，从“当归”相框到日晷机关，“上新”又“上心”中显示出校方满满的诚意与祝福，也给新生潜移默化地送上一堂传统文化启蒙课。 步入高等学府，对莘莘学子而言无疑是求学生涯中的一个重要时刻，意味着将开启一段新的人生历程。在这个新起点，一个恰如其分的仪式感可以帮助他们更好建立身份认同和心理准备。对注重体验感的“00后”Z世代年轻人而言，录取通知书的精妙设计、甚至独一无二的“专属定制”，让他们感觉被肯定、被尊重、被珍视。譬如，北京大学今年录取通知书包含了以新生学号定制的博雅塔藏书票，以“东风桃李”“北溟潜鳞”“秋水文章”“玉壶寒窗”等诗文典故开启聆教读书的大学生涯；陕西师范大学连续18年请退休老教授和书法家校友、在职教师一起，为新生毛笔手写录取通知书；浙江理工大学通知书上新生姓名由苏绣非遗传人一针一线绣上……这些高度个性化的“高定版”通知书饱含温度情感，无疑会成为每位学子一生的珍藏。 高校教书育人，从来都不只是知识的传递，更是文化的传承和心灵的精神滋养。录取通知书承载的不仅仅是一纸通知的实用性，更是高校给学子的富有仪式感的一份“见面礼”。这份礼物彰显着学校的历史文化和育人理念，承载着师长的殷切期望和祝福，确实值得好好花心思设计制作。例如，天津大学以“当归”相框为礼，寓意“当你学成，归家报国”，将爱国情怀与求学梦想巧妙结合；浙江农林大学的录取通知书以毛竹为原料，运用学校自主研发的刨切微薄竹技术制作印刷；复旦大学采用国家级非遗潞绸作通知书封面，浙江大学通知书借鉴了《四库全书》的古籍装帧，电子科技大学礼盒封面是日晷机关，均体现出浓浓的人文气息。 盘点这些年各大高校的录取通知书，一个鲜明特点是，越来越多的中华优秀传统文化元素蕴含其中。“大学之道，在明明德，在亲民，在止于至善”，期待这份带着温度、带着感情的仪式感，能让更多学子们在人生的新起点重温中华优秀传统文化的魅力，在潜移默化中完成新生第一课，开启提升自我、追求至善的求学之路。（央广网评论员 姜葳） 2024年高校录取通知书近日起陆续投递派送。据报道，今年各校的录取通知书异彩纷呈，很多富含中式元素的设计巧思国风感十足。从毛笔手迹到苏绣绣名，从“当归”相框到日晷机关，“上新”又“上心”中显示出校方满满的诚意与祝福，也给新生潜移默化地送上一堂传统文化启蒙课。,,,https://www.cnr.cn/newscenter/comment/cnrp/20240720/t20240720_526803141.shtml,2026-06-16 23:48:27
央广网评,【央广网评】“国风”学位服出圈 毕业季又见中式浪漫 盘扣、簪花、云肩、八破裙……正值毕业季，今年不少高校的学位服“国潮国风”扑面而来，为毕业照平添了几分中式浪漫。据多家媒体报道，包括中国人民大学、北京师范大学、山东大学、华南农业大学等在内的多所高校学位服“上新”，有的用中国传统色晕染、以古诗文意象作纹，有的在领口饰以中式盘扣或古典园林洞窗图案，还有的采用寓意悬壶济世的流苏；与此同时，更多毕业生还以,2024-06-30,北京中医药,盘扣、簪花、云肩、八破裙……正值毕业季，今年不少高校的学位服“国潮国风”扑面而来，为毕业照平添了几分中式浪漫。据多家媒体报道，包括中国人民大学、北京师范大学、山东大学、华南农业大学等在内的许多高校学位服“上新”，有的用中国传统色晕染、以古诗文意象作纹，有的在领口饰以中式盘扣或古典园林洞窗图案，还有的采用寓意悬壶济世的流苏。与此同时，更多毕业生还以簪花、八破裙、云肩等中式元素“爆改”传统学位服，更彰显了“Z世代”年轻人对于传统文化的热爱。 “咔嚓”，为什么今年国风学位服格外出圈、定格了许多美好的青春侧影？众所周知，学位服原本起源于西方，由学位帽、流苏、学位袍、垂布四部分构成，这一服饰制度在服装样式、使用场合等方面有严格规定，营造出庄严肃穆的氛围感。但千篇一律的形制也越来越难以满足当代青年人的个性化追求。“中国有礼仪之大，故称夏；有服章之美，谓之华。”各大高校在学位服的基础设计上，彰显中式传统美学理念，并融入了各校历史文化元素，中西合璧、各具特色的巧思设计着实令人耳目一新。 譬如，山东大学学位服配以“海阔天高”云肩寄托对学子鹏程万里的祝愿，北京中医药大学学位服设计了寓意“悬壶济世”的葫芦形流苏，中国人民大学学位服披肩和袖口处绣有宝塔山、延河水元素，北京邮电大学学位服的门襟上印着摩斯码校训，华南农业大学把学位服传统的黑色调改为岭南文化的红黄色调等，这些设计巧思既藏着母校的深情嘱托，也折射出校园文化与传统元素交融的风景。 与母校的良苦用心相映成趣的是，更多年轻学子也正在以簪花、团扇、油纸伞、云肩、百褶裙等中式元素和国风服饰来“爆改”传统学位服，形成了与母校期望的“双向奔赴”。据报道，相关网店订单、跟拍服务火爆，甚至远销海外留学生市场，彰显着华夏衣冠之美的毕业照青春洋溢，在各类社交平台破圈传播。年轻学子们的这种“国风改造”，既来自于中式美学的千年沉淀和滋养，还有比“美”更深层的原因――对于优秀传统文化的热爱、自信和自豪。 令人欣喜的是，不断“出圈”的国风国潮，不仅仅体现在服饰之变上。近年来，非遗工艺、戏曲戏剧、诗词综艺、文博古迹等，也越来越受到年轻人的青睐和追捧。古老而丰富的中华优秀传统文化，正在年轻一代身上日益焕发出更加青春洋溢的光彩。（央广网特约评论员 陶也） 盘扣、簪花、云肩、八破裙……正值毕业季，今年不少高校的学位服“国潮国风”扑面而来，为毕业照平添了几分中式浪漫。据多家媒体报道，包括中国人民大学、北京师范大学、山东大学、华南农业大学等在内的多所高校学位服“上新”，有的用中国传统色晕染、以古诗文意象作纹，有的在领口饰以中式盘扣或古典园林洞窗图案，还有的采用寓意悬壶济世的流苏；与此同时，更多毕业生还以簪花、八破裙、云肩等中式元素“爆改”传统学位服，更彰显了“Z世代”年轻人对于传统文化的热爱。,,,https://www.cnr.cn/newscenter/comment/cnrp/20240630/t20240630_526771499.shtml,2026-06-16 23:48:27
央广网评,【央广网评】车企限制车主使用车辆账号 权限越界后患无穷 “手机钥匙开锁”是智能汽车的一项便利功能，即便是车主的社区账号被智能系统判定为可能存在违规操作，那也只应暂时限制该账号在社区内的权限，并与车主沟通后解决相关问题，而不是任意扩大限制范围，让车主无法正常解锁用车。车企这波操作明显越界了，侵犯了消费者的合法权益。 2024,2024-06-19,,据央广网报道，近日，一位理想MEGA车主发现，自己的理想社区账号突然被社区管理员锁定，导致无法使用App解锁车辆，从而影响到车辆正常使用。对此，车主表示不解，自己花几十万购买的车，车企却可以通过后台做功能封禁，“车辆的所有权和使用权到底归谁？”（ 此前报道>>> ） 按理说，车主购买了汽车，就完全拥有了车辆的所有权和使用权，厂商无权限制车主使用汽车。“手机钥匙开锁”是智能汽车的一项便利功能，即便是车主的社区账号被智能系统判定为可能存在违规操作，那也只应暂时限制该账号在社区内的权限，并与车主沟通后解决相关问题，而不是任意扩大限制范围，让车主无法正常解锁用车。车企这波操作明显越界了，侵犯了消费者的合法权益。 这类智能汽车厂家远程“锁定”汽车功能的事件已发生过多起，涉及多个品牌汽车，均给车主造成不便，也令社会公众特别是车主为之不安。毕竟，车企采取远程锁车、锁电等操作会影响汽车安全驾驶，给车主带来不可测的意外风险。试想一下，如果汽车正在高速路上行驶，突然被远程锁住，将导致什么样的后果？ 汽车智能化是汽车产业发展趋势，车企应致力开发先进智能技术，为车主带来更多优质服务，让驾驶汽车更安全、更舒适，提升车主的驾驶体验。擅自利用后台技术，限制车主的正常使用功能，甚至远程操控汽车，只会给车主“挖坑”“埋雷”，诱发安全事故。对此，监管部门也要完善相关法规，尽快出台技术规范标准，厘清智能汽车的远程操控界限，严格约束车企的权限和行为，禁止在未经车主许可下，擅自越界远程“锁定”汽车功能，以保障广大车主的合法权益与行驶安全。（央广网特约评论员 江德斌） “手机钥匙开锁”是智能汽车的一项便利功能，即便是车主的社区账号被智能系统判定为可能存在违规操作，那也只应暂时限制该账号在社区内的权限，并与车主沟通后解决相关问题，而不是任意扩大限制范围，让车主无法正常解锁用车。车企这波操作明显越界了，侵犯了消费者的合法权益。,,,https://www.cnr.cn/newscenter/comment/cnrp/20240619/t20240619_526754273.shtml,2026-06-16 23:48:27
央广网评,【央广网评】深化医改 打破“限制患者住院天数”潜规则 医疗关乎民生福祉，医保改革也涉及多方利益。从顶层设计、基层施行到监管核查，都需要我们结合基层一线实际，持续优化完善，以构建更加合理公正、服务患者的医疗体系，为患者医疗健康服务提供坚实保障。 2024,2024-06-18,近日山东一名重症患者贾萍因医院,据央广网报道，近日山东一名重症患者贾萍因医院住院“潜规则”限制，被迫频繁转院，引发广泛关注。事实上，“贾萍现象”并非孤例，其背后折射出医疗体系中一个深层次问题。（ 此前报道>>> ） 根据医院的说法，住院限制天数“潜规则”的设定与DRG医保支付政策有直接关联。在当前的医疗体系中，DRG（疾病诊断相关分组）付费政策旨在通过精细化管理控制医保成本，提高医疗效率。然而，一些医院在执行这一政策时变了形。为了符合医保支付政策要求，医院严格控制患者的住院天数，甚至为此设立“潜规则”，这样的做法看似合乎政策要求，实则背离了DRG付费政策的初衷。医院因医保政策变化而设立的“潜规则”，最终损害的是患者的利益。在这一“潜规则”之下，一些重症患者因为频繁转院，无端承受很多压力和经济负担，更失去了接受连续、有效治疗的机会，甚至危及生命。 今年是DRG/DIP（基于大数据的病种分值付费）支付方式改革三年行动计划的收官之年。在这个关键时间节点，针对此类医患问题，更需要寻找稳妥调和之策，打破“限制患者住院天数”的潜规则。这不仅是医疗体系自我完善的需要，更是对患者、对社会的负责。 解决DRG医保支付问题，非医保部门单方面改革能够完成，打破住院“潜规则”需要来自医保、医院等各方的共同努力，需要持续深化医疗体制改革。首先，医疗机构应积极推动分级诊疗机制、建设医共体，打通医院间转诊通道，推动检查结果互认，降低患者医疗成本。其次，医保部门应深化医保支付方式改革，例如，对于长期住院治疗的患者，医保部门可以进一步细化优化政策，保障危重症患者能够连续接受治疗。同时，还可以推动DRG与适合康复治疗的医保支付方式相衔接，确保患者接受长期康复治疗时得到医保支持。此外，还要加强对医疗机构的监督管理，确保政策的落实和执行不走样、不变形。 医疗关乎民生福祉，医保改革也涉及多方利益。从顶层设计、基层施行到监管核查，都需要我们结合基层一线实际，持续优化完善，以构建更加合理公正、服务患者的医疗体系，为患者医疗健康服务提供坚实保障。（央广网特约评论员 李蕾） 医疗关乎民生福祉，医保改革也涉及多方利益。从顶层设计、基层施行到监管核查，都需要我们结合基层一线实际，持续优化完善，以构建更加合理公正、服务患者的医疗体系，为患者医疗健康服务提供坚实保障。,,,https://www.cnr.cn/newscenter/comment/cnrp/20240618/t20240618_526752988.shtml,2026-06-16 23:48:27
央广网评,【央广网评】产粮大县黑土地被征占建别墅 乡村建设到底为了谁？ 吉林长春农安县以建设特色小镇为名，征用大量黑土地。然而，四年过去了，特色小镇不见踪影，却出现了大量别墅，可以说是典型的挂羊头卖狗肉。最新进展显示，长春市、农安县两级党委政府已成立了联合调查组进驻农安县合隆镇进行调查，对项目规划、审批等各环节工作进行彻查，一经发现有相关违法违规行为，坚决依法严肃处理，绝不姑息。 2024,2024-06-01,,据总台中国之声报道，吉林长春农安县以建设特色小镇为名，征用大量黑土地。然而，四年过去了，特色小镇不见踪影，却出现了大量别墅，可以说是典型的挂羊头卖狗肉。最新进展显示，长春市、农安县两级党委政府已成立了联合调查组进驻农安县合隆镇进行调查，对项目规划、审批等各环节工作进行彻查，一经发现有相关违法违规行为，坚决依法严肃处理，绝不姑息。 早在2021年9月，国家发改委等十部门就印发全国特色小镇规范健康发展导则，其中明确指出，严格落实永久基本农田、生态保护红线、城镇开发边界，不得改变国土空间规划确定的空间管控内容，遏制耕地“非农化”、防止“非粮化”。而这个“特色小镇”所在的农安县，地处世界三大黄金玉米带之一的核心区，是全国排名前十的产粮大县，如此在黑土地上建“特色小镇”，是否首先就与耕地保护红线形成了冲突？公开信息显示，该别墅项目的开发商于2020年、2021年分批次以协议出让、招拍挂出让的方式，取得谷家岭村约11公顷，用途为普通商品住房用地的土地使用权。这种耕地到普通商品住房用地的转变，到底是如何得逞的，在程序上合规吗？此外，培育特色小镇的目的是通过合理开发促进有条件的镇更好发展，不仅带动当地农民就地就近就业增收，还为当地居民提供更宜居的生活环境。然而，涉事“特色小镇”项目非但没有让当地居民受益，此前承诺让村民“就地城镇化”的楼房建设也已半途搁置，导致四百多户村民至今未上楼安置。如此无视农民的合法权益，到底是谁给的“胆子”？ 耐人寻味的是，农安县相关负责人在最新回应中表示，初步调查，涉事的“桃花源著”项目存在虚假宣传、未批先建等问题，并承诺县政府将确保未回迁安置的谷家岭村万家桥屯100余户村民今年年底前入住新房。这样的回应和调查效率，算是很高了。然而，在媒体报道之前的数年时间里，项目的问题和村民安置问题，当地政府就真的不知情？到底是监管不力还是视而不见？ 无论如何，特色小镇建设必须严格依据相关标准进行，恪守耕地保护红线，容不得任性为之。将特色小镇弄成了别墅项目，如此“偷梁换柱”，到底是如何一步步实现的？背后有无不当的利益勾连？又存在怎样的监管“失守”？希望当地的调查能够尽快给出一个权威的结论。要知道，乡村建设到底是为了谁，出发点和落脚点绝不能出问题。如果一开始就心怀鬼胎、扭曲了目的，带来的必然是“恶果”。对这样的风气，必须零容忍。（央广网特约评论员 朱昌俊） 吉林长春农安县以建设特色小镇为名，征用大量黑土地。然而，四年过去了，特色小镇不见踪影，却出现了大量别墅，可以说是典型的挂羊头卖狗肉。最新进展显示，长春市、农安县两级党委政府已成立了联合调查组进驻农安县合隆镇进行调查，对项目规划、审批等各环节工作进行彻查，一经发现有相关违法违规行为，坚决依法严肃处理，绝不姑息。,,,https://www.cnr.cn/newscenter/comment/cnrp/20240601/t20240601_526726597.shtml,2026-06-16 23:48:27
央广网评,【央广网评】滁河水体污染背后 治理污染更要整治作风 可以说，从污染源控制不力，到应急响应不及时，再到盲目决策、责任意识淡薄，是种种人为因素和作风问题的叠加，让一起原本并没那么复杂的污染事件最终“小事拖大、大事拖炸”。如果说一次污染事件污染的是一片水域，那么，作风不正“污染”的却是整个防治和应对污染的“指挥棒”，其带来的后果严重得多。 2024,2024-05-29,,总台独家报道的滁河水质污染事件有了最新反馈。28日，安徽省委召开专题会议，部署安排污染治理和追责问责工作。其中特别指出，此次事件本可避免，但一些干部在处置过程中心存侥幸、乱作为，面对问题遮遮掩掩，总想蒙混过关，造成小事拖大、大事拖炸。29日，联合调查组发布的最新通报称，目前，全椒县委主要负责同志已被免职，并对相关责任人进行调查。 从当地公布的情况来看，这起并不复杂的污染事件，最终却闹得全网皆知、县委主要负责同志被免职的地步，教训不可谓不深刻。其表面上是由于个别干部面对媒体采访时的言行而引发社会关注，但根本上还是因为其背后所暴露的干部作风问题，令人震惊。譬如，面对河水污染造成的大量鱼虾死亡，一些市民通过滁州市12345反映，自称没有参与过问题处理的工作人员却成了“承办人”；当地民众担心污水是否具有毒性，期待生态环境部门的水质检测结果能够给出专业答复，当地生态环境部门负责人却大言不惭地表示“没看到哪个法律法规要求必须做毒性分析”；“再有两个月就要退休”的水利部门相关负责人则直言，“不该过多地问这些事情”……这些做派之下，个别干部“事不关己”“蒙混过关”的心态一览无余，不仅暴露出对环境问题的严重轻视，更折射出对公众利益的不作为、乱作为已到了麻木的程度。 可以说，从污染源控制不力，到应急响应不及时，再到盲目决策、责任意识淡薄，是种种人为因素和作风问题的叠加，让一起原本并没那么复杂的污染事件最终“小事拖大、大事拖炸”。如果说一次污染事件污染的是一片水域，那么，作风不正“污染”的却是整个防治和应对污染的“指挥棒”，其带来的后果严重得多。 因此，当地在严肃处理相关责任人，加强监管、强化应对突发事件能力的同时，也应该注重加强背后的作风建设，真正实现干部作风和治理生态的重塑。一方面要敢于动真碰硬，遏制侥幸心理，让那些“不担当、不作为、乱作为、假作为”的“官混子”混不下去，及时出清；另一方面要强化责任监督，切实增强履责意识。像此事中，河水污染已造成大量鱼虾死亡，地方民众也多次投诉举报，都未能触动有效的地方治理行动，这表明至少在一定范围内出现了监督失灵的问题。对此，当地加快完善和激活基层监督体系与效力，应该有实质性突破。 治理污染，也要先治好作风。这起案例，为此增加了现实注脚，也应该为更多地方敲响作风治理的警钟，真正让“实干、实为、实做”的作风充盈在每一个环节。（央广网特约评论员 朱昌俊） 可以说，从污染源控制不力，到应急响应不及时，再到盲目决策、责任意识淡薄，是种种人为因素和作风问题的叠加，让一起原本并没那么复杂的污染事件最终“小事拖大、大事拖炸”。如果说一次污染事件污染的是一片水域，那么，作风不正“污染”的却是整个防治和应对污染的“指挥棒”，其带来的后果严重得多。,,,https://www.cnr.cn/newscenter/comment/cnrp/20240529/t20240529_526723441.shtml,2026-06-16 23:48:27
央广网评,【央广网评】“打假博主”受追捧 市场监管不能靠网红 相关事件一再表明，若市场主管部门不尽职尽责，等到所谓的网红来出手，打假就成了“打脸”，闹大了更影响一个地方的形象，个中教训不可谓不深刻。因此，与其事后手忙脚乱、被动应付，不如平时就打起精神、主动履职，做好常态化、长效化监管。如此才能让网红们少假甚至无假可“打”，这也是消费者最希望看到的结果。 2024,2024-05-21,在各大短视频平台,当下，在各大短视频平台上，有一类“打假博主”。他们频繁曝光一些消费场所、旅游景点等存在的问题，受到许多网友的追捧。 虽然这里面不乏一些为了流量的“钓鱼式”打假行为，但无论如何，他们盯上一些商超、市场，根本原因还是在于其中存在着缺斤短两等令消费者深恶痛绝，却又无可奈何的乱象，打假就能引起网友们的关注和共鸣，成为“流量密码”。 因此，在关注“网红打假”的规范性之余，社会更应该看到这类打假行为逐渐发展为一种互联网流量模式背后所对应的两重现实：一是网红打假的成功率如此之高，表明市场上各类“坑害”消费者的现象依然不可低估；二是网友们支持网红打假，甚至将他们视为“消费者之光”，实际投射的是对规范市场秩序、维护消费者权益的一种希冀情绪。可以说，网红打假在一定程度上，“打”的不只是市场乱象，更是监管缺位；检验的也不仅仅是经营者的素质，更是市场管理水平。 另外，从网红打假的方式方法来看，想发现市场中的“猫腻”，让一些不法行为“现原形”，其实并没那么难。像一些缺斤少两、以次充好的现象，网红们稍一“验证”就能发现问题，这说明只要在日常的市场监管排查中多留个心眼，就可以及时发现，不至于轮到网红来“打”。不少网红打假之所以能够精准发现“目标”，很多也是因为来自网友的爆料。这也说明，只要畅通各类监督举报途径，并对消费者的投诉举报给予积极反馈，监管的效率自然能够提升，一些长期坑害消费者的行为也自然不会那么肆无忌惮。 不夸张地说，各类网红打假越火，越受到网友的欢迎，越表明制度化、常态化的市场监管的不足，与社会期待还有着明显的距离。对此，各级市场监管部门理应知不足而后进，将网红打假的热度转化为提高监管主动性、精准性和有效性的动力。相关事件一再表明，若市场主管部门不尽职尽责，等到所谓的网红来出手，打假就成了“打脸”，闹大了更影响一个地方的形象，个中教训不可谓不深刻。因此，与其事后手忙脚乱、被动应付，不如平时就打起精神、主动履职，做好常态化、长效化监管。如此才能让网红们少假甚至无假可“打”，这也是消费者最希望看到的结果。（央广网特约评论员 朱昌俊） 相关事件一再表明，若市场主管部门不尽职尽责，等到所谓的网红来出手，打假就成了“打脸”，闹大了更影响一个地方的形象，个中教训不可谓不深刻。因此，与其事后手忙脚乱、被动应付，不如平时就打起精神、主动履职，做好常态化、长效化监管。如此才能让网红们少假甚至无假可“打”，这也是消费者最希望看到的结果。,,,https://www.cnr.cn/newscenter/comment/cnrp/20240521/t20240521_526713337.shtml,2026-06-16 23:48:27
央广网评,【央广网评・文旅新观察④】文旅开启“白+黑”模式 “夜间游”激发消费新需求 夜市新业态、新场景进一步点亮城市夜生活，成为人们繁忙工作之余的一种调节方式。特别是外出旅行时，人们不仅在白天“打卡”景点，还越来越喜欢选择浪漫趣味的夜间游。 2024,2024-05-20,,夜晚，是人们休闲娱乐和消费的黄金时段。商务部统计数据显示，我国60%的消费发生在夜间，大型购物中心每天18时至22时的消费额占比超过全天的二分之一。今天，夜间游玩与消费的内容早已不再局限于餐饮和购物，而是不断发展出新业态、新模式、新场景。从灯光秀、非遗展览，到露天音乐会、戏剧演出，再到“博物馆奇妙夜”、汉服游园等，如今的夜间游玩项目更加多元丰富。 广西南宁，“南宁之夜”街区 譬如，湖北武汉推出“夜上黄鹤楼”主题游园活动，通过流光溢彩的灯光秀、声情并茂的诗词诵读演出、DIY诗词市集等，让游客沉浸式体验荆楚文化的万千神韵；北京慕田峪长城将夜游与研学结合，面向中小学生推出“星空研学”项目，让孩子们体验长城观星的奇妙，并在专业老师指导下学习有关长城的知识；安徽合肥则推出体育夜市，融合了非遗、潮玩、运动、表演等诸多形式的活动，引导群众积极参与健身运动和体育消费；河北正定小商品夜市引进了500多个特色美食摊位，吸引了本地乃至周边城市的游客前来寻味…… 山东东营，游客穿汉服逛非遗夜市 夜市新业态、新场景进一步点亮城市夜生活，成为人们繁忙工作之余的一种调节方式。特别是外出旅行时，人们不仅在白天“打卡”景点，还越来越喜欢选择浪漫趣味的夜间游。就在今年五一假期，各地夜间经济展现出满满活力，已纳入监测的国家级夜间文化和旅游消费集聚区的夜间客流量达7257.58万人次，较去年同期增长6.9%。花样百出的游玩新场景，也进一步激发着人们的消费需求。2023年，中国夜游市场规模达1.57万亿元。 河北石家庄，正定夜市 一方面，各地要立足自身优势，打造推出独具特色的夜间游玩项目；另一方面，我们要进一步完善夜间公交运营、移动充电设备设置等公共服务，严厉打击哄抬物价、欺客宰客等扰乱市场行为，为夜间经济释放持久热度保驾护航，为城市经济社会发展持续增添新动能。（央广网评论员 陈锐海） 夜市新业态、新场景进一步点亮城市夜生活，成为人们繁忙工作之余的一种调节方式。特别是外出旅行时，人们不仅在白天“打卡”景点，还越来越喜欢选择浪漫趣味的夜间游。,,,https://www.cnr.cn/newscenter/comment/cnrp/20240520/t20240520_526710961.shtml,2026-06-16 23:48:27
央广网评,【央广网评・文旅新观察③】跟着赛事去旅行 “文体旅”在加速融合中相辅相成 这些体育、文化、旅游深度融合的项目之所以受欢迎，是因为三者在融合中相辅相成，成了彼此的加分项。一个地方的绿水青山、人文风情丰富了运动锻炼的场景和体验，特别是雪山、古蜀道这些某地特有的资源给相应的体育运动带来的别样体验往往是独一无二的。体育活动的举办则为地方带来了人流量和消费活力，不仅带动着地方交通、餐饮、住宿、购物等方面的发,2024-05-19,,体育锻炼是我们美好生活中不可或缺的一部分。徒步登山、环湖骑行、自驾露营、峭壁攀岩……近年来，随着人们健康意识不断增强，越来越多人喜欢走到户外，亲近自然、锻炼身体，在促进身心健康发展的同时也丰富了生活。如今，越来越多人不再满足于家门口的广场、公园和绿地，而是希望将运动健身的足迹拓展到生态环境更优美的城市近郊乃至旅行目的地，有的人甚至为了一场比赛奔赴一座城市。 江苏宿迁马拉松比赛 譬如，贵州台江“村BA”（乡村篮球赛）火爆全网后，吸引了全国各地的球迷前来参赛观赛。人们不仅打比赛，还观看民俗表演、品尝特色美食、欣赏自然风光，在获得个性化、多层次体验的同时，也拉动了当地经济发展。2023年，台江县旅游总人数达640万人次，同比增长七成多，旅游综合收入翻了一番。同样，去年底，哈尔滨、河北崇礼、新疆可可托海等地，因丰富的冰雪资源吸引了一批批冰雪运动爱好者前来体验游玩。今年“五一”假期前后，浙江杭州、江西南昌等地推出“跟着马拉松去旅行”活动，通过赛事线路串联起城市地标，让慕名而来的选手在参赛之余还能“打卡”城市美食美景。四川广元古蜀道拥有三千多年的历史，当地在假期推出的多条蜀道徒步游线路获得海内外徒步爱好者的青睐，徒步游客同比增长了50%。 贵州台江“村BA” 这些体育、文化、旅游深度融合的项目之所以受欢迎，是因为三者在融合中相辅相成，成了彼此的加分项。一个地方的绿水青山、人文风情丰富了运动锻炼的场景和体验，特别是雪山、古蜀道这些某地特有的资源给相应的体育运动带来的别样体验往往是独一无二的。体育活动的举办则为地方带来了人流量和消费活力，不仅带动着地方交通、餐饮、住宿、购物等方面的发展，也进一步推动了当地传统文化的传承发展。 山西临汾骑行比赛 以“体育+”为抓手，让体育连接人与城，推动体育、文化、旅游等行业融合发展，各地需要明确城市优势与定位，根据实际情况挖掘自身体育资源，打造差异化品牌活动，逐步完善服务保障，并将当地特色文旅活动融入其中，促进全民健身与城市发展互利双赢。（央广网评论员 陈锐海） 这些体育、文化、旅游深度融合的项目之所以受欢迎，是因为三者在融合中相辅相成，成了彼此的加分项。一个地方的绿水青山、人文风情丰富了运动锻炼的场景和体验，特别是雪山、古蜀道这些某地特有的资源给相应的体育运动带来的别样体验往往是独一无二的。体育活动的举办则为地方带来了人流量和消费活力，不仅带动着地方交通、餐饮、住宿、购物等方面的发展，也进一步推动了当地传统文化的传承发展。,,,https://www.cnr.cn/newscenter/comment/cnrp/20240519/t20240519_526709972.shtml,2026-06-16 23:48:27
央广网评,【央广网评】“烟卡”游戏风靡小学生群体 潜在风险不容小觑 “烟卡”属于烟草制品的衍生品，在未成年人接触的过程中，的确有必要预防它可能引发孩子对“吸烟”的模仿和好奇心，对此家长和学校要做好引导。 2024,2024-05-18,,近段时间，一款名为“烟卡”的游戏在小学生群体中流行开来。这种游戏的玩法是，几名学生趴在地上，双手鼓起，用空掌心拍击地面，拍打用烟盒折成、印有各种香烟名称的卡片。央广网记者调查发现，如今，“烟卡”买卖已经成为一条产业链，商家通过几分钱、一角钱回收或印刷“烟卡”，再以一张几角钱、几元钱的价格卖出。律师表示，经营者向未成年人售卖“烟卡”的行为属于违法违规行为。 “烟卡”游戏流行后，引发了社会特别是家长的关注。有人担心孩子过于痴迷，在路上、垃圾桶等地方到处找烟盒，存在安全卫生问题。更令很多家长担心的是，在玩“烟卡”过程中，孩子可能会过早接触香烟，甚至学会抽烟。但也有声音认为，这类“烟卡”游戏其实并不是什么新鲜玩意儿，许多“70后”“80后”小时候也玩过类似的游戏，它满足了孩子的娱乐需求，还能让他们少玩电子产品，远离网络。 “烟卡”属于烟草制品的衍生品，在未成年人接触的过程中，的确有必要预防它可能引发孩子对“吸烟”的模仿和好奇心，对此家长和学校要做好引导。 更需要关注的是“烟卡”买卖成为产业链的现象。一方面，“烟卡”销售变得泛滥，意味着烟卡已从孩子们“自主创造”的游戏工具，变成了一项由利益驱动的“生意”，这本身可能带来一种过度的诱导，催生更多的负面影响；另一方面，如律师所指出的，经营者向未成年人售卖“烟卡”的行为已涉嫌违法。同时，销售“烟卡”还涉嫌销售伪造、擅自制造的注册商标标识，侵犯他人的注册商标专用权。因此，对于这些有可能踩踏法律红线的烟卡销售行为――无论是线上还是线下，监管部门都有必要依法依规及时加以规制，不能听之任之。（央广网特约评论员 朱昌俊） “烟卡”属于烟草制品的衍生品，在未成年人接触的过程中，的确有必要预防它可能引发孩子对“吸烟”的模仿和好奇心，对此家长和学校要做好引导。,,,https://www.cnr.cn/newscenter/comment/cnrp/20240518/t20240518_526709784.shtml,2026-06-16 23:48:27
央广网评,【央广网评】“峨眉女侠”飒出江湖 中华武术可以很青春 近日，峨眉女子功夫团在网络走红。这支团队由峨眉武术非遗传承人凌云与8位女子武术爱好者组成，团员中最小的是“00后”。她们将传统武术与舞蹈、音乐融合，呈现出又美又飒、刚柔相济的风姿，不仅诠释出中华武术精神，传递和弘扬着中华文化的千年底蕴，也成为大众认识传统武术的具象窗口。难怪众人看过后惊呼：这才是女侠的风采。 2024,2024-05-18,,近日，峨眉女子功夫团在网络走红。这支团队由峨眉武术非遗传承人凌云与8位女子武术爱好者组成，团员中最小的是“00后”。她们将传统武术与舞蹈、音乐融合，呈现出又美又飒、刚柔相济的风姿，不仅诠释出中华武术精神，传递和弘扬着中华文化的千年底蕴，也成为大众认识传统武术的具象窗口。难怪众人看过后惊呼：这才是女侠的风采。 峨眉女子功夫团在网络走红 中华武术源远流长、博大精深，最早可以追溯到殷周时代，其后更是流派纷呈、传承不辍，有着极为广泛的群众基础。一直以来，中华武术以其独特的魅力成为中国人的一个标签，也成为中国与世界沟通交流的一门“语言”。 三十多年前的一部《少林寺》，激荡起几代人的武侠梦；李小龙的系列电影，在整个华人圈掀起武术热；龙年新春，原创舞剧《咏春》选段亮相春晚，让世界各地的观众都感受到中华武术的独特魅力和深厚文化底蕴。随着社会的不断发展，如何让中华武术文化和精神更好传承下去，已成为我们这一代人需要肩负起的责任。 在第31届世界大学生夏季运动会上，武术项目女子太极剑进行决赛 其一，“人民性”从来都是中华武术发展的基本盘。不管是武当武术，还是少林功夫，抑或是峨眉武术，都是中华传统武术中不可或缺的一部分，都深植于人民之中。而传统武术赖以发扬光大的依托，则是一代代青年人。当青春热力遇上变化莫测的武技，必然释放出灿烂的光华。 其二，弘扬传统武术，应与时代、时尚紧密契合。传统与现代一旦发生连接，就绝不是简单的物理嫁接，往往会产生奇妙的化学反应。因此，借助新的技术与传播手段，让许多年轻人亲近武术、热爱武术，传承千百年的中华武术也因此可以很青春。 当然，传统与现代的连接，不仅要讲究“年轻态”、大胆尝试新的媒介手段，也要对传统武术进行规范。2022年，由国家体育总局武术运动管理中心研制提交的《太极拳基本动作技术规范》陈式、杨式、吴式、武式、孙式5项国际标准，获得国际标准化组织ISO/TC83/SC6武术技术委员会投票通过；前不久，由嵩山少林武术职业学院和中国标准化研究院共同研制提出的武术国际标准提案，正式获得PWI（武术教育国际标准预研阶段）注册……这些都是中华武术向着“规范化”“国际化”所作的积极努力。 时代在发展，社会在进步，中华优秀传统文化也在不断焕发出新的生机与活力。在这个过程中，厚重的文化积淀是基础，创造性转化与创新性发展则是我们传承发扬优秀传统文化的不竭动力。（央广网特约评论员 龙之朱） 近日，峨眉女子功夫团在网络走红。这支团队由峨眉武术非遗传承人凌云与8位女子武术爱好者组成，团员中最小的是“00后”。她们将传统武术与舞蹈、音乐融合，呈现出又美又飒、刚柔相济的风姿，不仅诠释出中华武术精神，传递和弘扬着中华文化的千年底蕴，也成为大众认识传统武术的具象窗口。难怪众人看过后惊呼：这才是女侠的风采。,,,https://www.cnr.cn/newscenter/comment/cnrp/20240518/t20240518_526708863.shtml,2026-06-16 23:48:27
央广网评,【央广网评・文旅新观察②】一道美食带火一座城 好吃是起点好玩是关键 对于很多人来说，寻味在旅行中是一项必不可少的活动，只有品尝到旅途中的各种正宗特色美食，才算不虚此行。不过，除美食家外，大多数情况下人们是先定好旅行目的地，再顺便看看当地有何美味。但现在，情况在发生变化，有很多人会为了一道美食而奔赴一座城市。 2024,2024-05-18,在某平台,民以食为天。对于很多人来说，寻味在旅行中是一项必不可少的活动，只有品尝到旅途中的各种正宗特色美食，才算不虚此行。不过，除美食家外，大多数情况下人们是先定好旅行目的地，再顺便看看当地有何美味。但现在，情况在发生变化，有很多人会为了一道美食而奔赴一座城市。 去年3月，山东淄博就因烧烤火遍互联网，迅速成为闻名全国的“网红”城市，吸引四方游客闻香而来。彼时，淄博八大局便民市场人山人海，当地大街小巷在短时间内新开了很多烧烤店。直到今年春天，这一热度依旧不减，甚至更加火爆。刚过去的“五一”假期，仅淄博站就日均接待旅客三四万人次，在某平台上，淄博吃喝游玩相关订单量同比增长65%。同样，甘肃天水在今年年初凭借一盘麻辣烫正式“出圈”。3月中旬，在某平台上，天水市麻辣烫订单环比上涨近180％。据统计，3月至“五一”假期结束，天水累计接待游客1338万人次，同比增长35.69％。 一道美食凭什么带火一座城？首先，迷人的是美食的魅力。以天水麻辣烫为例，一大碗热腾腾的蔬菜淋上几勺热辣滚烫的辣椒油，再撒上白芝麻等各种调料，不断搅拌后色泽鲜艳、香气扑鼻，好不诱人！更重要的是，与其他麻辣烫相比，天水麻辣烫在食材上确有其独特优势。不论是香而不辣的甘谷辣椒、口味鲜美的高原蔬菜，还是晶莹丝滑的定西宽粉，都是当地有着悠久生产历史的优质土特产，这造就了天水麻辣烫的独特风味。 其次，短视频助力功不可没。以这些美食为主角的短视频在网上传播后，很快引起许多年轻人的注目和“种草”，热气腾腾的烹饪过程、热闹欢快的品尝场面所营造出来的温馨轻松的生活氛围，也容易让人萌生去亲身体验一番的想法。也就是说，人们绝不只是想吃好吃的，而是想在吃好的同时拥有更多层次的体验。天水恰好是一个有着丰富旅游资源和游客接待能力的城市，伏羲庙、玉泉观、天水古城、麦积山石窟等，能够给游客提供更多游玩选项，充分释放其深厚的文化底蕴与积淀。 “五一”假期游客在天水 淄博烧烤、天水麻辣烫火了之后，不少城市也在借鉴经验，大力推出自己的美食品牌，试图成为下一个“顶流”。不过，不同城市的文旅资源不一样，各地不光要在自家土特产品牌的打造和推广上下功夫，还要在丰富游客体验上花心思，让游客吃得痛快、玩得愉快。说到底，这个探索历程也是推动当地文旅产业乃至经济社会高质量发展的过程。（央广网评论员 陈锐海） 对于很多人来说，寻味在旅行中是一项必不可少的活动，只有品尝到旅途中的各种正宗特色美食，才算不虚此行。不过，除美食家外，大多数情况下人们是先定好旅行目的地，再顺便看看当地有何美味。但现在，情况在发生变化，有很多人会为了一道美食而奔赴一座城市。,,,https://www.cnr.cn/newscenter/comment/cnrp/20240518/t20240518_526708848.shtml,2026-06-16 23:48:27
央广网评,【央广网评】当地回应土地补偿款“被理财”系“代管” 基层治理法治是前提 当地政府和纪检监察部门应以公开透明回应公众疑虑，在保障农民主体性和合法权益的同时，更要严肃追查各级征地审批环节、地方政府资金监管领域的违法违规之责。 2024,2024-05-17,而是由经开区城投公司,针对此前三千万土地补偿款“被理财”报道，山东淄博经开区管委会5月16日晚回应称，这笔款项并非进行实质性的投资理财，而是由经开区城投公司统一代管，但确实存在未经合法程序的问题。淄博经开区农业农村局表示，正在酝酿指导性文件，将征地补偿款纳入“三资”（农村集体资金、农村集体资产和农村集体资源）管理体系中来。 当地这一回应并未能有效解释淄博经开区傅家镇镇长和副镇长关于钱款去向的矛盾之词，也没有把收益高达6%的“代管”操作交代清楚。更重要的是，该事件触及对法治政府建设的挑战，但从目前回应来看，当地政府并未对此做出实质性反思。 今年中央一号文件和《政府工作报告》均提到，要“加强法治乡村建设”“深入推进法治政府建设”。此前，中共中央、国务院印发的《法治政府建设实施纲要（2021－2025年）》指出，新发展阶段持续要深入推进依法行政，全面建设法治政府，包括健全依法行政制度体系、加快推进政府治理规范化程序化法治化，健全行政决策制度体系、不断提升行政决策公信力和执行力。 具体到本次事件，对法治政府建设的粗暴挑战至少包括两端：一端是依法行政、合法合规实施征地，一端是保障村民自治、切实维护被征地农民合法权益。当前的回应以“村班子建设不健全”“统一代管”为由，仅对钱款“不是理财”“不存在资金风险”作出笼统回应，但不能改变“非法侵占和挪用”的事实，且未经村民大会授权，究其本质还是对法定程序和村民自治的僭越；而关于“将征地补偿款纳入‘三资’管理体系中来”的回应，则主要针对“违规资金使用”的监管漏洞。同样需要提醒的是，这一地方性管理条例不可与上位法中村集体“自主决策”的规定相悖。 更需要警惕的是，回应将大众视线聚焦在土地征地款的去向与使用上，无形中弱化了另一个更为严重的前置性问题，即整个土地征收程序可能存在的合法性风险。无视法治政府建设要求，未能依法行政、有效监督，悬置制度对权力的约束，这才是导致该事件发生的根本原因。当地政府和纪检监察部门应以公开透明回应公众疑虑，在保障农民主体性和合法权益的同时，更要严肃追查各级征地审批环节、地方政府资金监管领域的违法违规之责。（央广网特约评论员 张文博） 当地政府和纪检监察部门应以公开透明回应公众疑虑，在保障农民主体性和合法权益的同时，更要严肃追查各级征地审批环节、地方政府资金监管领域的违法违规之责。,,,https://www.cnr.cn/newscenter/comment/cnrp/20240517/t20240517_526708731.shtml,2026-06-16 23:48:27
央广网评,【央广网评】破坏天然林种植咖啡 林下经济有“林”才有“下” 我国对发展林下经济提出了明确的原则性要求，那就是必须坚持生态优先、规模适度、管理规范、绿色发展。也就是说，在森林中种什么、养什么，搞多大、怎么搞，都必须规划好，合理利用自然资源，绝不能破坏生态环境。 2024,2024-05-17,,近日，第三轮第二批中央生态环保督察全面启动，7个督察组分别对7个省（市）开展为期一个月的督察工作。其中，督察组在云南发现，西双版纳的一个村子在天然林下种植咖啡的过程中，蚕食了15.9亩天然林。更有甚者，为了提高咖啡产量，当地 采取围剥树皮等隐蔽性手段，造成林木死亡 。另一个地方则在过去几年里以采伐更新的名义，大面积砍伐山地橡胶林等林木，继而违规大量种植香蕉、菠萝，至今仍有6362亩未恢复为橡胶林。 云南山深林密，森林资源、生物资源尤其丰富，这是当地得天独厚的优势和宝藏，也是农业生产和旅游业发展的重要基础。发展林下经济，是指在不破坏地表植被、不影响生物多样性保护的前提下，尽可能利用山区珍贵的土地空间，在森林中种植药材、菌草、林菜等作物，养殖林畜、林禽、林蜂，或者打造森林康养、生态旅游项目，将生态资源转化为经济社会价值，从而帮助当地百姓增收致富。这是我国法规所允许和鼓励的。但值得注意的是，我国对发展林下经济提出了明确的原则性要求，那就是必须坚持生态优先、规模适度、管理规范、绿色发展。也就是说，在森林中种什么、养什么，搞多大、怎么搞，都必须规划好，合理利用自然资源，绝不能破坏生态环境。 然而，西双版纳的这些地方却本末倒置，为了提高咖啡等经济作物的产量，不惜伤害原有的天然林，说白了是为了经济效益而放弃了生态效益。这种发展方式违背了自然规律、法律法规，脱离了发展林下经济的初衷，是不可持续的。如今，督察组已经发现并通报相关问题。对当地党委政府和有关部门来说，当务之急是尽快恢复受损的林木，依法追究相关当事人和监管部门的责任，特别是对那些迟迟不开展修复工作的单位和人员，要采取更严厉的惩处措施。林下经济，有“林”才有“下”；没有了“林”，何谈“林下”！（央广网评论员 陈锐海） 我国对发展林下经济提出了明确的原则性要求，那就是必须坚持生态优先、规模适度、管理规范、绿色发展。也就是说，在森林中种什么、养什么，搞多大、怎么搞，都必须规划好，合理利用自然资源，绝不能破坏生态环境。,,,https://www.cnr.cn/newscenter/comment/cnrp/20240517/t20240517_526708584.shtml,2026-06-16 23:48:27
央广网评,【央广网评・文旅新观察①】年轻人爱逛博物馆 迷的是文博“大餐”的趣味与魅力 承载着悠久的历史和新颖的创意，今天的博物馆已经不只是收藏、保护和展示文物的地方，还是一个兼具休闲娱乐、科普教育、传承文化的综合体，不仅有助于丰富我们的生活，还能给地方发展带来更多机遇。因此，各地要不断探索当地博物馆的保护和利用的创新之路，让更多人走进博馆，让历史在现在和未来不断焕发出新的活力。 2024,2024-05-17,来自某旅游平台,在我们今天的社会生活中，博物馆扮演着越来越重要的角色，是很多人休闲娱乐、学习研究的重要场所。不论是周末出游，还是度假旅行，越来越多人都会把“打卡”博物馆纳入自己的游玩计划。特别是三星堆博物馆、故宫博物院、陕西历史博物馆等国内“顶流”博物馆，更是人们竞相“打卡”之处。很多博物馆的门票往往一开始启动预约就很快被抢光，现场也经常出现观众排长队入场的景象。同时，一些相对小众博物馆，如长影旧址博物馆、上海汽车博物馆、景德镇御窑博物馆等，也逐渐被人们所关注和“种草”，成了文博领域的新晋“网红”。 据国家文物局统计，刚刚过去的五一假期，全国6000多家博物馆共接待观众5054万人次，属于历史同期极高水平。来自某旅游平台的数据显示，仅假期前两天，全国重点博物馆的门票预订及预约量就同比增长了约400%。“文博热”持续升温，既是我国城乡居民对高质量精神文化生活的需求日益增强的体现，也是我国文博事业快速发展的结果。 陕西历史博物馆，唐三彩女立俑 从需求端来看，人们越来越喜欢走进博物馆，是希望去亲眼看看历史书中的“青铜器”“兵马俑”“唐三彩”等文物的真实面貌。在近距离的观赏和学习中，人们能够更加深入地了解它们的历史、文化、艺术价值以及中华文明的起源、形成和发展脉络，在润物细无声中更加坚定我们的历史自信和文化自信。譬如，在三星堆博物馆，人们兴致盎然地观察和讨论着造型独特的青铜神树、青铜人像、金面罩等文物，并在畅想几千年前长江上游人们的生活图景中沉浸式感受古蜀文明的辉煌与神秘；在苏州丝绸博物馆，观众只需在小程序上动动手指，就能参与“织造”漳缎，从而简单了解我国传统丝织工艺的智慧和丝绸之美；在景德镇御窑博物馆，人们通过一件件精美的瓷器艺术品和数字光影展，打开了一扇通往中华瓷器艺术宝库的大门，感受中国传统瓷器工艺的登峰造极…… 景德镇御窑博物馆 从供给侧来看，近年来，我国各地博物馆采取各种积极措施，吸引更多人特别是年轻人走进博物馆。目前，全国6000多家博物馆有90%免费向公众开放，有的博物馆还在旺季延长开放时间、增设夜场、增加参观名额，有的地方则通过大篷车将文物和展览送到山区、乡村、学校等文博资源短缺的地方。为了提升游览体验，越来越多博物馆借助先进的光影技术和精彩的文艺演出，让逛博物馆变得更加趣味横生；同时，层出不穷的文创产品因融合了古典与现代之美而受到众多年轻消费者的喜爱，进一步拉近了文博与公众间的距离。 “流动的丝绸博物馆”走进校园 承载着悠久的历史和新颖的创意，今天的博物馆已经不只是收藏、保护和展示文物的地方，还是一个兼具休闲娱乐、科普教育、传承文化的综合体，不仅有助于丰富我们的生活，还能给地方发展带来更多机遇。因此，各地要不断探索当地博物馆的保护和利用的创新之路，让更多人走进博物馆，让历史在现在和未来不断焕发出新的活力。（央广网评论员 陈锐海） 承载着悠久的历史和新颖的创意，今天的博物馆已经不只是收藏、保护和展示文物的地方，还是一个兼具休闲娱乐、科普教育、传承文化的综合体，不仅有助于丰富我们的生活，还能给地方发展带来更多机遇。因此，各地要不断探索当地博物馆的保护和利用的创新之路，让更多人走进博馆，让历史在现在和未来不断焕发出新的活力。,,,https://www.cnr.cn/newscenter/comment/cnrp/20240517/t20240517_526707515.shtml,2026-06-16 23:48:27
央广网评,【央广网评】鼓浪屿“宰客一条龙”被曝光 旅游胜地别败在姑息无为 端午小长假，旅游胜地厦门鼓浪屿导游与商家联手宰客的乱象被总台曝光。9日，厦门市发布通报称，已成立鼓浪屿旅游市场秩序专项整治联合工作组，多家涉事单位被停业整顿，涉事导游和驾驶员资格被暂扣或注销，并对曝光行业开展举一反三拉网式排查。 2024,2024-06-09,,端午小长假，旅游胜地厦门鼓浪屿导游与商家联手宰客的乱象被总台曝光。9日，厦门市发布通报称，已成立鼓浪屿旅游市场秩序专项整治联合工作组，多家涉事单位被停业整顿，涉事导游和驾驶员资格被暂扣或注销，并对曝光行业开展举一反三拉网式排查。 厦门鼓浪屿是我国知名旅游胜地和世界文化遗产，是有“国际历史社区”“万国建筑博物馆”美誉的“国家瑰宝”。出于自然生态和文化遗产保护的考虑，鼓浪屿和厦门市区之间并未采取跨海桥隧等现代交通方式连接，是有意避免外界对岛屿过多介入、增加岛屿旅游压力。但在本次曝光的灰色产业链中，本该作为公共交通的轮渡船票和出租车竟沦为某些黑景点的“引流”工具，导游和不法商家一起串通坑蒙消费者……凡此种种可谓“宰客一条龙”，普通消费者上岛后根本难以招架，当地职能部门始终不能采取有效措施，又保护了什么呢？ 更令人感到气愤的是，面对记者以游客身份的投诉反映，交通运输、市场监管、鼓浪屿管委会、文化旅游等多个部门并未积极有效协商解决，要么是以罚代管“退费”处理，要么干脆说“管不到”也“管不了”其他环节，文旅旅游服务热线甚至直接让其拨打12345市长热线。当地相关主管部门看似分工明确、各司其职，实际上却是在互相推诿、规避责任，这种自设的“监管壁垒”不禁让人追问，为民初心哪里去了？ 承认问题是解决问题的第一步。面对舆论监督，厦门市第一时间作出整改反馈。作为国际旅游城市，厦门不妨拿出“人民至上、共建共享”的生态治理态度和经验久久为功，好好进行产业生态治理和为民服务的作风建设。 这两年我国旅游业火爆复苏，无论是传统旅游胜地还是后起之秀的小县城都迎来大批游客，旅游业也被视为具有带动作用的服务业新兴产业。大量游客带来了无限机遇，也对文旅市场提出了比以往更高的体验需求、发展要求。最近各地频繁曝光的市场“鬼秤”、导游回扣、强制消费等，是“顽疾”也是“通病”。作为旅游城市，不能躺在“好山好水”的资源禀赋上坐享其成，也不能只重开发利用不重管理提升，更不能“躺平”不作为，姑息放任不法分子从中不当牟利。各地方政府要综合施策，积极营造和维护好旅游市场消费环境，以文旅业高质量发展带动其他行业一起赢得更多发展机遇和经济社会效益。（央广网评论员 姜葳） 端午小长假，旅游胜地厦门鼓浪屿导游与商家联手宰客的乱象被总台曝光。9日，厦门市发布通报称，已成立鼓浪屿旅游市场秩序专项整治联合工作组，多家涉事单位被停业整顿，涉事导游和驾驶员资格被暂扣或注销，并对曝光行业开展举一反三拉网式排查。,,,https://www.cnr.cn/newscenter/comment/cnrp/20240609/t20240609_526736635.shtml,2026-06-16 23:48:27
央广网评,【央广网评】三千万征地补偿款“被理财”？事涉农民利益当由村民自议自主 土地是农民安身立命的生产资料，土地补偿款涉及失地农民的切身利益。相关法规明确规定，禁止侵占、挪用被征收土地单位的征地补偿费用和其他有关费用。部分补偿款已经拿去理财一年了，现在才通知开村民代表大会讨论通过分配方案，甚至还有村民不清楚征地一事，当地政府这种乱作为已经严重伤害了农民知情权和合法利益。保护农民利益，首先要确保农民对涉及自,2024-05-16,,据总台中国之声报道，山东淄博经开区彭家村村集体三千多万元的征地补偿款，在大部分村民不知情不同意的情况下，被当地政府擅自用于“理财”。面对村民的一系列疑问，多级政府部门均无法解答。 土地是农民安身立命的生产资料，土地补偿款涉及失地农民的切身利益，不容任何形式的被侵占挪用。报道中彭家村的征地补偿款已被挪用一年之久，到现在却才通知召开村民代表大会讨论“被征地社会养老保障资金”一项的分配方案，而至此村民才陆续听说被征地一事。当地政府这种乱作为，无疑严重伤害了农民最基本的知情权。 保护农民利益，首先要确保农民对涉及自身利害事宜的知情权，征地及后续补偿也必须在公开合法的前提下进行。根据我国《土地管理法》和《土地管理法实施条例》，国家出于公共利益的需要，可通过法定程序对属于农民集体所有的土地征收为国有土地，并规定了从发布征地预公告、补偿安置方案，到社会稳定风险评估、土地征收审批，以及发布正式征地公告、补偿安置公告等一系列法定流程，且多个环节环环相扣。譬如，“社会稳定风险评估应当有被征地的农村集体经济组织成员、村委会和其他利害关系人参加，以评估结果为申请征收土地的重要依据。”如果当地政府依法依规进行征地工作，便不可能出现征地完成一年后村民尚不知情的情形。 征地补偿款包括土地补偿费、安置补助费、地上附着物和青苗等的补偿费、社会保障费等四项，依法要足额拨付到位、专款专用。至于补偿款具体如何分配使用，则属于村民自治事宜，应由村集体议事机构决策。但从彭家村村委会到当地镇政府都说不清钱款去向，而且“其他村的征地补偿款也存在类似情况”，这不仅是对被征地农民切身利益和作为村集体成员自治权利的侵犯，同时也侵蚀了地方政府的公信力和基层治理效能，有违依法行政的法治精神。 今年中央一号文件和《政府工作报告》中都明确提出“提升乡村治理水平”。乡村的有效治理，自治是基础和内在驱动力，法治则是前提和根本保障，必须在法治化环境下和轨道上强化农民的主体性地位，让涉农事项由农民自己“议事”“主事”，才能切实保障农民权益不受侵害，有效激发农民内驱力和积极性，真正提升乡村治理水平和基层治理效能。面对村民的合理主张，村委会和当地政府要说清楚补偿款目前去向、接下来的分配方案，依法确保被征地农民的合法权益。（央广网特约评论员 张文博） 土地是农民安身立命的生产资料，土地补偿款涉及失地农民的切身利益。相关法规明确规定，禁止侵占、挪用被征收土地单位的征地补偿费用和其他有关费用。部分补偿款已经拿去理财一年了，现在才通知开村民代表大会讨论通过分配方案，甚至还有村民不清楚征地一事，当地政府这种乱作为已经严重伤害了农民知情权和合法利益。保护农民利益，首先要确保农民对涉及自身利害事宜的知情权，征地及后续补偿必须在公开合法的前提下进行。乡村的有效治理，自治是基础和内在驱动力，法治则是前提和根本保障，必须在法治化环境下和轨道上强化农民的主体性地位，让涉农事项由农民自己“议事”“主事”，才能切实保障农民权益不受侵害，有效激发农民内驱力和积极性，真正提升乡村治理水平和基层治理效能,,,https://www.cnr.cn/newscenter/comment/cnrp/20240516/t20240516_526707470.shtml,2026-06-16 23:48:27
央广网评,【央广网评】单一肥摇身变为“复合肥”？打击农资造假乱象刻不容缓 化肥是现代农业的基本生产资料。农民种地要想取得好收成，离不开质量合格、营养均衡的化肥。农忙时节，往往也是制售假冒伪劣农资行为的高发期。据报道，近几年，有一些化肥“忽悠团”打着“厂家直销”的幌子流窜乡村，宣称其售卖的所谓化肥“比复合肥更好用”，让农民受伤不轻。 2024,2024-05-16,,化肥是现代农业的基本生产资料。农民种地要想取得好收成，离不开质量合格、营养均衡的化肥。农忙时节，往往也是制售假冒伪劣农资行为的高发期。据报道，近几年，有一些化肥“忽悠团”打着“厂家直销”的幌子流窜乡村，宣称其售卖的所谓化肥“比复合肥更好用”，让农民受伤不轻。 农业生产“面朝黄土背朝天”，农民辛辛苦苦一整年，赚的是辛苦钱、血汗钱。一直以来，社会对破坏农业生产、损害农民利益的行为都深恶痛绝。一些不法化肥商人通过车接车送、授课、请吃饭等方式套近乎，博取农户信任，目的就是销售披着复合肥外衣的单一肥。如此欺骗行径，寒了农民的心，辜负了全社会爱农护农的善意。 仓廪之粮，民生之本，粮食安全是国家安全的重要基础。农业生产具有周期性、季节性，低劣化肥的不良后果往往要使用一段时间后才能浮现，等到农民发现所使用的化肥“货不对板”，往往已经很难补救，造成农产品产量、质量下滑的事实。这不仅影响被骗农户的收成和收入，也会造成粮食市场波动，让我们的粮食安全承受风险。 打击农资造假乱象，离不开有关部门扛起责任，严格依法监管。今年，国家七部门联合行动，对化肥“忽悠团”问题进行专项治理，已经产生了不小的威慑作用。在此基础上，我们也要通过综合运用刑事、行政、民事等追责途径，对农资造假进行更高效、全面地治理。只有监管形成合力，才能严厉打击违法乱象，呵护农民从事农业生产的积极性，守护好粮食安全的基石。 与此同时，广大农户也需增强识假辨假的意识和能力，选择正规渠道选购农资，不轻易被制假售假者忽悠。总之，我们要通过司法打击、行政执法、宣传教育等多种手段，提高违法成本，实现全链条监管，努力确保农民用上放心种、放心药、放心肥，全方位夯实粮食安全“压舱石”。（央广网特约评论员 王钟的） 化肥是现代农业的基本生产资料。农民种地要想取得好收成，离不开质量合格、营养均衡的化肥。农忙时节，往往也是制售假冒伪劣农资行为的高发期。据报道，近几年，有一些化肥“忽悠团”打着“厂家直销”的幌子流窜乡村，宣称其售卖的所谓化肥“比复合肥更好用”，让农民受伤不轻。,,,https://www.cnr.cn/newscenter/comment/cnrp/20240516/t20240516_526706397.shtml,2026-06-16 23:48:27
央广网评,【央广网评】电梯维保竟以“纸板人”充数 公众安全岂容“走过场”！ 尽管当前电梯维保行业普遍存在竞争激烈、价格偏低、人员短缺等现实困难，但绝不能以此为借口，将本该防患于未然的维保工作走过场、当儿戏，更不能放任安全隐患由小毛病变大事故赚“黑心钱”。 2024,2024-04-22,,从电梯维保人员现场签到到上传维保信息后签退，全程不到一分钟；用人形纸板“工具人”充数，代替规范中要求的另一作业人员；故意略过关键项目通话测试，就勾选完成“符合条件”……据总台央视报道，电梯维护保养行业乱象多多，除了“偷工”“减料”走过场外，甚至还有靠电梯出故障来换零件赚大钱的“以修代保”的黑操作。 电梯是人们日常生活中最常见的运输工具和特种设备之一，关系到我们的人身安全。近年来，电梯“咬人”“惊魂”等事故新闻屡屡爆出，让人格外揪心，有的是乘梯者自身使用不当所致，有的则是因电梯未按时按标准检测、维修、保养造成的意外。电梯是很复杂的机电一体化设备，商场、住宅的安装环境也各有不同，所以电梯安全素有“三分造、七分养”的说法。按照我国特种设备安全法的相关规定，从事电梯造、安、改、修的单位和操作人员要经国务院特种设备安全监管部门许可、取得相应资质。但现实情况却是，有资质的从业人数与市场需求相比缺口巨大。 尽管当前电梯维保行业普遍存在竞争激烈、价格偏低、人员短缺等现实困难，但绝不能以此为借口，将本该防患于未然的维保工作走过场、当儿戏，更不能放任安全隐患由小毛病变大事故赚“黑心钱”。从业者须像维护自己身家性命一样对待维保工作，对公众安全高度负责，这其实也是在作业时护自己周全。 目前，我国投入使用的各类电梯已超过1000万台，未来一段时间首批投用的电梯将陆续进入维修更新的高峰期。为此，国家市场监督管理总局去年印发《电梯安全筑底三年行动方案（2023―2025年）》，特别提到将指导使用单位与维保单位签订“全包维保”合同，明确电梯日常维护及零部件的更换都由维保单位来承担，降低电梯全生命周期使用成本。 对此，各级市场监督管理部门必须切实负起责任，强化规范特种设备从业企业和操作人员的准入管理；建立健全电梯维保服务评价机制和信用体系，并进一步发挥社会监督机制作用、扩大市民投诉渠道；通过在线技术手段和有效监管惩处清除市场乱象，提高市场透明度和公信力，切实保障公众的人身安全。（央广网评论员 姜葳） 尽管当前电梯维保行业普遍存在竞争激烈、价格偏低、人员短缺等现实困难，但绝不能以此为借口，将本该防患于未然的维保工作走过场、当儿戏，更不能放任安全隐患由小毛病变大事故赚“黑心钱”。,,,https://www.cnr.cn/newscenter/comment/cnrp/20240422/t20240422_526677040.shtml,2026-06-16 23:48:27
央广网评,【央广网评】“量子赋能”可实现农作物增产增收？警惕假技术、伪科学坑农害农 当下正值春耕农忙时节，一些假技术、伪科学却盯上了农户，这样的现象令人愤慨，必须零容忍。增产增收不过是农户最朴素的渴望，这些美其名曰“量子赋能”的“假科技”延伸到农业领域，正是瞅准了这一心理对农户进行“精准”围猎。对此，公安及市场监管部门须加大打击力度，对于类似的坑农、害农现象发现一次，依法严惩一起。应该看到，这些公司的营销，,2024-04-22,这些公司,据央视财经调查报道，一些不法商家在部分农村地区打着量子赋能的旗号，宣称用了他们的机器，可以通过量子技术给农作物种子赋能，从而实现增产增收、抗病抗旱抗涝，并且所有农作物都适用，甚至还能给电器、厨具、手机等生活用品赋能。不仅宣传离谱，而且营销套路满满，致使不少农户落入陷阱。 当下正值春耕农忙时节，一些假技术、伪科学却盯上了农户，这样的现象令人愤慨，必须零容忍。增产增收是农户最朴素的期盼，这些美其名曰“量子赋能”的“假科技”延伸到农业领域，正是瞅准了这一心理对农户进行“精准”围猎。 作为前沿科技，量子技术近年来的应用场景的确在逐渐拓展，但一些企业把量子技术“打扮”为可为万物赋能的“万金油”式“神秘力量”，明显是一种概念的炒作和滥用。这些借新技术进行虚假宣传，误导包括农户在内的“消费者”的行为，其本质就是为了“割韭菜”。具体到此案，涉事公司工作人员明确表示――一亩小麦种子赋能收100元，一台设备一年能赋能5000亩，就是50万元，正是如此巨大的利益空间，让一些不法商家“铤而走险”。 对此，公安及市场监管部门须加大打击力度，对于类似的坑农、害农现象发现一次，依法严惩一起。应该看到，这些公司的营销，从网上到网下都是公开进行的，要发现其实并不难，关键还是要完善监督、防范网络。譬如，推动农业科普“下沉”，让更多农户对于形形色色的“高科技”陷阱有更高的警惕意识和辨析能力。同时，我们要进一步发挥社会监督和群众监督作用，形成监督合力，就农户的投诉、举报顺藤摸瓜，深挖背后的灰色产业链。此外，一些“伪科技”在农户群体中推销，一开始还打着“免费服务”的幌子，具有很强的迷惑性，各地相关部门和基层干部要更多担负起“把关人”角色，真正形成风险“过滤”系统，让此类骗术在广大农村没有可乘之机。一定程度上说，这也是对基层治理能力的一种考验。 技术本身是中性的，打着“高科技、新技术”的旗号进行虚假宣传，不仅有损农户等消费者利益，也会伤及技术本身的公信力，对真正的技术创新和合理应用带来负面影响。因此，不只是维护好农户的权益，对一切借新技术、新概念搞虚假宣传甚至诈骗的行为，全社会都应该提高警惕，并构筑多方位协同共治体系，让骗局无处遁形。（央广网特约评论员 朱昌俊） 当下正值春耕农忙时节，一些假技术、伪科学却盯上了农户，这样的现象令人愤慨，必须零容忍。增产增收不过是农户最朴素的渴望，这些美其名曰“量子赋能”的“假科技”延伸到农业领域，正是瞅准了这一心理对农户进行“精准”围猎。对此，公安及市场监管部门须加大打击力度，对于类似的坑农、害农现象发现一次，依法严惩一起。应该看到，这些公司的营销，从网上到网下都是公开进行的，要发现其实并不难，关键还是要完善监督、防范网络。譬如，推动农业科普“下沉”，让更多农户对于形形色色的“高科技”陷阱有更高的警惕意识和辨析能力。同时，我们要进一步发挥社会监督和群众监督作用，形成监督合力，就农户的投诉、举报顺藤摸瓜，深挖背后的灰色产业链。,,,https://www.cnr.cn/newscenter/comment/cnrp/20240422/t20240422_526676569.shtml,2026-06-16 23:48:27
央广网评,【央广网评】诵读中华经典 让经典“声声”不息 那些流传了千百年、久经一代代中华儿女检验的诗词歌赋等经典作品，对今天的人们而言，依旧具有不可或缺的时代价值。通过品读中华经典，我们可以感受到古往今来中华民族的家国情怀、精神价值、人生智慧和审美趣味等，从而获得源源不断的精神滋养和启迪，更坚定地走好当下的路。无论是满足人们与日俱增的精神文化需求，还是推动中华优秀传统文化创造性转化、创新性发展，品读中华经典,2024-04-22,,4月22日，在2024年“世界读书日”来临之际，由央广网策划推出的大型文化展演活动“中华经典诵读大会”（第二季）在内蒙古准格尔旗正式启动，报名通道当日开启。全国各地的朗诵爱好者均可报名参与，在这个舞台上诵读自己喜爱的中华传世名篇。 作为一档全国文化类IP，“中华经典诵读大会”融公益性、民间参与性、专业权威性于一体，旨在引导鼓励全社会共同诵读中华经典，深入推进全民阅读，共同建设“书香中国”，赓续中华文脉。去年，第一季活动就吸引了来自全国各地的超10万名选手参与。参赛选手中既有学龄前萌新，也有银发一族，几乎覆盖了各个年龄段。一位中学组选手在分享参赛心得时表示，通过诵读经典、感受经典、传承经典，她得以更加充分地体会中华文字之美、文化之美、文明之美，从而能够更深刻地感受到我们中国人的骄傲。 这表明，那些流传了千百年、久经一代代中华儿女检验的诗词歌赋等经典作品，对今天的人们而言，依旧具有不可或缺的时代价值。通过品读中华经典，我们可以感悟古往今来中华民族的家国情怀、精神价值、人生智慧和审美趣味等，从而获得源源不断的精神滋养和启迪，更坚定地走好当下的路。无论是满足人们与日俱增的精神文化需求，还是推动中华优秀传统文化创造性转化、创新性发展，品读中华经典都发挥着重要作用。 更令人欣喜的是，朗诵者中有许多是热情洋溢的青年学子。他们对中华经典有着浓厚的兴趣，对作品内涵有自己独特的见解，对诵读效果的追求精益求精。这折射出年轻一代坚定的文化自信和深沉的文化追求。这种昂扬向上的国风热潮值得鼓励与支持。 今天，“中华经典诵读大会”（第二季）正式启动。我们期待有更多人参与到活动中，用声音唱响经典，让经典“声声”不息，从而激荡起更嘹亮的回响。（央广网特约评论员 莫洁） 那些流传了千百年、久经一代代中华儿女检验的诗词歌赋等经典作品，对今天的人们而言，依旧具有不可或缺的时代价值。通过品读中华经典，我们可以感受到古往今来中华民族的家国情怀、精神价值、人生智慧和审美趣味等，从而获得源源不断的精神滋养和启迪，更坚定地走好当下的路。无论是满足人们与日俱增的精神文化需求，还是推动中华优秀传统文化创造性转化、创新性发展，品读中华经典都发挥着重要作用。,,,https://www.cnr.cn/newscenter/comment/cnrp/20240422/t20240422_526676446.shtml,2026-06-16 23:48:27
央广网评,【央广网评】企业一年内“被上门”65次 “无事不扰”很难吗？ 近年来，着眼于营商环境优化，不少地方都提出了要对企业“无事不扰”。但其实，“无事不扰”不过是健康营商环境的一个最低限度的要求。说到底，真正从执法规范的源头把各种不必要的、有违“无事不扰”原则的执法检查的次数降下来，是让企业专心抓经营、谋发展的前提条件之一，也是打造一流营商环境的最基本要求。这个事，不该这么难。 2024,2024-04-19,,近日，安徽芜湖一码头“一年内被执法检查超200次”一事引起广泛关注。码头负责人表示强烈不满，认为频繁的检查严重影响了企业正常运营。当地对此回应称，经调查核实，去年对该企业开展检查、走访活动共计65次。其中，执法检查26次，还有安全环保等工作指导25次、宣传走访9次、助企纾困走访5次。 从当地的调查看，虽然最终核实的各种检查、走访、指导等没有达到之前所说的那么多，但也有65次，这样的频率也不低了。且不说是否必要，仅在客观上给企业带来的接待压力，也是不容低估的。当企业不得不把相当一部分管理精力放在搞接待上，这对企业正常运营带来的干扰可想而知。 当然，更重要的是，如此频繁的检查、走访，目的到底是什么？从回应看，这些执法检查共发现问题27个，似乎确实是奔着问题而来。但是，发现问题的数量与检查次数明显不成正比。这背后就延伸出两个疑点：一，执法检查的效率是否有提高的空间？或者说，是不是一些执法检查本身就是为了走个形式，配合完成某种指标，乃至于直接把检查次数当作了工作成绩？二，高频的“上门”，是否存在选择性执法检查的嫌疑？若每家企业都被这样对待，恐怕当地的执法检查人员忙不过来。所以，这背后是否还暗藏猫腻甚至是对应某种“潜规则”，或仍需要当地有关部门作出更全面的调查回应。 仅从常识来审视，如此频繁的检查执法，都突破了社会对正常的政企互动的想象，难免成为企业的难以承受之重。颇显讽刺的是，此事是在当地持续打造一流营商环境的背景下曝光的。这或充分说明，一流营商环境的打造绝不能只是说说而已。归根结底，还是得问问企业的感受。类似现象，如果只等到企业“强烈不满”时才觉得不正常，甚至是明知企业“不满”了也还不觉得是一个问题，又何以真正让企业对“一流营商环境”有真切体认？ 近年来，着眼于营商环境优化，不少地方都提出了要对企业“无事不扰”。但其实，“无事不扰”不过是健康营商环境的一个最低限度的要求。因为在没有“事”的情况下，各种执法检查、指导也去“干扰”企业的正常经营，而不是立足于帮助企业解决实际问题，这就不仅仅是一个检查次数多和少的问题，而更是合不合法的问题了。说到底，真正从执法规范的源头把各种不必要的、有违“无事不扰”原则的执法检查的次数降下来，是让企业专心抓经营、谋发展的前提条件之一，也是打造一流营商环境的最基本要求。这个事，不该这么难。（央广网特约评论员 朱昌俊） 近年来，着眼于营商环境优化，不少地方都提出了要对企业“无事不扰”。但其实，“无事不扰”不过是健康营商环境的一个最低限度的要求。说到底，真正从执法规范的源头把各种不必要的、有违“无事不扰”原则的执法检查的次数降下来，是让企业专心抓经营、谋发展的前提条件之一，也是打造一流营商环境的最基本要求。这个事，不该这么难。,,,https://www.cnr.cn/newscenter/comment/cnrp/20240419/t20240419_526671751.shtml,2026-06-16 23:48:27
央广网评,【央广网评】镇政府建的体育馆禁止群众入内 到底为谁而建？ 大湾镇政府却将其作为专门供镇政府工作人员使用的“内部球场”，即便平时经常处于闲置状态也不向公众开放，不仅于情于理于法都说不过去，还极大浪费了公共资源。至于大湾镇政府所谓的“为了安全规范管理”，更是无稽之谈。老百姓到体育馆锻炼身体，影响了谁的安全？来的人多，管理难度大，就能一禁了之吗？那么我们建立体育馆的初衷是什么？显然这不过是公器私用的借口,2024-04-18,,据媒体报道，近日，广东省清远市大湾镇有村民反映，该镇在2019年建成的大湾体育馆原本是当地群众强身健体的好去处，在去年底却突然被镇政府划归为干部职工宿舍区范围，并设置了门禁，禁止群众入内。对此，大湾镇政府给出的理由是为了安全规范管理。此事引发争议后，清远市文化广电旅游体育局表示，政府投资的设施应该向人民群众免费开放，将马上开展督查整改。 财政资金取之于民、用之于民。大湾镇政府耗费财政资金建成一个体育馆，对当地老百姓来说，本来是一件挺好的事。毕竟，这相当于是给大家新增一个可以锻炼身体、举办赛事的优质公共空间，有利于更好满足人们的健身需求。特别是在该镇8万人口仅有4个篮球场的情况下，这样一个崭新、宽敞、设施较为齐全的体育馆能够实实在在地提升老百姓的幸福感。然而，大湾镇政府却将其作为专门供镇政府工作人员使用的“内部球场”，即便平时经常处于闲置状态也不向公众开放，不仅于情于理于法都说不过去，还极大浪费了公共资源。至于大湾镇政府所谓的“为了安全规范管理”，更是无稽之谈。老百姓到体育馆锻炼身体，影响了谁的安全？来的人多，管理难度大，就能一禁了之吗？那我们建设体育馆的初衷到底是什么？显然，这不过是公器私用的借口罢了，也反映出一些干部仍存在特权思想，严重脱离群众。 在媒体报道中，将公共体育设施“锁”起来的情况并不少见。譬如在一些乡镇，有的地方将篮球场当成仓库用，有的是篮球筐被莫名锁起来，有的则是足球场大门紧闭，由此造成的浪费令人惋惜、愤怒。与这些形成鲜明对比的是，近年来，有的镇政府在农忙时节主动向当地群众开放政府大院，以便大家晾晒谷物，获得群众好评；有的则是在旅游旺季向外来游客开放停车场，有效提升当地的接待能力和服务水平；有的学校在夜间和节假日免费向市民开放操场，更好解决健身场地不足的问题。这两种情况所产生的不同效果表明，有没有把老百姓的需求和期盼放在心上，是各级党委和政府能不能做好工作的关键。 大湾镇政府禁止群众进入体育馆，归根到底是为民服务理念薄弱的缘故。媒体报道后，当地有关部门已经介入调查，目前体育馆也已对公众开放。接下来，如何运营好、管理好体育馆也是一项重要工作。此次事件反映出来的问题，仍值得当地乃至其他地方举一反三、引以为戒，让惠民工程真正惠民。（央广网评论员 陈锐海） 大湾镇政府却将其作为专门供镇政府工作人员使用的“内部球场”，即便平时经常处于闲置状态也不向公众开放，不仅于情于理于法都说不过去，还极大浪费了公共资源。至于大湾镇政府所谓的“为了安全规范管理”，更是无稽之谈。老百姓到体育馆锻炼身体，影响了谁的安全？来的人多，管理难度大，就能一禁了之吗？那么我们建立体育馆的初衷是什么？显然这不过是公器私用的借口罢了，也反映出一些干部仍存在特权思想，严重脱离群众。,,,https://www.cnr.cn/newscenter/comment/cnrp/20240418/t20240418_526670857.shtml,2026-06-16 23:48:27
央广网评,【央广网评・文旅春潮③】社交网络带火文旅IP 用深厚文化底蕴兜住“泼天的流量” 淄博烧烤、天水麻辣烫、贵州“村超”、潮汕英歌舞……依靠社交网络的裂变式传播，一批现象级文旅IP异军突起、深入人心，带动文旅产业爆发式增长，也提升着当地的品牌和形象。不少地方也瞅准社交网络传播带来的新机遇，开启“摇人”模式，努力成为下一个网红目的地。 2024,2024-04-17,,最近，你“种草”了什么地方？随着互联网深度嵌入人们的日常生活，社交网络成为文旅项目传播的主要阵地。淄博烧烤、天水麻辣烫、贵州“村超”、潮汕英歌舞……依靠社交网络的裂变式传播，一批现象级文旅IP异军突起、深入人心，带动文旅产业爆发式增长，也提升着当地的品牌和形象。不少地方也瞅准社交网络传播带来的新机遇，开启“摇人”模式，努力成为下一个网红目的地。 “酒香也怕巷子深”，别出心裁的花式宣传生成了各有千秋的流量密码，让许多“养在深闺人未识”的自然景观和文化遗产得以实现“破圈”传播。然而，有的地方在网络营销过程中，也出现了脱离实际的做法，让游客乘兴而来、失望而归。譬如，有的景区依靠“暴力修图”、AI合成视频，发布与实际景观不一致的宣传内容；一些文旅表演过度浮夸，充斥着低俗、媚俗、庸俗的画面；甚至有个别地方的文旅部门负责人跟风下场，罔顾当地文旅发展实际，表演也沦为自娱自乐。凡事过犹不及，宣传“用力过猛”，不仅容易让受众审美疲劳、产生抵触情绪，也会过于拉高游客的期待值，产生“货不对板”的印象。网络风评是把“双刃剑”，如果脱离实际过度炒作，吹得越高就摔得越惨。 广西靖西游客在景区观光游览 丰富的旅游资源、深厚的文化底蕴，才是地方发展文旅的底气与根本。兜住“泼天的流量”，离不开真诚态度与扎实服务。发展文旅事业，比拼的是综合体验。一些地方虽然资源天赋异禀，但由于前期投入不足，基础设施和接待能力薄弱，无法满足游客的多元化需求，更缺乏巨大流量涌入以后的应急处置能力和风险应对能力。在积极运营社交网络账号的同时，相关地方还需“强身健体”、修炼“内功”，完善文旅产业链条，统筹提升硬件水平和软件质量。 江苏苏州景区游客赏景 打造优质文旅IP在于日积月累的口耳相传。文旅产业是促消费、扩内需的重要抓手，需要明晰的是，一些景区之所以既赢得流量又留下口碑，也是因为持之以恒地加强服务质量监管，创造着游客友好型旅游环境。总而言之，文旅宣传有新意、接地气，才能真正留住游客，赢得良好口碑。（央广网特约评论员 王钟的） 淄博烧烤、天水麻辣烫、贵州“村超”、潮汕英歌舞……依靠社交网络的裂变式传播，一批现象级文旅IP异军突起、深入人心，带动文旅产业爆发式增长，也提升着当地的品牌和形象。不少地方也瞅准社交网络传播带来的新机遇，开启“摇人”模式，努力成为下一个网红目的地。,,,https://www.cnr.cn/newscenter/comment/cnrp/20240417/t20240417_526669357.shtml,2026-06-16 23:48:27
央广网评,【央广网评・文旅春潮②】小城文旅火起来 迷人的是各具特色的“别处生活” 如果说旅行是一场奔赴“诗和远方”的美妙探索，那么对今天的人们来说，可供追寻和探索的空间则更加广阔。人们不仅可以前往老牌旅游城市“打卡”闻名已久的景点，还可以选择一座小城来沉浸式体验当地的日常生活。 2024,2024-04-16,据某旅游平台,如果说旅行是一场奔赴“诗和远方”的美妙探索，那么对今天的人们来说，可供追寻和探索的空间则更加广阔。人们不仅可以前往老牌旅游城市“打卡”闻名已久的景点，还可以选择一座小城来沉浸式体验当地的日常生活。这两年，一批小城因独特风光、特色美食和品牌活动而崭露头角、悄然兴起。从榕江“村BA”、潮汕英歌舞，到淄博烧烤、天水麻辣烫，再到泉州簪花、开封“王婆说媒”，这些相继火爆出圈的小城，成为全国游客竞相“打卡”的目的地，给我国文旅市场带来更多活力。 文旅部统计的数据显示，刚过去的清明假期，游客量增幅超过50%的目的地城市就包括泰安、淄博、天水、开封、景德镇等中小城市。其中，甘肃天水因麻辣烫美食走红，旅游订单量同比激增超过21倍，3月以来已累计接待游客613万人次。河南开封因“王婆说媒”的出圈引来大量游客，当地酒店预订量同比增长4.5倍。据某旅游平台估算，前往开封万岁山武侠城景区的门票为80元，但它能促进当地交通、住宿消费达850元；泉州簪花体验活动只需40元，却能带动当地交通、住宿消费高达900元。 广东潮州锣鼓表演 越来越多的小城被看见、被“打卡”，既源于许多小城本身的魅力，也离不开短视频和网络直播的助力。我国各地城市在长期的历史发展进程中孕育出各不相同、各具特色的风貌风情。尤其是许多小城仍较好地保留着传统文化，包括古建筑、传统习俗、民俗活动、地域美食等。这些元素所构成的舒缓、具有地域特色和历史积淀的生活方式，对许多旅行的人而言，正是迷人之处。人们愿意身临其境，去深入感受当地的日常生活，从而获得更丰富的生活体验。特别是近年来短视频和网络直播的兴起，加大了各地对当地城市生活的宣传推广，让更多特色小城为人所知。同时，各地交通、住宿、旅游项目等基础设施的日益完善，也更好地满足着人们说走就走的愿望。 安徽黄山呈坎古镇 对很多小城而言，红起来不容易，继续红下去更不容易。面对慕名而来的游客，各地还需把握机遇，在保留特色、创新玩法、提升服务、强化推广等方面持续下好功夫，扎扎实实地提升当地文旅环境的通畅度、舒适度和丰富度，并促进当地旅游业与其他产业融合发展，让文旅在服务好游客的同时也真正造福当地百姓。（央广网评论员 陈锐海） 如果说旅行是一场奔赴“诗和远方”的美妙探索，那么对今天的人们来说，可供追寻和探索的空间则更加广阔。人们不仅可以前往老牌旅游城市“打卡”闻名已久的景点，还可以选择一座小城来沉浸式体验当地的日常生活。,,,https://www.cnr.cn/newscenter/comment/cnrp/20240416/t20240416_526667568.shtml,2026-06-16 23:48:27
央广网评,【央广网评・文旅春潮①】春日赏花涌热潮 “好春光+新玩法”创造消费新场景 赏花，可以说是这个春天里尤为潮流的一项户外活动。数据显示，今年3月以来，全国赏花热度急剧攀升，仅刚过去的清明假期，踏青赏花游的热度就同比增长7倍多。一项自古以来就有的传统活动，为何在今天又突然“火”成潮流呢？仔细分析，至少有三个原因。 2024,2024-04-15,特别是一些美景和特色活动在短视频平台,眼下正值暖春，我国大江南北春花盛开，人们纷纷走出家门，踏青赏花、观光游玩。在湖北秭归，人们漫步在金灿灿的油菜花海中，尽情地享受如画般的田园风光；在河南洛阳，各色牡丹尽态极妍、争奇斗艳，吸引各地游客前来“打卡”观赏，一睹“花开时节动京城”的千古盛景；在北京玉渊潭公园，身穿汉服的年轻人三五成群，齐聚樱花树下合影留念，在欢声笑语中记录下春日的美好…… 赏花，可以说是这个春天里尤为潮流的一项户外活动。数据显示，今年3月以来，全国赏花热度急剧攀升，仅刚过去的清明假期，踏青赏花游的热度就同比增长7倍多。 一项自古以来就有的传统活动，为何在今天又突然“火”成潮流呢？仔细分析，至少有三个原因。第一，在现代社会高速发展的今天，生活节奏快、工作繁忙的人们，更乐于在闲暇之时去亲近自然，在山水花草间愉悦心情、锻炼身体。对大家而言，这是一种调节身心、丰富生活的重要方式。第二，近年来，各地生态环境持续改善，城乡间的绿意空间越来越多，为人们亲近自然提供了更多好去处。第三，今年各地提前谋划，围绕“赏花+”这篇文章下足功夫，打造推出“赏花+美食”“赏花+采茶”“赏花+骑行”“赏花+摄影”“赏花+研学”等春日特色活动，创造了更多特色消费新场景，使人们不仅能上春山、赏春花，还能品春茶、尝春鲜，从而让出门赏花变得更好玩。特别是一些美景和特色活动在短视频平台上广泛传播后，更容易吸引人前来体验。 湖南长沙樱花季活动 从各地的情况来看，赏花不仅丰富了我们的春日生活，还催生出充满活力的“美丽经济”，让春日“颜值”变成实实在在的“产值”。譬如，以樱花闻名的北京玉渊潭公园，推出了樱花冰淇淋、樱花手链、樱景冰箱贴等文创产品，受到许多年轻游客的青睐，成为景区创收的新增长点；在福建、江西、湖南等地的许多乡村，大批游客前来赏花拉动着当地交通、餐饮、住宿、购物等行业的发展，为老百姓带来明显增收。来自某文旅平台的数据显示，今年3月以来，该平台有关赏花的产品预订量比去年同期上涨317%。 春有花，夏有荫，秋有果，冬有雪，其实一年四季里都蕴含着大自然给予人类的馈赠。我们期待更多地方在尊重自然、顺应自然、保护自然的前提下，不断探索应时应景的发展方式，创造更多绿色、低碳、有创意的消费新场景，持续让美好的生态环境为我们的美好生活增光添彩。（央广网评论员 陈锐海） 赏花，可以说是这个春天里尤为潮流的一项户外活动。数据显示，今年3月以来，全国赏花热度急剧攀升，仅刚过去的清明假期，踏青赏花游的热度就同比增长7倍多。一项自古以来就有的传统活动，为何在今天又突然“火”成潮流呢？仔细分析，至少有三个原因。,,,https://www.cnr.cn/newscenter/comment/cnrp/20240415/t20240415_526666233.shtml,2026-06-16 23:48:27
央广网评,【央广网评】整治基层形式主义 从上级单位不乱下任务开始 要为基层减负并提高基层工作质量，首先就要从上级单位不乱下任务、乱制定指标开始。基层民众到底需要解决哪些问题，在解决上又面临哪些现实难题，只有事先掌握了这些实际情况，才能确保任务和指标的制定更加科学、务实，而不是一开始就成为形式化落实的诱因。 2024,2024-04-10,,日前，中央层面整治形式主义为基层减负专项工作机制办公室通报三起典型案例。其中，有市县层层加码摊派经营主体增长任务的，有农家书屋实际利用率低造成资金浪费的，还有摊派点赞指标加重基层负担的。 这些典型案例虽然形式各异，但均暴露出一些地方过分追求指标完成度，却忽视发展实际需求和质量的弊病。其根源往往在于上级的考核“指挥棒”出现了偏差。要知道，上级对下级的过度施压，难免使得基层工作在执行过程中变形走样，原本应该服务群众、解决实际问题的工作，却变成应对上级指标和检查的机械式执行，不仅加重基层工作负担，易滋生形式主义之风，也会损害政府公信力。 早在2019年，中共中央办公厅印发的《关于解决形式主义突出问题为基层减负的通知》就明确指出，强化结果导向，考核评价一个地方和单位的工作，关键看有没有解决实际问题、群众的评价怎么样。一些地方的考核评价机制之所以导向形式主义，给基层添负担、添乱，就是把考核变成了从文件到文件，从会议到会议，从指标到指标，导致基层在落实上只能是服务于指标的完成，而不是实际问题的解决。 这种情况的出现又可以追溯到两个直接原因：一是，考核评价部门对基层工作缺乏足够的了解和“现实感”，同时又不重视“打捞”基层工作人员声音，导致在制定任务和指标时犯了“不接地气”的毛病；二是，对基层干部和工作的考核以及具体任务的制定，与民众实际需求和满意度相脱节。要知道，基层工作质量如何，基层到底需要什么，民众最有发言权。在考核基层工作质量和干部表现以及下达任务时，不能将民众的评价和心声结合起来，就难免放大“失真”的风险，最终导向形式主义。 所以，要为基层减负并提高基层工作质量，首先就要从上级单位不乱下任务、乱制定指标开始。基层民众到底需要解决哪些问题，在解决上又面临哪些现实难题，只有事先掌握了这些实际情况，才能确保任务和指标的制定更加科学、务实，而不是一开始就成为形式化落实的诱因。 在这方面，需要创新一些工作方法。如上级单位和下级单位之间建立双向的信息互通机制，而不仅仅是由上至下的单向度指标、文件的下达；制定任务和指标时，必须对应实际要解决的问题，并在执行过程中和考核时主动听取民众意见，搭建社情民意“上传下达”的渠道，以确保任务、指标的完成和考核过程始终紧盯问题的解决，而不是浮于任务、指标的表面。当任务、指标变得务实、“接地气”，才能真正对形式主义顽疾釜底抽薪。（央广网特约评论员 朱昌俊） 要为基层减负并提高基层工作质量，首先就要从上级单位不乱下任务、乱制定指标开始。基层民众到底需要解决哪些问题，在解决上又面临哪些现实难题，只有事先掌握了这些实际情况，才能确保任务和指标的制定更加科学、务实，而不是一开始就成为形式化落实的诱因。,,,https://www.cnr.cn/newscenter/comment/cnrp/20240410/t20240410_526658863.shtml,2026-06-16 23:48:27
央广网评,【央广网评】逮捕举报者的县委书记被调查 党纪国法绝不容任何人挑战 某种意义上，这是一起典型的滥用公权力的案例。一名县委书记为“一己之名”居然如此滥用公权力干预司法，让人惊愕也更值得公众和社会的警惕。现实生活中，我们的确不乏有官员在推动地方或部门大刀阔斧改革发展中被人诬陷、举报的事例，正确的做法应该是当事人主动向上级报告，必要时以个人名义进行法律维权。对李贵富此类行为，必须零容忍、严肃处理！此次通报,2024-04-10,,4月9日，备受关注的“老干部举报县领导被逮捕起诉”事件终于有了最新进展。据通报，被举报者唐山市人大常委会副主任、迁西县委书记李贵富涉嫌严重违纪违法，目前正接受河北省纪委监委纪律审查和监察调查。 媒体报道，去年底，河北唐山市迁西县退休干部马树山因通过邮寄信件给河北省、唐山市及迁西县党政领导干部，反映、举报现任迁西县委书记李贵富等人在用人、城市建设等方面存在的问题，被迁西县公安局带走并刑事拘留。此后，迁西县检察院向迁西县法院提起公诉，以诬告陷害罪、诽谤罪，追究马树山刑事责任。此事一出，舆论哗然，引起最高检高度重视，后迁西县检察院对马树山依法作出不起诉处理。 这里且不论马树山反映的问题是否真实存在，被举报的县委书记李贵富都应该按规定回避。然而，经有关方面调查发现，李贵富不仅没回避、未向上级报告，反而违规研究办理。让人匪夷所思的是，面对群众对领导的举报，该县委办公室立刻报警，县公安局受理案件，县检察院起诉，可谓反应迅速、环环相扣，令人瞠目结舌。 据通报显示，李贵富及迁西县公安局、检察院在处理这一举报事件时均存在违反纪律或违反司法程序问题。正是这一连串的违纪违法，才导致反映问题者被人为加罪，进而造成极为恶劣的影响。纪检监察机关决定对22名相关责任人员依纪依法作出处理。对公众来说，人们希望这样的依纪依法处理应该更严肃，对当地乃至整个社会有充分的警示效力。 某种意义上，这是一起典型的滥用公权力的案例。一名县委书记为“一己之名”居然如此滥用公权力干预司法，让人惊愕也更值得公众和社会的警惕。现实生活中，我们的确不乏有官员在推动地方或部门大刀阔斧改革发展中被人诬陷、举报的事例，正确的做法应该是当事人主动向上级报告，必要时以个人名义进行法律维权。对李贵富此类行为，必须零容忍、严肃处理！此次通报虽然没有披露更多细节，一定程度上是对公众疑惑的正面回应，更多意义在于向公众表达了对信访工作法治化和司法程序规范化的坚定维护，向全社会有力表明：党纪国法绝不容许任何人挑战！ 通报称，马树山作为退休干部，违反组织程序以匿名信方式反映问题，其所在党组织决定，对马树山的错误行为进行批评教育。 针对此事件的纠错不是终点，努力让人民群众在每一个司法案件中都能感受到公平正义才是最终目的。这就需要我们举一反三、以案为鉴，不断增强党员领导干部党纪法纪意识，持续提升依法行政、依法维权的能力，积极推动信访工作法治化，进一步加强执法司法规范化建设，让“反映问题”更加规范有序。 值得一提的是，处事不公、用权不正，必有“幺蛾子”。李贵富“倒”在“其他问题”上，看上去很偶然，其实是有腐必反、有贪必肃的必然结果。（央广网特约评论员 伍里川） 某种意义上，这是一起典型的滥用公权力的案例。一名县委书记为“一己之名”居然如此滥用公权力干预司法，让人惊愕也更值得公众和社会的警惕。现实生活中，我们的确不乏有官员在推动地方或部门大刀阔斧改革发展中被人诬陷、举报的事例，正确的做法应该是当事人主动向上级报告，必要时以个人名义进行法律维权。对李贵富此类行为，必须零容忍、严肃处理！此次通报虽然没有披露更多细节，一定程度上是对公众疑惑的正面回应，更多意义在于向公众表达了对信访工作法治化和司法程序规范化的坚定维护，向全社会有力表明：党纪国法绝不容许任何人挑战！,,,https://www.cnr.cn/newscenter/comment/cnrp/20240410/t20240410_526658735.shtml,2026-06-16 23:48:27
央广网评,【央广网评】婚丧办酒必须报备？社区治理绝不能越法律界限 居委会是基层群众性自治组织，并没有行政执法权，绝不能越过法律界限自我赋权，私自制定不合法的规定并强制执行。否则，就是脱离其性质及法治轨道，效果适得其反还要承担相应责任。 2024,2024-04-09,,近日，重庆市南川区有社区发布通知称，居民办结婚酒需提前十天向居委会提交书面申请；除结婚酒、丧事以外的酒席一律禁止滥办；当地酒楼在接办酒席前要查看其是否通过审核备案，并向该区市场监管局和乡镇（街道）报备；对不听劝者，当地公安、消防、市场监管等部门将对其开展联合执法。此举引发许多网友的关注和质疑。 从满月酒、百日酒，到升学酒、参军酒，再到乔迁酒、开业酒……无论大小事都要办酒宴客、收送随礼，这样的习俗至今在一些地方仍然存在，是许多人维护人情关系的重要方式。与此同时，巧设名目滥办酒席也滋生出互相攀比、铺张浪费、高价随礼等诸多乱象，增加了当地群众的经济负担，很多人苦不堪言却又不得不跟风――否则，送出去的礼金就收不回来。对此，近年来，包括重庆南川在内的各地持续推进移风易俗工作，积极引导当地居民改革宴席礼俗。纠偏陋俗、改良乡风，是基层治理的一项重要内容。在具体执行中，一些地方因循序渐进、方法恰当而收效明显，一些地方则因用力过猛而招致不满，其中的区别在于是否依法依规开展。 以重庆南川为例，不管是要求居民在举办结婚酒席前提交申请，还是规定其他酒席一律禁止滥办，都缺乏法律依据。然而，当地却理直气壮、大张旗鼓地将其以通知形式发布出来，显然越过了法律界限。特别是要求餐饮企业接单时要检查酒席是否经过审核，否则就不能接单，这种不合法规的要求还会干扰企业生产经营，于民生而言更是有害。 本次事件中还有一点值得注意，那就是我们必须明确社区居委会的治理权到底有哪些。居民委员会是居民自我管理、自我教育、自我服务的基层群众性自治组织，主要任务是宣传法律法规和国家政策，办理居民的公共事务和公益事业，调解民间纠纷，协助维护社会治安等。总而言之，居委会是基层群众性自治组织，并没有行政执法权，绝不能越过法律界限自我赋权，私自制定不合法的规定并强制执行。否则，就是脱离其性质及法治轨道，效果适得其反还要承担相应责任。 目前，重庆市南川区文明办已指导相关街道社区立即停止不当做法。不管是当地还是其他地方，都应该举一反三、引以为戒，确保社区治理合法合规、合情合理。（央广网评论员 陈锐海） 居委会是基层群众性自治组织，并没有行政执法权，绝不能越过法律界限自我赋权，私自制定不合法的规定并强制执行。否则，就是脱离其性质及法治轨道，效果适得其反还要承担相应责任。,,,https://www.cnr.cn/newscenter/comment/cnrp/20240409/t20240409_526658148.shtml,2026-06-16 23:48:27
央广网评,【央广网评】拿残疾人证当谋财工具 “善政”岂能当生意？！ 残疾人作为社会上的弱势群体，本就面临着诸多生活和就业的困境。国家推出“残保金”政策是为了保障、促进残疾人就业，而这些企业通过挂靠残疾人证完成“形式就业”，为一己私利把“善政”做成生意，不仅违法违规，更妨碍了残疾人正当就业权利。 2024,2024-04-08,一些个人和劳务中介公司,近日，总台央视曝光，一些个人和劳务中介公司，通过“挂证”假用工谋求减免“残保金”，把残疾人证变成了谋财的工具。 所谓“残保金”是指由未按规定安排残疾人就业的企事业单位向政府缴纳资金。个别企业为了避免缴纳“残保金”，便通过向黑中介买残疾人证“挂靠”的形式，假装雇佣残疾人就业，把“挂证”做成了一桩生意。这种恶劣行径不仅违背了国家政策的初衷，更对残疾人权益造成严重侵害。 残疾人作为社会上的弱势群体，本就面临着诸多生活和就业的困境。国家推出“残保金”政策是为了保障、促进残疾人就业，而这些企业通过挂靠残疾人证完成“形式就业”，为一己私利把“善政”做成生意，不仅违法违规，更妨碍了残疾人正当就业权利。因为一旦有企业发现仅靠“挂证”就能够钻政策漏洞，必然会挤兑残疾人正常就业的机会，也是对社会公平正义的践踏。 要想根治“挂证”的不法行为，一方面相关监管部门要严补监督疏漏，如检查工作场景影像、核查工作人员上班打卡记录等；另一方面还有赖于各地各部门积极探索残疾人就业模式，为他们提供更多的就业机会和渠道，譬如，鼓励企业开展残疾人岗位定制、提供残疾人就业培训等。让“善政”发挥应有效应，让残疾人依法享受工作权利和社会关爱。（央广网特约评论员 蔡悦） 残疾人作为社会上的弱势群体，本就面临着诸多生活和就业的困境。国家推出“残保金”政策是为了保障、促进残疾人就业，而这些企业通过挂靠残疾人证完成“形式就业”，为一己私利把“善政”做成生意，不仅违法违规，更妨碍了残疾人正当就业权利。,,,https://www.cnr.cn/newscenter/comment/cnrp/20240408/t20240408_526656843.shtml,2026-06-16 23:48:27
央广网评,【央广网评】邯郸初中生被害案3人将被追究刑责 作恶者难逃法律惩处 法网恢恢，疏而不漏，作恶者难逃法律惩处，未成年人也不例外。我们相信，案件后续的审判必会严格依法开展，让杀人者付出沉重代价，还被害人一个公道。 2024,2024-04-08,,4月8日，备受关注的河北邯郸初中生被害案有了最新进展。最高人民检察院依法决定，对三名已满12周岁不满14周岁的犯罪嫌疑人核准追诉，追究其刑事责任。 消息一出，许多关注此案的人心头的一块石头暂时落了地。此前，人们普遍对这一悲剧有着极为复杂的情绪，一方面是对被杀害的孩子深感悲切，对受害者家属满怀同情；另一方面，大家不仅对3名未成年犯罪嫌疑人的残忍手段感到心惊、愤怒，还担心他们因年龄不满14周岁可以逃过刑事追责。试想一下，如果这样年纪小小就敢对同学痛下杀手、毁尸灭迹的人能免于刑责，那对被害人及其家属乃至全社会的情感打击、对法律尊严的挑战是何等之大。正因此，今天最高检核准后依法决定对3名犯罪嫌疑人刑事追诉，是给了死者、家属和全社会一个有力的交代，也进一步彰显着法律惩恶扬善、捍卫公平正义的重要意义。 我国法律保护未成年人健康成长，同时也不纵容未成年人违法犯罪。刑法规定，已满16周岁的人犯罪，应当负刑事责任；已满14周岁不满16周岁的人，犯故意杀人、故意伤害致人重伤或者死亡、强奸、抢劫、贩卖毒品、放火、爆炸、投放危险物质罪的，应当负刑事责任；已满12周岁不满14周岁的人，犯故意杀人、故意伤害罪，致人死亡或者以特别残忍手段致人重伤造成严重残疾，情节恶劣，经最高人民检察院核准追诉的，应当负刑事责任。 法网恢恢，疏而不漏，作恶者难逃法律惩处，未成年人也不例外。我们相信，案件后续的审判必会严格依法开展，让杀人者付出沉重代价，还被害人一个公道。（央广网评论员 陈锐海） 法网恢恢，疏而不漏，作恶者难逃法律惩处，未成年人也不例外。我们相信，案件后续的审判必会严格依法开展，让杀人者付出沉重代价，还被害人一个公道。,,,https://www.cnr.cn/newscenter/comment/cnrp/20240408/t20240408_526656473.shtml,2026-06-16 23:48:27
央广网评,【央广网评】学校劝“差生”放弃中考 是对学生受教育权的侵犯 以升学率为教育导向本身就是错误的，在这种错误导向下，就可能出现诸如“学校劝学生不参加中考”的情形。此外，也不排除有些中职学校一心想完成招生计划，通过与初中签署招生合作协议，提供推荐费完成招生指标。不得不说，劝“差生”放弃中考的情况此前便存在，但从始至终都需要一再被强调的是，任何情况下“差生”都不能被剥夺参加中考的权利，这是教育公平的底线，,2024-03-28,,据媒体报道，近日，河南南阳一家长称孩子初三学习不好，“学校给孩子发来自愿放弃中考的申请”，引发广泛关注。27日，河南南召县教体局回应，情况基本属实，将追究相关人员责任。 学校有没有权利不让学生参加中考？答案是显而易见的。早在2010年，教育部就曾明确发文通知，强调任何学校和个人不得以任何理由劝说学生放弃中考和中途退学，或要求学生转校，或强迫学生报考某类学校。具体到本次事件，南召县丹霞实验学校的行为，无疑与通知精神相违背。 面对舆论质疑，学校回应称，“成绩差的学生如果放弃中考可报名职业教育等，多几个选择”，这显然无法说服公众。中考是人生的关键节点，学生参加中考，是行使自身权利的体现，学校、老师没有权利干涉，更不能劝阻或变相阻挠学生正常参加中考，甚至剥夺其参加考试的权利。当事学校表面上以职业教育等其他选择来规劝学生放弃中考，但实则是一种变相强迫，根本上还是以提高升学率为目的，而不是本着对学生负责的行为。 实际上，以升学率为教育导向本身就是错误的，在这种错误导向下，就可能出现诸如“学校劝学生不参加中考”的情形。此外，也不排除有些中职学校一心想完成招生计划，与初中签署招生合作协议，通过提供推荐费完成招生指标。不得不说，劝“差生”放弃中考的情况此前便存在，但从始至终都需要一再被强调的是，任何情况下学生都不能被剥夺参加中考的权利，这是教育公平的底线，也是对学生受教育权的基本保护，不容被变相伤害与侵犯。 眼下，还有网友反映“此类为当地常规操作”。这还需要当地教育部门、执法部门深入排查、督查，对相关违规行为严厉惩罚，正风肃纪，让相关人员引以为戒，切实保障好学生参加中考的权利。（央广网特约评论员 李蕾） 以升学率为教育导向本身就是错误的，在这种错误导向下，就可能出现诸如“学校劝学生不参加中考”的情形。此外，也不排除有些中职学校一心想完成招生计划，通过与初中签署招生合作协议，提供推荐费完成招生指标。不得不说，劝“差生”放弃中考的情况此前便存在，但从始至终都需要一再被强调的是，任何情况下“差生”都不能被剥夺参加中考的权利，这是教育公平的底线，也是对学生受教育权的基本保护，不容被变相伤害与侵犯。,,,https://www.cnr.cn/newscenter/comment/cnrp/20240328/t20240328_526643197.shtml,2026-06-16 23:48:27
央广网评,【央广网评】赣剧课程人气爆棚 传统文化可以这样“活起来”“火起来” 如今，发掘传统文化之美、弘扬传统文化之美，已经越来越成为全社会增强文化自觉、提升文化自信的广泛共识。我们相信，未来也必将有越来越多的优质文化资源能够“活起来”“火起来”。 2024,2024-03-27,,近日，南昌大学一门赣剧课“火”了，火到原本能容纳200人的教室挤满学生，不得不换成更大的教室。课堂上，老师着戏服，舞水袖、耍刀枪，学生不仅看得津津有味，还积极上台参与表演。高校课堂成为人气爆棚的“秀场”，热度和流量迅速蹿升，为弘扬传统文化传播带来新启示：这样的赣剧课，区别于传统的书面传授、语言诠释，而是采用生动活泼的形式，让传统文化之美看得见、听得到、可参与。特别是在互联网高度发达的读图时代、视频时代，新技术、新形态激活了传统文化资源，让传统文化可体验、可互动、可分享，并逐渐成长为一种新的时尚。 弘扬传统文化之美，青年是当仁不让的“弄潮儿”，他们天生对美的事物有着敏锐感知和热切追求。然而，一些传统文化之所以会成为“奶奶辈”的艺术，并不是因为年轻人不喜欢，而是他们还没有学会如何去欣赏。因此，艺术家、教育者要主动走进青年当中，让更多年轻人参与进来，通过近距离接触、体验传统文化，进一步激发他们探索传统文化之美的热情和行动。 新媒体时代，新的传播技术、手段、形态，也让受众身临其境感受到传统文化的魅力。需要认清的是，互动不仅限于屏幕上的交互，更要从线上向线下拓展。高校戏曲课从爆冷到火热，正是源于授课方式的生动化、互动化――老师将“讲台”当成“舞台”，学生从“观众”变为“舞者”，双方的心理距离进一步拉近，艺术的热情也得以充分释放。近年来，一些景区推出沉浸式夜游、深度游，游客通过角色扮演等方式可以更直观地感受到古镇、汉服等传统文化带来的独特体验。而互联网上引发的现象级传播，更是吸引了线下游客的蜂拥而至，这正是“线上”“线下”互动所带来的神奇功效。 传统文化不是尘封在博物馆里的标本，只有活跃在大众日常生活中，才有恒久的生命力。近年来，一些商家挖掘传统文化“富矿”，从家居、服饰、美妆、饮食、文创等日常生活载体入手，创新推出文化消费产品，吸引了大批年轻消费者，一些老字号也紧跟潮流变得“时尚”起来。传统文化走进“人间烟火”，展现出勃勃生机。 如今，发掘传统文化之美、弘扬传统文化之美，已经越来越成为全社会增强文化自觉、提升文化自信的广泛共识。我们相信，未来也必将有越来越多的优质文化资源能够“活起来”“火起来”。（央广网特约评论员 济兼） 如今，发掘传统文化之美、弘扬传统文化之美，已经越来越成为全社会增强文化自觉、提升文化自信的广泛共识。我们相信，未来也必将有越来越多的优质文化资源能够“活起来”“火起来”。,,,https://www.cnr.cn/newscenter/comment/cnrp/20240327/t20240327_526641258.shtml,2026-06-16 23:48:27
央广网评,【央广网评】成都语文试卷竟现美化日军文章 “问题试卷”是如何层层过审的？！ 在曾有300余万将士出川抗日的英雄之地，一篇美化侵华日军的文章竟然出现在中学语文试卷上，还让孩子“阅读理解”！正如网友所言，这已不仅仅是通报所说的“不良影响”，而是涉及国家民族的“大是大非”问题。如此扭曲战争历史、伤害民族感情、误导下一代的“问题试卷”，是怎么过审的？！为何独独选中这样一篇问题多多的文章作为阅读材料？持这种,2024-03-26,,近日，成都新都区“初三年级语文试卷阅读材料中现公然美化侵华日军文章”一事引起哗然。对此，新都区发布通报称，针对造成不良影响的阅读材料，已成立联合调查组进行全面调查，相关教研员及区教科院院长已停职，并将根据调查结果依法对责任人进行严肃处理。另据媒体报道，该文章作者也被免去中学党支部书记、校长等职务。 此事激起网友极大愤慨。在曾有300余万将士出川抗日的英雄之地，一篇美化侵华日军的文章竟然出现在中学语文试卷上，还让孩子“阅读理解”！正如网友所言，这是涉及国家民族的“大是大非”问题。如此扭曲战争历史、伤害民族感情、误导下一代的问题试卷，就这么冲破层层审核把关，出现在孩子们的课桌上，让人不禁追问：这样的“问题试卷”是怎么过审的？！ 众所周知，我们各学段的语文试卷中通常会选用文词优美、寓意深远的名篇佳作或实用文体，作为范本供学生学习体悟。具体到本次事件，选用这样一篇未曾公开发表、错字语病连连的文章，是想让孩子们通过阅读学习理解什么呢？再看内容导向，试卷编者对原文中的字句进行了一定程度的删改模糊，既然发现不妥为何仍加以选用？并设计诸如“杜鹃花多见用于游子思乡，也象征着国家的繁荣富强和人民的幸福生活”“如此遭遇，令你心生惋惜吗”等带有引导暗示性的题干，这样的“问题试卷”，是何用意呢！ 据报道，事发后，学校紧急回收试卷并销毁。但对相关学生作何善后补救工作，消除恶劣影响，目前仍是个未知数。联合调查组的连夜通报，相关人员第一时间被免职停职，传递了兹事体大的明确态度。为何独独选中这样一篇问题多多的文章作为阅读材料？持这种水平和立场的作者、编者是怎样混进教师队伍的？这些问题亟待一一深挖彻查，对相关责任人依法予以严处，给公众一个明白交代。（央广网评论员 姜葳） 在曾有300余万将士出川抗日的英雄之地，一篇美化侵华日军的文章竟然出现在中学语文试卷上，还让孩子“阅读理解”！正如网友所言，这已不仅仅是通报所说的“不良影响”，而是涉及国家民族的“大是大非”问题。如此扭曲战争历史、伤害民族感情、误导下一代的“问题试卷”，是怎么过审的？！为何独独选中这样一篇问题多多的文章作为阅读材料？持这种水平和立场的作者、编者是怎样混进教师队伍的？这些问题亟待一一深挖彻查，对相关责任人依法予以严处，给公众一个明白交代。,,,https://www.cnr.cn/newscenter/comment/cnrp/20240326/t20240326_526640706.shtml,2026-06-16 23:48:27
央广网评,【央广网评】千亩农田建满光伏电站 不合法、不切实际的项目是怎么上来的？ 建设光伏发电项目是为了发展经济，这本无可非议，但首先要合法合规，其次要切合实际。从目前情况看，安陆市和孝昌县的操作既不符合法规，也不切实际。据项目有关人员透露，当地发电量供大于求、销不出去，光伏发电项目效益不好。由此可见，像这样盲目跟风、脱离实际、违背群众意愿的项目，不但产生不了良好效果，更会带来负面影响。 2024,2024-03-25,,据总台央视报道，在湖北孝感安陆市、孝昌县，一些乡镇打着“农光互补”的旗号，在几千亩永久基本农田上建设成片的光伏电站，不仅妨碍当地农民种地产粮，造成收入减少，发电产生的噪音还影响村民生活，让当地百姓“既心酸又无奈”。 永久基本农田是由国家依法划定、主要用于种植粮食作物的耕地，无论什么情况都不能挪作他用，这对我们保障国家粮食安全和农民生产生活都极为重要。安陆市和孝昌县作为湖北乃至全国的产粮大县，有责任严格保护好耕地，充分调动农民积极性，多种粮、种好粮。然而，当地政府部门却无视“严禁耕地‘非农化’‘非粮化’”红线，明知故犯、弄虚作假，在农民不愿意的情况下依旧三番五次劝农民集体签字，将土地流转给光伏发电项目，导致农民守着旱涝保收的良田却种不了，拿到手只有每亩地500元的流转费。耗资八百多万元改造的高标准农田，两年后却在设施完备的农田里建光伏电站，这是何等浪费！总之，当地的做法不仅目中无法、糟蹋耕地，还砸了农民的“饭碗”，于国计、于民生均是有害无益。 令人不解的是，明明村民有农村土地承包经营权证在手，足以证明自家耕地是基本农田，光伏发电项目有关人员却矢口否认，坚称是“荒地”。是谁给了他们睁眼说瞎话的勇气和底气？面对耕地“非农化”“非粮化”，当地政府部门为何不阻止、不追责，还劝说村民转出土地并批准改为他用？在面对媒体采访时，他们不是闭门不理，就是“踢皮球”推脱，显然是失责的。 建设光伏发电项目是为了发展经济，这本无可非议，但首先要合法合规，其次要切合实际。从目前情况看，安陆市和孝昌县的操作既不符合法规，也不切合实际。据项目有关人员透露，当地发电量供大于求、销不出去，光伏发电项目效益不好。由此可见，像这样盲目跟风、脱离实际、违背群众意愿的项目，不但产生不了良好效果，更会带来负面影响。 眼下，当地最要紧的是尽快调查清楚项目中存在的问题，追究有关人员的责任，恢复耕地功能，弥补农民损失。同时，深入反思、引以为戒，决不能再让盲目上马的项目占用耕地、损害农民利益、影响国家粮食安全。（央广网评论员 陈锐海） 建设光伏发电项目是为了发展经济，这本无可非议，但首先要合法合规，其次要切合实际。从目前情况看，安陆市和孝昌县的操作既不符合法规，也不切实际。据项目有关人员透露，当地发电量供大于求、销不出去，光伏发电项目效益不好。由此可见，像这样盲目跟风、脱离实际、违背群众意愿的项目，不但产生不了良好效果，更会带来负面影响。,,,https://www.cnr.cn/newscenter/comment/cnrp/20240325/t20240325_526638769.shtml,2026-06-16 23:48:27
央广网评,【央广网评】遏制校园霸凌 从绝不把霸凌当小事开始 保护未成年人，就要依法严惩一切伤害未成年人的行为。校园霸凌也不例外，决不能因为霸凌者也是未成年人而有所纵容。 2024,2024-03-19,,校园霸凌事件一旦发生，往往会引发全社会的高度关注。 近期发生在河北邯郸的3名初中生杀害同学事件中，受害者家属就指出孩子生前可能长期遭受同学霸凌。对此，很多网友呼吁当地教育和公安部门严查彻查，给家属和社会一个交代。同样，山东临沂多名男孩对另外一名男孩拳打脚踢、辱骂的视频在网上传播后，也引起了广大网友的强烈谴责。人们在愤怒中形成一个共识――决不能把校园霸凌行为简单地当成孩子们打打闹闹或“欺负人”来看待，这样的行为已经越过安全底线，必须严肃对待，否则可能造成无法想象的严重后果。 从言语辱骂到肢体冲突，再到人身伤害，校园霸凌的行为有多种，总体上表现为学生中强势一方对弱势一方的压制性欺辱、剥削等，有时甚至是多人围攻一人。特别是一些年龄偏低的霸凌者，其安全意识、法律意识、自控能力等都相对薄弱，情绪上来不顾后果，最终酿成大祸。从过往一些案例来看，校园霸凌行为不仅会给受害者身体和心灵带来不同程度的伤害，影响孩子健康成长，甚至还可能带来伴随一生的心理阴影。专业研究表明，被霸凌者会产生焦虑、抑郁、低自尊、无助、绝望等心理，严重的将导致孩子自杀行为风险增高，有的受害者则会发展出以暴制暴的极端暴力行为。 防范、遏制校园霸凌，需要家长、学校和全社会的共同努力，缺一不可。首先，家长和学校日常要加强对学生的生命教育和法治教育，培养、树立学生敬畏生命、爱护自己、尊重他人的意识，特别是要教会他们与人相处的基本原则和边界，了解什么是校园霸凌行为及其可能导致的后果、须承担的责任，让中小学生内心有一把明辨是非的“尺”。其次，家长和老师应该反复教育孩子，在遭遇校园霸凌后必须第一时间向老师和家长反映，以便尽早发现、遏制霸凌行为，绝不能让孩子因害怕、恐惧而默默忍受。 防范、遏制校园霸凌，更重要的是学校和老师在发现苗头时，绝不能将其当作小事而置若罔闻，更不能遮遮掩掩，要及时通知双方家长共同处理、共同教育，让霸凌者为自身行为负起责任，也以此鼓励受害者勇敢站出来维护自身权益。遇到性质恶劣的霸凌行为，老师和学校更要向公安部门报警，依法处理；如有瞒报的，被发现后应该严肃追究其责任。 保护未成年人，就要依法严惩一切伤害未成年人的行为。校园霸凌也不例外，决不能因为霸凌者也是未成年人而有所纵容。（央广网评论员 陈锐海） 保护未成年人，就要依法严惩一切伤害未成年人的行为。校园霸凌也不例外，决不能因为霸凌者也是未成年人而有所纵容。,,,https://www.cnr.cn/newscenter/comment/cnrp/20240319/t20240319_526632093.shtml,2026-06-16 23:48:27
央广网评,【央广网评】判之有据、罚之有依 让“阴阳合同”无处遁形 近日，最高人民法院、最高人民检察院联合发布的《关于办理危害税收征管刑事案件适用法律若干问题的解释》（以下简称《解释》）中，首次明确将“阴阳合同”列为逃税方式之一，为司法机关今后办理此类案件提供了确切的依据，这一举措无疑是对税收征管领域的一次重要规范，具有深远意义。 2024,2024-03-19,,近日，最高人民法院、最高人民检察院联合发布的《关于办理危害税收征管刑事案件适用法律若干问题的解释》（以下简称《解释》）中，首次明确将“阴阳合同”列为逃税方式之一，为司法机关今后办理此类案件提供了确切依据。这一举措无疑是对税收征管领域的一次重要规范，具有深远意义。 此前，“阴阳合同”因娱乐明星的逃税行为而为公众所熟知。其实不唯娱乐业，在建设工程施工、房屋买卖、劳动关系、股权转让、招投标等领域，“阴阳合同”都存在。 “阴阳合同”的危害，不仅在于纳税主体偷逃税款的行为让国家蒙受损失，还会让缺乏法律意识的纳税人因此面临行政处罚和刑事追究的风险。尤其是，个别娱乐明星作为社会公众人物，拥有令人艳羡的高收入，却还想方设法地企图利用“阴阳合同”等隐秘手段偷逃税，破坏诚信纳税的社会风气，造成恶劣社会影响。 此番《解释》的发布，因为给出明确判定依据，某种程度上抬高了偷逃税的违法成本。例如，依据《解释》，以签订“阴阳合同”等形式隐匿或者以他人名义分解收入、财产的，应当认定为刑法规定的“欺骗、隐瞒手段”。这就意味着，签订“阴阳合同”逃税的行为，将可能构成危害税收征管罪，受到刑法的严肃追责。 《解释》的出台，让审判机关能够直接将“阴阳合同”与刑法追责相关联，进而更高效明确地做出判罚，这无形中增强了对偷逃税的惩戒力度。同时，这也为纳税人明确划出了红线，标出了雷区，有助于打击逃税行为，维护税收秩序，进一步引导市场主体依法经营，促进纳税人增强依法纳税意识。 总体而言，《解释》的发布，充分彰显了国家对于诚信纳税的坚定立场，展现国家严厉打击偷逃税行为的决心和魄力。接下来，我们期待着这一解释将在实践中发挥的积极作用，通过判之有据、罚之有依的执法、惩戒，对相关违法逃税行为形成有力震慑，有效遏制签署“阴阳合同”等不法现象。（央广网特约评论员 蔡悦） 近日，最高人民法院、最高人民检察院联合发布的《关于办理危害税收征管刑事案件适用法律若干问题的解释》（以下简称《解释》）中，首次明确将“阴阳合同”列为逃税方式之一，为司法机关今后办理此类案件提供了确切的依据，这一举措无疑是对税收征管领域的一次重要规范，具有深远意义。,,,https://www.cnr.cn/newscenter/comment/cnrp/20240319/t20240319_526631660.shtml,2026-06-16 23:48:27
央广网评,【央广网评】打造文旅热度 一碗麻辣烫还远远不够 甘肃天水麻辣烫网络爆红，如何利用好网络流量推广地方文旅，带动经济社会发展，是各地共同的考题。 2024,2024-03-16,各大社交平台,又见一道美食带火一座城。近来甘肃天水麻辣烫全网爆红，各大社交平台相关话题高达上百个、视频播放量近10亿；旅游平台上，近一个月内目的地为甘肃天水的订单量同比增长超两成；就连当地辣椒寄件量都暴涨5倍，快递员称日发千斤甘谷辣椒。 有“淄博赶烤”“尔滨宠粉”的珠玉在前，网友纷纷喊话甘肃文旅积极行动“接住这泼天的富贵”。甘肃当地也相继推出一站式接送服务、连夜刷墙提升市容、免费送景区门票、举行美食节活动等举措，不遗余力乘势推广。 去年以来，从音乐节到烧烤季，再到冰雪季，文旅业的热度可谓一波接一波。如何将“流量”变“留量”，是摆在各地面前的一道考题。回顾经验教训，美食也好，摇滚也好，一座图书馆乃至一座冰城也好，承接流量的关键在于能否立足本地特色、做好服务细节，并持续创新，才有持续长红的可能。 就甘肃天水而言，把哪里都有的麻辣烫这个国民小吃整出圈，流量密码在于别处难以复制的特色：甘谷辣椒、麦积花椒、武山粉条和极具地域辨识度的土豆。实际上，麻辣烫不过是一个“引流”的前菜。地跨长江黄河两大流域、拥有数千年文明史的丝路古镇甘肃天水，其实有很多引以为傲的旅游资源。譬如有以伏羲文化、大地湾文化、秦早期文化、麦积山石窟文化和三国古战场文化为代表的“五大文化”，共有大大小小的A级旅游景区42处；有“陇上江南”美誉的天水市还毗邻鸣沙山、月牙泉，300万常住人口中就有45个少数民族，自然景观和人文风情都独具特色。因此，打造和维持旅游城市热度，靠一碗麻辣烫还远远不够，如何用底蕴深厚的旅游资源招揽和留住更多游客，以平民美食为支点带动社会经济大发展，还需要当地文旅部门乃至全社会的联动努力。 旅游业是个厚积薄发的行业，看似偶然的流量光顾，如果没有底蕴积淀和持续深耕，终将会昙花一现甚至为流量所累。眼下正是春回大地，清明、“五一”小长假在即，各地如何把握去年以来的文旅热度并乘势而上，共同创造文旅行业的春天，令人充满期待。（央广网评论员 姜葳） 甘肃天水麻辣烫网络爆红，如何利用好网络流量推广地方文旅，带动经济社会发展，是各地共同的考题。,,,https://www.cnr.cn/newscenter/comment/cnrp/20240316/t20240316_526629069.shtml,2026-06-16 23:48:27
央广网评,【央广网评】“被光照耀的我们，也能成为光照耀别人” 我国有8500万残疾人。在今年全国两会上，代表委员们关注无障碍环境建设，关心残疾儿童的康复需求，把残疾人的声音带到会议现场。全国两会也通过种种举措，为残疾人代表委员提供便利。首位盲人全国人大代表王永澄拿到了盲文版政府工作报告；座位上的耳机插孔可以直接连接助听辅具，方便听障人士使用。全国政协委员杨洋一直致力于为听障群体带去更多鼓励和希望；全国政协委,2024-03-08,,今年全国两会上，多个温暖画面被定格。譬如，首位盲人全国人大代表王永澄，拿到两会历史上首份能够用“指尖”触读的政府工作报告；患有重度听力障碍的全国政协委员杨洋发现，会场座位上的耳机插孔可以直接连接她的助听辅具。与此同时，多位代表委员高度关注残疾人民生权益保障，无障碍环境设施建设、残障人士康复和融合教育、就业等都成为热议话题。 王永澄代表曾说，“虽然我们看不见这个世界，但希望世界能看到我们。”全国两会是观察社会发展和风向的重要窗口，会场上那些贴心细致的安排和充满温度的关切，正是对“看见”最好的诠释与注脚。 近年来，随着我国经济社会的不断发展，持续织密的保障网托起8500万残疾人“稳稳的幸福”，努力兑现着“一个都不能少”的庄严承诺：持续完善残疾人社会保障体系，不断提升残疾人就业质量，进一步保障其平等获取文化和教育的权利，制定并正式施行无障碍环境建设法……这些由点及面的制度安排，努力照亮着更多残障人士的人生前路，照亮他们梦想的天空。这些温暖的光，与他们内心的坚韧与勇敢之光、乐观与自信之光相遇，生命光彩重新绽放，由此成就了一个个非凡的人生故事。还记得逆风飞翔，一步步成长为最美舞者的聋哑人邰丽华吗？还记得那个自强不息、努力追求自己热爱的播音事业，成为全国第一位视障播音硕士毕业生的董丽娜吗？或许，正是这些现实的力量，让人们对中国盲人协会主席李庆忠委员在“委员通道”上说的八个字如此动容――“心中有光，脚下有路”。不服输，不认命，乐观面对生活，勇敢挑战命运，他们以自己“怒放的生命”带给我们持久的感动和激励。 关爱他们，就是关爱我们自己。全国两会上，这些“特殊”的代表委员，将众多残障人士的心声带到会场。这些宝贵的声音和视角，必将助益我们共同创造一个更加温暖便利、精彩广阔的社会，这也是我们所有人共同的愿望和期待。的确，正如杨洋委员所言，“被光照耀的我们，也能成为光照耀别人”，以他们独特而深沉的方式。（央广网特约评论员 莫洁） 我国有8500万残疾人。在今年全国两会上，代表委员们关注无障碍环境建设，关心残疾儿童的康复需求，把残疾人的声音带到会议现场。全国两会也通过种种举措，为残疾人代表委员提供便利。首位盲人全国人大代表王永澄拿到了盲文版政府工作报告；座位上的耳机插孔可以直接连接助听辅具，方便听障人士使用。全国政协委员杨洋一直致力于为听障群体带去更多鼓励和希望；全国政协委员李庆忠在首场“委员通道”上说“心中有光，脚下有路”……乐观面对生活、勇敢挑战命运，这些都深深打动了我们很多普通人。正如杨洋委员所言，“被光照耀的我们，也能成为光照耀他人”。,,,https://www.cnr.cn/newscenter/comment/cnrp/20240308/t20240308_526621334.shtml,2026-06-16 23:48:27
央广网评,【央广网评】为冲销量令全区教师网购农产品 警惕“拔苗助长”式政绩观 这种所谓的农产品销量全省大排名，看似是扶农助农惠农之举，但在实际操作中却很容易“跑偏”，衍生出强行摊派、统计造假等系列问题，是政绩观失衡导致的形式主义和官僚主义作风。 2024,2024-03-01,,据媒体报道，2月29日，江西省上饶市广丰区有教师反映，为提升该区农产品线上销售在全省的排名，区教体局下发通知，要求全区教师在指定网店购买1000元农产品。区教体局工会负责人回应媒体称，该笔费用由教师先垫付，后续将通过工会返还给个人，并称“广丰区所有单位工会会员都要求购买”，“其他区县也这样操作”。 这种所谓的农产品销量全省大排名，看似是扶农助农惠农之举，但在实际操作中却很容易“跑偏”，衍生出强行摊派、统计造假等系列问题，是政绩观失衡导致的形式主义和官僚主义作风。首先，地方政府助力农货网销，应从提升农产品质量、畅通供应链循环、加强宣传推广等服务入手，而不是简单粗暴地直接要求工会系统买单。这是典型的政绩观失衡。其次，这种自掏腰包自产自销的“伪排名”，严格说属于统计造假，无助于推动江西全省及各地农业实现高质量发展。再者，1000元不是个小数目，还要求当天“下午4点前必须完成”，既增加了基层和群众负担，也违反《基层工会经费收支管理办法》中“工会经费主要用于为职工服务和工会活动，不得用于非职工服务和工会以外的开支；不得支付社会摊派或变相摊派的费用”等相关规定。 有网友反映，有类似做法的不止江西一地。这也给各地各部门提了一个醒，我们在制定政策、开展工作时要注意持之以恒纠正形式主义、官僚主义。特别是，要重点解决好那些“表现在基层、根子在上面”的问题，一方面要纠治考核指标过分细化碎片化、机械僵化等不合理的考核评价办法；另一方面也要防止执行政策简单化、“一刀切”、层层加码、强行摊派等突出问题，尤其要防范形式隐蔽、巧立名目的“新形象工程”加重基层负担等顽症，不断巩固拓展主题教育的成果和长效机制，推动各方面工作高质量发展。（央广网评论员 姜葳） 这种所谓的农产品销量全省大排名，看似是扶农助农惠农之举，但在实际操作中却很容易“跑偏”，衍生出强行摊派、统计造假等系列问题，是政绩观失衡导致的形式主义和官僚主义作风。,,,https://www.cnr.cn/newscenter/comment/cnrp/20240301/t20240301_526613854.shtml,2026-06-16 23:48:27
央广网评,【央广网评】电动自行车火灾频发 安全使用和规范管理是解题关键 近日，我国多地发生由电动自行车引发的火灾事故，电池充电冒烟、爆炸的画面令人心惊，更给人们的生命财产造成极大损失。 2024,2024-02-28,物业公司,近日，我国多地发生由电动自行车引发的火灾事故，电池充电冒烟、爆炸的画面令人心惊，更给人们的生命财产造成极大损失。 近年来，我国电动自行车行业迅速发展，但由电动自行车引发的火灾事故也频频发生。据悉，去年全国共接报电动自行车火灾2.1万起，多起事故都是由充电不当引起的。推车上楼、乱停乱放、私自搭线等现象，在一些住宅小区长期存在。可以说，电动自行车火灾已成为危害公共安全的一大隐患，加强电动自行车的安全使用和规范管理势在必行。 我国对电动自行车入户充电的管理规定还是较为完善的。《高层民用建筑消防安全管理规定》《关于规范电动车停放充电加强火灾防范的通告》等要求，高层建筑的公共门厅、疏散走道、楼梯间、安全出口等场所，禁止电动自行车停放或充电；对于乱停放乱充电行为，也给出了明晰的处罚要求。在电动自行车的管理权属上，明确规定了物业、主管单位或村（居）民委员会的管理责任。 在完备的规章制度面前，电动自行车火灾事故仍然频发，原因值得深思。一方面，很多车主安全意识不足，较为普遍存在图省事和侥幸心理。另一方面，物业或其他管理主体既缺乏主动监管意识，也不具备全天候监管的能力。同时，很多小区的充电配备不能满足需求，或车主对充电效果和收费有异议，权衡之下仍选择上楼充电。 破解电动自行车火灾难题，首先要加大安全知识科普和教育，让车主充分了解电动自行车入户充电的危害，自觉避免不当充电行为。对违规充电行为则要惩处到位，让惩戒措施真正起到惩戒和震慑效果，从而扭转一些人对于安全的漠视。 其次，物业公司和各主管单位须正视居民的充电需求。通过加快建设居民区充电配套设施，加强日常安全管理，配备灭火器、电子监控探头等防火灭火装置，并与消防、公安、社区等建立跨部门协同合作等，及时发现问题、解决问题。 此外，部分火灾的发生与电瓶质量不达标有关。这就需要我们从电动自行车的生产端发力，敦促厂家严格规范生产，杜绝让不合规产品流入市场，从源头上降低安全隐患。只有严格落实现有管理规定、强化执法惩戒力度、完善服务保障、加强安全教育等多措并举，才能真正让电动自行车与火灾脱钩，让人们享有更便捷安全的生活。（央广网特约评论员 之心） 近日，我国多地发生由电动自行车引发的火灾事故，电池充电冒烟、爆炸的画面令人心惊，更给人们的生命财产造成极大损失。,,,https://www.cnr.cn/newscenter/comment/cnrp/20240228/t20240228_526612009.shtml,2026-06-16 23:48:27
央广网评,【央广网评】根治导游强制消费乱象 “亮剑”还须不护短、不手软 眼下，全国各地文旅发展积极性高涨、形式多样，但首要任务仍是维护消费者权益和规范消费环境。根治乱象顽疾要有态度，更要有方法和行动。面对具体问题，相关监管部门必须及时“亮剑”，以实效推动旅游市场发展更加繁荣、有序。 2024,2024-02-19,,近年来，随着各地文旅竞争意识愈发提升，越来越多地方开始注重旅游消费环境的规范。但就在刚刚过去的这个春节假期里，游客投诉遭遇导游或司机强制消费的案例数次引发关注。这样的“老问题”无疑再次提醒我们，治理仍需深化。要让游客真正敢消费、放心消费，相关部门还须及时“亮剑”，拿出更多具有实效的办法和行动。 值得思考的是，乱象禁而难止，消费者的要求也越来越高，对旅游市场相关治理资源的安排和分配，是否到位了？像最近游泳运动员傅园慧于长白山包车遇临时加价一事得到高效处理后，媒体“假如求助者不是傅园慧呢”的追问话音未落，就出现了“广东游客吐槽在长白山遇傅园慧同样遭遇却迟迟未解决”一事。就此事而言，除了存在“看碟下菜”的疑问，也反映出当地旅游市场长效化治理机制不完善、治理资源分配不足的问题。 而此前，丽江通报“游客未买5万元手镯被赶下车”一事，虽然也对相关旅行社和导游作出了处罚，但一句“该事件中未发生强制购物行为”的结论，不仅与处罚结果相异，也让网友普遍认为有“避重就轻”的嫌疑。这样的处理方式未能让公众看到该有的诚意，也容易给相关从业人员释放错误信号。 实际上，规范旅游消费环境所涉及的治理链条相对较长，要确保游客投诉“事事有回应，桩桩有解决”，需要各地有关部门进一步树立对侵犯游客权益行为的“零容忍”态度，做到不护短、不手软，推动旅游市场治理资源的针对性补强和协同治理机制的完善，从而打消违规违法操作的侥幸心理，真正提升游客的安全感。 除了要重视事后的处置效率，也要注重“釜底抽薪”，对一些根源性问题加以正本清源。如针对部分地方游客包车容易被“坑”的问题，能否改变可能存在的“垄断”行为，通过激活市场竞争来推动问题的解决？此外，在技术日趋进步的今天，善用技术手段提升治理效能同样至关重要。今年1月，黑龙江省交通运输厅表示将出台旅游包车客运服务规范，其中就包括督促旅游包车企业足额配备动态监控人员，设立专人专席，规范动态监控装置使用等。这些做法有利于杜绝驾驶员伙同、默许导游强制游客消费等恶劣行为，具有借鉴推广价值。 无论如何，诸如强制游客消费或“宰客”的行为，不仅直接损害消费者权益、给地方文旅形象抹黑，更与当前提振消费的大背景格格不入。眼下，全国各地文旅发展积极性高涨、形式多样，但首要任务仍是维护消费者权益和规范消费环境。根治乱象顽疾要有态度，更要有方法和行动。面对具体问题，相关监管部门必须及时“亮剑”，以实效推动旅游市场发展更加繁荣、有序。（央广网特约评论员 朱昌俊） 眼下，全国各地文旅发展积极性高涨、形式多样，但首要任务仍是维护消费者权益和规范消费环境。根治乱象顽疾要有态度，更要有方法和行动。面对具体问题，相关监管部门必须及时“亮剑”，以实效推动旅游市场发展更加繁荣、有序。,,,https://www.cnr.cn/newscenter/comment/cnrp/20240219/t20240219_526599663.shtml,2026-06-16 23:48:27
央广网评,【央广网评】装“隐蔽神器”干扰环保监测数据 对为虎作伥的“黑”科技必须严打 生态环保是功在当下利在千秋的事业，需久久为功打全民持久战。污染大户建材企业不思加大环保投入，却动歪脑筋、做小手脚，对这种只算经济账、无视环保账的“小聪明”行径，必须依法严加惩治；同时，更要追查以数据造假牟利的企业或个人的法律责任，对助纣为虐的“黑”科技严厉打击。此案也提醒我们，须警惕技术手段掩盖下的违法行径。生态环保事业需,2024-01-22,环保科技公司,据总台央视《焦点访谈》报道，山东滕州四家建材企业为环保数据合格，购置了所谓的“环保科技公司”推销的“神器”，通过混入氮气稀释采样气体浓度，在监测设备和数据结果上做起手脚。最终，滕州市的这四家砖厂因篡改伪造监测数据被处以15万元的罚款，企业负责人被行政拘留。据报道，这套干扰设备仅从2021年底到2022年6月的半年间就流入全国6省12地市，该团伙四人因犯破坏计算机信息系统罪，分别被判处五年零三个月到五年十个月不等的有期徒刑。 近年来，随着我国生态文明建设的深入推进，环保要求和排污标准日趋严格，节目中曝光的高排放企业不仅不思加大环保投入，却频频动歪脑筋、做小手脚、搞“黑”科技试图蒙混过关。监测数据被干扰的背后，是企业往大气里排放的超标气体对环境造成的伤害，其性质十分恶劣。对这种只算经济账、无视环保账的“小聪明”行径，必须依法严加惩治形成震慑，也好让更多企业明白，环保数据造假是公然违法犯罪；落实环保要求必须踏踏实实，做到日拱一卒，绝不能缺斤短两、偷奸耍滑。 另外，此案更重要的典型意义在于，一是不同于以往企业自己偷偷排放，而是用上了所谓技术手段“反监测”，更具隐蔽性、系统性、专业性。但终究“魔高一尺，道高一丈”，迎来的是行政处罚和刑事诉讼双管齐下。二是坚决严打为虎作伥的所谓“黑”科技。据了解，该团伙4人的行为同时符合“污染环境罪”和“破坏计算机信息系统罪”的构成要件，鉴于其危害范围广、违法获利金额高、后果影响特别严重，按从一重罪处罚的原则，最终以处罚较重的“破坏计算机信息系统罪”结案定罪。这既给惦记发这种不义之财的所谓“环保科技公司”敲响了警钟，同时也提醒我们需格外警惕现代技术手段掩盖下的违法行径，要擦亮眼睛识破和纠正层出不穷的污染新花招，对环保执法督察相关工作也提出了更高要求。 生态环境是我们生存和发展的根基，生态环保是功在当下、利在千秋的事业，须久久为功，打赢全民持久战。建设人与自然和谐共生的现代化，不仅要求企业勇于承担主体责任，更需要全社会共同强化环保意识和法治意识，守护来之不易的绿色成果。（央广网评论员 姜葳） 生态环保是功在当下利在千秋的事业，需久久为功打全民持久战。污染大户建材企业不思加大环保投入，却动歪脑筋、做小手脚，对这种只算经济账、无视环保账的“小聪明”行径，必须依法严加惩治；同时，更要追查以数据造假牟利的企业或个人的法律责任，对助纣为虐的“黑”科技严厉打击。此案也提醒我们，须警惕技术手段掩盖下的违法行径。生态环保事业需要全社会强化环保意识，企业承担主体责任，共同维护来之不易的绿色成果。,,,https://www.cnr.cn/newscenter/comment/cnrp/20240122/t20240122_526567162.shtml,2026-06-16 23:48:27
央广网评,【央广网评】农产品竞相亮相“尔滨” 期待更多土特产出圈出彩 对各地土特产宣推而言，北上哈尔滨是一次尝试和探索，值得鼓励。同时，我们要认识到，土特产出圈肯定不是一次亮相就能实现，而是需要持续地设计、策划和宣传。这种宣传不是人云亦云、千篇一律，而是凸显地域特色、产品特点，不是光喊口号、自卖自夸，而是要切实提高产品方方面面的质量。宣推只能吸引人关注，让消费者愿意买单的还得是物美价廉。 2024,2024-01-21,,自从今年开年以来哈尔滨火了之后，很多地方的文旅部门都努力琢磨如何借“尔滨”的热度推广自家特色文旅资源，大力推介本地土特产。譬如，鞍山文旅局长来到哈尔滨中央大街为游客派发鞍山特产南果梨，广西不远万里发来11车砂糖桔，还有丹东的草莓、随州的泡泡青、洪湖的莲藕……就在近日，一批来自浙江宁波宁海县的“胡陈洋芋”也亮相中央大街，其因个头小、香气浓而吸引不少游客驻足品尝。 与此同时，在互联网上，广大网友则发起一场“全国土特产大起底”活动，踊跃挖掘隐藏在各地田间的特色农产品，让许多新“土特产”为人所知。这不仅体现出各地迅速的市场反应力，也反映了各地有关部门积极推动当地特色产业发展壮大的责任担当，值得点赞。 我国幅员辽阔、地大物博，各地因自然资源禀赋不同而孕育出各具特色的农产品。以往，这些土特产大多在小范围内产销。近年来，随着电商迅速发展、直播带货兴起和城乡物流畅通，一些远在深山的土特产开始走出乡村、走向全国各地，市场空间得到拓展，人们的餐桌上也因此有了更丰富的选择。然而，产品想要卖得好，首先得有人认识。因此，做好产品宣推成了各地的发力点。有的通过精美短视频展现农产品的生产过程或烹饪方法，有的是举办特色农产品品鉴活动，有的则将广告做到当地机场、高铁站……此次“尔滨热”吸引了大量的人流，也给各地特产集中亮相提供了一次机会。 对各地土特产宣推而言，北上哈尔滨是一次尝试和探索，值得鼓励。同时，我们要认识到，土特产出圈肯定不是一次亮相就能实现，需要持续地设计、策划和宣传。这种宣传不是人云亦云、千篇一律，而是要凸显地域特色、产品特点；不是光喊口号、自卖自夸，而是要切实提高产品方方面面的质量。宣推只能吸引人关注，真正让消费者愿意买单的，还得是物美价廉。（央广网评论员 陈锐海） 对各地土特产宣推而言，北上哈尔滨是一次尝试和探索，值得鼓励。同时，我们要认识到，土特产出圈肯定不是一次亮相就能实现，而是需要持续地设计、策划和宣传。这种宣传不是人云亦云、千篇一律，而是凸显地域特色、产品特点，不是光喊口号、自卖自夸，而是要切实提高产品方方面面的质量。宣推只能吸引人关注，让消费者愿意买单的还得是物美价廉。,,,https://www.cnr.cn/newscenter/comment/cnrp/20240121/t20240121_526565808.shtml,2026-06-16 23:48:27
央广网评,【央广网评】“学生举报教授学术不端”属实 对师德失范必须“零容忍” 近日，华中农业大学11名学生以125页材料实名举报该校教授黄某某存在篡改实验数据、实验图片造假、论文抄袭等问题。高校的根本任务是立德树人。每一个导师都应当时刻对照“学为人师，行为世范”的原则，自觉坚守精神家园、坚守人格底线，真正做好学生健康成长的指导者和引路人。 2024,2024-01-19,,近日，华中农业大学11名学生以125页材料实名举报该校教授黄某某存在篡改实验数据、实验图片造假、论文抄袭等问题，引发广泛关注。1月19日凌晨，华中农业大学通报，学生反映的问题基本属实，初步认定黄某某存在学术不端行为，学校决定即日起停止其校内所有职务和工作。 从学生公开发出举报信，到如今初步调查结果公布，几天时间内，华中农业大学果断处置存在学术不端的教师，表明了对师德失范“零容忍”的态度。值得一提的是，该校还主动给出了涉事研究生后续培养方案，给学生们吃下一颗“定心丸”。这既保障了学生正当举报的权利，也有效保护了学生继续完成学业的权益。 目前，学校的通报较为简单，只表示学生反映的问题基本属实，黄某某存在学术不端行为。至于更多细节，还有待学校进一步查实并披露。如果真如学生所举报的，黄某某不仅自己从事学术造假，还逼迫学生篡改数据、编造实验结果，利用导师权力让学生参与造假过程，那他无疑违背了教书育人的基本准则、践踏自己的职业操守，更是误人子弟，对学生学术能力培养极不负责任。 教育部印发的《研究生导师指导行为准则》明确要求，导师应带头维护学术尊严和科研诚信、尊重他人劳动成果，不得有违反学术规范、损害研究生学术科研权益等行为。学校只有严格落实有关规范，畅通监督机制，才能更严格地约束导师行为，促进科研和教学的健康运行。同时，学生举报导师需要极大的勇气，如何建立导师行为纠偏机制，在问题出现端倪时就积极介入、有效处置，是学校加强教师队伍管理必须思考的问题。对于师德师风败坏的教师，不管其过去做出了什么成绩，都要依规进行处置，绝不手软。 高校的根本任务是立德树人。作为研究生培养的第一责任人，导师肩负着培养高层次创新人才的崇高使命。每一个导师都应当时刻对照“学为人师，行为世范”的原则，自觉坚守精神家园、坚守人格底线，真正做好学生健康成长的指导者和引路人。（央广网特约评论员 王钟的） 近日，华中农业大学11名学生以125页材料实名举报该校教授黄某某存在篡改实验数据、实验图片造假、论文抄袭等问题。高校的根本任务是立德树人。每一个导师都应当时刻对照“学为人师，行为世范”的原则，自觉坚守精神家园、坚守人格底线，真正做好学生健康成长的指导者和引路人。,,,https://www.cnr.cn/newscenter/comment/cnrp/20240119/t20240119_526563618.shtml,2026-06-16 23:48:27
央广网评,【央广网评】各地文旅“卷”起来 做好外宣更要练好内功 早在去年，就有多地文旅局长在网上古装出镜、花式推介当地美景美食。相比之下，此次“山河四省”的文旅宣推，虽也以短视频形式出现，但内容和运营方式显得更为丰富。其突出特点有两个，一是“蹭”东北冰雪热点，借力宣传本地文旅资源；二是充分发挥互联网优势，与网友共同策划、互动传播。 2024,2024-01-15,,今年开年以来，各地“文旅秀”成为全网最热的话题。先有哈尔滨花式宠游客斩获一波好评，很快，沈阳、延吉等地争相摆出自家特色景点，热情邀请游客顺道来玩。就在这两天，由山西、山东、河北、河南组成的“山河四省”更是“卷”了起来。各地文旅部门加班加点，在网络官方账号上“疯狂输出”创意视频，向广大网友推介当地大好河山、人文景点、特色美食等，视频更新频率之高、花样之多前所未有，甚至有一较高低之势。广大网友则热情参与其中，当起“监工”“军师”，出谋划策不遗余力。 早在去年，就有多地文旅局长在网上古装出镜等花式推介当地美景美食。相比之下，此次“山河四省”的文旅宣推，虽也以短视频形式出现，但内容和运营方式显得更为丰富。其突出特点有两个，一是“蹭”东北冰雪热点，借力宣传本地文旅资源；二是充分发挥互联网优势，与网友共同策划、互动传播。譬如，无论是此前广西砂糖橘与黑龙江蔓越莓的友爱互动，还是近来“好客山东”推出的“喊麦”歌曲《都是东，同根生》，目的都非常明确――希望通过关联大火的“尔滨”获得流量关注。借力发力，这样的方法确实很巧。值得一提的是，各地文旅部门密切关注网友在留言中提出的需求和建议，开启“在线听劝”模式，尽力做到有求必应，较好调动了广大网友参与的积极性，提高了宣推的针对性、趣味性和有效性。这既是以人为本的体现，也是集思广益之举，有利于打造特色文旅品牌。 应该说，这些地方的文旅部门和网友都下了很大力气，人们充分感受到各地不甘落后、努力发展文旅产业的迫切心情、十足干劲和满满诚意。从目前“河北文旅”“山西文旅”等官方账号的迅速涨粉，及一些短视频高达几十万的点赞可以看出，此次宣推效果是明显的。其中一些经验值得总结，也值得各地参考借鉴。同时，我们也要警惕用力过猛，避免出现走偏走歪的现象。 我们还要认识到，推动文旅产业高质量发展，各地不仅要千方百计做大做好外宣工作，让当地的美景美食和特色文化广为人知、吸引人来，更要扎扎实实练好内功，逐步提高城市的旅游承载能力、接待能力、服务水平。这才是游客和当地民众最需要、最期待的，也是文旅产业高质量发展、可持续发展的基础。否则，说得天花乱坠行动却跟不上，效果只会适得其反。正如网友所言，“这‘泼天的富贵’轮到我时，我一定要倍加珍惜、努力接住。”（央广网评论员 陈锐海） 早在去年，就有多地文旅局长在网上古装出镜、花式推介当地美景美食。相比之下，此次“山河四省”的文旅宣推，虽也以短视频形式出现，但内容和运营方式显得更为丰富。其突出特点有两个，一是“蹭”东北冰雪热点，借力宣传本地文旅资源；二是充分发挥互联网优势，与网友共同策划、互动传播。,,,https://www.cnr.cn/newscenter/comment/cnrp/20240115/t20240115_526558595.shtml,2026-06-16 23:48:27
央广网评,【央广网评】不交车位费不能进车库 谁给物业公司的权力？ 随着我国城镇化加快推进，物业服务规范程度、业主对物业企业的“选择权”保障程度，与越来越多人的切身权益息息相关。物业服务得不到有效规范，不但可能影响到业主的生活质量，也容易陷入一种“零和博弈”的恶性循环之中，这同样会影响到物业行业的发展。甚至，近年来已出现了“取消物业”的呼声，这无疑是一个值得正视的提醒。 2024,2024-01-11,谁给物业公司,近日，网上流传的一段视频显示，在河北石家庄富贵城小区，几十名保安人员堵住车库入口，阻止业主进入，从而引发众怒，场面十分混乱，最终民警赶到现场才拆掉了阻挡物。央广网记者采访发现，事情起因是该小区物业公司收了物业费却未提供该有的服务，业主本就不满，多次反映却未能有效解决问题，加上车库环境较差，部分业主不愿额外再交车位管理费。物业公司出此下策，强迫业主缴费。 毫无疑问，物业公司的做法侵犯了业主合法权益。毕竟，业主对已购置的车位享有产权和使用权，物业公司无权妨碍业主停放车辆。对未缴纳车位管理费的业主，物业公司可以通过与业主沟通协商、请居委会或街道办协助沟通等方式解决问题。如此动辄“堵路”，显然是越界了，也只会激发矛盾。何况，在事情发生后，当地民警赶往现场调解，物业公司依旧不依不饶，可以说是十分蛮横。 类似发生在物业和业主之间的冲突，在我们的生活中具有一定的普遍性。它看似双方都有苦衷，但反映出来的最大问题，还是现在的物业服务普遍缺乏有力规范。理论上，对于服务质量不好的物业公司，业主可以通过业主委员会进行更换，由此倒逼物业公司尽职尽责。然而，在现实中，相当一部分小区都未成立业主委员会。这导致业主无法有效行使自己的监管权和选择权。因此，规范物业服务，还是离不开有力的政府监管。从社区到有关部门要做好“居中裁判”，推动问题及时解决。譬如，有关部门要制定明确的物业服务标准，对物业公司的服务等级进行评定，制定同等级相匹配的收费标准。如果被评定为不合格，物业公司应当退出服务。 随着我国城镇化加快推进，物业服务规范程度、业主对物业企业的“选择权”保障程度，与越来越多人的切身权益息息相关。物业服务得不到有效规范，不但可能影响到业主的生活质量，也容易陷入一种“零和博弈”的恶性循环之中，这同样会影响到物业行业的发展。近年来，甚至一度出现了“取消物业”的呼声，这无疑是一个值得正视的提醒。（央广网特约评论员 朱昌俊） 随着我国城镇化加快推进，物业服务规范程度、业主对物业企业的“选择权”保障程度，与越来越多人的切身权益息息相关。物业服务得不到有效规范，不但可能影响到业主的生活质量，也容易陷入一种“零和博弈”的恶性循环之中，这同样会影响到物业行业的发展。甚至，近年来已出现了“取消物业”的呼声，这无疑是一个值得正视的提醒。,,,https://www.cnr.cn/newscenter/comment/cnrp/20240111/t20240111_526554755.shtml,2026-06-16 23:48:27
央广网评,【央广网评】梅菜扣肉竟是槽头肉 别让预制菜成了“糟心菜” 3月15日，总台央视“3・15”晚会曝光了安徽阜阳利用槽头肉制作梅菜扣肉预制菜的新闻。据报道，使用劣质槽头肉加工制作预制菜，在当地已不是秘密。其中一家名为“厨先生”的公司，今年2月初刚刚因梅菜扣肉生产日期造假被处罚。事件曝光后，阜阳市已组织多部门联合查处涉事市场和企业。 2024,2024-03-16,,3月15日，总台央视“3・15”晚会曝光安徽阜阳有企业利用槽头肉制作梅菜扣肉预制菜的情况。据报道，使用劣质槽头肉加工制作预制菜，在当地已不是秘密。其中一家名为“厨先生”的公司，今年2月初刚刚因梅菜扣肉生产日期造假被处罚。事件曝光后，阜阳市已组织多部门联合查处涉事市场和企业。 猪头与躯干连接部位的肉被称为槽头肉，因含有大量淋巴结、脂肪瘤和甲状腺，也被称为淋巴肉，属于猪肉中公认品质差、价格低的部位。正常五花肉批发每斤12元，槽头肉批发价每斤仅3元。然而，一些黑心厂家恰恰盯上这个差价，借着当下方兴未艾的预制菜“风口”，以次充好、以劣充优，大赚快钱，把食品安全的风险转嫁给消费者。这样的黑心生意，哪怕赚再多的钱，也会让人觉得恶心，必须重拳出击，严厉惩处。 此事也暴露出当下预制菜行业发展过程中标准缺失的困境。作为一种基本成型的食品，预制菜后续食用简单方便，适用于当下的很多场景。但如果不解决统一标准的问题，任由生产企业自行其是，完全凭良心操作，就很难保证质量。预制菜要想走得远，必须有完整的品控体系和规范的操作流程。 譬如，在原料方面，要制定严格的标准，明确原料的来源追溯，对原材料的选择、加工等环节要设定细致的要求和规范。同时，在保存、运输等方面也要有完备的行业标准。预制菜有常温、冷藏等品类，保质期相对更短，新鲜度要求也更高。目前执行的速冻调制食品行业标准，并不完全符合预制菜规范化发展的需要。 今年年初有消息称，预制菜国标报送稿已经出炉，最快半年内便会有结果。而不管国标何时出台，行业监管都责无旁贷，既不能等，也不能拖。肉制品厂加工环境恶劣、以次充好，完全可以依据食品安全的相关法规介入处置，岂能等媒体曝光后才连夜赶往现场？对于那些刚刚被处罚仍不思整改的企业，则不妨加大处罚力度乃至取缔。 如今，我国预制菜产业进入发展快车道，多地将预制菜列为培育壮大的新型经济增长点。以安徽为例，安徽省政府办公厅3月13日印发的《皖北绿色食品产业集群建设实施方案》提出，要将皖北打造成全国乃至全球预制菜生产加工供应基地；到2030年，产品占国内高端市场份额15%以上，全产业链产值达2000亿元。 理想很丰满，现实却要付出巨大努力。要想保持预制菜行业的健康快速发展，就绝不能任由小散乱企业野蛮生长，而是要下大力气完善产业相关标准，盯紧产销各个环节，不断查漏补缺，确保产品品质安全，千万别让预制菜成了“糟心菜”。（央广网特约评论员 龙之朱） 3月15日，总台央视“3・15”晚会曝光了安徽阜阳利用槽头肉制作梅菜扣肉预制菜的新闻。据报道，使用劣质槽头肉加工制作预制菜，在当地已不是秘密。其中一家名为“厨先生”的公司，今年2月初刚刚因梅菜扣肉生产日期造假被处罚。事件曝光后，阜阳市已组织多部门联合查处涉事市场和企业。,,,https://www.cnr.cn/newscenter/comment/cnrp/20240316/t20240316_526629190.shtml,2026-06-16 23:48:27
央广网评,【央广网评】“我家乡还产这个？”期待“不土特产”带来更多惊喜 如何让自家特产在一众竞争对手中成功“出圈”、提升知名度？对不少地方来说，的确是值得用心解答的开卷题。从长远计，做好“不土特产”这篇大文章，还需更深刻认识地方特色资源及优势，顺应消费需求和市场需求，不断优化产业结构和产品种类，吸引更多技术、人才等资源聚集，切实拓宽农民增收渠道，为推进乡村全面振兴提供更有力支撑。我们期待“不土特产”带来更多,2024-01-11,互联网平台,估计没人想到，由黑龙江蔓越莓回礼引发的“互赠礼物大作战”，演变成了一场家乡特产的“惊喜大放送”。从四川雅安的鱼子酱、安徽六安的鹅肝，到山西运城的大闸蟹、上海崇明的藏红花，再到新疆伊犁的罗氏沼虾、甘肃张掖的南美对虾，不少网友直呼“身在家乡为异客”，没想到自己的家乡还有这样的特产。 准确地说，这种惊讶源于“反差感”。其一是这些土特产的生产条件和地域，突破了人们固有的认知。不少网友就表示，没想到南蟹可以北养。其二是这些新火起来的家乡特产有特色但并不“土”，甚至有点“潮”，是高附加值和高生活品质的代名词，打破了人们对于特产“土味”的刻板印象。 其实，各地火起来的特产，并非传统意义上土生土长的特产，而是各地根据当地资源条件从外地引进并发展起来的。我国幅员辽阔，地理、气候等资源丰富且各异，为各地发展新土特产提供了一定的可能性和想象空间。加之近年来信息技术、生物技术等的发展，设施农业建设稳步推进，这也帮助农业生产在一定程度上摆脱了对自然的过度依赖，变相拓宽了农业生产的空间。订单生产等模式的日益成熟、互联网平台对农产品交易和销售的加速赋能，也拨快了特色产业的发展时钟。 眼下，各地被网友要求进行“农业大摸底”，看似是调侃，实则是对新土特产发展的关注和热望。一方面，人们期待这些近在身边的“不土特产”能在更大范围内“广而告之”，“接得住”更庞大的消费需求和人们对更高品质生活的追求。更深切的是，人们寄望通过对这些“不土特产”的宣传和推广，更新他人对自己家乡的认知和对“特色”的了解，让一地独特资源得到更深层次的挖掘，并转化为更多的发展机会和更广阔的发展前景。 “酒香也怕巷子深”。如何让自家特产在一众竞争对手中成功“出圈”、提升知名度？对不少地方来说，的确是值得用心解答的开卷题。从长远看，做好“不土特产”这篇大文章，还需更深刻认识地方特色资源及优势，顺应消费需求和市场需求，不断优化产业结构和产品种类，吸引更多技术、人才等资源聚集，切实拓宽农民增收渠道，为推进乡村全面振兴提供更有力支撑。我们期待“不土特产”带来更多惊喜。（央广网特约评论员 莫洁） 如何让自家特产在一众竞争对手中成功“出圈”、提升知名度？对不少地方来说，的确是值得用心解答的开卷题。从长远计，做好“不土特产”这篇大文章，还需更深刻认识地方特色资源及优势，顺应消费需求和市场需求，不断优化产业结构和产品种类，吸引更多技术、人才等资源聚集，切实拓宽农民增收渠道，为推进乡村全面振兴提供更有力支撑。我们期待“不土特产”带来更多惊喜。,,,https://www.cnr.cn/newscenter/comment/cnrp/20240111/t20240111_526554709.shtml,2026-06-16 23:48:27
央广网评,【央广网评】航班取消是因天气还是因为“机闹”？不回避不推诿才是正理 在这一事件中，“机闹”持续了2个小时都未能被妥善解决，并最终导致航班因为天气原因被取消，航司方面的处理效率是否过低，处置程序是否符合规范，显然值得严肃审视。以不回避、不推诿的负责任态度向公众传递真实的信息，维护好乘客权益，这才是正理、正道。 2024,2024-01-05,,又见“机闹”。连日来，2023年12月30日东方航空由北京飞往成都的MU6797次航班，因飞机上有乘客闹事导致延误，最终航班取消，近300名乘客受到影响一事引发广泛关注。 原本可在23时05分起飞的航班，却因“机闹”导致到凌晨一点都无法起飞，乃至最终被取消。近300名乘客不仅白白等待了近两个小时，耽误了正常行程，还没有得到任何赔偿，这样的“奇葩”遭遇实在令人气愤。目前，涉事乘客已分别被处以行政拘留和行政罚款，也算是为自己的鲁莽行为付出了代价。这也再次向社会发出警示――任何无视公共规则、威胁飞行安全的行为，都将受到严厉谴责和法律制裁，切勿心存侥幸。 然而，此事到目前为止显然并未画上句号，受影响的近300名乘客，还需要一个公正的说法。因为对于航班被取消的原因，目前航司方面坚称系天气因素导致，却丝毫不提有乘客闹事的情况。这在其他乘客看来，是为了撇清自身责任而选择的“避重就轻”。根据相关法律规定，航班若因天气等不可抗力原因被取消，航司可无需承担对乘客的赔偿责任，但若是由于对“机闹”等行为处置不当而造成航班延误、伤及乘客权益，航司方面则难逃干系。 在这一事件中，“机闹”持续了2个小时都未能被妥善解决，并最终导致航班因为天气原因被取消，航司方面的处理效率是否过低，处置程序是否符合规范，显然值得严肃审视。道理很简单，面对“机闹”行为，航司若严格照章办事，或是及时向警方求助，采取果断措施，“机闹”持续的时间和因此给其他乘客带来的影响就完全有可能减小。就此事来说，或许就能够让航班赶上黄金起飞时间，而避免因为天气原因被取消。 发展到目前这一步，对于这次航班取消到底是否与“机闹”有直接关系，航司方面显然还需要拿出更多有说服力的证明。要知道，有的乘客“订了酒店、旅行团、门票、车票”；有的在第二天还安排了“一年一次的考试”，这些都因航班取消而遭受直接影响，由此带来的损失，不该只是航司方面轻飘飘的一句“天气原因”就可以打发。以不回避、不推诿的负责任态度向公众传递真实的信息，维护好乘客权益，这才是正理、正道。 同时，此事也再次提醒航司及相关部门，对于“机闹”行为，除了要重视事后的严肃处理和追责，也应该优化处置流程，重视提高处置效率，最大限度降低“机闹”给乘客带来的影响。（央广网特约评论员 朱昌俊） 在这一事件中，“机闹”持续了2个小时都未能被妥善解决，并最终导致航班因为天气原因被取消，航司方面的处理效率是否过低，处置程序是否符合规范，显然值得严肃审视。以不回避、不推诿的负责任态度向公众传递真实的信息，维护好乘客权益，这才是正理、正道。,,,https://www.cnr.cn/newscenter/comment/cnrp/20240105/t20240105_526548825.shtml,2026-06-16 23:48:27
央广网评,【央广网评】哈尔滨火了，给文旅发展带来哪些启示？ 1月5日，第40届中国・哈尔滨国际冰雪节盛大启幕。备受好评的哈尔滨更需要进一步做好服务，不负众望。同时，哈尔滨给我们带来的启发，也值得其他城市关注、研究和借鉴。我们期待有更多城市因地制宜、科学规划，扎扎实实火起来。 2024,2024-01-04,,2024年诞生的首个网红城市，非哈尔滨莫属。年初这几天，一批批来自南方的游客涌入冰城哈尔滨，准备来一场酣畅淋漓的冰雪之旅。面对乘兴而来的游客，哈尔滨人更是热情洋溢，想方设法掏出一个又一个“绝活”来招待客人。这边机场跳起快闪舞蹈，那边松花江上升起了热气球，就连鄂伦春族同胞都带着驯鹿来到哈尔滨街头与游客互动……这些花样百出的“花活儿”不仅给了旅客满满的惊喜，还在网上吸引来一大波网友的围观和热烈讨论。 从“尔滨”“滨子”“南方小土豆”“广西砂糖桔”这些双方间亲密、趣味的称呼和各方的好评可以看出，哈尔滨在这个冰雪季推出的活动很受欢迎和认可。统计数据显示，今年元旦假期，拥有900多万常住人口的哈尔滨累计接待游客超过300万人次，实现旅游总收入59亿元，双双达到历史峰值。 应该说，凭借特色文旅活动“火出圈”，哈尔滨不是第一个。去年夏天，山东淄博就曾因烧烤“火”遍全国。两者的“出圈”并非偶然，而是两座城市举全城之力精心谋划的结果，其中一些经验值得总结和借鉴。 哈尔滨火了，火的是极具特色的玩法。 南方朋友不畏严寒、千里迢迢来到东北，就是为了看一看在家看不到的雪、近距离感受北国风情。为了满足大家的需求和期待，哈尔滨人“恨不得把家里有的都往外掏”，“整”出了一系列极具当地特色的玩法。在火车上表演东北大秧歌、在冰天雪地里升起“人造气球”、把冻梨冻柿子切片装盘、向南方客人推荐澡堂子……这些活动突显了地方特色，符合了游客期待，满足了游客需求，不仅让人玩得尽兴，又让人记得住。这也表明，只有将市场需求和地域特色、资源优势相结合来创新产品和服务，文旅发展才能有源源不断的活力和市场竞争力。 哈尔滨火了，火的是宾至如归的服务。 人们出来玩，不仅要玩出特色，还要玩得舒适、玩得快乐。为此，哈尔滨采取了一系列暖心举措。在机场增设旅客更衣室、到车站免费接送客人、提醒酒店不能盲目涨价等，这一系列设施的完善和服务的细化，进一步提升了当地的旅游体验。同时，东北人热情、幽默的性格和真诚、实在的待客之道，更让广大游客感受到了宾至如归的氛围。由此可见，服务的质量直接决定游客的感受，也决定当地的口碑。 哈尔滨火了，离不开有效的统筹规划。 早在去年，哈尔滨有关部门就开始协调全市力量，动员全民参与，共同策划、筹备今年的冰雪季活动。正因有提前准备、系统谋划、联动执行，才有效提升了当地的游客承载能力、丰富了产品内容、提高了服务水平。由此也可以看出，打造城市IP是一项系统工程，需要集中当地社会各界的力量和智慧。 1月5日，第40届中国・哈尔滨国际冰雪节盛大启幕。备受好评的哈尔滨更需要进一步做好服务，不负众望。同时，哈尔滨给我们带来的启发，也值得其他城市关注、研究和借鉴。我们期待有更多城市因地制宜、科学规划，扎扎实实火起来。（央广网评论员 陈锐海） 1月5日，第40届中国・哈尔滨国际冰雪节盛大启幕。备受好评的哈尔滨更需要进一步做好服务，不负众望。同时，哈尔滨给我们带来的启发，也值得其他城市关注、研究和借鉴。我们期待有更多城市因地制宜、科学规划，扎扎实实火起来。,,,https://www.cnr.cn/newscenter/comment/cnrp/20240104/t20240104_526547635.shtml,2026-06-16 23:48:27
央广网评,【央广网评】乡镇公示8名“躺平休闲人员”？抓作风不能盲目“蹭热点” 媒体报道，广东佛山市南山镇近日发布《2023年度躺平休闲人员拟定名单公示》，称根据《南山镇躺平休闲人员和末位鞭策人员处理规程》精神，通过谈话调研、民主评议、作风效能领导小组审定等工作环节，经镇党委研究同意，8名同志列入南山镇2023年度躺平休闲人员拟定名单。该举措旨在加强干部管理，将对“躺平休闲人员”进行“一人一策”帮扶。乍一看，,2024-01-02,,据媒体报道，广东佛山市南山镇近日发布《2023年度躺平休闲人员拟定名单公示》称，根据《南山镇躺平休闲人员和末位鞭策人员处理规程》精神，通过谈话调研、民主评议、作风效能领导小组审定等工作环节，经镇党委研究同意，8名同志列入南山镇2023年度躺平休闲人员拟定名单。该举措旨在加强干部管理，将对“躺平休闲人员”进行“一人一策”帮扶。2日，该镇作风效能办回应记者称，“这是第一次（公示），如果效果好，我们会一直推进下去的。” 乍一看，这一做法初衷挺好，手续、形式也完备――企业有末位淘汰机制，机关单位也该有末位惩罚办法，而且还有公示期接受意见反馈。看上去公平合理，但实际上却是于法无据、于工作无益。 干部管理、作风建设本是很严肃的事情，对违纪违法人员的处理必须严肃公正，才能服人服众。何谓“躺平休闲”？具体标准是什么？公示人员具体因哪些行为而被定性为躺平休闲？这些并未公示出来，处罚依据底气不足，教育警示的效果也打了折扣。 当地有关部门是出于加强人员管理、优化绩效考评而出此举措，但党纪国法对不作为、慢作为等怠政行为已有明文规定。《中国共产党纪律处分条例》就规定，对“庸懒无为、效率低下”“消极应付、推诿扯皮”“不作为、乱作为、慢作为、假作为等损害群众利益行为”，直接责任者和领导责任者情节较重的，可“给予警告或者严重警告处分；情节严重的，给予撤销党内职务或者留党察看处分”。对不胜任、年度考核不称职者，根据公务员法则应予降职甚至辞退处理。对玩忽职守不履职、有形式主义或官僚主义行为的，据公职人员政务处分法可视情节、影响给予警告、记过、降级、撤职、开除等不同惩处。像当地这样对相关人员冠以“躺平休闲”一示了之，反倒容易误导民众将之作为最终的考核管理结果，于党纪国法之外“从轻发落”了。 无论是对一线党员干部，还是基层机关单位工作人员，加强管理当有理有据，重实绩实效，不必也不宜盲目“蹭热点”“搞噱头”。所谓评选“躺平休闲人员”非但不是创新，反而有形式大于内容的随意之嫌。眼下岁末年初正是评优总结之时，这也给我们的组织管理工作提了一个醒，怎样积极营造有利于干事创业的良好环境，让干部敢作善为，这才是重要且有意义的。（央广网评论员 姜葳） 媒体报道，广东佛山市南山镇近日发布《2023年度躺平休闲人员拟定名单公示》，称根据《南山镇躺平休闲人员和末位鞭策人员处理规程》精神，通过谈话调研、民主评议、作风效能领导小组审定等工作环节，经镇党委研究同意，8名同志列入南山镇2023年度躺平休闲人员拟定名单。该举措旨在加强干部管理，将对“躺平休闲人员”进行“一人一策”帮扶。乍一看，这一做法初衷挺好、形式也完备，但实际上却是于法无据、于工作无益。干部管理是很严肃的事情，对违纪违法人员的处理必须严肃公正，才能服人服众。何谓“躺平休闲”？具体标准是什么？《中国共产党纪律处分条例》《公务员法》等法律法规对不作为、慢作为等怠政行为已有明文规定，为何还有另搞一套“躺平”处理？这不是搞创新而是流于形式的蹭热点。怎样积极营造有利于干事创业的良好环境，让干部敢作善为，这才是最重要的。,,,https://www.cnr.cn/newscenter/comment/cnrp/20240102/t20240102_526544844.shtml,2026-06-16 23:48:27
央广网评,【央广网评】“科目三”大火，凭什么？ 扭胯摇花手，丝滑小连步，搭配“江湖一笑”配乐，一段段几秒到十几秒的“科目三”舞蹈视频在网上持续刷屏。据统计，在短视频平台，“科目三”播放量已超400亿次。不仅如此，“科目三”还火到了宝岛台湾，并成功“出海”――在许多社交平台上，外国人跳“科目三”的视频不胜枚举、爆款频出。可以说，“科目三”已经成为这个冬天里一道不得不说的文化奇景。 2023,2023-12-30,在短视频平台,扭胯摇花手，丝滑小连步，搭配“江湖一笑”配乐，一段段几秒到十几秒的“科目三”舞蹈视频在网上持续刷屏。据统计，在短视频平台，“科目三”播放量已超400亿次。不仅如此，“科目三”还火到了宝岛台湾，并成功“出海”――在许多社交平台上，外国人跳“科目三”的视频不胜枚举、爆款频出。可以说，“科目三”已经成为这个冬天里一道不得不说的文化奇景。 “科目三”为何如此火爆？表面上看是因为其高度契合短视频平台传播规律，掌握了流量密码：简单易学的舞蹈动作，动感魔性的背景音乐，轻松入门、老少咸宜。往深处思考就会发现，它用几乎无门槛的观看、欣赏和参与难度，戳中了人们对快乐的情绪需要。在短视频平台的快速传播下，“科目三”用最小成本撬动了快乐最大化，让快乐直抵内心。 再进一步看，“科目三”的火爆也有着更深层次的必然性：一种丰富厚重的文化精神内涵。 “科目三”来自民间，来自普通人，来自人们热气腾腾的生活，展现的是真实可亲的人间烟火气。最早“科目三”出自广西某婚礼现场人们欢歌起舞的场景，带有鲜明的地域特色和民族文化传承，而广西人能歌善舞、开朗乐观的生活态度，又赋予“科目三”更多的情感内涵。二者叠加，让“科目三”既有广泛传播的共性，又有抓人眼球的特性。这是“科目三”走红的根源。 “科目三”是以草根文化为代表的网络文化进一步下沉和多元化发展的体现。“科目三”的舞姿和音乐以粗旷、原生态为特色，在人人都是创作者的语境下，越简单易学的事物，越容易让人“上头”。它对于大众的审美和模仿是友好的，每个人都能轻松找到介入这一舞蹈的方式，在狂欢中强化身份和情绪价值认同。正如网友所言，“土不土有什么关系”，大家的喜爱和获得的快乐都是真实的，这本身就很珍贵。 从“出圈”到“出海”，“科目三”还被赋予了文化自信的期许。在互联网上，俄罗斯皇家芭蕾舞团、拉丁舞世界冠军克里斯蒂娜、德国健身达人帕梅拉等也纷纷跳起了“科目三”。此前，众多来自中国的微短剧、小游戏、网络文化等，在社交媒体、短视频平台的助力下，在世界范围内收获大批粉丝。人们期待，“科目三”也会沿袭前者的成功，成为又一现象级爆款。 还有一个有意思且值得深思的话题，就是作为“科目三”的发源地――广西，会不会接住这“泼天的富贵”，怒刷一波存在感，最终带动地方文旅产业的高质量发展呢？这是机遇，也是挑战。诚然，互联网流行文化具有“脱域”和来得快去得快的特性，但地方政府用心用情用功的政策设计和创意营销，才是变流量为“留量”的关键。广西曾因为小小的一碗螺蛳粉火遍全国，这也让人们对“科目三”带动广西再火一把充满期许。让我们拭目以待。（央广网特约评论员 之心） 扭胯摇花手，丝滑小连步，搭配“江湖一笑”配乐，一段段几秒到十几秒的“科目三”舞蹈视频在网上持续刷屏。据统计，在短视频平台，“科目三”播放量已超400亿次。不仅如此，“科目三”还火到了宝岛台湾，并成功“出海”――在许多社交平台上，外国人跳“科目三”的视频不胜枚举、爆款频出。可以说，“科目三”已经成为这个冬天里一道不得不说的文化奇景。,,,https://www.cnr.cn/newscenter/comment/cnrp/20231230/t20231230_526541501.shtml,2026-06-16 23:48:27
央广网评,【央广网评】花28亿元外包环卫 为什么还除不好雪？ 除雪不力，严重影响市民的生产生活，人们自然有怨气。何况，就在今年8月，本溪市刚花费28亿元将主城区未来24年的环卫作业外包给一家企业。耗资如此之高，除雪服务却这般缓慢，不免令人质疑：这钱花得值吗？当地有关部门在购买服务前，对该企业是否有足够的了解？在未经实践检验、未见明显成效的情况下，一次性外包24年服务，是否过于草率？降雪后，有关部门是否对环卫,2023-12-26,,据央广网报道，12月中旬，辽宁本溪先后下了两场大雪，市区总降雪量达到14.6毫米，路面积雪比较严重，市民出行受到影响。然而，当地环卫作业不仅除雪工作开展缓慢，该市明山区还发布通知，要求区内商户在24小时内清除门前积雪，否则将实施处罚。这一强硬态度引起当地居民更多不满。 东北地区下大雪，这完全不是稀奇事。路面积雪厚，当地市民原本也没太在意，因为按往年经验，除雪工作很快就能完成。然而，今年路面清雪缓慢，导致众多坡路成了“滑梯”，有的道路甚至留下10厘米厚的冰雪车辙。这不仅给人们的日常出行带来不便，还产生诸多安全隐患。譬如，路面上许多车辆轮胎打滑，当地人吐槽表示“到处送货的特别难”“摔了好几跤”。 除雪不力，严重影响市民的生产生活，人们自然有怨气。何况，就在今年8月，本溪市刚花费28亿元将主城区未来24年的环卫作业外包给一家企业。耗资如此之高，除雪服务却这般缓慢，不免令人质疑：这钱花得值吗？当地有关部门在购买服务前，对该企业是否有足够的了解？在未经实践检验、未见明显成效的情况下，一次性外包24年服务，是否过于草率？降雪后，有关部门是否对环卫除雪起到统筹和督促作用？此外，花了钱、雇了人，除雪却不力，本来大家就不满，当地还以强硬态度要求商户“自扫门前雪”，这样的沟通态度岂非火上浇油。 此次事件提醒当地乃至各地，城市服务不仅关系到千家万户的日常生活，还关系到城市的正常运转，必须高度重视、认真做好，丝毫疏忽不得。特别是眼下正值岁末年终，多地正面临降温、降雪天气，城市能源、电力、生活物资、医疗服务等的保障和道路除雪等应急服务至关重要。各地各有关部门要守土有责、守土尽责，用细致周到的服务和有序高效的管理，确保群众安全温暖过冬、过年，切不可因保障不力导致群众心生不满。（央广网评论员 陈锐海） 除雪不力，严重影响市民的生产生活，人们自然有怨气。何况，就在今年8月，本溪市刚花费28亿元将主城区未来24年的环卫作业外包给一家企业。耗资如此之高，除雪服务却这般缓慢，不免令人质疑：这钱花得值吗？当地有关部门在购买服务前，对该企业是否有足够的了解？在未经实践检验、未见明显成效的情况下，一次性外包24年服务，是否过于草率？降雪后，有关部门是否对环卫除雪起到统筹和督促作用？此外，花了钱、雇了人，除雪却不力，本来大家就不满，当地还以强硬态度要求商户“自扫门前雪”，这样的沟通态度岂非火上浇油。,,,https://www.cnr.cn/newscenter/comment/cnrp/20231226/t20231226_526535424.shtml,2026-06-16 23:48:27
央广网评,【央广网评】唱响中华经典 赓续中华文脉 12月22日，由央广网举办的“中华经典诵读大会”（第一季）将举行颁奖盛典。活动自今年5月启动以来，吸引了全国33个省区市逾10万名选手参与报名，不仅为一批批热爱诵读、崇尚经典的人搭建了诵读的舞台，还引领了更多年轻人认识、了解、爱上中华经典，从而更好传承和弘扬中华优秀传统文化。 2023,2023-12-22,,让古韵流传，为经典发声。12月22日，由中央广播电视总台央广网举办的“中华经典诵读大会”（第一季）全国总展演暨颁奖盛典在湖北大冶圆满落下帷幕。活动自今年5月启动以来，来自全国33个省区市的逾10万名选手踊跃参加，在华夏大地掀起了“读经典、诵国韵”热潮，引发社会广泛关注。 从《诗经》的重章叠韵，到《离骚》的缠绵悱恻；从唐诗宋词的“千里江陵”“金戈铁马”，到现代名篇的“眼里常含泪水”与“可爱的中国”……本季“中华经典诵读大会”历时7个月，参赛选手中既有古稀老人，也有懵懂稚子……他们将历经岁月淬炼的名篇佳作，赋予生命张力进行深情演绎。 声声诵读，熔古铸今。“中华经典诵读大会”不仅为一批批热爱诵读、崇尚经典的当代人搭建起抒发家国情怀和实现人生梦想的舞台，更引领众多热爱“国潮”的年轻人，赓续中华文脉，凝聚民族精神，铸就文化自信。这是涵养社会主义核心价值观的重要源泉，也是我们在世界文化激荡中站稳脚跟的命脉与根基。 博大精深的中华优秀传统文化是亿万中华儿女的精神家园，也是中华民族薪火相传、生生不息的共同记忆与文化基因。那些于广袤时空中流传下来的众多名篇经典，如一盏盏点燃万古长夜的璀璨明灯，是其中难以超越的巅峰之作。从“中国诗词大会”到“中华经典诵读大会”，从新越剧《新龙门客栈》破圈，到大唐不夜城“盛唐密盒秀”走红，近年来，以国风国潮为代表的中华优秀传统文化借势互联网等新媒体、新理念、新技术，走近普通人特别是年轻人，越来越成为独具特色的文化体验而盛行当下。这说明，只要有土壤、有舞台、有体验感，就能获得人们的广泛关注和普遍认同，也正反映了新时期大众在物质生活追求达到一定程度后的新时尚、新生活。 弦歌不辍，芳华待灼。“中华经典诵读大会”第一季如雏凤初啼，广受好评。我们相信并期待，中华优秀传统文化将在更多、更悠远的声声传诵中，赓续不断、人文日新。（央广网评论员 姜葳） 12月22日，由央广网举办的“中华经典诵读大会”（第一季）将举行颁奖盛典。活动自今年5月启动以来，吸引了全国33个省区市逾10万名选手参与报名，不仅为一批批热爱诵读、崇尚经典的人搭建了诵读的舞台，还引领了更多年轻人认识、了解、爱上中华经典，从而更好传承和弘扬中华优秀传统文化。,,,https://www.cnr.cn/newscenter/comment/cnrp/20231222/t20231222_526531764.shtml,2026-06-16 23:48:27
央广网评,【央广网评】多方力量驰援震区 在守望相助中凝聚力量和希望 眼下震区天气寒冷、气温较低，这为伤员救治和受灾群众安置带来更多困难，提出更高要求。 2023,2023-12-20,,12月18日23时59分，甘肃省临夏州积石山县发生6.2级地震，牵动人心。地震发生后，应急管理部、解放军、武警部队迅速统筹，甘肃、青海两地紧急开展救援工作。从全力搜救被困人员、迅速安置受灾群众，到紧急调拨救灾资金、救灾物资，抗震救灾工作始终紧张、有序进行着。 同时，许多来自我们身边的普通人挺身而出，以实际行动支持抗震救灾，令人倍感温暖。宁夏一对夫妻连夜采购物资，驱车600公里将生活用品送往甘肃震区；临夏一家店铺开门让五六十人进来取暖；在寒冷的夜里，20位拉面师傅架起热锅，为安置点的人们煮出一碗碗热腾腾的面…… 无论是有关部门尽职尽责、全力以赴，还是许许多多普通人守望相助、共渡难关，在天灾面前，人们自然而然地拧成一股绳，从而凝聚起了强大的救灾力量，推动救灾工作加速向前。经过两天的齐心作战，目前，甘肃省救援工作已基本结束，工作重点将转为伤员救治和受灾群众生活安置。甘肃、青海震区已全部恢复供电，受损路段已基本抢通，生活物资也供应充足。这让人们紧张、担忧的心情有所缓解，也让我们感受到更多温暖和信心。 眼下，震区天气寒冷、气温较低，这为伤员救治和受灾群众安置带来更多困难，提出更高要求。当地政府和有关部门要密切关注天气变化，加强会商研判，并根据天气变化及时制定、调整应急预案；要保障帐篷、被褥、行军床、取暖设备、食物等救灾物资和医疗力量充足，满足受灾群众的生活所需并及时解决相关困难，确保受灾群众温暖过冬、尽快恢复生产生活秩序。（央广网特约评论员 秦川） 眼下震区天气寒冷、气温较低，这为伤员救治和受灾群众安置带来更多困难，提出更高要求。,,,https://www.cnr.cn/newscenter/comment/cnrp/20231220/t20231220_526528904.shtml,2026-06-16 23:48:27
央广网评,【央广网评】为应付检查突击种树？生态环境守护不容敷衍 近日，中央生态环保督察组通报了福建泉州一些县（市）违法违规开山采矿的问题，包括以矿山修复为名，行矿产开采之实；假借土地平整，违法开采矿产资源；生态保护修复工作停滞不前，整治监管不力等。更有甚者，在督察进驻前夕突击种植树木、铺设草皮以应付督察。 2023,2023-12-15,国家要求矿山修复产生的剩余土石料应进入公共平台,近日，中央生态环保督察组通报了福建泉州一些县（市）违法违规开山采矿的问题，包括以矿山修复为名，行矿产开采之实；假借土地平整，违法开采矿产资源；生态保护修复工作停滞不前，整治监管不力等。更有甚者，在督察进驻前夕突击种植树木、铺设草皮，以应付督察。 一些地方出现明修栈道、暗度陈仓式的矿山修复、土体平整等问题，并非偶然现象。原因在于，在中央和各地出台多项政策、生态环境修复工作稳步推进的大背景下，企业新办理采矿权的空间逐渐被收缩，而个别地方和企业还固守着“靠山吃山”的政绩观和利益观，从而打着政策的名头，干起违法违规采矿的勾当。这是典型的阳奉阴违、敷衍塞责。 此次泉州的案例中，很多细节颇能说明问题。譬如，惠安县早在2020年9月就批准两个矿山的“生态恢复治理”项目，如今不仅矿山没得到修复，开采面积反而扩大近一倍；国家要求矿山修复产生的剩余土石料应进入公共平台交易，该县却交由企业销售。南安市于2019年对1409亩废弃矿山启动整治修复工程，却至今未见实质性进展。如此下来，上演一出一边大肆违法违规开采、一边缓慢进行修复工作，最后为了应付督察上演突击种树铺草的荒唐戏码，也就不足为奇。 这些地方违法违规采矿致使生态环境修复工作悬置，除了复杂的利益纠葛，也透露出当地政府和主管部门对矿山生态保护工作的重要性认识不足，发展理念存在偏差，从而对矿山监管失职失责，对违法违规开采矿山破坏生态现状没有充足动力去促进有效解决。这是中央生态环境保护督察关注的一大重点，此前两轮督察中被通报的典型问题也屡屡涉及此类。 矿山开采、生态环境保护从来不只是经济问题、社会问题，更是与一方百姓息息相关的民生问题。一些地方对矿山修复、土地平整工作的阳奉阴违、敷衍塞责，也是形式主义、官僚主义作风的表现。要扭转这种风气，一是要进一步压实各地各级政府的主体责任，做到明责知责、担责尽责，强化执法监管；二是切实用好中央生态环境保护督察这一制度利剑，坚持用最严格的制度、最严密的法治保护生态环境。加大对矿山生态环保问题排查整治和对矿山安全的监管，是守护绿水青山的必然之举，也是惠及后代子孙的应有之义。这是我们共同的责任，更是一道必答题。（央广网特约评论员 之心） 近日，中央生态环保督察组通报了福建泉州一些县（市）违法违规开山采矿的问题，包括以矿山修复为名，行矿产开采之实；假借土地平整，违法开采矿产资源；生态保护修复工作停滞不前，整治监管不力等。更有甚者，在督察进驻前夕突击种植树木、铺设草皮以应付督察。,,,https://www.cnr.cn/newscenter/comment/cnrp/20231215/t20231215_526522982.shtml,2026-06-16 23:48:27
央广网评,【央广网评】体育老师借课带学生打雪仗 这样的教育很贴心 皑皑白雪，向来和欢乐热闹的雪仗最为相配。在铺满雪的操场上，孩子们的欢声笑语和你追我赶、互掷雪球的身影，成为冬季校园里最美的画面。一节短短几十分钟的体育课，留给孩子们的，是值得终生回忆的美好。这样的教育，真的很贴心！ 2023,2023-12-13,,近日，北京迎来大范围降雪。有媒体报道，北京某学校的一位体育老师找到班主任借课，专门带孩子们打雪仗，并用手机记录下孩子们欢欣雀跃的身影。班主任也很爽快地答应了体育老师的请求，还不忘嘱咐“别给弄病了”。 平日里，孩子们学习压力不小，打雪仗不仅能让孩子们接触大自然，充分释放天性、放松身心，在跑跳中也锻炼了身体。体育老师的借课，是对学生适当开展体育活动的用心；班主任的嘱咐，则是对孩子健康安全的重视。无论哪种考量，都体现了老师对孩子成长的满满关爱。 一直以来，为保障学生的体育活动时间，各级各地教育主管部门都出台了相应举措。2021年，教育部印发《关于进一步加强中小学生体质健康管理工作的通知》，强调要着力保障学生每天校内、校外各1小时体育活动时间；2022年新修订的体育法则规定，确保体育课时不被占用，保障学生在校期间每天参加不少于一小时体育锻炼；2023年，上海出台的《上海市促进中小学校体育工作高质量发展 进一步提升学生体质健康水平行动方案》中强调，进一步保障中小学生体育运动时间，保障每天校内外运动时间不少于2小时……一堂“打雪仗课”，也给了教育部门更多的选项和思考空间。从体育课的形式看，可以是跑步、跳远、各种球类，当然也可以是这样特别的“玩雪课”。而无论形式如何，最终目的都是希望学生能够“动”起来。从体育课的承载内容来看，类似“玩雪课”的出现也让我们对体育课有了更高期待，那就是让学生强身健体的同时，收获一份快乐精彩的童年记忆。 当然，安全问题在任何时候都是不可忽视的。体育老师主动要求带学生打雪仗，让我们看到，为了学生成长，老师主动承担起更多责任。作为学校和教育主管部门，不妨多动动脑筋，在开展这类体育课过程中，如何避免着凉、摔伤等意外的发生，帮助孩子们在快乐运动和安全防护之间找到平衡。 皑皑白雪，和孩子们欢乐热闹的雪中嬉戏最为相配。在铺满雪的操场上，孩子们的欢声笑语和你追我赶的身影，将成为冬季校园里的最美画面。一节短短几十分钟的体育课，留给孩子们的，是值得终生回忆的美好。这样的教育，真的很贴心！（央广网评论员 田甜） 皑皑白雪，向来和欢乐热闹的雪仗最为相配。在铺满雪的操场上，孩子们的欢声笑语和你追我赶、互掷雪球的身影，成为冬季校园里最美的画面。一节短短几十分钟的体育课，留给孩子们的，是值得终生回忆的美好。这样的教育，真的很贴心！,,,https://www.cnr.cn/newscenter/comment/cnrp/20231213/t20231213_526518741.shtml,2026-06-16 23:48:27
央广网评,【央广网评】凌晨排队还缴不上燃气费？冬季保供服务要够“暖” 供暖、供电、供气、供水等公共服务直接影响到千家万户的日常生活，事关老百姓的安全感、获得感、幸福感，丝毫疏忽不得。特别是，眼下我国多地正防范应对雨雪冰冻灾害，保供领域的相关部门和企业更要增强忧患意识、责任感和使命感，密切关注天气变化情况，加强会商研判，充分考虑各种可能突发的情况，做足做细各项保障服务工作和应急预案，全力确保群众安全温暖过冬。,2023-12-13,该燃气公司,山西临汾尧都区一家天然气收费站，每天早上八点半才开始营业，近日却有许多当地居民在凌晨就前来排队等待缴费。即便如此，很多人排许久的队依然缴不上燃气费。此事经媒体报道后，在当地政府督促下，该燃气公司立即增加收费窗口，并派出工作人员进村入户收费，解决居民缴费难题。 眼下正值冬季，北方多地迎来大范围降温降雪天气，家家户户都需取暖。为鼓励、引导居民采用环保的取暖方式，许多地方对居民发放燃气补贴和电力补贴。具体到临汾，当地居民在今年的11月1日到明年2月28日期间缴费1875元，可享受补贴1500元，即以3375元买到1250立方米天然气，用于家庭取暖、做饭。因此，许多居民积极行动起来，希望尽快缴费、享受补贴，买到燃气。这本是好事，然而尧都区这个收费站却只开了2个收费窗口，每天的营业时间是8：30-11：00、14：30-17：00，远远满足不了当地居民的需求，以致许多人凌晨在户外挨冻排队仍无功而返。 对居民来说，最便捷的缴费方式无过于线上缴费。在临汾尧都区，另一家燃气公司就鼓励居民通过线上方式快捷缴费。如果说此次事件中的企业目前还无法将这些用户的机械表换成物联表，从而实现用户线上缴费，那就该全力做好线下服务。譬如，根据民居分布情况，多设几个收费站、收费窗口或者安排工作人员进村入户收费。哪怕收费站早点营业、晚点关门，也能方便上班族缴费，不至于令人为难。从该天然气企业事后的弥补措施来看，这些方法并不难实现。那为何从2019年开始就一直有人反馈缴费难问题，却迟迟未能得到解决？看到居民排队挨冻却无动于衷？供暖单位的服务意识怎能如此“冷”！ 供暖、供电、供气、供水等公共服务直接影响到千家万户的日常生活，事关老百姓的安全感、获得感、幸福感，丝毫疏忽不得。特别是，眼下我国多地正防范应对雨雪冰冻灾害，保供领域的相关部门和企业更要增强忧患意识、责任感和使命感，密切关注天气变化情况，加强会商研判，充分考虑各种可能突发的情况，做足做细各项保障服务工作和应急预案，全力确保群众安全温暖过冬。切不可再发生此类令人身寒心更寒的事。（央广网评论员 陈锐海） 供暖、供电、供气、供水等公共服务直接影响到千家万户的日常生活，事关老百姓的安全感、获得感、幸福感，丝毫疏忽不得。特别是，眼下我国多地正防范应对雨雪冰冻灾害，保供领域的相关部门和企业更要增强忧患意识、责任感和使命感，密切关注天气变化情况，加强会商研判，充分考虑各种可能突发的情况，做足做细各项保障服务工作和应急预案，全力确保群众安全温暖过冬。切不可再发生此类令人身寒心更寒的事。,,,https://www.cnr.cn/newscenter/comment/cnrp/20231213/t20231213_526518169.shtml,2026-06-16 23:48:27
央广网评,【央广网评】女孩泣谢残疾拾荒助学人刷屏 凡人善举暖抵人心 近日，一段受赠女孩第一次见到好心人模样忍不住泪流满面的视频引发全网热议。残疾拾荒者胡雷，15年来靠卖废品和摆地摊，陆续捐款超百万元。网友们感佩胡雷的善行，也为受助女孩从讶异到感动的真实反应而动容。“因为自己淋过雨，所以更想为别人撑把伞。”以残疾之身行伟大善举，胡雷不仅感动了知恩懂礼的善良女孩，也感染了屏幕外的无数网友，让更多善意与温暖不断传,2023-12-12,,近日，一段受助女孩第一次见到好心人模样忍不住泪流满面的视频在网上刷屏。这位好心人是“90后”残疾拾荒者胡雷，15年来主要靠卖废品和摆地摊的微薄收入，陆续捐款超百万元。 据媒体报道，命运多舛的胡雷自小丧父失母，由爷爷奶奶带大，幼时因高烧导致患上小儿麻痹症，不仅无法站立行走，说话也受到严重影响。一直以来，他不愿坐享救助、资助，而是以力所能及的劳动收入、政府给的低保补贴和残疾补贴，以及好心人捐献的钱物等，无私捐助给孤寡老人、留守儿童、困难学子和受灾地区等其他困难群体。“只想把自己受到过的帮助、得到过的爱心传递下去，也希望受到帮助的人感恩父母、老师和社会，有能力了回报社会。”言语朴实的胡雷，以残疾之躯行伟大善举，衣帽简陋却精神富足，用自己的方式诠释了“因为自己淋过雨，所以更想为别人撑把伞”的温暖善念。 在这段视频中，路过的受助学生拿着自己的牛奶过来感谢捐助好心人，当她见到胡雷膝行于地、衣着百结的模样，从一刹那的讶异到反手以双手相握，掩面泣谢的真实反应更让无数网友动容。有人说，教育的本质是“一棵树摇动另一棵树，一朵云推动另一朵云，一个灵魂唤醒另一个灵魂”。胡雷的凡人义举不仅感动了知恩懂礼的善良女童，也感染了屏幕外的无数网友，让这份善意与温暖不断传递下去。（央广网评论员 姜葳） 近日，一段受赠女孩第一次见到好心人模样忍不住泪流满面的视频引发全网热议。残疾拾荒者胡雷，15年来靠卖废品和摆地摊，陆续捐款超百万元。网友们感佩胡雷的善行，也为受助女孩从讶异到感动的真实反应而动容。“因为自己淋过雨，所以更想为别人撑把伞。”以残疾之身行伟大善举，胡雷不仅感动了知恩懂礼的善良女孩，也感染了屏幕外的无数网友，让更多善意与温暖不断传递。,,,https://www.cnr.cn/newscenter/comment/cnrp/20231212/t20231212_526517439.shtml,2026-06-16 23:48:27
央广网评,【央广网评】2300多年的赵长城被拦腰截断 生态文保不可“自毁长城” 长期私挖滥采河砂，不仅对文物遗址造成极大损坏，也严重破坏了河床生态环境。面对长城的一次次“悲鸣”，与其亡羊补牢，不如防患未然。文物管理部门和自然资源监管部门还要敲响警钟，拿出失责必问、问责必严的态度，坚决守住文物和生态保护的红线、底线。 2023,2023-12-11,某新能源有限公司,近日，中央生态环境保护督察集中通报典型案例指出，河南省新乡市辉县、卫辉等地违规挖砂采石破坏生态环境问题突出，导致河南省文物保护单位赵长城遗址遭到破坏。十余年间，赵长城遗址从3010米减少到855米，令人痛心。长期私挖滥采河砂，不仅对文物遗址造成极大损坏，也严重破坏了河床生态环境。 长城是中华民族的重要象征。始建于春秋战国时期的早期长城，对于研究当时的历史、文化和社会发展具有重要价值。不同于那些得到精心修缮和维护的景区，历经2000多年沧桑巨变的赵长城本身已经十分脆弱，只有扎扎实实做好保护，才能妥善保存其承载的历史文化信息。此次遭到破坏的赵长城遗址属于省级文物保护单位，这意味着有关责任人员不仅违反了文物保护法、《长城保护条例》，更涉嫌触犯刑法，很有可能因此承担刑事责任。 需要注意的是，当地并非首次发生“自毁长城”的悲剧。2015年至2017年，某新能源有限公司在辉县建设风电项目时，对赵长城遗址本体和环境风貌造成严重破坏。事后，当地主要领导和有关部门被追责，4名犯罪嫌疑人被刑事拘留。教训还在眼前，同一个地方为何又见“自毁长城”？当地有没有把文物保护、生态保护放到应有的高度？ 无论是生态环境保护还是文物保护，干出成绩不容易，毁于一旦很简单。具体到此案，当地采矿企业有的毫无文保意识甚至明知故犯，有的在禁采区域无证采砂，有的长达5年时间越界开采，暴露出主管部门长期以来严重怠政失职。对于监管缺失、履职不到位的人员，还应启动追责机制，对其违法失职行为追究责任。 面对长城的一次次“悲鸣”，与其亡羊补牢，不如防患未然。对于文物或生态环境来说，很多破坏造成的伤害是不可逆的，即便勉力修复，也丧失了它们原始的完整性。此次督察也以鲜活的例证证明：文化与自然是相互依存、相互促进的，没有脱离自然的文化，也没有脱离人类文明的生态保护，文物保护与生态治理具有高度同一性。文物管理部门和自然资源监管部门还要敲响警钟，拿出失责必问、问责必严的态度，坚决守住文物和生态保护的红线、底线。（央广网特约评论员 王钟的） 长期私挖滥采河砂，不仅对文物遗址造成极大损坏，也严重破坏了河床生态环境。面对长城的一次次“悲鸣”，与其亡羊补牢，不如防患未然。文物管理部门和自然资源监管部门还要敲响警钟，拿出失责必问、问责必严的态度，坚决守住文物和生态保护的红线、底线。,,,https://www.cnr.cn/newscenter/comment/cnrp/20231211/t20231211_526516166.shtml,2026-06-16 23:48:27
央广网评,【央广网评】男子抹黑雪乡被拘 扭转“固有印象”关键在提升服务 公众期待的雪乡是什么样子？是皑皑白雪、风景如画，是热情好客、宾至如归。可以说，挽回形象的核心，始终都在于雪乡所呈现的“雪乡”本身。 2023,2023-12-08,,近日，有博主发布视频称，在雪乡旅游时遭遇套路、诱导消费等问题。平安哈尔滨对此进行通报称，该博主冒充外省游客报名参加旅行团到雪乡游玩，此间主动制造事端，录制相关视频，而后对视频恶意剪辑、断章取义，故意曲解旅行团工作人员话语，给黑龙江冰雪旅游环境带来负面影响，被公安机关依法处以行政拘留。 网络不是法外之地，恶意剪辑造谣理当受到处罚。但从当前的通报来看，人们只知结果，不见经过；只知定性，不见细节。通报中提到，该博主“对视频恶意剪辑、断章取义，故意曲解旅行团工作人员话语”。人们不禁感到疑惑，涉事博主是如何曲解工作人员话语的？真实情况是怎样的？是否存在低价团、乱收费现象？这些疑问还有待解答，以回应网友关切。 前些年，雪乡曾因宰客、高价等问题遭遇“形象雪崩”，口碑一落千丈。在此之后，雪乡就开始了挽回形象的努力。良好旅游形象的塑造绝非易事，更不是一朝一夕就能达成的，需要来自相关部门、行业、企业、从业者等社会各界的多方努力。特别是当地文旅部门一定要看到，批评的背后是人们对雪乡的期待。 公众期待中的雪乡是什么样子？是皑皑白雪、风景如画，是热情好客、宾至如归。可以说，挽回形象的核心，始终都在于雪乡所呈现的“雪乡”本身。当地只有从加强旅游行业的监管着手，对游客反映的问题有则改之、无则加勉，让好景色、好服务真正成为游客满意的好口碑，才是找到了扭转舆论对雪乡“固有印象”的最根本方式。眼下来看，“雪乡”还有很长的路要走。（央广网特约评论员 夏研） 公众期待的雪乡是什么样子？是皑皑白雪、风景如画，是热情好客、宾至如归。可以说，挽回形象的核心，始终都在于雪乡所呈现的“雪乡”本身。,,,https://www.cnr.cn/newscenter/comment/cnrp/20231208/t20231208_526513100.shtml,2026-06-16 23:48:27
央广网评,【央广网评】撕毁司机超限证工作人员停岗道歉 不可为粗暴言行护短 “高速收费站工作人员撕毁司机超限证后称是假证”的视频日前在网上传播。7日，山西吕梁南高速公路管理有限公司发布通告称，涉事工作人员言语不当，停岗调离治超岗位。当事货车司机表示对此不满意，希望获道歉并赔偿打印费1元。身为高速路治超岗工作人员本应严肃履职，如果车证真实有效、司机无违法违规行为就该正常放行，即使是假证也应予没收而不该撕毁。先是,2023-12-08,山西吕梁南高速公路管理有限公司,日前，“高速收费站工作人员撕毁司机超限证后称是假证”的视频在网上传播。12月6日，山西吕梁南高速公路管理有限公司发布通告称，涉事工作人员言行不当，停岗调离治超岗位。8日，收费站管理人员和撕毁证件的工作人员应司机要求登门道歉，并赔偿超限证打印费1元。 所谓“超限证”，全称为公路超限运输车辆通行证。载运不可解体物品的大件运输车辆，在外廓尺寸、重量等方面会超过一定限制标准，需依道路交通安全法、《超限运输车辆行驶公路管理规定》等法律法规办理许可手续，一车一证并按照指定的时间、路线、速度方能上路行驶。该证件由公路管理机构负责审核发放，证件上印有审批结果的公示网址，并注明申请人“可自行打印本证”。因此，要鉴别超限证是否真实有效，并不用费太多技术手段。 身为高速路治超岗工作人员，本应严肃履职，如果证件真实有效、司机无违法违规行为就该正常放行，甚至还应根据需要，适当提供便利服务。退一步说，即使是假证也应予没收，然后按程序依法依规处理，而绝无当场擅自撕毁的道理。 据媒体报道和当事司机发布的视频，这位身着“交通执法”字样外套的工作人员，先是粗暴撕毁超限证，后说是假证，接着又否认自己撕毁，之后再私下问“你要多少钱才能消气”，如此粗野傲慢的行为本就有错在先。 事情在网上曝光后，涉事单位6日发布通报，仅以“行为言语不当造成司乘人员不满”“停岗调离”进行处理，有避重就轻的“护短”之嫌。司机也对此表示不满，要求道歉并赔偿1元钱的超限证打印费用。8日早，收费站管理人员和涉事工作人员到司机单位登门道歉，并赔偿1元钱，在一定程度上显示了知错就改、担当负责的务实态度，对其他工作人员也是一次鲜活的作风教育课。 无独有偶，日前，湖南临澧县白虎山超限站扣下司机超重的8箱橘子，领回时仅剩4箱半，司机要的也是一个“赔礼道歉”。岁末年终历来是安全生产集中整治的高频时段，这也给广大执行公务人员提了个醒，无论是执法检查，还是日常服务，尤其在纪律作风方面都必须依法依规谨慎严肃，切不可粗暴滥用纳税人赋予的权力。（央广网评论员 姜葳） “高速收费站工作人员撕毁司机超限证后称是假证”的视频日前在网上传播。7日，山西吕梁南高速公路管理有限公司发布通告称，涉事工作人员言语不当，停岗调离治超岗位。当事货车司机表示对此不满意，希望获道歉并赔偿打印费1元。身为高速路治超岗工作人员本应严肃履职，如果车证真实有效、司机无违法违规行为就该正常放行，即使是假证也应予没收而不该撕毁。先是粗暴撕毁，后又说是假证，接着又否认自己撕毁，如此傲慢野蛮的言行本就有错在先。所在单位仅以“言语不当”“停岗调离”，有避重就轻的“护短”之嫌，达不到正风肃纪的效果。,,,https://www.cnr.cn/newscenter/comment/cnrp/20231208/t20231208_526512993.shtml,2026-06-16 23:48:27
央广网评,【央广网评】用“征缴医保进度”考核村干部 别让自愿参保变“被参保” 缴纳医保本就应本着自愿原则在村民间开展，与其逼着村干部征缴，不如换个思路看待此事，相关部门多在疏通和沟通方面下功夫，在宣传效果上做文章，让村民真正理解医保的作用和益处。应该说，民生工程要做到群众的心坎上，是一门艺术，讲究方式方法才能得到群众的认可。 2023,2023-12-08,,不达标，就罚款？近日，有媒体报道，安徽亳州谯城区大杨镇用“征缴医保进度”考核村集体和村干部，达标的奖励经费，不达标的罚款。相关通报截图显示，对个人征缴进度未达到70%且后20名的罚款200元。据悉，此举是针对辖区内各村集体征缴城乡居民医疗保险的进度进行考核。 诚然，医保是一项个人缴费、国家补助、互助共济的民生工程，动员村民买医保是有必要的。但是，动员不等于强制，不能采取强人所难的做法。用“征缴医保进度”来考核数量，为了完成所谓的任务，就把压力转嫁到村干部、村民身上，如此一来，医保缴纳就变了味。 首先，这事不是强制就能完成的。有的村民选择不参保，如果采取过激手段，很可能激化矛盾，事与愿违。而所谓的“让征缴工作既纵向到底、横向到边，又任务到人、责任到岗”，也容易滋生形式主义，在执行中难免动作变形，让村干部牢骚满腹，影响日常其他工作开展。 缴纳医保本就应本着自愿原则在村民间开展，与其逼着村干部征缴，不如换个思路看待此事，相关部门多在疏通和沟通方面下功夫，在宣传效果上做文章，让村民真正理解医保的作用和益处。应该说，民生工程要做到群众的心坎上，是一门艺术，讲究方式方法才能得到群众的认可。买医保，有保障，但一涉及掏钱，老百姓心里就会掂量掂量，如果相关部门不把工作做实做细做得深得人心，群众难免犯嘀咕，乃至心生抵触。 实践一再证明，凡事一旦强行摊派就会变味，乃至变质。从这个角度上讲，亳州相关部门应该思量的是，如何更好地改进工作方法？如何更有效地刷新工作理念？如果让自愿参保变为“被参保”，只会导致更恶劣的结果。相反，如果设身处地为群众着想，多从群众的实际情况和真正需求出发，采取卓有成效的激励措施，才会有事半功倍之效。（央广网特约评论员 秦川） 缴纳医保本就应本着自愿原则在村民间开展，与其逼着村干部征缴，不如换个思路看待此事，相关部门多在疏通和沟通方面下功夫，在宣传效果上做文章，让村民真正理解医保的作用和益处。应该说，民生工程要做到群众的心坎上，是一门艺术，讲究方式方法才能得到群众的认可。,,,https://www.cnr.cn/newscenter/comment/cnrp/20231208/t20231208_526512974.shtml,2026-06-16 23:48:27
央广网评,【央广网评】散煤不让烧、清洁煤不想买 问题出在哪儿？ 说到底，推广清洁取暖，关键不在于禁止燃烧劣质散煤，而是要真正为老百姓提供既经济又优质的清洁取暖服务。只要清洁采暖方式省钱、省事、暖和，人们自然愿意主动选择。同时，这次事件也提醒各地，在推进民生工程、民心工程的过程中，政府工作人员的沟通态度、工作方式、工作作风等会直接影响到工作效果。在强硬、恶劣的态度面前，好事也要办砸，反而寒了民心。 2023,2023-12-06,,12月5日，河北石家庄南邢郭镇政府工作人员被指上门收缴“两位七旬老人家里堆放的燃煤”，因这些煤是劣质散煤，会污染环境。6日，当地发布通报称，现场并未收缴老人的散煤。此后，相关人员又对媒体表示，当天只收了7斤左右的散煤，之后村干部又给老人送了近100斤“清洁型煤”。 散煤，是指未经洁净加工而直接用于分散式燃烧的煤，主要用于家庭取暖、餐饮等，燃烧效率低，产生的二氧化硫、一氧化碳、烟尘等大气污染物较多。清洁煤则是指经过加工处理的低硫、低灰、低挥发的煤制品，燃烧得更充分，污染更小。近年来，从推广清洁煤，到推进“煤改电”“煤改气”，我国北方各地陆续推进秋冬季清洁取暖，有效减少了大气污染物的产生和排放。这既是一项生态工程，也是一项民生工程。眼下正值秋冬季，北方各地进入采暖期，有关部门持续推进清洁取暖工作。具体到这次事件，为何会引发群众的不满与质疑？ 自购散煤的村民年已七旬，多年习惯的生活方式难以改变，对燃烧散煤造成的污染未必了解，即便知道了也可能不甚在意，老人考虑的更多的是煤烧得暖不暖、有没有味道等。老人的工作做不通，相关工作人员是否能够设身处地、千方百计地想办法推动问题的解决？相反，人们在视频上看到的是，来自镇政府的众多工作人员带着铁锨、麻袋进门，又是指手画脚，又是拍照，这样做换做谁都难免产生抵触情绪。 还有个问题值得琢磨：为何有特定的清洁煤购买点，煤价也更便宜，大家却不愿意买，反而去买价格稍高的散煤？该煤场销售的清洁煤质量是否有保障？ 说到底，推广清洁取暖，关键不在于禁止燃烧劣质散煤，而是要真正为老百姓提供既经济又优质的清洁取暖服务。只要清洁采暖方式省钱、省事、暖和，人们自然愿意主动选择。同时，这次事件也提醒各地，在推进民生工程、民心工程的过程中，政府工作人员的沟通态度、工作方式、工作作风等会直接影响到工作效果。在强硬、恶劣的态度面前，好事也要办砸，反而寒了民心。（央广网评论员 陈锐海） 说到底，推广清洁取暖，关键不在于禁止燃烧劣质散煤，而是要真正为老百姓提供既经济又优质的清洁取暖服务。只要清洁采暖方式省钱、省事、暖和，人们自然愿意主动选择。同时，这次事件也提醒各地，在推进民生工程、民心工程的过程中，政府工作人员的沟通态度、工作方式、工作作风等会直接影响到工作效果。在强硬、恶劣的态度面前，好事也要办砸，反而寒了民心。,,,https://www.cnr.cn/newscenter/comment/cnrp/20231206/t20231206_526510482.shtml,2026-06-16 23:48:27
央广网评,【央广网评】挖湖造景占岛开发 警惕以生态修复之名乱来 据生态环境部通报，多地政府打着“生态修复”的旗号，在本应严格执行环保措施的关键地区“顶风作案”。有的在汇入黄河的入河口修建湿地公园，违规占用耕地挖湖造景，阻断黄河干支流影响行洪；有的对无居民海岛擅自开发，建设码头、海岛试验基地及景观道路等……对于个别地方政府为经济数据和政绩工程，破坏生态的老问题要持之以恒进行整改；更要警惕以生态修复之名，行破坏,2023-12-01,无论是在黄河湿地国家级自然保护区内擅自建设钢结构木质平台,据生态环境部12月1日通报，中央生态环保督察组明察暗访发现，多地政府打着“生态修复”的旗号，在本应严格执行环保措施的关键地区“顶风作案”。有的在汇入黄河的入河口修建湿地公园，违规占用耕地挖湖造景，阻断黄河干支流影响行洪；有的对无居民海岛擅自开发，建设码头、海岛试验基地及景观道路等，均被生态环境部一一具案点名批评。 很长一段时间以来，个别地方政府以牺牲生态环境为代价，换取经济增长和所谓政绩工程，已受到自然规律和党纪国法的惩处，“绿水青山就是金山银山”“绿色环保是全面小康的生态底色”等观念早已深入人心。然而，总有人在生态环境保护问题上敢冒天下之大不韪以身试法，说明其付出的代价远远小于其获得的利益。 以此次环保督察发现为例，有的地方明明地处干旱地区，却修建30余处人工水面，长达十余年违规取水维持景观；有地方放任辖区内企业违法违规生产经营、破坏盐湖或林草生态……对这些典型违规案例，各地必须持之以恒地进行督查、整改，尽最大可能修复被破坏的生态，并要挖出、斩断背后的利益链，以防反弹、绝“后患”。 同时，我们更要警惕各种以生态修复之名，行破坏生态之实的乱作为问题。从中央生态环保督察组披露的内容来看，无论是在黄河湿地国家级自然保护区内擅自建设钢结构木质平台、有机玻璃帐篷、露营基地等旅游服务设施，还是在无人海岛违规进行生产建设活动，抑或在沿海防护林范围内修扩建经营设施，它们都是打着保护生态环境的旗号，谋的是牺牲公众绿色资源的私利。这种行径与以往盖绿网、刷绿漆的“一眼假”相比，更具欺骗性和迷惑性，甚至还曾作为业绩被列入当地政府工作报告，不可不察。 生态环境是我们现世当代和子孙后代的共同财富，各地和各部门都要本着对人民负责任、为子孙谋长远的态度，严肃认真对待。对生态修复中的形式主义、弄虚作假等行为，要及时通报和曝光；对那些以生态修复名义破坏耕地、开发建设等违法行为，更要移交相关机构调查处理并给公众一个说法，涉事责任人必须为违法违纪、失职失责行为付出严重代价。（央广网评论员 姜葳） 据生态环境部通报，多地政府打着“生态修复”的旗号，在本应严格执行环保措施的关键地区“顶风作案”。有的在汇入黄河的入河口修建湿地公园，违规占用耕地挖湖造景，阻断黄河干支流影响行洪；有的对无居民海岛擅自开发，建设码头、海岛试验基地及景观道路等……对于个别地方政府为经济数据和政绩工程，破坏生态的老问题要持之以恒进行整改；更要警惕以生态修复之名，行破坏生态之实的乱作为问题。生态环境是我们现世当代和子孙后代的共同财富，涉事责任人必须为违法违纪、失职失责行为付出代价。,,,https://www.cnr.cn/newscenter/comment/cnrp/20231201/t20231201_526505443.shtml,2026-06-16 23:48:27
央广网评,【央广网评】棚改区新楼9年成危楼 民心工程不能伤民心 近日，总台中国之声曝光，黑龙江明水县一棚改小区建成9年即成危楼，用于重建的上亿债券资金两年前便已拨付，新楼重建却迟迟没有进展，导致数百住户陷入“无家可归”的窘境。“安居”才能“乐业”，住房是老百姓关心的大事。就目前情势而言，只有尽快查清责任主体，对工程责任主体严肃追责，才能顺利启动重建，平复住户的不满，廓清舆论的质疑。 2023,2023-11-27,,近日，总台中国之声曝光，黑龙江明水县一棚改小区建成9年即成危楼，用于重建的上亿债券资金两年前便已拨付，新楼重建却迟迟没有进展，导致数百住户陷入“无家可归”的窘境。（ 此前报道：黑龙江明水一棚改小区建成9年即成危楼 用于重建的上亿债券资金尚未发挥效益 ） “安居”才能“乐业”，住房是老百姓关心的大事。棚户区改造是重大民生工程，本该是惠民利民的好事，何以让数百户居民“无家可归”？其中有诸多疑点值得追问。 新楼建成9年成D级危楼，如此严重的工程事故，为何至今未能确认责任方？按照常理，工程质量出现严重问题，无论是施工方还是检测方、监理方都难辞其咎。对于追究责任，无论是走行政审批还是司法调查流程，被鉴定为危楼4年后，也都该给外界一个交代。就目前情势而言，只有尽快查清责任主体，对工程责任主体严肃追责，才能顺利启动重建，平复住户的不满，廓清舆论的质疑。 重建新楼为何迟迟没有动工？这是当下最急需解决的问题。棚户区改造关乎多方利益，本身是一项复杂、系统的工程，但无论如何复杂，都不是工程一再拖延、搁置的理由。具体到本事件，目前来看，工程推进的最大卡点来自小区居民在重建协议签署上无法达成共识，导致签约率不到60%，无法启动拆除。但正如有住户所说，压力不能全都推给业主一方，相关部门要积极协调，在住房公摊面积、贷款偿还、代偿协议条款等方面给出合理方案，推动问题尽快解决。 眼下，还要做好对数百户居民的安置、安抚工作。离家已经四年，“居无定所”的数百户居民期盼着重建新楼、早日回家。报道中提到，当地政府发给每户每年4800元的临时安置费，而明水县的租房价格每年平均为6000元至8000元，居民每年都要添钱租房，有的居民找不到合适住处，搬家就搬了5次。住所成危楼已令人痛心，如今补偿款、安置过渡费又因为协议问题一再被拖延、搁置，对此，当地需要拿出明确的方案和态度，对这些居民给予关怀与照顾。 棚户区改造关乎民生、关乎民心。面对当地住户的不满、群众的质疑，当地有关部门要高度重视，抓紧启动调查、督办，对工程责任方严肃追责，推进重建工程迅速启动，同时做好对几百户居民的安置、补偿工作。这一事件也给当地提了个醒，惠民利民的好事就要扎扎实实办好，千万别让民心工程反倒成了伤民心的“民怨工程”。（央广网特约评论员庞至） 近日，总台中国之声曝光，黑龙江明水县一棚改小区建成9年即成危楼，用于重建的上亿债券资金两年前便已拨付，新楼重建却迟迟没有进展，导致数百住户陷入“无家可归”的窘境。“安居”才能“乐业”，住房是老百姓关心的大事。就目前情势而言，只有尽快查清责任主体，对工程责任主体严肃追责，才能顺利启动重建，平复住户的不满，廓清舆论的质疑。,,,https://www.cnr.cn/newscenter/comment/cnrp/20231127/t20231127_526500022.shtml,2026-06-16 23:48:27
央广网评,【央广网评】以污染大气为由禁止私熏腊肉 谈何“尊重传统、方便市民”？ 一言以蔽之，以环保为由禁止熏肉、违者要罚，难以令人信服。对于这些涉及地方习俗和人们日常生活的活动，不可粗暴改造。即便要改造，也要切合实际，注意方式、注重民意，否则只会激化矛盾。防治大气污染不是理由，制定合理可行的政策，让群众真正感受到便利实惠，才是社会治理的关键。 2023,2023-11-23,限于在该公司,禁止私自熏制腊制品？近日，四川巴中市通江县、南江县发布通告称，城区禁止私自熏制腊制品，熏制腊肉、腊肠等需送到指定的集中熏制点。对此，当地官方回应称，出台该规定是为了应对大气污染防治。 烟熏腊肉流行于我国川渝等地区，是一种地道的传统佳肴，历史悠久，绵延至今。在制作过程中，烟熏是不可或缺的一道工艺。一来，这样的制作方式是否会造成大气污染，不可轻易下结论，起码应由独立的专业机构测定。如果仅由某个部门轻率地作出认定，既不科学也有失严谨。二来，为应对大气污染防治，就将私熏腊肉一禁了之，有懒政之嫌。如果说私自熏制腊制品污染环境，那么集中熏制就不污染环境了？倘若烟熏工艺有改进空间，相关部门应与群众一道想方设法改进工艺，提高技术水平，降低烟气缭绕，而非生硬禁止。 值得关注的是，有报道称，某地相关部门要求群众集中熏制，选定的两个熏制点都很可疑。其中一个熏制点注明，仅熏制“限于在该公司购买的肉制品”。而另一个熏制点则是新修建的，内部设施仍在完善中，“预计月底才能开始熏”。在这种情况下，急匆匆地让群众到集中熏制点熏制腊肉，既不合理，也不合情。再说，所谓的“凡未在指定地点熏制腌腊制品的行为，拒不改正者，将处以500至2000元罚款”，是否合规、合法？罚款，牵涉千家万户切身利益，如果没有正当理由，一分钱都不能罚。集中熏制点本就备受诟病，不到集中熏制点熏制还会被罚款，只会让群众左右为难。 还有一个细节是，相关通告指出，禁止私自熏制腊制品，让群众到集中熏制点熏制，是为了“尊重传统、方便市民，同时保护生态环境、保障熏制安全”。这些说辞经不起推敲，如果真尊重传统就不会逼迫群众到集中熏制点熏制，如果真方便市民就不能“一刀切”。 一言以蔽之，以环保为由禁止熏肉、违者要罚，难以令人信服。对于这些涉及地方习俗和人们日常生活的活动，不可粗暴改造。即便要改造，也要切合实际，注意方式、注重民意，否则只会激化矛盾。防治大气污染不是理由，制定合理可行的政策，让群众真正感受到便利实惠，才是社会治理的关键。（央广网特约评论员 秦川） 一言以蔽之，以环保为由禁止熏肉、违者要罚，难以令人信服。对于这些涉及地方习俗和人们日常生活的活动，不可粗暴改造。即便要改造，也要切合实际，注意方式、注重民意，否则只会激化矛盾。防治大气污染不是理由，制定合理可行的政策，让群众真正感受到便利实惠，才是社会治理的关键。,,,https://www.cnr.cn/newscenter/comment/cnrp/20231123/t20231123_526496726.shtml,2026-06-16 23:48:27
央广网评,【央广网评】“明星录制祝福视频”成产业 不能只收钱不负责 “明星录制祝福视频”不能成为脱缰的野马，也不能成为熟视无睹的暗流。依法加强监管、整治乱象，是后续工作的题中之义。 2023,2023-11-21,,近日，“多位明星给诈骗分子录视频祝寿”的话题引发关注。起初很多网友觉得不可思议，明星怎会和诈骗分子有所勾连？随着一些明星纷纷出面道歉，彻底坐实了这门“生意”的存在。 媒体调查发现，类似的祝福视频并非新鲜事物，而是一条完整产业链的核心。根据不同的祝福内容，价格从几百元到五六位高价不等。这门“生意”有个“买定离手”的特点：明星录制完祝福视频后，视频去往哪里、为谁所用也就不再过问。在买家身份各异、背景不明的情况下，流入诈骗集团也不足为奇。只是，这一情景深深刺痛了深受诈骗伤害的人们，也在全社会产生十分恶劣的影响。 明星在道歉中多给出“不知情”“碍于熟人情面”等说辞，极力为自己撇清关系，但如此就能免责吗？祝福视频并不是受迫而录，而是明星自愿的行为，因其“失察”所带来的任何后果，当然要记到明星账上。作为公众人物，这就是不爱惜羽毛的后果！ 明星为个人拍视频提供祝福，本质上就是一种全链条式的广告代言行为。这种行为在抬高“买家”身价和声誉的同时，也以特有的“业态”搅动了市场的水波。这样一种打着世俗、道德乃至法律“擦边球”的灰色产业，看似“人畜无害”，实则已经暴露出脱离法律监管和约束的风险。既然是广告代言，内容的真实性和合法性就不能含糊。但反观一些明星录制祝福视频，可谓近乎儿戏，缺乏对社会责任和法律意识的敬畏。 “明星录制祝福视频”不能成为脱缰的野马，也不能成为熟视无睹的暗流。依法加强监管、整治乱象，是后续工作的题中之义。有关部门须从广告行为、纳税义务等层面介入，明细标准、强化管理，以规范性和合规性、合法性作出严格要求，不给灰色产业生长的土壤。（央广网特约评论员 伍里川） “明星录制祝福视频”不能成为脱缰的野马，也不能成为熟视无睹的暗流。依法加强监管、整治乱象，是后续工作的题中之义。,,,https://www.cnr.cn/newscenter/comment/cnrp/20231121/t20231121_526494170.shtml,2026-06-16 23:48:27
央广网评,【央广网评】“家中碗筷不洗罚款10元” 谁给的罚款权？ 陈规该清理，陋习该消除，但在“移”和“易”的过程中，不可简单粗暴，更不可违背法律。找准发力点，尊重村民、认真倾听村民的想法，结合当地历史沿袭状况和当前经济社会发展实际情况，共同找到大家都能接受的方法，多一些贴近老百姓实际的走心倡导，才能事半功倍。 2023,2023-11-15,,“被子未叠放罚款10元、碗筷不洗罚款10元、蹲地用餐罚款20元” 。近日，四川凉山彝族自治州普格县一份加盖了村委会公章的《新农村美丽乡村行动人居环境罚款标准》在网上流传，引发质疑。当地县政府一名工作人员对媒体表示，该通知确实存在，系乡镇下发。 白纸黑字盖上章，此事确定无疑。不叠被子不洗碗，就要被罚款，匪夷所思，也让人不安，正如网友所称，“管得太多、管得太细，不该管的瞎管”。 具体到此事，应从两个层面来审思。一个层面是，该不该管？普格县隶属于凉山彝族自治州，是一个以彝族为主体、多民族共同居住的少数民族聚居县，很多人习惯于蹲地用餐。此前，凉山州曾下发《关于治理蹲地用餐深化移风易俗的通知》，凉山州有关县委也曾经强调，“要持续通过群众知情大会，引导群众坚决抵制高价彩礼，彻底改掉席地而坐、蹲地就餐等陋习”。以此看，当地为深化移风易俗下了功夫。但诸如洗碗、扫地、叠被子这样的事，纯属村民的个人生活习惯，有必要深度介入吗？如此入室检查、罚款，不仅会侵犯村民隐私权，还可能涉嫌违法执法。这就引申到另一个层面――该不该罚？面向村民罚款，兹事体大，不可草率。受行政处罚法的严格限制，不是谁都有权罚，更不能想罚就罚。正如专业人士所言，无论是村委会，还是镇政府，都无权作出这样的处罚规定、制定这般处罚标准。 该《标准》最后还注明，“经罚款后仍不整改，第二次检查到罚款翻倍”。初罚都不该，再罚更不行，当地村委会是没有这个权力的。哪怕事后该村负责人辩称，罚款将用回被罚人身上也说不通。这是一个事关原则的法律问题，不可“和稀泥”，也不能踩底线。 移风易俗润民心，乡村振兴见成效。近年来，国家深入推进移风易俗行动，助力乡村振兴。陈规该清理，陋习该消除，但在“移”和“易”的过程中，不可简单粗暴，更不可违背法律。找准发力点，尊重村民、认真倾听村民的想法，结合当地历史沿袭状况和当前经济社会发展实际情况，共同找到大家都能接受的方法，多一些贴近老百姓实际的走心倡导，才能事半功倍。如果来硬的、动粗的，只会适得其反。（央广网特约评论员 秦川） 陈规该清理，陋习该消除，但在“移”和“易”的过程中，不可简单粗暴，更不可违背法律。找准发力点，尊重村民、认真倾听村民的想法，结合当地历史沿袭状况和当前经济社会发展实际情况，共同找到大家都能接受的方法，多一些贴近老百姓实际的走心倡导，才能事半功倍。,,,https://www.cnr.cn/newscenter/comment/cnrp/20231115/t20231115_526487358.shtml,2026-06-16 23:48:27
央广网评,【央广网评】千年摩崖造像遭涂抹 “野生文物”的保护该加强了 近年来，从罗汉洞被彩绘，到古民居遭拆除，再到长城遗址被越野车碾压、被挖掘机挖开……破坏文物事件频繁发生，毁掉的是我们民族历史的记忆，造成的损失令人痛心。这提醒各地文保部门，那些散落在乡村山野间的文物，同样潜藏着丰富的历史文化价值，绝不能任其自生自灭。各地要以对历史负责、对民族负责的态度，尽快通过文物调查工作摸清底数，分类分级采取保护措施，,2023-11-15,,近日，四川巴中南江县一处开凿于北魏晚期、距今1400多年的摩崖造像，被当地村民以“给菩萨穿衣还愿”为由涂色，以致面目全非。11月15日，南江县发布通报称，当地已组织文物专家对造像进行查勘，研究制定保护修复方案，并对现场增加了保护措施，公安机关也正依法开展调查。 摩崖造像是指在山崖上刮摩，或在石头上刻画出的佛教造像。此次被毁的摩崖造像是在2021年被发现的。当地考古调查报告显示，该造像始开凿年代早，形成过程复杂，极具特色，对研究四川地区和中原北方地区的佛教文化艺术交流具有十分重要的价值。如此珍贵的千年文物遭到人为破坏，原貌不复存在，令人倍感痛惜。当务之急是要抓紧现场查勘、研究工作，尽快尽力恢复造像原貌，尽可能弥补损失。对涉事人员，公安机关也要依法追究责任，以儆效尤。 虽然破坏文物的是当地村民，但此案反映出当地有关部门对该文物保护工作不到位。譬如，对很多当地人来说，或许都不知道此处摩崖造像的珍贵价值，文物保护部门为何不在现场竖立显眼的标识、说明和提示？再者，对这座千年造像，只是搭建了简易文物棚，看起来可遮阳挡雨，却没有更多围栏设施。现场虽然安装了视频监控，可为何当地村民“给菩萨穿衣还愿”时，管理人员不能第一时间赶往现场阻止？总之，无论是硬件设施建设，还是保护责任落实，乃至文物保护宣传，当地都做得远远不够。 不可否认，由于此处摩崖造像地处偏僻，文物发现至今仅有两年，当地没有足够时间、人力或资金来开展保护工作。但这些都是需要相关部门想办法解决的难题，而不能成为 “野生文物”保护受冷落的理由。近年来，从罗汉洞被彩绘，到古民居遭拆除，再到长城遗址被越野车碾压、被挖掘机挖开……破坏文物事件频繁发生，毁掉的是我们民族历史的记忆，造成的损失令人痛心。这提醒各地文保部门，那些散落在乡村山野间的文物，同样潜藏着丰富的历史文化价值，绝不能任其自生自灭。各地要以对历史负责、对民族负责的态度，尽快通过文物调查工作摸清底数，分类分级采取保护措施，量力而为、尽力而行，逐步开展好保护工作。只有保护好、利用好这些文物，才能更好地传承历史文脉，为各地经济社会发展带来更多动能。（央广网评论员 陈锐海） 近年来，从罗汉洞被彩绘，到古民居遭拆除，再到长城遗址被越野车碾压、被挖掘机挖开……破坏文物事件频繁发生，毁掉的是我们民族历史的记忆，造成的损失令人痛心。这提醒各地文保部门，那些散落在乡村山野间的文物，同样潜藏着丰富的历史文化价值，绝不能任其自生自灭。各地要以对历史负责、对民族负责的态度，尽快通过文物调查工作摸清底数，分类分级采取保护措施，量力而为、尽力而行，逐步开展好保护工作。,,,https://www.cnr.cn/newscenter/comment/cnrp/20231115/t20231115_526487096.shtml,2026-06-16 23:48:27
央广网评,【央广网评】越剧《新龙门客栈》走红 传统艺术如何“捕获”年轻人？ 越剧《新龙门客栈》的走红，是一次古老剧种与新媒体时代的碰撞，也是一次传统与现代的完美融合。我们期待，未来会有更多优秀、年轻的戏曲演员被观众所熟知和喜爱，也会有更多传统戏剧在“新”舞台上焕发活力、绽放精彩。 2023,2023-11-14,李云霄也火遍各大社交媒体平台,近日，新国风环境式越剧《新龙门客栈》走红，“90后”越剧演员陈丽君、李云霄也火遍各大社交媒体平台，引发热议。 通过分析不难发现，越剧《新龙门客栈》之所以火爆，一部分原因在于，剧情改编自同名经典武侠电影，剧目本身就是一个“大IP”，加上用越剧形式演绎武侠故事，极大激发起观众的好奇心。另一方面，在于该剧目打破传统观演模式，将舞台设置和布景更近距离地贴近观众，让观众成为演出的一部分，甚至与剧中角色进行互动，获得更强的参与感，实现“沉浸式”观剧的体验。 陈丽君、李云霄这些新一代表演者的走红和作品的出圈，也带给我们更多思考：传统剧种、曲目这样“奶奶辈儿”的爱好，如今为何能吸引众多年轻人的目光？归根结底，还是源于画面和辞藻的精美、个性化的凸显、社交媒体上的快速传播分享、引领潮流的存在与文化自信的满足，越剧《新龙门客栈》契合了年轻人的这些需求。表演中，唱腔念白优美动听，陈丽君反串饰演的小生角色“玉面郎君”贾廷扮相飒爽帅气，李云霄扮演的金镶玉风情万种，表演者的一颦一笑、一举手一投足，将人物性格、内心动态精准地表达出来。演员的精彩演绎加上社交媒体的快速传播，在短时间内刮起了一阵国风潮流，俘获了一大批年轻观众的心。 中华优秀传统文化有着鲜明的审美和韵味儿，但面对文化传承发展的需要，传统剧种、曲目，只有挖掘内涵、贴近年轻人，才能在新媒体时代焕发新活力，从而获得更强劲的生命力和影响力。特别是在数字化浪潮下，优秀传统文化更应顺势而为，抓住数字化手段，借助新媒体的翅膀飞得更高更远。这对于传统文化的传承有着十分重要的意义。 越剧《新龙门客栈》的走红，是一次古老剧种与新媒体时代的碰撞，也是一次传统与现代的完美融合。我们期待，未来会有更多优秀、年轻的戏曲演员被观众所熟知和喜爱，也会有更多传统戏剧在“新”舞台上焕发活力、绽放精彩。（央广网评论员 田甜） 越剧《新龙门客栈》的走红，是一次古老剧种与新媒体时代的碰撞，也是一次传统与现代的完美融合。我们期待，未来会有更多优秀、年轻的戏曲演员被观众所熟知和喜爱，也会有更多传统戏剧在“新”舞台上焕发活力、绽放精彩。,,,https://www.cnr.cn/newscenter/comment/cnrp/20231114/t20231114_526486238.shtml,2026-06-16 23:48:27
央广网评,【央广网评】一课难求的夜校 为何让年轻人如此“痴迷”？ “白天上班，晚上学艺。”最近，上夜校在网络社交传播的带动下“出圈”，成为不少年轻人热衷的新生活方式。作为公共文化资源，夜校以“价廉物美”著称。夜校也给相关技能提供了广阔的展示平台，让非遗文化“走近”年轻人。 2023,2023-11-06,夜校也给相关技能提供了广阔的展示平台,“白天上班，晚上学艺。”最近，上夜校在网络社交传播的带动下“出圈”，成为不少年轻人热衷的新生活方式。有些热门课程抢课难度堪比“双11”，最高峰时曾有65万人同时在线抢1万个名额。夜校课程如此火爆，究竟为何吸引了年轻人？ 不同于升学考试类、职业资格类的培训班，夜校的热门课程以非遗技艺、运动健康和生活美学为主，年轻人凭着自己纯粹的兴趣爱好报名。他们投入夜校学习，把夜校当成“都市中的艺术家园”，从学习过程中获得乐趣，也反映出当代年轻人深入人心的终身学习风尚。 在趋于个体化、原子化的城市生活里，独自打拼的年轻人如何获得自己的精神价值？夜校提供了弥足珍贵的心灵出口。除了陶冶情操、培养特长爱好，年轻人还把夜校当成疏解压力的场所，在学习中寻找一块心灵栖息地。通过夜校这一平台，年轻人也可以找到同好、拓宽社交，提升精神生活的富足感和幸福感。 作为公共文化资源，夜校以“价廉物美”著称。在上海夜校，一套12节的夜校课程只收费几百元，授课老师很多还是相关领域的“大拿”。桥牌课老师是中国桥牌协会三星终身大师，京剧课教师是国家一级演员，教授点心制作的老师是五星级酒店大厨……这样的“性价比”，很难不让向往学习的年轻人跃跃欲试。 与此同时，夜校也给相关技能提供了广阔的展示平台，让非遗文化“走近”年轻人。在夜校受到追捧的传统手艺、传统艺术类课程，以往可能只是沉淀在相对小众的圈子里，“养在深闺人未识”。面向大众开设的夜校，得以让一些“冷门绝学”获得更好地传播，为弘扬优秀传统文化搭建了大众化的普及平台，甚至可能发掘一批潜在的传承者，让传统焕发新生。 年轻人与夜校双向奔赴，为创新推动公共文化服务高质量发展提供了一个范本。一些城市夜校课程供不应求，也启示了公共文化机构还需认真调研青年需求，准确把握受众心理，努力提高公共文化服务的品质与数量，从而打造出一批公众喜闻乐见的精品文化产品。（央广网特约评论员 王钟的） “白天上班，晚上学艺。”最近，上夜校在网络社交传播的带动下“出圈”，成为不少年轻人热衷的新生活方式。作为公共文化资源，夜校以“价廉物美”著称。夜校也给相关技能提供了广阔的展示平台，让非遗文化“走近”年轻人。,,,https://www.cnr.cn/newscenter/comment/cnrp/20231106/t20231106_526477495.shtml,2026-06-16 23:48:27
央广网评,【央广网评】“青岛啤酒小便事件”真相披露 监督不能靠“偶然” 10月20日，“青岛啤酒三厂有工人在原料仓小便”的视频曝光，引发舆论关注。11月1日晚，山东平度市联合调查组对该事件进行通报，披露事件“真相”。 2023,2023-11-03,网传视频系青岛啤酒外包公司,10月20日，“青岛啤酒三厂有工人在原料仓小便”的视频曝光，引发舆论关注。11月1日晚，山东平度市联合调查组对该事件进行通报，披露事件“真相”。 据查，网传视频系青岛啤酒外包公司装卸工人崔某某在车厢内小便的场景。实际地点并非青岛啤酒的原料仓库，只因当时车厢内剩余少量麦芽，所以被误认为是仓库。虽然确认了小便地点非原料仓，但在装运麦芽原料的车厢内小便，其行为依然非常恶劣。 值得关注的是，这一恶劣行径受到关注，乃是事发于一场偶然的“争端”。因为崔某某与视频拍摄者事前发生了口角，所以才记录下这荒唐的一幕，并传到了网上。如果不是这样一个偶然因素，这一威胁食品安全的行为，怕是难以暴露在公众面前。在此次事件之外，是否还有其他类似的行为发生？不由引发人们的担忧。 食品安全无小事，一个小环节的管理缺漏，就可能引发严重后果。“青岛啤酒小便事件”的发生，说明在企业重要生产原料的运输交接环节，存在着监管的“真空地带”，暴露出企业在食品安全防护链条上管理的漏洞与监管的缺失。事发后，涉事企业进行了全面整改，采取原料运输车辆全部改为全封闭自卸车、厂区监控系统升级为人工智能行为识别监控系统等措施，提升监管防护体系。这些动作非常必要，但也已无法改变品牌声誉和企业信誉受损的事实。 一次小便就让一个享誉海内外的百年品牌蒙尘，教训无疑是深刻的。这也提醒相关企业，事关食品安全，丝毫不容放松警惕。严控质量安全，加强全流程管控，强化全链条监管，堵住管理漏洞，这些是企业本当做好的“分内事”，也是面对广大消费者所必须担起的责任。对于这一已经引发热切关注的公共事件，当地有关职能部门对涉事单位和责任人也要加大监管力度，依法依规严肃追责，以儆效尤，让消费者放心安心。（央广网特约评论员 姚羽） 10月20日，“青岛啤酒三厂有工人在原料仓小便”的视频曝光，引发舆论关注。11月1日晚，山东平度市联合调查组对该事件进行通报，披露事件“真相”。,,,https://www.cnr.cn/newscenter/comment/cnrp/20231103/t20231103_526473013.shtml,2026-06-16 23:48:27
央广网评,【央广网评】种植户药材遭村民哄抢 谁来为农民收获“保驾护航”？ 眼下，各地正陆续迎来秋收。确保秋粮颗粒入仓，让劳动者得其所获，成为很多地方的头等大事。为农民一年的劳动“保驾护航”，不能折戟在收割的最后一步，不能让那些哄抢、偷盗者玷污了田野里一派丰收的美好图景，暗淡了农民们脸上的灿烂笑容。 2023,2023-11-02,,近日，“河南周口一中药种植合作社遭人哄抢，种植园主坐地痛哭”的消息引发关注。1日，周口市淮阳区农业农村局发布情况通报称，是村民误认为种植户第二遍已收割完毕，遂进地捡拾药材。种植户劝阻无果后报警，民警迅速到场，劝导群众离开。 这样的解释显然很难令人信服。如果说村民一开始的挖掘行为是“误认为收割完毕”，那么后来种植户的劝阻、哭喊，难道还不足以消除“误会”吗？但事实是，直到民警赶到现场驱离哄抢者，事情才告一段落。 值得注意的是，类似的“哄抢”事件，近期已经不是第一次发生了。将心比心，农户们辛辛苦苦种植的农作物、经济作物，眼看着迎来收获，却无端遭遇哄抢、偷盗，造成严重经济损失。哄抢、偷盗行为已不仅是个人道德品质问题，而是涉嫌违法犯罪。对此，只依靠柔性教育、劝诫很难起到惩前毖后的作用，还需要找准“病灶”，下猛药治沉疴。 最直接的办法，当然是违法必究、追责到位。为什么这些发生在田间地头的偷抢行为，很容易在短时间内形成多人共同实施的规模？归根结底还是“法不责众”的心理在作祟。要扭转这种人性的幽暗，固然要靠经济社会的发展和道德普法教育，以达到移风易俗的效果；对个案则绝不可姑息，要以“不以恶小而不咎”的较真态度依法打击。既要对哄抢、偷盗者的法律责任一追到底，也要为被害者挽回经济损失。只有打到哄抢、偷盗者的痛处，提升违法成本，才能震慑当事人并警示潜在效仿者，逐步形成“莫伸手，伸手必被捉”的敬法守法社会氛围。 此类事件也再次说明，一些地区的基层治理能力还有较大提升空间。特别是在基层政府部门发布的通报里，或在村民自治组织负责人的口中，哄抢、偷盗行为往往被轻描淡写地描述为“拿取”“捡拾”。此次周口市淮阳区农业农村局的通报里，更强调了“误认为”“多年来的习惯”。这些表述都淡化了哄抢、偷盗行为的违法本质，模糊了道德和法律的边界，表面上看是对哄抢、偷盗行为的宽容，但何尝不是对被害者正当权益和法律尊严的漠视？依法行政、违法必究这门课，基层政府和执法部门都需要补上。 眼下，各地正陆续迎来秋收。确保秋粮颗粒入仓，让劳动者得其所获，成为很多地方的头等大事。为农民一年的劳动“保驾护航”，不能折戟在收割的最后一步，不能让那些哄抢、偷盗者玷污了田野里一派丰收的美好图景，暗淡了农民们脸上的灿烂笑容。（央广网特约评论员 之心） 眼下，各地正陆续迎来秋收。确保秋粮颗粒入仓，让劳动者得其所获，成为很多地方的头等大事。为农民一年的劳动“保驾护航”，不能折戟在收割的最后一步，不能让那些哄抢、偷盗者玷污了田野里一派丰收的美好图景，暗淡了农民们脸上的灿烂笑容。,,,https://www.cnr.cn/newscenter/comment/cnrp/20231102/t20231102_526472756.shtml,2026-06-16 23:48:27
央广网评,【央广网评】把“课间十分钟”还给孩子 不该是个难题 有了课间十分钟，孩子们可以在教室里稍作休息，为进入下一节课调整好状态，也可以到走廊里呼吸下新鲜空气，跟同学闲聊、交流学习心得，或是到操场上活动一下，这些都是校园生活中十分重要的部分。因此，课间休息不仅有益于孩子们的身心健康，也会成为美好的校园回忆。反之，课间不让学生走出教室，非但让孩子们少了很多活动筋骨、交流交友的机会，还可能滋生其他问题。 20,2023-10-31,,近日，一位小学老师在网上反映，其所在的学校大部分学生在课间不出教室，引发很多老师和家长的共鸣。从网友留言和媒体报道来看，很多学校虽然没有明文规定学生在课间禁止出教室，但老师会口头教育学生：除了上厕所、接水外，尽量不外出活动，即便在教室里，也不可大声说话。一些要求较为“宽松”的学校，会允许孩子在走廊里走动，但不能上下楼或去操场。 这一趋势令人感到不解、担忧。有了课间十分钟，孩子们可以在教室里稍作休息，为进入下一节课调整好状态，也可以到走廊里呼吸下新鲜空气，跟同学闲聊、交流学习心得，或是到操场上活动一下，这些都是校园生活中十分重要的部分。因此，课间休息不仅有益于孩子们的身心健康，也会成为美好的校园回忆。反之，课间不让学生走出教室，非但让孩子们少了很多活动筋骨、交流交友的机会，还可能滋生其他问题。譬如，就有家长反映，自家孩子在课间只能跑到厕所里跟同学聊天、分享零食。从另一个角度来讲，不同阶段学生的自我管理能力不同，课间都采取“不出教室”的管理方式，显然也不合理、不必要。 “课间十分钟”引发的热议，折射出人们对课间活动回归校园的期待。其实，这些道理校长和老师都懂，甚至比多数人更懂，那问题出在哪？一个很重要的因素是，学生在课间活动中因打闹而发生的纠纷乃至安全事故，让学校对学生的课间活动提心吊胆。为了避免出现问题被教育部门追责、被家长索赔，一些学校索性对学生采用了课间“圈养”模式。这多少是一种无奈的选择，也是一种“懒惰”的管理。 把“课间十分钟”还给孩子，本不该是个难题。课间活动，安全绝对是第一位的。一方面，老师和家长要多给孩子讲讲课间活动的安全注意事项，并通过校园广播、公告栏等渠道多作安全提示，进一步提高孩子的安全意识和自我保护能力。另一方面，学校要提升走廊护栏、楼道扶手、监控摄像头等硬件设施的质量，同时安排值班人员维护课间秩序，对课间活动中孩子的一些有安全风险的行为，老师要及时制止、批评教育并告知家长，共同教育。此外，教育部门也要联合当地学校，共同研究如何建立健全保险机制，尽量缓解家校对课间活动的安全顾虑。 说到底，把“课间十分钟”还给学生，体现的是教育理念和责任担当，考验的是家长、学校和社会协同育人的能力，是真正的“一切从孩子出发”。（央广网评论员 陈锐海） 有了课间十分钟，孩子们可以在教室里稍作休息，为进入下一节课调整好状态，也可以到走廊里呼吸下新鲜空气，跟同学闲聊、交流学习心得，或是到操场上活动一下，这些都是校园生活中十分重要的部分。因此，课间休息不仅有益于孩子们的身心健康，也会成为美好的校园回忆。反之，课间不让学生走出教室，非但让孩子们少了很多活动筋骨、交流交友的机会，还可能滋生其他问题。,,,https://www.cnr.cn/newscenter/comment/cnrp/20231031/t20231031_526469968.shtml,2026-06-16 23:48:27
央广网评,【央广网评】“鼻吸能量棒”侵蚀校园 莫坑害未成年人！ “扫帚不到，灰尘照例不会自己跑掉。”该产品是否“提神醒脑”尚不可知，但毫无疑问，厂家、商家别发昧心财，莫踩法律红线，莫坑害未成年人。有消协建议相关部门介入，加强校园周边监管，保护少年儿童身心健康。对此，执法部门不能任由此类产品招摇于市，不能容忍它们打未成年人的主意。 2023,2023-10-30,记者在电商平台,“上学前吸一口，下课后吸一口。”据媒体报道，近期，一种名为“鼻吸能量棒”的东西在中小学生中流行开来。其外形像一根棒状的塑料管，里面多是樟脑、薄荷等成分，被商家宣称“纯净无毒”。而专家表示，樟脑长期或大量吸入会导致神经系统损伤、肝脏损伤、呼吸困难、恶心呕吐等。 “鼻吸能量棒”侵入校园，让人担忧。从报道看，这玩意吸起来容易成瘾，很多小学生“离都离不开”。将“鼻吸能量棒”插进鼻孔里，这种吸法也很可怕，一来有害学生鼻腔健康，二来易使青少年落入涉毒陷阱，“对于人格三观尚未成熟的青少年，这种行为（鼻吸上瘾这个动作）可能降低他们对毒品的防范心理，使他们更易落入涉毒陷阱。” 既然如此，就要追问，这种产品为何能够在学生中流行？首先要追问，这种产品来路正不正，有没有生产者名称、地址、生产批号、生产日期、保质期等？简而言之，该产品直接与人的呼吸系统密切接触，是否符合食品药品安全标准？还要追问商家宣称的“纯净配方、安心使用”是否靠谱？有一个细节是，有些产品还加入了多种烈酒成分，以吸引消费者购买。未成年人保护法明确规定，不得向未成年人销售烟、酒。“鼻吸能量棒”含酒量有多少，是否符合规定？此外，谁在大肆销售“鼻吸能量棒”？报道称，记者在电商平台搜索发现，不少线上商家在售卖这种“鼻吸能量棒”。很显然，无论在线上还是在线下，要销售某种产品都必须合规合法。这种被指存在不少问题的产品，为何能够堂而皇之地销售？ 商家鼓吹该产品“提神醒脑”“一闻解困”，还称“醒脑清醒棒，上课防困神”，其目标消费群体明显包括学生。既然如此，此类产品就必须在遵守食品药品安全法的同时，遵守未成年人保护法等法律法规。目前看，商家和厂家都没做到这一点，甚至连最起码的提醒学生注意的字样都没有。 “扫帚不到，灰尘照例不会自己跑掉。”该产品是否“提神醒脑”尚不可知，但毫无疑问，厂家、商家别发昧心财，莫踩法律红线，莫坑害未成年人。有消协建议相关部门介入，加强校园周边监管，保护少年儿童身心健康。对此，执法部门不能任由此类产品招摇于市，不能容忍它们打未成年人的主意。（央广网特约评论员 秦川） “扫帚不到，灰尘照例不会自己跑掉。”该产品是否“提神醒脑”尚不可知，但毫无疑问，厂家、商家别发昧心财，莫踩法律红线，莫坑害未成年人。有消协建议相关部门介入，加强校园周边监管，保护少年儿童身心健康。对此，执法部门不能任由此类产品招摇于市，不能容忍它们打未成年人的主意。,,,https://www.cnr.cn/newscenter/comment/cnrp/20231030/t20231030_526468895.shtml,2026-06-16 23:48:27
央广网评,【央广网评】新白菜剁碎充当厨余垃圾 该扔进垃圾桶的是什么？ 好好的大白菜被糟蹋掉充当垃圾，真是咄咄怪事！我们在全社会推行生活垃圾分类，是为了把成分复杂的生活垃圾进行分拣后，分类收集、运输、处理，以提高资源循环利用的效率、减少垃圾填埋量和焚烧量。特别是将厨余垃圾（即湿垃圾）与干垃圾分开处理，既可以减少垃圾在焚烧过程中的能源消耗、减少有害物质产生，又能将厨余垃圾当作农业肥料，一举多得，是节能环保的有效,2023-11-02,这家环境管理公司,近日，北京某小区垃圾分类站，一名清洁工人将一堆新鲜大白菜倒满一地，再用铁锹将白菜剁碎后铲进垃圾桶。这一举动令围观群众感到不解、惋惜，乃至愤怒。1日，事发地街道办事处发布通告称，该小区垃圾分类工作由某环境管理公司负责，因月底尚未完成当月厨余垃圾分拣任务，该公司员工将内部食堂的白菜充当厨余垃圾进行处理。事件发生后，该街道办约谈了涉事公司，责成其进行自查整改并对相关责任人严肃处理。 好好的大白菜被糟蹋掉充当垃圾，真是咄咄怪事！我们在全社会推行生活垃圾分类，是为了把成分复杂的生活垃圾进行分拣后，分类收集、运输、处理，以提高资源循环利用的效率、减少垃圾填埋量和焚烧量。特别是将厨余垃圾（即湿垃圾）与干垃圾分开处理，既可以减少垃圾在焚烧过程中的能源消耗、减少有害物质产生，又能将厨余垃圾当作农业肥料，一举多得，是节能环保的有效举措。这家环境管理公司，承包了该社区的垃圾分类业务，却没有尽到分拣责任，任务完不成就想方设法作弊，以好充次、暴殄天物，显然是与垃圾分类的环保理念背道而驰，极为讽刺。 除了浪费食物，这一举动还会给推广垃圾分类工作带来不小的负面影响。近年来，随着绿色生活理念逐步深入人心，越来越多人特别是年轻人，已经将垃圾分类当成一种时尚的生活方式。当人们发现自己在家用心分好的垃圾，有可能在处理时被混到一起，反倒未能做科学有效的分类处理，会作何感想？大家还会愿意践行生活垃圾分类理念吗？ 这件事再次提醒我们，做好生活垃圾分类，既需要我们每个人在日常生活中付出具体行动，又需要在全社会建立起完善的分类收集、分类运输、分类处理体系，并加强对整个链条的监督管理，确保全过程有效运作，更要警惕为完成垃圾分类任务而冒出来的形式主义，避免出现垃圾分类桶形同虚设、垃圾分了又被混、居民“分了也白分”等情况。只有大家各司其职，用心用力，才能共同努力做好垃圾分类这件好事。（央广网评论员 陈锐海） 好好的大白菜被糟蹋掉充当垃圾，真是咄咄怪事！我们在全社会推行生活垃圾分类，是为了把成分复杂的生活垃圾进行分拣后，分类收集、运输、处理，以提高资源循环利用的效率、减少垃圾填埋量和焚烧量。特别是将厨余垃圾（即湿垃圾）与干垃圾分开处理，既可以减少垃圾在焚烧过程中的能源消耗、减少有害物质产生，又能将厨余垃圾当作农业肥料，一举多得，是节能环保的有效举措。这家环境管理公司，承包了该社区的垃圾分类业务，却没有尽到分拣责任，任务完不成就想方设法作弊，以好充次、暴殄天物，显然是与垃圾分类的环保理念背道而驰，极为讽刺。,,,https://www.cnr.cn/newscenter/comment/cnrp/20231102/t20231102_526472334.shtml,2026-06-16 23:48:27
央广网评,【央广网评】装不上的窗帘难在哪？别把简单问题复杂化 针对山东聊城文苑小学的“窗帘事件”，区教育和体育局已成立专门的调查小组进驻学校，期待主管部门有个明确说法并推动问题的彻底解决。无论如何，要以满足孩子的上课需求为先。这场因窗帘引发的风波也提醒学校和当地有关部门，对于简单问题的处理不必复杂化，更不能一出问题就先处理发现问题的人。回归“一切为了孩子”的教育初心，摒弃官僚作风和形式主义，实事求是才是最好,2023-10-24,,据媒体报道，近日，自称山东聊城文苑小学教师的陈姓女子连发三条视频，称自己一个月前“由于反光学生看不清多媒体屏幕，向学校申请给教室装窗帘遭拒”，且学校不仅一直未安装窗帘，她还因发布视频“遭到学校领导排挤”。23日，当地区教育和体育局就此回应称，已成立专门的调查小组进驻学校了解情况。 小小几块窗帘布，竟然掀起一场风波，甚至需要“动用”专门的调查组。人们不禁诧异，装个窗帘有那么难吗？ 教学环境是教育工作的基础。如果学生连黑板都看不清，如何能够保证学习效果？据这位陈老师说，半年前就跟学校反映过窗帘问题，家长还打了市长热线求助，却屡被拒绝。她转述的拒绝理由看起来则有些荒诞可笑，比如“安窗帘会对孩子心理造成一定影响”“会滋生细菌”“影响采光度”等。该校校长在9月底接受媒体采访时回应称，校方领导都实地考察和论证过，不需要装窗帘，有些是因为座位排得不合理，靠墙看不到屏幕。但陈老师带领学生一起拍摄的视频显示，9月21日晚，“有人连夜在窗户上贴了反光膜”。学校的这番操作和回应，不免显得自相矛盾。 看起来简单且合理的申请，即便学校有采购的工作流程要遵循，金额不大的话应不至于拖上几个月之久。都说教育无小事，孩子这么久看不清屏幕，学校管理部门做何反应？有贴反光膜的工夫和资金，为什么不能安个窗帘一步到位解决问题？ 经区教体局介入后，老师24日下午再发视频称窗帘已经安上。对于这位老师个人被区别对待的问题，当地教体局回应称，会进一步调查核实，期间该校校长被暂停工作。这场因窗帘引发的风波也提醒学校和当地有关部门，对于简单问题的处理不必复杂化，更不能一出问题就先处理发现问题的人。回归“一切为了孩子”的教育初心，摒弃官僚作风和形式主义，实事求是才是最好的解决办法。（央广网评论员 姜葳） 针对山东聊城文苑小学的“窗帘事件”，区教育和体育局已成立专门的调查小组进驻学校，期待主管部门有个明确说法并推动问题的彻底解决。无论如何，要以满足孩子的上课需求为先。这场因窗帘引发的风波也提醒学校和当地有关部门，对于简单问题的处理不必复杂化，更不能一出问题就先处理发现问题的人。回归“一切为了孩子”的教育初心，摒弃官僚作风和形式主义，实事求是才是最好的解决办法。,,,https://www.cnr.cn/newscenter/comment/cnrp/20231024/t20231024_526461879.shtml,2026-06-16 23:48:27
央广网评,【央广网评】千亩农田变深坑 非法取土挖穿的是监管底线 非法挖土，挖穿的是耕地保护红线，更是地方的监管底线。千亩农田变大坑，从长远看不仅给农民生产生活带来了极大不便和风险隐患，更影响了农业生产和粮食安全，对生态环境也造成巨大伤害。除了当地政府和监管部门需要坚决、严肃自查自纠外，上级部门也应迅速介入调查、整治整改。 2023,2023-10-21,,最近，媒体曝光了河北省任丘市长丰镇好端端的耕地被挖成了大坑，不仅面积大，而且非常深，导致无法耕种。通过专业无人机测绘的数据，这些大坑总共有61个，总面积1021亩，分布在长丰镇12个行政村的农田里。 报道还称，当地非法取土问题早在2018年就存在了。当地政府表示，之前的问题早已处理，还有领导受到了处分。但事实是，这些年村民多次举报，最后都不了了之。如今，长丰镇的这些良田里的深坑依旧存在，非法取土仍然存在，而且越挖越多，越挖越隐蔽。至于此前问责处理了哪些人，更是一个未知数。 一个个深不见底的大坑，是违法牟利的坑，也是农民生计被毁的坑。农田被毁背后，是一条非法取土的利益链――一些农民将耕地流转，被不法分子非法取土；由于大坑的出现，导致连片耕地被破坏，耕种受到影响，村民只能将更多的土地转出去，最终形成恶性循环。而不法分子则从一次次的毁田取土中牟取暴利，当地村民透露，一亩地挖10米深的土，卖出去就是33万元。 非法挖土，挖穿的是耕地保护红线，更是地方的监管底线。千亩农田变大坑，从长远看不仅给农民生产生活带来了极大不便和风险隐患，更影响了农业生产和粮食安全，对生态环境也造成巨大伤害。作为一个人口大国，我国有着严格的耕地保护制度。土地管理法中明确规定，禁止占用耕地建窑、建坟，或者擅自在耕地上建房、挖砂、采石、采矿、取土等。面对画面中那些令人触目惊心的深坑，人们不免心生疑问：在中央三令五申必须严守18亿亩耕地红线的情况下，到底是谁在破坏耕地？当地监管部门又去了哪里？ 食为政首，地为根基。耕地保护无小事，粮食安全和农民的长远根本利益必须得到维护。接下来，除了当地政府和监管部门需要坚决、严肃自查自纠外，上级部门也应迅速介入调查、整治整改。非法取土要查，灰色利益链也要查，尸位素餐的监管者更要查，而且要一查到底、严肃问责、绝不姑息。 守牢耕地红线，须着眼于源头治理，绝不能事后补救。长丰镇千亩耕地被滥挖一事提醒各地有关部门，要坚决落实耕地保护“党政同责”制度，必须严格考核，一票否决、终身追责。只有执法严起来、问责狠起来，耕地保护才能真正落到实处。（央广网特约评论员 熊志） 非法挖土，挖穿的是耕地保护红线，更是地方的监管底线。千亩农田变大坑，从长远看不仅给农民生产生活带来了极大不便和风险隐患，更影响了农业生产和粮食安全，对生态环境也造成巨大伤害。除了当地政府和监管部门需要坚决、严肃自查自纠外，上级部门也应迅速介入调查、整治整改。,,,https://www.cnr.cn/newscenter/comment/cnrp/20231021/t20231021_526458907.shtml,2026-06-16 23:48:27
央广网评,【央广网评】2岁女童被恶犬咬伤 杜绝狗咬人要盯住养狗人 狗伤人，作恶是狗，失责是养狗人。要杜绝狗伤人，关键要盯住养狗人。在这方面，我国民法典、治安管理处罚法和各地城市养犬管理条例等法律法规已经作出了明确规定。譬如，养狗须登记办证、为狗接种疫苗，遛狗须牵绳。这既可以防止犬只伤人，又能防止犬类疫病传播。但在现实中，一些养狗人既不给狗办证，也不定期给狗接种疫苗，带狗出门更是不佩戴犬牌、不系犬绳。面对路人,2023-10-17,受到伤害的2岁女童仍在当地医院,10月16日，在四川成都崇州某小区，一对母女遭到体型硕大的罗威纳犬攻击、撕咬。目前，受到伤害的2岁女童仍在当地医院重症监护室接受治疗，令人牵挂、担忧。然而，狗的主人至今未找到，不免令人感到愤怒。当地公安机关表示，正展开调查处置工作。 就此案来说，这只恶狗恐怕不是突然空降到该小区的，物业公司或邻居中必有人清楚是谁家的。但小区的沉默实在令人费解。我们希望物业公司或邻居能够勇敢地指认不负责的养狗人，希望警方尽快找到养狗人，让其负起法律责任。 恶犬伤人并非新闻，但在居民小区内发生如此恶劣的伤人事件，并不多见。人们除了关注事件进展、对养狗人的追责、对受害者的赔偿外，还特别关心两个问题：为何狗伤人事件一再发生？如何有效防止类似事件重演？ 狗伤人，作恶是狗，失责是养狗人。要杜绝狗伤人，关键要盯住养狗人。在这方面，我国民法典、治安管理处罚法和各地城市养犬管理条例等法律法规已经作出了明确规定。譬如，养狗须登记办证、为狗接种疫苗，遛狗须牵绳。这既可以防止犬只伤人，又能防止犬类疫病传播。但在现实中，一些养狗人既不给狗办证，也不定期给狗接种疫苗，带狗出门更是不佩戴犬牌、不系犬绳。面对路人的善意提醒，一些养狗人还不屑一顾，有的甚至恶语相向。即使路人向有关部门投诉、报警，往往也得不到有效反馈。 要真正治理不文明养狗行为，有关部门必须加强执法力度，真正做到违法必究。按法律规定，动物防疫监管部门负责犬类预防接种、登记工作；公安机关负责查处违法养犬，收容处置流浪犬、狂犬、伤人犬；城市管理部门负责查处不系狗绳等行为。每个部门都负责、尽责，才能有效防范恶犬伤人事件发生。 同时，有必要进一步完善文明养犬的法规。从领养登记到疫苗接种，再到遛狗系绳等，每一个环节都需要更详细明确养狗人的责任，并提高对违法行为的处罚力度，才能最大程度约束养狗人，防止恶犬伤人。比如，如何更有针对性惩处弃养行为？有些养狗人始乱终弃，犬只咬伤了人，如何处理？外来犬只进入小区伤人，物业公司该承担哪些责任？ 发现问题，直面问题，解决问题。严肃立法立规设计，精心构筑防线，加大执法力度，这是规范城市养狗的应有之义，也是规范养狗人必须遵守的道义、责任。（央广网特约评论员 秦川） 狗伤人，作恶是狗，失责是养狗人。要杜绝狗伤人，关键要盯住养狗人。在这方面，我国民法典、治安管理处罚法和各地城市养犬管理条例等法律法规已经作出了明确规定。譬如，养狗须登记办证、为狗接种疫苗，遛狗须牵绳。这既可以防止犬只伤人，又能防止犬类疫病传播。但在现实中，一些养狗人既不给狗办证，也不定期给狗接种疫苗，带狗出门更是不佩戴犬牌、不系犬绳。面对路人的善意提醒，一些养狗人还不屑一顾，有的甚至恶语相向。即使路人向有关部门投诉、报警，往往也得不到有效反馈。,,,https://www.cnr.cn/newscenter/comment/cnrp/20231017/t20231017_526453809.shtml,2026-06-16 23:48:27
央广网评,【央广网评】收花生“扬尘太大污染空气”？别让“瞎指挥”给农民添堵添乱！ 眼下正是秋收农忙时节。花生成熟，农民自然是要抓紧时间抢收，确保花生颗粒归仓，才不枉费四五个月的辛勤耕作。为提高收割效率，农民使用农机收割，显然是合理的安排。当地不让农民用农机收花生，又没有替补措施，如果误了农时，导致花生烂在地里，谁能负责？ 2023,2023-10-16,,近日，在河南省新乡市延津县魏邱乡，正忙着收花生的一些农民被当地政府工作人员叫停。面对农民的疑惑和质问，工作人员有的说“今天有领导来检查”，有的称“扬尘太大”“我走了你也不能干”，理由很多，态度很强硬。在网传视频中，旁边巡逻车上的喇叭还循环播放着大气污染防治法相关内容。 眼下正是秋收农忙时节。花生成熟，农民自然是要抓紧时间抢收，确保花生颗粒归仓，才不枉费四五个月的辛勤耕作。为提高收割效率，农民使用农机收割，显然是合理的安排。当地不让农民用农机收花生，又没有替补措施，如果误了农时，导致花生烂在地里，谁能负责？ 再看当地政府工作人员给出的理由，可以说完全立不住。比起人工收花生，农机收割确实会因作业快而在短时间内产生较多尘土，这属于不可避免的情况。但要说田间耕作产生的扬尘造成大气污染，恐怕缺乏依据，也有违常识，要贻笑大方。如果真这样，以后春耕秋收乃至整个农业生产过程是不是就不能使用机械了？农业农村现代化将如何实现？至于延津县委宣传部所说的“扬尘影响道路交通”“周边农户衣服没法晒”“可以错峰作业”“晚上多收点”，同样是无稽之谈，引发的是更多质疑。据悉，目前村民已经恢复正常抢收。 农业生产有其内在规律，我们不仅必须尊重自然规律、顺应天时地利，还要用好农业科技创新成果，为农业生产提质增效。特别是当前，我国正加快农业农村现代化步伐，农业生产规模化、机械化、智能化越来越普遍。农民顺势而为，积极拥抱农业科技是一件大好事。对此，各地党委政府及有关部门应该多些关注、关心和支持，用心用力帮助农民解决农业农村现代化建设过程中遇到的资金、技术、人才等方面的问题，而不是瞎指挥、乱作为，给农民的农业生产添堵添乱。诸如以污染大气为由建议农民“错峰”收花生这样的事，还是少做为妙！（央广网评论员 陈锐海） 眼下正是秋收农忙时节。花生成熟，农民自然是要抓紧时间抢收，确保花生颗粒归仓，才不枉费四五个月的辛勤耕作。为提高收割效率，农民使用农机收割，显然是合理的安排。当地不让农民用农机收花生，又没有替补措施，如果误了农时，导致花生烂在地里，谁能负责？,,,https://www.cnr.cn/newscenter/comment/cnrp/20231016/t20231016_526452673.shtml,2026-06-16 23:48:27
央广网评,【央广网评】公费培养师范生违约不能“一罚了之” 近日，广东陆丰多名公费培养师范生因违约被通报引发关注。根据通报，违约人员除了须退还培养经费和按30%比例缴纳违约金之外，“其违约行为应记入人事档案和社会信用体系”，并向社会公布。无独有偶，广东雷州、福建莆田等地近期也陆续发布多则公费师范生违约处理决定书。 2023,2023-10-13,,近日，广东陆丰多名公费培养师范生因违约被通报引发关注。根据通报，违约人员除了须退还培养经费和按30%比例缴纳违约金之外，“其违约行为应记入人事档案和社会信用体系”，并向社会公布。无独有偶，广东雷州、福建莆田等地近期也陆续发布多则公费师范生违约处理决定书。 近年来，诸如此类“公费师范生毕业后违约”的新闻屡见不鲜，甚至还有个别人将其视为低分求录取、上学拿补贴、就业包分配的“捷径”！让原本惠民暖心的公费师范生教育政策变了味儿。 国家对公费师范生的培养投入了大量经费、资源，以期增强基层特别是边远地区师资力量，实现教育公平，其意义深远。选择签约的师范生作为未来的人民教师，更应具备契约精神、服务意识和职业热情，在入学签约时就应慎重考虑，完成学业后要认真履约。否则，个人违约不仅白白消耗了国家公共资源，也使本该迎来新老师的学校、孩子们的工作安排与热切期待落了空。 为将培养公费师范生这一工作做好做细，加强公费师范生的履约管理，各地在探索实践中不能仅靠简单罚款“一罚了之”，有必要适当提高对违约者违约成本和违约门槛的惩戒力度，并在制度设计中不断完善优化。此次广东陆丰在通报中明确，“其违约行为应记入人事档案和社会信用体系”，并予以公示，应视为一次有效尝试，具有示范效应。以“记入档案和征信系统”来警示违约者，这让今后想把公费师范生作为“捷径”“跳板”的个别人不得不多掂量。 除了违约事实和后果，公费师范生违约、毁约的原因更值得主管部门研究。究竟是这些违约、毁约公费师范生在招募时不清楚了解相关制度政策要求，还是上岗后因个人劳动权益保障方面出了问题，还是所学专业与校方实际需求不对称？这些都需要实事求是、依规依据处理解决。不可否认，公费师范生定向招募地区多在乡村和艰苦边远地区，各地在要人时应确保相关优惠政策落实到位，以事业、感情、待遇等吸引并留住公费师范生在当地发挥更大作用。（央广网评论员 姜葳） 近日，广东陆丰多名公费培养师范生因违约被通报引发关注。根据通报，违约人员除了须退还培养经费和按30%比例缴纳违约金之外，“其违约行为应记入人事档案和社会信用体系”，并向社会公布。无独有偶，广东雷州、福建莆田等地近期也陆续发布多则公费师范生违约处理决定书。,,,https://www.cnr.cn/newscenter/comment/cnrp/20231013/t20231013_526450273.shtml,2026-06-16 23:48:27
