source,title,publish_time,stock_or_entity,content,read_count,comment_count,url,crawl_time
东方财富股吧,分红前的最差走势就是上涨，复投的人失望了,06-08 10:36,平安银行(000001),分红前的最差走势就是上涨，复投的人失望了,47,1,"https://guba.eastmoney.com/news,000001,1722254098.html",2026-06-08 14:35:29
东方财富股吧,把房卖了买平安银行，如果能卖一千万全部买入平安银行股票，每年分红能得六十万股息，,06-08 01:22,平安银行(000001),把房卖了买平安银行，如果能卖一千万全部买入平安银行股票，每年分红能得六十万股息，,77,3,"https://guba.eastmoney.com/news,000001,1722436571.html",2026-06-08 14:35:29
东方财富股吧,最重要的事说三遍，别加杠杆别加杠杆别加杠杆。只要不加杠杆就死不了人！大家都记住了,06-08 02:16,平安银行(000001),最重要的事说三遍，别加杠杆别加杠杆别加杠杆。只要不加杠杆就死不了人！大家都记住了,12,0,"https://guba.eastmoney.com/news,000001,1722536688.html",2026-06-08 14:35:29
东方财富股吧,唉，千错万错选了最弱的,06-08 01:23,平安银行(000001),唉，千错万错选了最弱的,30,2,"https://guba.eastmoney.com/news,000001,1722439155.html",2026-06-08 14:35:29
东方财富股吧,买平安银行最大的好处就是你不用看盘，它无视一切，大盘涨了它跌，大盘跌了它横，谁也,06-08 02:13,平安银行(000001),买平安银行最大的好处就是你不用看盘，它无视一切，大盘涨了它跌，大盘跌了它横，谁也,17,0,"https://guba.eastmoney.com/news,000001,1722531918.html",2026-06-08 14:35:29
东方财富股吧,你只管有钱就买入,06-08 02:12,平安银行(000001),你只管有钱就买入,20,0,"https://guba.eastmoney.com/news,000001,1722530957.html",2026-06-08 14:35:29
东方财富股吧,前怕狼后怕虎那就什么事也干不成了，拼一把，爱咋咋地，大不了一败涂地从头再来。何况,06-08 02:11,平安银行(000001),前怕狼后怕虎那就什么事也干不成了，拼一把，爱咋咋地，大不了一败涂地从头再来。何况,17,0,"https://guba.eastmoney.com/news,000001,1722528983.html",2026-06-08 14:35:29
东方财富股吧,被大盘带下来了,06-08 01:45,平安银行(000001),被大盘带下来了,34,3,"https://guba.eastmoney.com/news,000001,1722485923.html",2026-06-08 14:35:29
东方财富股吧,四大行全高位！股息低过美债！做空能量积累！银行小心！,06-08 11:48,平安银行(000001),四大行全高位！股息低过美债！做空能量积累！银行小心！,78,1,"https://guba.eastmoney.com/news,000001,1722367717.html",2026-06-08 14:35:29
东方财富股吧,今天能不绿，你就是最棒的,06-08 01:53,平安银行(000001),今天能不绿，你就是最棒的,12,0,"https://guba.eastmoney.com/news,000001,1722499894.html",2026-06-08 14:35:29
东方财富股吧,大股东平安保险独家操纵！业绩分红都难预期！谁敢参与？,06-07 10:15,平安银行(000001),大股东平安保险独家操纵！业绩分红都难预期！谁敢参与？,272,3,"https://guba.eastmoney.com/news,000001,1721936408.html",2026-06-08 14:35:29
东方财富股吧,下来,06-08 01:48,平安银行(000001),下来,13,0,"https://guba.eastmoney.com/news,000001,1722491835.html",2026-06-08 14:35:29
东方财富股吧,给你机会涨，你咋还跌！,06-08 01:44,平安银行(000001),给你机会涨，你咋还跌！,12,0,"https://guba.eastmoney.com/news,000001,1722482557.html",2026-06-08 14:35:30
东方财富股吧,本周7家银行“红包”将到账！超331亿 哪家最大方？,06-08 01:17,平安银行(000001),本周7家银行“红包”将到账！超331亿 哪家最大方？,1880,2,"https://guba.eastmoney.com/news,601229,1722426158.html",2026-06-08 14:35:30
东方财富股吧,全市性价比最高的银行,06-08 01:31,平安银行(000001),全市性价比最高的银行,27,1,"https://guba.eastmoney.com/news,000001,1722453844.html",2026-06-08 14:35:30
东方财富股吧,"走，留，还是减仓!如何操作,高手来,!",06-08 11:48,平安银行(000001),"走，留，还是减仓!如何操作,高手来,!",79,5,"https://guba.eastmoney.com/news,000001,1722367381.html",2026-06-08 14:35:30
东方财富股吧,"每年盈利2块多,现价仅剩11元,已低至极限还有人不识金",06-08 01:33,平安银行(000001),"每年盈利2块多,现价仅剩11元,已低至极限还有人不识金",24,0,"https://guba.eastmoney.com/news,000001,1722457597.html",2026-06-08 14:35:30
东方财富股吧,平安银行是跌不下去了吧,06-08 01:26,平安银行(000001),平安银行是跌不下去了吧,14,0,"https://guba.eastmoney.com/news,000001,1722443521.html",2026-06-08 14:35:30
东方财富股吧,Z，我一卖出，你就开涨，我一买入，你就跌跌不休，什么东西嘛,06-08 12:47,平安银行(000001),Z，我一卖出，你就开涨，我一买入，你就跌跌不休，什么东西嘛,23,0,"https://guba.eastmoney.com/news,000001,1722389172.html",2026-06-08 14:35:30
东方财富股吧,银行股除权后要开始填权了,06-08 01:08,平安银行(000001),银行股除权后要开始填权了,30,1,"https://guba.eastmoney.com/news,000001,1722410124.html",2026-06-08 14:35:30
东方财富股吧,每股收益两块钱，股价11块，5年就翻倍，每年还得股息，不香吗？,06-08 11:02,平安银行(000001),每股收益两块钱，股价11块，5年就翻倍，每年还得股息，不香吗？,107,3,"https://guba.eastmoney.com/news,000001,1722302252.html",2026-06-08 14:35:30
东方财富股吧,问下20年股龄的朋友，有多少是在回本的路上？如果这20年，买的是分红率5个点以上,06-08 10:46,平安银行(000001),问下20年股龄的朋友，有多少是在回本的路上？如果这20年，买的是分红率5个点以上,197,3,"https://guba.eastmoney.com/news,000001,1722272231.html",2026-06-08 14:35:30
东方财富股吧,人在阵地在,06-08 12:15,平安银行(000001),人在阵地在,23,0,"https://guba.eastmoney.com/news,000001,1722379095.html",2026-06-08 14:35:30
东方财富股吧,叙事控盘汪队空到底！剔除A50退出资金诱多！10.8下才买！,06-05 09:03,平安银行(000001),叙事控盘汪队空到底！剔除A50退出资金诱多！10.8下才买！,558,5,"https://guba.eastmoney.com/news,000001,1721027924.html",2026-06-08 14:35:30
东方财富股吧,没活性，没人在乎这票！被边缘化，几年吃股息还亏51.8%，勿鬼银行来的？,06-06 10:24,平安银行(000001),没活性，没人在乎这票！被边缘化，几年吃股息还亏51.8%，勿鬼银行来的？,404,6,"https://guba.eastmoney.com/news,000001,1721850282.html",2026-06-08 14:35:30
东方财富股吧,周五分红完就被建行超越了,06-08 11:34,平安银行(000001),周五分红完就被建行超越了,38,1,"https://guba.eastmoney.com/news,000001,1722357259.html",2026-06-08 14:35:30
东方财富股吧,用银行来稳定盘面的，并不是银行板块会大涨！,06-08 10:46,平安银行(000001),用银行来稳定盘面的，并不是银行板块会大涨！,33,2,"https://guba.eastmoney.com/news,000001,1722272573.html",2026-06-08 14:35:30
东方财富股吧,不破不买…超散们加把劲四千在眼部了,06-05 02:37,平安银行(000001),不破不买…超散们加把劲四千在眼部了,59,2,"https://guba.eastmoney.com/news,000001,1721602764.html",2026-06-08 14:35:30
东方财富股吧,虽然你被踢出Ａ50了，但咱好歹也盯着000001的头衔吧，期待挣口气明天站在11,06-08 02:43,平安银行(000001),虽然你被踢出Ａ50了，但咱好歹也盯着000001的头衔吧，期待挣口气明天站在11,130,2,"https://guba.eastmoney.com/news,000001,1722007696.html",2026-06-08 14:35:30
东方财富股吧,银行指数是用来调节指数的，到时候也会动用白酒的？,06-08 10:57,平安银行(000001),银行指数是用来调节指数的，到时候也会动用白酒的？,27,0,"https://guba.eastmoney.com/news,000001,1722294750.html",2026-06-08 14:35:30
东方财富股吧,题材过山车，概念多凶险，赛道大起落，周期难把握，成长股更是难辨真假；,03-31 03:39,平安银行(000001),题材过山车，概念多凶险，赛道大起落，周期难把握，成长股更是难辨真假；,1343,29,"https://guba.eastmoney.com/news,000001,1687367141.html",2026-06-08 14:35:30
东方财富股吧,全世界的银行市盈率都在8到15倍·，市净率1.2左右！无论发达国家还是发展中国家,06-08 10:53,平安银行(000001),全世界的银行市盈率都在8到15倍·，市净率1.2左右！无论发达国家还是发展中国家,34,0,"https://guba.eastmoney.com/news,000001,1722286792.html",2026-06-08 14:35:30
东方财富股吧,卖了买不回来了跌一下我要买回来,06-08 09:58,平安银行(000001),卖了买不回来了跌一下我要买回来,47,1,"https://guba.eastmoney.com/news,000001,1722164464.html",2026-06-08 14:35:30
东方财富股吧,七月份会不会拉升上去吧？,06-08 10:30,平安银行(000001),七月份会不会拉升上去吧？,26,0,"https://guba.eastmoney.com/news,000001,1722240980.html",2026-06-08 14:35:30
东方财富股吧,银行股年内跌超5% 幸好还有高分红！6家银行下周发225亿红包 4家股息率超5%,06-06 08:08,平安银行(000001),银行股年内跌超5% 幸好还有高分红！6家银行下周发225亿红包 4家股息率超5%,10058,53,"https://guba.eastmoney.com/news,601398,1721830706.html",2026-06-08 14:35:30
东方财富股吧,已跑输，不唱空银行和了，举报王府井操纵后万手夹单，倒量砸全消失。仅靠空头融券4.,05-26 02:05,平安银行(000001),已跑输，不唱空银行和了，举报王府井操纵后万手夹单，倒量砸全消失。仅靠空头融券4.,216,2,"https://guba.eastmoney.com/news,601169,1714722434.html",2026-06-08 14:35:30
东方财富股吧,美股大跌、韩国熔断，非农、加息预期、ai不及预期引发担忧，风险一经引发，不是短期,06-08 09:48,平安银行(000001),美股大跌、韩国熔断，非农、加息预期、ai不及预期引发担忧，风险一经引发，不是短期,97,0,"https://guba.eastmoney.com/news,601138,1722137210.html",2026-06-08 14:35:30
东方财富股吧,涨跌随意，坐等分红。,06-08 09:46,平安银行(000001),涨跌随意，坐等分红。,31,0,"https://guba.eastmoney.com/news,000001,1722130640.html",2026-06-08 14:35:30
东方财富股吧,就是不让散户地位股息复投，良心大大嘀坏。,06-08 09:43,平安银行(000001),就是不让散户地位股息复投，良心大大嘀坏。,27,0,"https://guba.eastmoney.com/news,000001,1722119190.html",2026-06-08 14:35:30
东方财富股吧,10.8没买到真是可惜了,06-08 09:35,平安银行(000001),10.8没买到真是可惜了,34,0,"https://guba.eastmoney.com/news,000001,1722094938.html",2026-06-08 14:35:30
东方财富股吧,这回看来是分到猪后腿，而且是剃净毛的。,06-08 09:31,平安银行(000001),这回看来是分到猪后腿，而且是剃净毛的。,35,0,"https://guba.eastmoney.com/news,000001,1722081306.html",2026-06-08 14:35:30
东方财富股吧,周五卖了哭死了,06-08 09:31,平安银行(000001),周五卖了哭死了,27,0,"https://guba.eastmoney.com/news,000001,1722079993.html",2026-06-08 14:35:30
东方财富股吧,低于10.7元就补仓,06-08 09:18,平安银行(000001),低于10.7元就补仓,37,2,"https://guba.eastmoney.com/news,000001,1722042555.html",2026-06-08 14:35:30
东方财富股吧,11元以下，分红就补仓,06-08 09:26,平安银行(000001),11元以下，分红就补仓,32,0,"https://guba.eastmoney.com/news,000001,1722067509.html",2026-06-08 14:35:30
东方财富股吧,黑色星期一啊,06-08 09:25,平安银行(000001),黑色星期一啊,30,0,"https://guba.eastmoney.com/news,000001,1722061048.html",2026-06-08 14:35:31
东方财富股吧,银行上周五已护盘，今天同样会，下跌可以，但指数不能爆跌？看看吧！,06-08 09:07,平安银行(000001),银行上周五已护盘，今天同样会，下跌可以，但指数不能爆跌？看看吧！,42,0,"https://guba.eastmoney.com/news,000001,1722035659.html",2026-06-08 14:35:31
东方财富股吧,血雨腥风的一天,06-08 06:16,平安银行(000001),血雨腥风的一天,49,1,"https://guba.eastmoney.com/news,000001,1722010909.html",2026-06-08 14:35:31
东方财富股吧,都在摩拳擦掌！磨刀霍霍向猪羊！,06-08 08:59,平安银行(000001),都在摩拳擦掌！磨刀霍霍向猪羊！,32,0,"https://guba.eastmoney.com/news,000001,1722032384.html",2026-06-08 14:35:31
东方财富股吧,打新价投攒股收息+股吧金句选摘收集。鸣谢金句作者，点赞传递正能量！,04-02 04:40,平安银行(000001),打新价投攒股收息+股吧金句选摘收集。鸣谢金句作者，点赞传递正能量！,2176,21,"https://guba.eastmoney.com/news,000001,1688703535.html",2026-06-08 14:35:31
东方财富股吧,预测今天收盘价为12元,06-08 08:28,平安银行(000001),预测今天收盘价为12元,56,2,"https://guba.eastmoney.com/news,000001,1722024110.html",2026-06-08 14:35:31
东方财富股吧,是不是6.18最受影响被动卖出,06-08 08:33,平安银行(000001),是不是6.18最受影响被动卖出,40,0,"https://guba.eastmoney.com/news,000001,1722025377.html",2026-06-08 14:35:31
东方财富股吧,贷款增长少时，银行可以大比例分红了，如同煤炭企业煤矿投资减少，大比例分红。中国经,06-07 04:17,平安银行(000001),贷款增长少时，银行可以大比例分红了，如同煤炭企业煤矿投资减少，大比例分红。中国经,352,2,"https://guba.eastmoney.com/news,601997,1721962283.html",2026-06-08 14:35:31
东方财富股吧,先支个锅，烧开水，万一分到带毛猪肉，先褪毛。,06-08 08:18,平安银行(000001),先支个锅，烧开水，万一分到带毛猪肉，先褪毛。,31,0,"https://guba.eastmoney.com/news,000001,1722021907.html",2026-06-08 14:35:31
东方财富股吧,明天怎么走，大神们预测一下,06-07 10:07,平安银行(000001),明天怎么走，大神们预测一下,62,1,"https://guba.eastmoney.com/news,000001,1721993929.html",2026-06-08 14:35:31
东方财富股吧,下周只要有5个点以上的调整，就加大入货力度，一年分红近6毛，好过存银行。,06-06 09:27,平安银行(000001),下周只要有5个点以上的调整，就加大入货力度，一年分红近6毛，好过存银行。,472,9,"https://guba.eastmoney.com/news,000001,1721841541.html",2026-06-08 14:35:31
东方财富股吧,平安银行这个价值得买入吗？？大神指点一下,06-07 09:08,平安银行(000001),平安银行这个价值得买入吗？？大神指点一下,90,1,"https://guba.eastmoney.com/news,000001,1721987755.html",2026-06-08 14:35:31
东方财富股吧,明天看你扛大旗,06-07 11:03,平安银行(000001),明天看你扛大旗,277,7,"https://guba.eastmoney.com/news,000001,1721940185.html",2026-06-08 14:35:31
东方财富股吧,富时中国A50指数，重要调整,06-03 07:51,平安银行(000001),富时中国A50指数，重要调整,11627,32,"https://guba.eastmoney.com/news,hk03986,1720032923.html",2026-06-08 14:35:31
东方财富股吧,周一怎么走,06-06 08:32,平安银行(000001),周一怎么走,180,3,"https://guba.eastmoney.com/news,000001,1721833902.html",2026-06-08 14:35:31
东方财富股吧,$平安银行(SZ000001)$,06-07 06:15,平安银行(000001),$平安银行(SZ000001)$,58,0,"https://guba.eastmoney.com/news,000001,1721971817.html",2026-06-08 14:35:31
东方财富股吧,富时中国A50指数，迎来重大调整,06-03 07:23,平安银行(000001),富时中国A50指数，迎来重大调整,27020,79,"https://guba.eastmoney.com/news,603986,1720025543.html",2026-06-08 14:35:31
东方财富股吧,我还在等10.6多加呢，结果这就上去了,06-05 09:44,平安银行(000001),我还在等10.6多加呢，结果这就上去了,107,3,"https://guba.eastmoney.com/news,000001,1721123607.html",2026-06-08 14:35:31
东方财富股吧,三年了，吃股息还亏7%,06-05 09:18,平安银行(000001),三年了，吃股息还亏7%,252,6,"https://guba.eastmoney.com/news,000001,1721763979.html",2026-06-08 14:35:31
东方财富股吧,平安银行：2025年年度权益分派实施公告,06-04 10:12,平安银行(000001),平安银行：2025年年度权益分派实施公告,5027,17,"https://guba.eastmoney.com/news,000001,1720946324.html",2026-06-08 14:35:31
东方财富股吧,6月与7月是大部分投资分红收获季。6月11日是平安银行登记日，每股分红0.36，,06-06 09:15,平安银行(000001),6月与7月是大部分投资分红收获季。6月11日是平安银行登记日，每股分红0.36，,441,4,"https://guba.eastmoney.com/news,000001,1721839591.html",2026-06-08 14:35:31
东方财富股吧,现在回头看2024年初9元价格买入平安银行的人都已经躺赢了，按现在股息率算，股息,06-06 10:10,平安银行(000001),现在回头看2024年初9元价格买入平安银行的人都已经躺赢了，按现在股息率算，股息,1167,8,"https://guba.eastmoney.com/news,000001,1721848641.html",2026-06-08 14:35:31
东方财富股吧,平安银行今年在银行股中后期必将成为黑马，理由如下，一是重回增长已确定，冀总已反复,06-05 02:32,平安银行(000001),平安银行今年在银行股中后期必将成为黑马，理由如下，一是重回增长已确定，冀总已反复,1330,11,"https://guba.eastmoney.com/news,000001,1721589441.html",2026-06-08 14:35:31
东方财富股吧,总洁:发起924行情，是套人亥人的，，,06-04 11:49,平安银行(000001),总洁:发起924行情，是套人亥人的，，,470,9,"https://guba.eastmoney.com/news,601601,1720520818.html",2026-06-08 14:35:31
东方财富股吧,历史上被剔除的股票永远是最低点，纳入的永远是最高点,06-06 12:06,平安银行(000001),历史上被剔除的股票永远是最低点，纳入的永远是最高点,291,4,"https://guba.eastmoney.com/news,000001,1721796473.html",2026-06-08 14:35:31
东方财富股吧,看抖音来的垃圾平安银行,06-05 11:16,平安银行(000001),看抖音来的垃圾平安银行,100,1,"https://guba.eastmoney.com/news,000001,1721789790.html",2026-06-08 14:35:31
东方财富股吧,咋上去了呢？等着加仓呢看来得等到分红除息后看看能有机会吗？,06-05 03:01,平安银行(000001),咋上去了呢？等着加仓呢看来得等到分红除息后看看能有机会吗？,66,1,"https://guba.eastmoney.com/news,000001,1721648492.html",2026-06-08 14:35:31
东方财富股吧,都在说平安被踢出Ａ50是利好，我怎么感觉后背发凉呢？但愿是我想太多了，总觉得人在,06-04 12:05,平安银行(000001),都在说平安被踢出Ａ50是利好，我怎么感觉后背发凉呢？但愿是我想太多了，总觉得人在,2329,29,"https://guba.eastmoney.com/news,000001,1720091764.html",2026-06-08 14:35:31
东方财富股吧,很多人说分红就是分自己的钱，还不去不分，你们是这是什么脑回路啊？这些人脑袋上肯定,06-07 06:41,平安银行(000001),很多人说分红就是分自己的钱，还不去不分，你们是这是什么脑回路啊？这些人脑袋上肯定,548,30,"https://guba.eastmoney.com/news,000001,1721973945.html",2026-06-08 14:35:31
东方财富股吧,想挣钱就是一个字：干！人生短暂，留给我们的时间不多了，何不拼一下子呢，拒绝平庸，,06-08 01:26,平安银行(000001),想挣钱就是一个字：干！人生短暂，留给我们的时间不多了，何不拼一下子呢，拒绝平庸，,17,0,"https://guba.eastmoney.com/news,000001,1722444771.html",2026-06-08 14:35:31
东方财富股吧,平安银行这是要高打高举，回归本源。,06-08 01:10,平安银行(000001),平安银行这是要高打高举，回归本源。,20,0,"https://guba.eastmoney.com/news,000001,1722414116.html",2026-06-08 14:35:31
东方财富股吧,假如每年都能分六毛我也就知足了，不奢望太多，看来也无可能。,06-07 12:00,平安银行(000001),假如每年都能分六毛我也就知足了，不奢望太多，看来也无可能。,198,4,"https://guba.eastmoney.com/news,000001,1721944511.html",2026-06-08 14:35:32
东方财富股吧,积极参加分猪肉，当然，万一分到带毛母猪肉，只能自认倒霉。不过，这个价位，再向下到,06-07 10:43,平安银行(000001),积极参加分猪肉，当然，万一分到带毛母猪肉，只能自认倒霉。不过，这个价位，再向下到,171,1,"https://guba.eastmoney.com/news,000001,1721938389.html",2026-06-08 14:35:32
东方财富股吧,市盈率太低了，起码达到9才合适。,06-05 02:32,平安银行(000001),市盈率太低了，起码达到9才合适。,120,4,"https://guba.eastmoney.com/news,000001,1721589238.html",2026-06-08 14:35:32
东方财富股吧,能不能涨到12，涨到12我交出筹码，只求给我个回本的机会，熬的我已经生病了,06-05 01:15,平安银行(000001),能不能涨到12，涨到12我交出筹码，只求给我个回本的机会，熬的我已经生病了,361,18,"https://guba.eastmoney.com/news,000001,1721446319.html",2026-06-08 14:35:32
东方财富股吧,刚才看到个疑似雷,06-05 09:51,平安银行(000001),刚才看到个疑似雷,74,0,"https://guba.eastmoney.com/news,000001,1721772052.html",2026-06-08 14:35:32
东方财富股吧,~,06-05 09:34,平安银行(000001),~,40,0,"https://guba.eastmoney.com/news,000001,1721767507.html",2026-06-08 14:35:32
东方财富股吧,近七成A股上市银行已设国际业务部，离岸联动与流程嵌入“双轨”并行,06-05 09:28,平安银行(000001),近七成A股上市银行已设国际业务部，离岸联动与流程嵌入“双轨”并行,1046,0,"https://guba.eastmoney.com/news,000001,1721766188.html",2026-06-08 14:35:32
东方财富股吧,动态市盈率不到4，四年不到再赚一个平安。现在进简直就是捡钱啊,06-05 06:37,平安银行(000001),动态市盈率不到4，四年不到再赚一个平安。现在进简直就是捡钱啊,247,3,"https://guba.eastmoney.com/news,000001,1721730695.html",2026-06-08 14:35:32
东方财富股吧,细品，中证金，北向为什么拼命往外跑，而散户们不惜本金流失也要分红呢？26年的分红,06-04 10:19,平安银行(000001),细品，中证金，北向为什么拼命往外跑，而散户们不惜本金流失也要分红呢？26年的分红,401,8,"https://guba.eastmoney.com/news,000001,1720948353.html",2026-06-08 14:35:32
东方财富股吧,下周或许会到11.6+,06-05 01:52,平安银行(000001),下周或许会到11.6+,237,4,"https://guba.eastmoney.com/news,000001,1721513232.html",2026-06-08 14:35:32
东方财富股吧,大银行没有长的，也就平安了,06-05 05:17,平安银行(000001),大银行没有长的，也就平安了,83,1,"https://guba.eastmoney.com/news,000001,1721710325.html",2026-06-08 14:35:32
东方财富股吧,A50指数，有重要调整,06-03 09:15,平安银行(000001),A50指数，有重要调整,15167,39,"https://guba.eastmoney.com/news,hk03986,1720055290.html",2026-06-08 14:35:32
东方财富股吧,平安银行:2025年年度权益分派实施公告,06-04 06:54,平安银行(000001),平安银行:2025年年度权益分派实施公告,1006,31,"https://guba.eastmoney.com/news,000001,1720887624.html",2026-06-08 14:35:32
东方财富股吧,江苏，南京都超过你了,06-05 01:39,平安银行(000001),江苏，南京都超过你了,106,3,"https://guba.eastmoney.com/news,000001,1721493018.html",2026-06-08 14:35:32
东方财富股吧,看来得注意了A50ETF被动盘出逃那天收盘前有机会捡点低价筹码吗？,06-05 03:07,平安银行(000001),看来得注意了A50ETF被动盘出逃那天收盘前有机会捡点低价筹码吗？,65,0,"https://guba.eastmoney.com/news,000001,1721655800.html",2026-06-08 14:35:32
东方财富股吧,平安银行真不涨啊，只能每天踢它一脚平安银行盘子太大，没有游资炒它。只能自己想办法,04-11 04:53,平安银行(000001),平安银行真不涨啊，只能每天踢它一脚平安银行盘子太大，没有游资炒它。只能自己想办法,1644,49,"https://guba.eastmoney.com/news,000001,1692002029.html",2026-06-08 14:35:32
东方财富股吧,$平安银行(SZ000001)$,06-05 02:58,平安银行(000001),$平安银行(SZ000001)$,47,0,"https://guba.eastmoney.com/news,000001,1721642994.html",2026-06-08 14:35:32
东方财富股吧,$平安银行(SZ000001)$,06-05 02:57,平安银行(000001),$平安银行(SZ000001)$,43,0,"https://guba.eastmoney.com/news,000001,1721641980.html",2026-06-08 14:35:32
东方财富股吧,辛苦钱投入，有去无回,06-05 02:56,平安银行(000001),辛苦钱投入，有去无回,49,0,"https://guba.eastmoney.com/news,000001,1721640539.html",2026-06-08 14:35:32
东方财富股吧,只有投入，没有回报！,06-05 02:54,平安银行(000001),只有投入，没有回报！,44,0,"https://guba.eastmoney.com/news,000001,1721635709.html",2026-06-08 14:35:32
东方财富股吧,梭哈是一种智慧,05-28 02:41,平安银行(000001),梭哈是一种智慧,54,0,"https://guba.eastmoney.com/news,000001,1716479598.html",2026-06-08 14:35:32
东方财富股吧,分完红9.88能买上吗,06-04 09:35,平安银行(000001),分完红9.88能买上吗,166,5,"https://guba.eastmoney.com/news,000001,1720932808.html",2026-06-08 14:35:32
东方财富股吧,昨个儿四千多家绿，指数红了…今儿四千多见红了指数大部分绿了！午后二小时自由发挥可,06-05 02:19,平安银行(000001),昨个儿四千多家绿，指数红了…今儿四千多见红了指数大部分绿了！午后二小时自由发挥可,59,0,"https://guba.eastmoney.com/news,000001,1721562748.html",2026-06-08 14:35:32
东方财富股吧,怎么不动了？,06-05 11:12,平安银行(000001),怎么不动了？,117,4,"https://guba.eastmoney.com/news,000001,1721347830.html",2026-06-08 14:35:32
东方财富股吧,平安银行这股价真对不起它证券代码！,06-05 01:57,平安银行(000001),平安银行这股价真对不起它证券代码！,44,0,"https://guba.eastmoney.com/news,000001,1721522609.html",2026-06-08 14:35:32
东方财富股吧,快点分红，拖拖拉拉，我持股满1年了，分我自己的钱，还好不用缴税了。,06-04 06:59,平安银行(000001),快点分红，拖拖拉拉，我持股满1年了，分我自己的钱，还好不用缴税了。,432,25,"https://guba.eastmoney.com/news,000001,1720889149.html",2026-06-08 14:35:32
东方财富股吧,除了息pe又得降低了。,06-04 08:15,平安银行(000001),除了息pe又得降低了。,78,0,"https://guba.eastmoney.com/news,000001,1720909174.html",2026-06-08 14:35:32
东方财富股吧,昨天卖了就涨,06-05 12:20,平安银行(000001),昨天卖了就涨,112,3,"https://guba.eastmoney.com/news,000001,1721403882.html",2026-06-08 14:35:32
东方财富股吧,大家都坐等分猪肉，分我手上，不会是带毛的吧？,06-05 11:04,平安银行(000001),大家都坐等分猪肉，分我手上，不会是带毛的吧？,186,5,"https://guba.eastmoney.com/news,000001,1721332383.html",2026-06-08 14:35:32
东方财富股吧,别装了,06-05 10:27,平安银行(000001),别装了,52,3,"https://guba.eastmoney.com/news,000001,1721252856.html",2026-06-08 14:35:32
东方财富股吧,宁可追高，小心抄底，就算分了带毛猪肉，也拼了！,06-05 01:02,平安银行(000001),宁可追高，小心抄底，就算分了带毛猪肉，也拼了！,42,0,"https://guba.eastmoney.com/news,000001,1721422665.html",2026-06-08 14:35:32
东方财富股吧,平安目前投资应该是最安全的，当然这说的是持有半年到一年的投资者，现在买入到明年这,06-05 10:39,平安银行(000001),平安目前投资应该是最安全的，当然这说的是持有半年到一年的投资者，现在买入到明年这,379,7,"https://guba.eastmoney.com/news,000001,1721280867.html",2026-06-08 14:35:32
东方财富股吧,牛啊，涨停来一个,06-05 11:29,平安银行(000001),牛啊，涨停来一个,54,1,"https://guba.eastmoney.com/news,000001,1721378126.html",2026-06-08 14:35:32
东方财富股吧,A股上市银行分红季来了 2025年度分红总额有望创下历史新高,06-03 04:14,平安银行(000001),A股上市银行分红季来了 2025年度分红总额有望创下历史新高,6646,15,"https://guba.eastmoney.com/news,601998,1719969866.html",2026-06-08 14:35:33
东方财富股吧,三年存贷款量不增，规模不增何来业绩？！看华夏银行，每年存贷量都大增，业绩自然会好,05-29 10:45,平安银行(000001),三年存贷款量不增，规模不增何来业绩？！看华夏银行，每年存贷量都大增，业绩自然会好,70,1,"https://guba.eastmoney.com/news,000001,1717020487.html",2026-06-08 14:35:33
东方财富股吧,短线户别来凑热闹就好了,06-05 12:48,平安银行(000001),短线户别来凑热闹就好了,118,8,"https://guba.eastmoney.com/news,000001,1720974080.html",2026-06-08 14:35:33
东方财富股吧,高中签率新股来了：惠科股份，001399，记得要申购哦！！！,06-04 09:21,平安银行(000001),高中签率新股来了：惠科股份，001399，记得要申购哦！！！,4510,9,"https://guba.eastmoney.com/news,001399,1720152786.html",2026-06-08 14:35:33
东方财富股吧,涨了就卖,06-05 10:56,平安银行(000001),涨了就卖,35,0,"https://guba.eastmoney.com/news,000001,1721317475.html",2026-06-08 14:35:33
东方财富股吧,平安银行，严重破净股，净利增长，超过五个点的股息率，不到五倍的市盈率。想做空这样,06-05 10:18,平安银行(000001),平安银行，严重破净股，净利增长，超过五个点的股息率，不到五倍的市盈率。想做空这样,191,2,"https://guba.eastmoney.com/news,000001,1721229503.html",2026-06-08 14:35:33
东方财富股吧,大家成本多少？接下来还要不要补仓平安银行，请高手指点。,05-28 06:38,平安银行(000001),大家成本多少？接下来还要不要补仓平安银行，请高手指点。,1752,24,"https://guba.eastmoney.com/news,000001,1716604174.html",2026-06-08 14:35:33
东方财富股吧,加油，争取上榜一,06-05 10:15,平安银行(000001),加油，争取上榜一,47,1,"https://guba.eastmoney.com/news,000001,1721222442.html",2026-06-08 14:35:33
东方财富股吧,他奶奶的，你们不是说这两天要砸到9块钱吗？害得我昨天没加仓,06-05 10:13,平安银行(000001),他奶奶的，你们不是说这两天要砸到9块钱吗？害得我昨天没加仓,142,2,"https://guba.eastmoney.com/news,000001,1721215940.html",2026-06-08 14:35:33
东方财富股吧,下来吧别装了,06-05 10:28,平安银行(000001),下来吧别装了,41,0,"https://guba.eastmoney.com/news,000001,1721255306.html",2026-06-08 14:35:33
东方财富股吧,科技不死，狂跌不止,06-05 10:15,平安银行(000001),科技不死，狂跌不止,42,0,"https://guba.eastmoney.com/news,000001,1721223326.html",2026-06-08 14:35:33
东方财富股吧,平安有80亿的十大股东外的股票，市值900亿，我们把每年的分红50亿买平安的股票,06-05 09:57,平安银行(000001),平安有80亿的十大股东外的股票，市值900亿，我们把每年的分红50亿买平安的股票,129,1,"https://guba.eastmoney.com/news,000001,1721168564.html",2026-06-08 14:35:33
东方财富股吧,的一声,06-05 09:50,平安银行(000001),的一声,53,1,"https://guba.eastmoney.com/news,000001,1721145672.html",2026-06-08 14:35:33
东方财富股吧,"你涨多高都与我无关,我只要股息",06-05 09:14,平安银行(000001),"你涨多高都与我无关,我只要股息",117,5,"https://guba.eastmoney.com/news,000001,1721034908.html",2026-06-08 14:35:33
东方财富股吧,我都不知道为啥要涨，不涨不行吗,06-05 09:41,平安银行(000001),我都不知道为啥要涨，不涨不行吗,63,2,"https://guba.eastmoney.com/news,000001,1721109451.html",2026-06-08 14:35:33
东方财富股吧,昨天才卖,06-05 09:44,平安银行(000001),昨天才卖,42,0,"https://guba.eastmoney.com/news,000001,1721123686.html",2026-06-08 14:35:33
东方财富股吧,昨天才卖,06-05 09:43,平安银行(000001),昨天才卖,39,0,"https://guba.eastmoney.com/news,000001,1721118704.html",2026-06-08 14:35:33
东方财富股吧,的又骗走我两万股,06-05 09:38,平安银行(000001),的又骗走我两万股,52,0,"https://guba.eastmoney.com/news,000001,1721098669.html",2026-06-08 14:35:33
东方财富股吧,"傻13科技,说到底就是赌博,包装得似模似样",06-05 09:25,平安银行(000001),"傻13科技,说到底就是赌博,包装得似模似样",42,0,"https://guba.eastmoney.com/news,000001,1721055158.html",2026-06-08 14:35:33
东方财富股吧,赶紧分红吧！我要拿股息加仓！,06-05 09:25,平安银行(000001),赶紧分红吧！我要拿股息加仓！,38,0,"https://guba.eastmoney.com/news,000001,1721046255.html",2026-06-08 14:35:33
东方财富股吧,"美股银行不一样,他们加息潮来了,说明息差要回升了,所以银行股才涨",06-05 09:21,平安银行(000001),"美股银行不一样,他们加息潮来了,说明息差要回升了,所以银行股才涨",50,0,"https://guba.eastmoney.com/news,000001,1721042420.html",2026-06-08 14:35:33
东方财富股吧,年初：我要翻倍！年底：保本就行,06-05 09:08,平安银行(000001),年初：我要翻倍！年底：保本就行,43,0,"https://guba.eastmoney.com/news,000001,1721031626.html",2026-06-08 14:35:33
东方财富股吧,平安银行：融资净买入1310.71万元，融资余额54.55亿元,06-05 09:08,平安银行(000001),平安银行：融资净买入1310.71万元，融资余额54.55亿元,74,0,"https://guba.eastmoney.com/news,000001,1721031197.html",2026-06-08 14:35:33
东方财富股吧,明天能不能涨5个点，美股银行大涨,06-05 12:34,平安银行(000001),明天能不能涨5个点，美股银行大涨,144,4,"https://guba.eastmoney.com/news,000001,1720973001.html",2026-06-08 14:35:33
东方财富股吧,今天收在11.10元之上，，,06-05 08:27,平安银行(000001),今天收在11.10元之上，，,46,0,"https://guba.eastmoney.com/news,000001,1721016835.html",2026-06-08 14:35:33
东方财富股吧,这是非要把人往科技股里赶，偏不去！,06-05 08:07,平安银行(000001),这是非要把人往科技股里赶，偏不去！,29,0,"https://guba.eastmoney.com/news,000001,1721011891.html",2026-06-08 14:35:33
东方财富股吧,本周五出公告，11日分红,06-03 09:02,平安银行(000001),本周五出公告，11日分红,193,3,"https://guba.eastmoney.com/news,000001,1720051524.html",2026-06-08 14:35:33
东方财富股吧,终于要分红了,06-05 06:43,平安银行(000001),终于要分红了,45,0,"https://guba.eastmoney.com/news,000001,1720997284.html",2026-06-08 14:35:33
东方财富股吧,近5亿元锦龙到底还还是不还？两家还在打官司。会不会变成坏账，计入损失？如果是这样,06-04 07:55,平安银行(000001),近5亿元锦龙到底还还是不还？两家还在打官司。会不会变成坏账，计入损失？如果是这样,204,7,"https://guba.eastmoney.com/news,000001,1720903680.html",2026-06-08 14:35:33
东方财富股吧,吃股息吃股息吃股息，贷款100万，利率3%，吃股息5%,06-04 11:15,平安银行(000001),吃股息吃股息吃股息，贷款100万，利率3%，吃股息5%,232,7,"https://guba.eastmoney.com/news,000001,1720475649.html",2026-06-08 14:35:33
东方财富股吧,每个月1w定投到退休30年能实现财富自由全球旅行吗,06-04 03:59,平安银行(000001),每个月1w定投到退休30年能实现财富自由全球旅行吗,261,7,"https://guba.eastmoney.com/news,000001,1720829771.html",2026-06-08 14:35:33
东方财富股吧,买银行就说明我要放十年，这点波动无所谓,06-05 12:26,平安银行(000001),买银行就说明我要放十年，这点波动无所谓,53,0,"https://guba.eastmoney.com/news,000001,1720972295.html",2026-06-08 14:35:33
东方财富股吧,买银行的都是钉子户，庄家铁锤砸不出来，开压路机碾。,06-04 11:53,平安银行(000001),买银行的都是钉子户，庄家铁锤砸不出来，开压路机碾。,53,0,"https://guba.eastmoney.com/news,000001,1720968596.html",2026-06-08 14:35:34
东方财富股吧,主力，能不能给点力，涨一涨吧，没钱了,06-04 11:47,平安银行(000001),主力，能不能给点力，涨一涨吧，没钱了,47,0,"https://guba.eastmoney.com/news,000001,1720967838.html",2026-06-08 14:35:34
东方财富股吧,$平安银行(SZ000001)$,06-04 10:59,平安银行(000001),$平安银行(SZ000001)$,344,2,"https://guba.eastmoney.com/news,000001,1720958624.html",2026-06-08 14:35:34
东方财富股吧,这就是散户在怪A市场大讲投资价值的苦果,06-04 10:28,平安银行(000001),这就是散户在怪A市场大讲投资价值的苦果,54,1,"https://guba.eastmoney.com/news,000001,1720950795.html",2026-06-08 14:35:34
东方财富股吧,现在已经很怀疑价值投资了,06-04 10:29,平安银行(000001),现在已经很怀疑价值投资了,227,3,"https://guba.eastmoney.com/news,000001,1720951263.html",2026-06-08 14:35:34
东方财富股吧,我要集中资金把平安银行炒正了，再集中资金把海螺水泥炒正了，再集中资金把民生银行炒,06-04 02:16,平安银行(000001),我要集中资金把平安银行炒正了，再集中资金把海螺水泥炒正了，再集中资金把民生银行炒,154,7,"https://guba.eastmoney.com/news,000001,1720697461.html",2026-06-08 14:35:34
东方财富股吧,8块是支撑线,06-04 10:06,平安银行(000001),8块是支撑线,60,2,"https://guba.eastmoney.com/news,000001,1720943549.html",2026-06-08 14:35:34
东方财富股吧,终于要派息了。,06-04 07:12,平安银行(000001),终于要派息了。,214,4,"https://guba.eastmoney.com/news,000001,1720892494.html",2026-06-08 14:35:34
东方财富股吧,靠，调出A50会跌到9元吗,06-04 02:00,平安银行(000001),靠，调出A50会跌到9元吗,238,6,"https://guba.eastmoney.com/news,000001,1720666286.html",2026-06-08 14:35:34
东方财富股吧,搞笑,06-04 10:20,平安银行(000001),搞笑,44,0,"https://guba.eastmoney.com/news,000001,1720948575.html",2026-06-08 14:35:34
东方财富股吧,"散户不下车,就不会有大涨!大家磨!看谁命长!",06-04 08:24,平安银行(000001),"散户不下车,就不会有大涨!大家磨!看谁命长!",96,3,"https://guba.eastmoney.com/news,000001,1720911710.html",2026-06-08 14:35:34
东方财富股吧,不要管票子的涨跌，你只负责将票子变多就行了,06-04 09:48,平安银行(000001),不要管票子的涨跌，你只负责将票子变多就行了,55,0,"https://guba.eastmoney.com/news,000001,1720937413.html",2026-06-08 14:35:34
东方财富股吧,分两次红利比一次牛逼呀，多了一次复利行情,06-04 09:40,平安银行(000001),分两次红利比一次牛逼呀，多了一次复利行情,51,0,"https://guba.eastmoney.com/news,000001,1720934531.html",2026-06-08 14:35:34
东方财富股吧,有人怕分红股价大跌，越跌分红越多，23年分红就高,06-04 08:31,平安银行(000001),有人怕分红股价大跌，越跌分红越多，23年分红就高,97,1,"https://guba.eastmoney.com/news,000001,1720913954.html",2026-06-08 14:35:34
东方财富股吧,有钱送了。零花钱有了。,06-04 08:47,平安银行(000001),有钱送了。零花钱有了。,53,0,"https://guba.eastmoney.com/news,000001,1720918511.html",2026-06-08 14:35:34
东方财富股吧,怎么办，怎么办，有没有人知道怎么办，快给我跌麻了,06-04 06:01,平安银行(000001),怎么办，怎么办，有没有人知道怎么办，快给我跌麻了,121,5,"https://guba.eastmoney.com/news,000001,1720873181.html",2026-06-08 14:35:34
东方财富股吧,持有3年多又到分红时了,06-04 08:26,平安银行(000001),持有3年多又到分红时了,63,0,"https://guba.eastmoney.com/news,000001,1720912456.html",2026-06-08 14:35:34
东方财富股吧,"10.64买入平安,昨天和今天交易了两道3次,成本10.57!满血和主力熬,看谁",06-04 08:21,平安银行(000001),"10.64买入平安,昨天和今天交易了两道3次,成本10.57!满血和主力熬,看谁",60,0,"https://guba.eastmoney.com/news,000001,1720910856.html",2026-06-08 14:35:34
东方财富股吧,涉诉太多，锦龙股份的债主“坐不住”了？平安银行想要提前收回4.99亿元借款,06-03 04:38,平安银行(000001),涉诉太多，锦龙股份的债主“坐不住”了？平安银行想要提前收回4.99亿元借款,2877,11,"https://guba.eastmoney.com/news,000712,1719978327.html",2026-06-08 14:35:34
东方财富股吧,除权价不到10.5了,06-04 07:06,平安银行(000001),除权价不到10.5了,72,1,"https://guba.eastmoney.com/news,000001,1720890909.html",2026-06-08 14:35:34
东方财富股吧,我买来打个新都不放过我....,06-04 01:33,平安银行(000001),我买来打个新都不放过我....,190,11,"https://guba.eastmoney.com/news,000001,1720614381.html",2026-06-08 14:35:34
东方财富股吧,6.11日登记日,06-04 06:58,平安银行(000001),6.11日登记日,58,0,"https://guba.eastmoney.com/news,000001,1720888631.html",2026-06-08 14:35:34
东方财富股吧,平安银行的股民真的好苦啊为什么要这样对我们,06-04 06:54,平安银行(000001),平安银行的股民真的好苦啊为什么要这样对我们,53,0,"https://guba.eastmoney.com/news,000001,1720887774.html",2026-06-08 14:35:34
东方财富股吧,pb不到0.5，pe不到5，股息5%以上，还是银行，业绩稳定不会爆亏爆赚，这都不,06-04 01:10,平安银行(000001),pb不到0.5，pe不到5，股息5%以上，还是银行，业绩稳定不会爆亏爆赚，这都不,238,9,"https://guba.eastmoney.com/news,000001,1720569497.html",2026-06-08 14:35:34
东方财富股吧,2025年报及2026一季报点评：收入利润增速均回正,04-26 03:04,平安银行(000001),2025年报及2026一季报点评：收入利润增速均回正,1601,5,"https://guba.eastmoney.com/news,000001,1699362698.html",2026-06-08 14:35:34
东方财富股吧,珍惜10元的平安吧,06-04 06:02,平安银行(000001),珍惜10元的平安吧,44,0,"https://guba.eastmoney.com/news,000001,1720873603.html",2026-06-08 14:35:34
东方财富股吧,种,06-04 05:00,平安银行(000001),种,42,0,"https://guba.eastmoney.com/news,000001,1720852569.html",2026-06-08 14:35:34
东方财富股吧,散户们趁高价赎回科技股基金，公募、私募肯定慌，只要一个点的筹码松动，都会比跑得快,06-04 04:46,平安银行(000001),散户们趁高价赎回科技股基金，公募、私募肯定慌，只要一个点的筹码松动，都会比跑得快,77,0,"https://guba.eastmoney.com/news,000001,1720847866.html",2026-06-08 14:35:34
东方财富股吧,说实话，真不怪平安银行。现在市场除了科技，全部无差别杀。哎，畸形的市场就是这样,06-04 01:40,平安银行(000001),说实话，真不怪平安银行。现在市场除了科技，全部无差别杀。哎，畸形的市场就是这样,284,6,"https://guba.eastmoney.com/news,000001,1720628731.html",2026-06-08 14:35:34
东方财富股吧,梭哈买30万股，躺平收息养老了,06-04 04:13,平安银行(000001),梭哈买30万股，躺平收息养老了,194,4,"https://guba.eastmoney.com/news,000001,1720835517.html",2026-06-08 14:35:34
东方财富股吧,平安保险占了60%股份，大股东要不要股息分红？只要能分红，复投最好不涨，或者几年,06-04 10:16,平安银行(000001),平安保险占了60%股份，大股东要不要股息分红？只要能分红，复投最好不涨，或者几年,341,6,"https://guba.eastmoney.com/news,000001,1720337781.html",2026-06-08 14:35:34
东方财富股吧,这走势，估计是在保险和券商，洗盘结束！三大金融一起发力！,06-04 04:06,平安银行(000001),这走势，估计是在保险和券商，洗盘结束！三大金融一起发力！,56,0,"https://guba.eastmoney.com/news,000001,1720832945.html",2026-06-08 14:35:34
东方财富股吧,还不发公告派息？,06-04 04:01,平安银行(000001),还不发公告派息？,46,0,"https://guba.eastmoney.com/news,000001,1720830782.html",2026-06-08 14:35:34
东方财富股吧,破10.4肯定,06-04 03:42,平安银行(000001),破10.4肯定,47,0,"https://guba.eastmoney.com/news,000001,1720821824.html",2026-06-08 14:35:35
东方财富股吧,大家擦亮眼睛，千手哥屡屡出现！,06-04 01:59,平安银行(000001),大家擦亮眼睛，千手哥屡屡出现！,82,2,"https://guba.eastmoney.com/news,000001,1720665697.html",2026-06-08 14:35:35
东方财富股吧,连跌十几天，反弹不到一半又掉头往下。几年了跌是常态。,06-04 10:29,平安银行(000001),连跌十几天，反弹不到一半又掉头往下。几年了跌是常态。,52,1,"https://guba.eastmoney.com/news,000001,1720373051.html",2026-06-08 14:35:35
东方财富股吧,平安银行的股价很配合建仓啊，不错不错,06-04 03:19,平安银行(000001),平安银行的股价很配合建仓啊，不错不错,45,0,"https://guba.eastmoney.com/news,000001,1720808566.html",2026-06-08 14:35:35
东方财富股吧,肯定很多人抗不住！资本主力大力绞杀！,06-03 01:35,平安银行(000001),肯定很多人抗不住！资本主力大力绞杀！,87,2,"https://guba.eastmoney.com/news,000001,1719751444.html",2026-06-08 14:35:35
东方财富股吧,价值投资？？,06-04 02:17,平安银行(000001),价值投资？？,298,4,"https://guba.eastmoney.com/news,000001,1720699037.html",2026-06-08 14:35:35
东方财富股吧,完了，10.84补了一点仓，补完不停跌,06-04 02:32,平安银行(000001),完了，10.84补了一点仓，补完不停跌,42,1,"https://guba.eastmoney.com/news,000001,1720732637.html",2026-06-08 14:35:35
东方财富股吧,别被唱多的人带偏了方向，要坚持自己的投资策略。,06-04 03:08,平安银行(000001),别被唱多的人带偏了方向，要坚持自己的投资策略。,34,0,"https://guba.eastmoney.com/news,000001,1720798396.html",2026-06-08 14:35:35
东方财富股吧,就这-----卓越领先的智能化零售银行,06-04 03:06,平安银行(000001),就这-----卓越领先的智能化零售银行,29,0,"https://guba.eastmoney.com/news,000001,1720796885.html",2026-06-08 14:35:35
东方财富股吧,就这-----卓越领先的智能化零售银行,06-04 03:05,平安银行(000001),就这-----卓越领先的智能化零售银行,25,0,"https://guba.eastmoney.com/news,000001,1720794939.html",2026-06-08 14:35:35
东方财富股吧,就这一一卓越领先的智能化零售银行,06-04 03:04,平安银行(000001),就这一一卓越领先的智能化零售银行,28,0,"https://guba.eastmoney.com/news,000001,1720792942.html",2026-06-08 14:35:35
东方财富股吧,一个人一旦融入群体智商就会下降,06-04 02:56,平安银行(000001),一个人一旦融入群体智商就会下降,28,0,"https://guba.eastmoney.com/news,000001,1720781787.html",2026-06-08 14:35:35
东方财富股吧,大盘涨我不涨，大盘跌我跟跌，无语了,06-04 02:27,平安银行(000001),大盘涨我不涨，大盘跌我跟跌，无语了,45,2,"https://guba.eastmoney.com/news,000001,1720722900.html",2026-06-08 14:35:35
东方财富股吧,"股价会负你,时间不会负你,时间到了向净资产靠拢加股息就够你发财",06-04 02:46,平安银行(000001),"股价会负你,时间不会负你,时间到了向净资产靠拢加股息就够你发财",60,2,"https://guba.eastmoney.com/news,000001,1720762506.html",2026-06-08 14:35:35
东方财富股吧,明天啥股都得跌只留光屁股不跌,06-04 02:44,平安银行(000001),明天啥股都得跌只留光屁股不跌,31,0,"https://guba.eastmoney.com/news,000001,1720756485.html",2026-06-08 14:35:35
东方财富股吧,慢慢熬吧你会挣很多钱,06-04 02:43,平安银行(000001),慢慢熬吧你会挣很多钱,27,0,"https://guba.eastmoney.com/news,000001,1720756238.html",2026-06-08 14:35:35
东方财富股吧,时间就是我的好朋友,06-04 02:41,平安银行(000001),时间就是我的好朋友,21,0,"https://guba.eastmoney.com/news,000001,1720751439.html",2026-06-08 14:35:35
东方财富股吧,"也就这样而已,反正跌多了就买",06-04 02:39,平安银行(000001),"也就这样而已,反正跌多了就买",26,0,"https://guba.eastmoney.com/news,000001,1720748022.html",2026-06-08 14:35:35
东方财富股吧,被剔除a50，成为弃子，一路向下，大底是6块5,06-04 01:50,平安银行(000001),被剔除a50，成为弃子，一路向下，大底是6块5,82,1,"https://guba.eastmoney.com/news,000001,1720648154.html",2026-06-08 14:35:35
东方财富股吧,一天回到解放前,06-04 02:00,平安银行(000001),一天回到解放前,34,0,"https://guba.eastmoney.com/news,000001,1720666701.html",2026-06-08 14:35:35
东方财富股吧,这个货20几买的还是银行股太坏了,06-04 01:59,平安银行(000001),这个货20几买的还是银行股太坏了,30,0,"https://guba.eastmoney.com/news,000001,1720664716.html",2026-06-08 14:35:35
东方财富股吧,啥情况，woc了,06-04 01:54,平安银行(000001),啥情况，woc了,34,0,"https://guba.eastmoney.com/news,000001,1720655712.html",2026-06-08 14:35:35
东方财富股吧,光大银行被a50剔除后，跌的非常哇塞,06-04 01:40,平安银行(000001),光大银行被a50剔除后，跌的非常哇塞,96,1,"https://guba.eastmoney.com/news,000001,1720627181.html",2026-06-08 14:35:35
东方财富股吧,今天先建仓，跌10%补2倍仓，在跌10%在补4倍仓，我就要那5%以前的分红，我不,06-04 01:45,平安银行(000001),今天先建仓，跌10%补2倍仓，在跌10%在补4倍仓，我就要那5%以前的分红，我不,55,0,"https://guba.eastmoney.com/news,000001,1720637070.html",2026-06-08 14:35:35
东方财富股吧,凶残，一天把涨了几天的幅度都跌没了,06-04 01:37,平安银行(000001),凶残，一天把涨了几天的幅度都跌没了,35,0,"https://guba.eastmoney.com/news,000001,1720621458.html",2026-06-08 14:35:35
东方财富股吧,11.05挂好久了买不到,06-02 10:17,平安银行(000001),11.05挂好久了买不到,207,9,"https://guba.eastmoney.com/news,000001,1718720857.html",2026-06-08 14:35:35
东方财富股吧,不到3.5个亿你就这样了，有一点骨气行不行……,06-04 01:35,平安银行(000001),不到3.5个亿你就这样了，有一点骨气行不行……,33,0,"https://guba.eastmoney.com/news,000001,1720617829.html",2026-06-08 14:35:35
东方财富股吧,其实也不用怪平安银行，所有老登都一样。明显有ggd操作,06-04 01:34,平安银行(000001),其实也不用怪平安银行，所有老登都一样。明显有ggd操作,39,0,"https://guba.eastmoney.com/news,000001,1720615519.html",2026-06-08 14:35:35
东方财富股吧,被指数基金踢出去了,06-04 01:28,平安银行(000001),被指数基金踢出去了,36,0,"https://guba.eastmoney.com/news,000001,1720605277.html",2026-06-08 14:35:35
东方财富股吧,老登股不行了,06-04 01:07,平安银行(000001),老登股不行了,35,1,"https://guba.eastmoney.com/news,000001,1720561759.html",2026-06-08 14:35:35
东方财富股吧,骂不动了，毁灭吧,06-04 01:19,平安银行(000001),骂不动了，毁灭吧,26,0,"https://guba.eastmoney.com/news,000001,1720586279.html",2026-06-08 14:35:35
东方财富股吧,静静的看你表演,06-04 01:18,平安银行(000001),静静的看你表演,30,0,"https://guba.eastmoney.com/news,000001,1720585476.html",2026-06-08 14:35:35
东方财富股吧,银行中最垃圾的一个,06-04 12:08,平安银行(000001),银行中最垃圾的一个,43,1,"https://guba.eastmoney.com/news,000001,1720529053.html",2026-06-08 14:35:36
东方财富股吧,大快人心啊,06-04 01:11,平安银行(000001),大快人心啊,41,1,"https://guba.eastmoney.com/news,000001,1720570441.html",2026-06-08 14:35:36
东方财富股吧,大股东再不作为这股就废了……,06-04 01:10,平安银行(000001),大股东再不作为这股就废了……,35,0,"https://guba.eastmoney.com/news,000001,1720568889.html",2026-06-08 14:35:36
东方财富股吧,日本要加息了拉爆全球,06-04 01:10,平安银行(000001),日本要加息了拉爆全球,30,0,"https://guba.eastmoney.com/news,000001,1720568776.html",2026-06-08 14:35:36
东方财富股吧,"第一季度绩沪电的业绩0.65元，平安的业绩0.67元,一个上百一个十元,天理不公",06-04 11:48,平安银行(000001),"第一季度绩沪电的业绩0.65元，平安的业绩0.67元,一个上百一个十元,天理不公",79,2,"https://guba.eastmoney.com/news,000001,1720520084.html",2026-06-08 14:35:36
东方财富股吧,上一波跌到10.62，这一次能跌到什么位置,06-04 10:28,平安银行(000001),上一波跌到10.62，这一次能跌到什么位置,151,6,"https://guba.eastmoney.com/news,000001,1720370734.html",2026-06-08 14:35:36
东方财富股吧,我成本1130，无力补仓了，只能静等解套或深套,06-04 11:29,平安银行(000001),我成本1130，无力补仓了，只能静等解套或深套,60,2,"https://guba.eastmoney.com/news,000001,1720503754.html",2026-06-08 14:35:36
东方财富股吧,分红日期公布了吗,06-04 10:43,平安银行(000001),分红日期公布了吗,88,3,"https://guba.eastmoney.com/news,000001,1720409108.html",2026-06-08 14:35:36
东方财富股吧,一眼看过去，自选一片绿，除了半导体没别的了吗,06-04 11:34,平安银行(000001),一眼看过去，自选一片绿，除了半导体没别的了吗,48,1,"https://guba.eastmoney.com/news,000001,1720509644.html",2026-06-08 14:35:36
东方财富股吧,看到昨晚美国三倍做空了吗。提出富时指数是绝对的大利好，然而机构蝇营狗苟为了这三瓜,06-04 10:50,平安银行(000001),看到昨晚美国三倍做空了吗。提出富时指数是绝对的大利好，然而机构蝇营狗苟为了这三瓜,136,1,"https://guba.eastmoney.com/news,000001,1720424453.html",2026-06-08 14:35:36
东方财富股吧,以大多数才智水平论，不买银行股，反而亏损套牢更多更惨,06-04 11:29,平安银行(000001),以大多数才智水平论，不买银行股，反而亏损套牢更多更惨,31,0,"https://guba.eastmoney.com/news,000001,1720503236.html",2026-06-08 14:35:36
东方财富股吧,太不行了换科技去了,06-04 10:17,平安银行(000001),太不行了换科技去了,36,2,"https://guba.eastmoney.com/news,000001,1720340314.html",2026-06-08 14:35:36
东方财富股吧,股份制银行你最差，快让我解套，我要去兴业,06-04 10:59,平安银行(000001),股份制银行你最差，快让我解套，我要去兴业,64,1,"https://guba.eastmoney.com/news,000001,1720443928.html",2026-06-08 14:35:36
东方财富股吧,10.43守不住了真的太烂了破10大概率,06-04 11:23,平安银行(000001),10.43守不住了真的太烂了破10大概率,32,0,"https://guba.eastmoney.com/news,000001,1720492108.html",2026-06-08 14:35:36
东方财富股吧,赶紧砸到九块,06-04 11:02,平安银行(000001),赶紧砸到九块,25,0,"https://guba.eastmoney.com/news,000001,1720449134.html",2026-06-08 14:35:36
东方财富股吧,剔出富时A50有影响吗,06-04 09:39,平安银行(000001),剔出富时A50有影响吗,140,4,"https://guba.eastmoney.com/news,000001,1720207136.html",2026-06-08 14:35:36
东方财富股吧,它的反向指标这次失灵了！,06-04 10:45,平安银行(000001),它的反向指标这次失灵了！,28,1,"https://guba.eastmoney.com/news,000001,1720413222.html",2026-06-08 14:35:36
东方财富股吧,真正炒AI科技的人，自选股里都没有一支银行股，跟本看不起,06-04 10:29,平安银行(000001),真正炒AI科技的人，自选股里都没有一支银行股，跟本看不起,39,0,"https://guba.eastmoney.com/news,000001,1720373400.html",2026-06-08 14:35:36
东方财富股吧,$平安银行(SZ000001)$,06-04 10:19,平安银行(000001),$平安银行(SZ000001)$,30,0,"https://guba.eastmoney.com/news,000001,1720345449.html",2026-06-08 14:35:36
东方财富股吧,被调出富时A50是不是基金多在跑啊,06-04 10:00,平安银行(000001),被调出富时A50是不是基金多在跑啊,112,2,"https://guba.eastmoney.com/news,000001,1720286696.html",2026-06-08 14:35:36
东方财富股吧,吓唬谁呢，这个股息我是不会卖的,06-04 09:34,平安银行(000001),吓唬谁呢，这个股息我是不会卖的,177,5,"https://guba.eastmoney.com/news,000001,1720189615.html",2026-06-08 14:35:36
东方财富股吧,服了，11都上不去吗。,06-04 10:17,平安银行(000001),服了，11都上不去吗。,28,0,"https://guba.eastmoney.com/news,000001,1720339502.html",2026-06-08 14:35:36
东方财富股吧,快大家买进来分红了,06-04 10:16,平安银行(000001),快大家买进来分红了,20,0,"https://guba.eastmoney.com/news,000001,1720339272.html",2026-06-08 14:35:36
东方财富股吧,调出了，有这么严重吗？开盘竟然是跌幅第一名？,06-04 09:26,平安银行(000001),调出了，有这么严重吗？开盘竟然是跌幅第一名？,165,6,"https://guba.eastmoney.com/news,000001,1720167714.html",2026-06-08 14:35:36
东方财富股吧,平银，甚至是平安保险应该是有问题的。市场持续多年用脚投票。,06-04 10:14,平安银行(000001),平银，甚至是平安保险应该是有问题的。市场持续多年用脚投票。,30,0,"https://guba.eastmoney.com/news,000001,1720332536.html",2026-06-08 14:35:36
东方财富股吧,踢出富时a50的长期影响会慢慢阴跌,06-04 09:53,平安银行(000001),踢出富时a50的长期影响会慢慢阴跌,66,1,"https://guba.eastmoney.com/news,000001,1720262604.html",2026-06-08 14:35:36
东方财富股吧,事实上，现在的股市已经像2024年9月24日以前的状态了……根本没有多少散户在交,06-04 10:10,平安银行(000001),事实上，现在的股市已经像2024年9月24日以前的状态了……根本没有多少散户在交,54,0,"https://guba.eastmoney.com/news,000001,1720319140.html",2026-06-08 14:35:36
东方财富股吧,你要分红，他要本金,06-04 10:09,平安银行(000001),你要分红，他要本金,25,0,"https://guba.eastmoney.com/news,000001,1720316766.html",2026-06-08 14:35:36
东方财富股吧,为了赶散户去科技接盘，拼命打压低价银行股,06-04 10:01,平安银行(000001),为了赶散户去科技接盘，拼命打压低价银行股,39,0,"https://guba.eastmoney.com/news,000001,1720290448.html",2026-06-08 14:35:36
东方财富股吧,，,06-04 10:01,平安银行(000001),，,29,0,"https://guba.eastmoney.com/news,000001,1720288198.html",2026-06-08 14:35:36
东方财富股吧,强烈要求冀光恒引咎辞职,06-04 09:55,平安银行(000001),强烈要求冀光恒引咎辞职,18,0,"https://guba.eastmoney.com/news,000001,1720268626.html",2026-06-08 14:35:36
东方财富股吧,它一年都是这样躺平发育，不涨也不跌，人家算准了！,06-04 09:54,平安银行(000001),它一年都是这样躺平发育，不涨也不跌，人家算准了！,26,0,"https://guba.eastmoney.com/news,000001,1720265919.html",2026-06-08 14:35:36
东方财富股吧,还有比平安银行更低市盈率的吗,06-04 09:30,平安银行(000001),还有比平安银行更低市盈率的吗,51,1,"https://guba.eastmoney.com/news,000001,1720177860.html",2026-06-08 14:35:37
东方财富股吧,恶心至极，垃圾够恶心了,06-04 09:46,平安银行(000001),恶心至极，垃圾够恶心了,21,0,"https://guba.eastmoney.com/news,000001,1720235125.html",2026-06-08 14:35:37
东方财富股吧,强烈要求呢只股除牌,06-04 09:41,平安银行(000001),强烈要求呢只股除牌,25,0,"https://guba.eastmoney.com/news,000001,1720216125.html",2026-06-08 14:35:37
东方财富股吧,这垃圾严重污染市场环境，应该清理出市场,06-04 09:32,平安银行(000001),这垃圾严重污染市场环境，应该清理出市场,26,0,"https://guba.eastmoney.com/news,000001,1720184347.html",2026-06-08 14:35:37
东方财富股吧,利空出尽，不涨也难了。,06-04 09:31,平安银行(000001),利空出尽，不涨也难了。,31,0,"https://guba.eastmoney.com/news,000001,1720180762.html",2026-06-08 14:35:37
东方财富股吧,2000万砸市值20亿也是牛，这是一个接盘的也没了？,06-04 09:30,平安银行(000001),2000万砸市值20亿也是牛，这是一个接盘的也没了？,256,0,"https://guba.eastmoney.com/news,000001,1720177566.html",2026-06-08 14:35:37
东方财富股吧,这么多人等分猪肉，是不是有情况，有些不妙啊。,06-04 08:40,平安银行(000001),这么多人等分猪肉，是不是有情况，有些不妙啊。,65,1,"https://guba.eastmoney.com/news,000001,1720132873.html",2026-06-08 14:35:37
东方财富股吧,恭喜倒数第一,06-04 09:25,平安银行(000001),恭喜倒数第一,24,0,"https://guba.eastmoney.com/news,000001,1720164732.html",2026-06-08 14:35:37
东方财富股吧,早该清出去！！几年前四千多亿市值硬给老马干到二千亿……老马赶快分红！！！,06-04 09:24,平安银行(000001),早该清出去！！几年前四千多亿市值硬给老马干到二千亿……老马赶快分红！！！,41,0,"https://guba.eastmoney.com/news,000001,1720156918.html",2026-06-08 14:35:37
东方财富股吧,涨一根阳线，也不知道后面有多少阴线拿着分红,05-29 02:38,平安银行(000001),涨一根阳线，也不知道后面有多少阴线拿着分红,108,0,"https://guba.eastmoney.com/news,000001,1717361784.html",2026-06-08 14:35:37
东方财富股吧,屋漏偏逢连夜雨，船破遭遇打头风,06-03 08:47,平安银行(000001),屋漏偏逢连夜雨，船破遭遇打头风,161,3,"https://guba.eastmoney.com/news,000001,1720047626.html",2026-06-08 14:35:37
东方财富股吧,平安银行，真是换了一波又一波的散户！回过头啦！看看还是那个样。好多以前股民都不在,06-04 06:10,平安银行(000001),平安银行，真是换了一波又一波的散户！回过头啦！看看还是那个样。好多以前股民都不在,165,2,"https://guba.eastmoney.com/news,000001,1720109047.html",2026-06-08 14:35:37
东方财富股吧,平安银行：融资净买入273.28万元，融资余额54.41亿元,06-04 08:59,平安银行(000001),平安银行：融资净买入273.28万元，融资余额54.41亿元,69,0,"https://guba.eastmoney.com/news,000001,1720137849.html",2026-06-08 14:35:37
东方财富股吧,豆包里说调出A50股价至少会跌到10.50元，极限会到9.7元，如果这样那就是买,06-03 10:19,平安银行(000001),豆包里说调出A50股价至少会跌到10.50元，极限会到9.7元，如果这样那就是买,492,9,"https://guba.eastmoney.com/news,000001,1720073638.html",2026-06-08 14:35:37
东方财富股吧,剔除A50成分股很好反正股价在低位的，不活跃的，套牢者甚多的，股价在高位的，热门,06-03 07:42,平安银行(000001),剔除A50成分股很好反正股价在低位的，不活跃的，套牢者甚多的，股价在高位的，热门,584,5,"https://guba.eastmoney.com/news,000001,1720030517.html",2026-06-08 14:35:37
东方财富股吧,A50调整，所以大盘看着红火火，可这些赚钱又分红的老登一片绿，虚假的市场信号！,06-04 06:45,平安银行(000001),A50调整，所以大盘看着红火火，可这些赚钱又分红的老登一片绿，虚假的市场信号！,49,0,"https://guba.eastmoney.com/news,000001,1720113234.html",2026-06-08 14:35:37
东方财富股吧,反弹结束了!？，还是先蹲一下然后起跳!？,06-04 04:33,平安银行(000001),反弹结束了!？，还是先蹲一下然后起跳!？,34,0,"https://guba.eastmoney.com/news,000001,1720101912.html",2026-06-08 14:35:37
东方财富股吧,$平安银行(SZ000001)$,06-04 04:08,平安银行(000001),$平安银行(SZ000001)$,31,0,"https://guba.eastmoney.com/news,000001,1720101047.html",2026-06-08 14:35:37
东方财富股吧,平银三年存贷款不增，规模不增何来业绩？！,05-29 10:24,平安银行(000001),平银三年存贷款不增，规模不增何来业绩？！,215,0,"https://guba.eastmoney.com/news,000001,1716970542.html",2026-06-08 14:35:37
东方财富股吧,今年必上23,06-03 02:53,平安银行(000001),今年必上23,132,4,"https://guba.eastmoney.com/news,000001,1719912963.html",2026-06-08 14:35:37
东方财富股吧,过两年平安银行分红来个十派六元，转五股送五股就爽透了。哈哈哈！,06-03 03:44,平安银行(000001),过两年平安银行分红来个十派六元，转五股送五股就爽透了。哈哈哈！,173,3,"https://guba.eastmoney.com/news,000001,1719958254.html",2026-06-08 14:35:37
东方财富股吧,车险的客服还给我推平安银行的贷款呀,06-04 12:05,平安银行(000001),车险的客服还给我推平安银行的贷款呀,32,0,"https://guba.eastmoney.com/news,000001,1720091721.html",2026-06-08 14:35:37
东方财富股吧,这么多人等分红？,06-03 11:10,平安银行(000001),这么多人等分红？,37,0,"https://guba.eastmoney.com/news,000001,1720084511.html",2026-06-08 14:35:37
东方财富股吧,啥时候上20，3年了，你知道这3年我是什么过。,06-03 02:15,平安银行(000001),啥时候上20，3年了，你知道这3年我是什么过。,219,9,"https://guba.eastmoney.com/news,000001,1719825687.html",2026-06-08 14:35:37
东方财富股吧,一直跌分红公告也不出来下,06-03 10:25,平安银行(000001),一直跌分红公告也不出来下,42,0,"https://guba.eastmoney.com/news,000001,1720075072.html",2026-06-08 14:35:37
东方财富股吧,特大利好来了,06-03 05:26,平安银行(000001),特大利好来了,1702,13,"https://guba.eastmoney.com/news,000001,1719994311.html",2026-06-08 14:35:37
东方财富股吧,踢出A50了,06-03 07:28,平安银行(000001),踢出A50了,207,3,"https://guba.eastmoney.com/news,000001,1720026843.html",2026-06-08 14:35:37
东方财富股吧,明天加仓干,06-03 08:41,平安银行(000001),明天加仓干,41,0,"https://guba.eastmoney.com/news,000001,1720045842.html",2026-06-08 14:35:37
东方财富股吧,好期待分红！！！这个月不分，下个月也得分。躲得了初一，躲不过十五。快点公告呀！,06-03 05:11,平安银行(000001),好期待分红！！！这个月不分，下个月也得分。躲得了初一，躲不过十五。快点公告呀！,89,1,"https://guba.eastmoney.com/news,000001,1719989692.html",2026-06-08 14:35:37
东方财富股吧,29股股息率超4% 价值板块安全边际增厚,05-27 02:44,平安银行(000001),29股股息率超4% 价值板块安全边际增厚,89535,386,"https://guba.eastmoney.com/news,000651,1714990314.html",2026-06-08 14:35:37
东方财富股吧,还不错,06-03 04:44,平安银行(000001),还不错,37,0,"https://guba.eastmoney.com/news,000001,1719980921.html",2026-06-08 14:35:37
东方财富股吧,15以下坚决不卖，随便你咋折腾！,06-03 01:59,平安银行(000001),15以下坚决不卖，随便你咋折腾！,199,7,"https://guba.eastmoney.com/news,000001,1719795133.html",2026-06-08 14:35:37
东方财富股吧,账户绿油油。科技泡沫很快破灭。到时候看我们表演。,06-03 04:40,平安银行(000001),账户绿油油。科技泡沫很快破灭。到时候看我们表演。,38,0,"https://guba.eastmoney.com/news,000001,1719979301.html",2026-06-08 14:35:37
东方财富股吧,低于25我不出，5年起步一个阶段深知播种和收获不在一个季节,06-03 03:21,平安银行(000001),低于25我不出，5年起步一个阶段深知播种和收获不在一个季节,63,1,"https://guba.eastmoney.com/news,000001,1719945872.html",2026-06-08 14:35:38
东方财富股吧,还不错,06-03 04:35,平安银行(000001),还不错,32,0,"https://guba.eastmoney.com/news,000001,1719977294.html",2026-06-08 14:35:38
东方财富股吧,分红啦,06-03 03:56,平安银行(000001),分红啦,57,0,"https://guba.eastmoney.com/news,000001,1719963191.html",2026-06-08 14:35:38
东方财富股吧,这个位置能建仓吗？,06-03 11:09,平安银行(000001),这个位置能建仓吗？,125,5,"https://guba.eastmoney.com/news,000001,1719599357.html",2026-06-08 14:35:38
东方财富股吧,分红前使劲跌吧！还有20W能加仓,06-03 12:17,平安银行(000001),分红前使劲跌吧！还有20W能加仓,663,7,"https://guba.eastmoney.com/news,000001,1719665810.html",2026-06-08 14:35:38
东方财富股吧,如果是6月11分红，这货大概率一年涨幅就是一个寂寞！,06-03 03:15,平安银行(000001),如果是6月11分红，这货大概率一年涨幅就是一个寂寞！,53,0,"https://guba.eastmoney.com/news,000001,1719942243.html",2026-06-08 14:35:38
东方财富股吧,你一句话让我的锦龙跌停了，卄,06-03 03:13,平安银行(000001),你一句话让我的锦龙跌停了，卄,47,0,"https://guba.eastmoney.com/news,000001,1719940372.html",2026-06-08 14:35:38
东方财富股吧,张差男,06-03 01:46,平安银行(000001),张差男,49,3,"https://guba.eastmoney.com/news,000001,1719770849.html",2026-06-08 14:35:38
东方财富股吧,市场太缺资金了 拉了那头 这头就完,06-03 11:02,平安银行(000001),市场太缺资金了 拉了那头 这头就完,85,4,"https://guba.eastmoney.com/news,000001,1719586849.html",2026-06-08 14:35:38
东方财富股吧,银行股要等一年之后，科技见顶了才能启动，劝你们识时务点儿,06-03 11:42,平安银行(000001),银行股要等一年之后，科技见顶了才能启动，劝你们识时务点儿,88,0,"https://guba.eastmoney.com/news,000001,1719649703.html",2026-06-08 14:35:38
东方财富股吧,老马你怎为全体股东打工？？就几年A股市值从六十多万亿干到一百多万亿！！你将平银五,06-03 10:51,平安银行(000001),老马你怎为全体股东打工？？就几年A股市值从六十多万亿干到一百多万亿！！你将平银五,66,2,"https://guba.eastmoney.com/news,000001,1719564389.html",2026-06-08 14:35:38
东方财富股吧,日经指标高歌猛进…挑战七万就在眼花！！A股杂事操心左顾忌又盼盼！！怎办？？消费者,06-03 01:38,平安银行(000001),日经指标高歌猛进…挑战七万就在眼花！！A股杂事操心左顾忌又盼盼！！怎办？？消费者,33,0,"https://guba.eastmoney.com/news,000001,1719756854.html",2026-06-08 14:35:38
东方财富股吧,呼叫主力，呼叫主力，呼叫主力，12块求回本谢谢主力,06-03 11:15,平安银行(000001),呼叫主力，呼叫主力，呼叫主力，12块求回本谢谢主力,57,2,"https://guba.eastmoney.com/news,000001,1719611567.html",2026-06-08 14:35:38
东方财富股吧,现在搞宣传的天天让大家买所谓的蓝筹股，亏了那么多钱就没有人出声了，市场太残酷，还,06-03 11:46,平安银行(000001),现在搞宣传的天天让大家买所谓的蓝筹股，亏了那么多钱就没有人出声了，市场太残酷，还,58,1,"https://guba.eastmoney.com/news,000001,1719652081.html",2026-06-08 14:35:38
东方财富股吧,什么时候分红啊,06-03 12:50,平安银行(000001),什么时候分红啊,47,0,"https://guba.eastmoney.com/news,000001,1719677162.html",2026-06-08 14:35:38
东方财富股吧,下跌没什么力度，感觉随时会拉起来,06-03 12:30,平安银行(000001),下跌没什么力度，感觉随时会拉起来,37,0,"https://guba.eastmoney.com/news,000001,1719670417.html",2026-06-08 14:35:38
东方财富股吧,牛市在新闻里，熊市在账户里,06-03 12:02,平安银行(000001),牛市在新闻里，熊市在账户里,35,0,"https://guba.eastmoney.com/news,000001,1719659800.html",2026-06-08 14:35:38
东方财富股吧,一家银行红的都没有，无敌,06-03 11:33,平安银行(000001),一家银行红的都没有，无敌,40,0,"https://guba.eastmoney.com/news,000001,1719642644.html",2026-06-08 14:35:38
东方财富股吧,平安又多了一个概念，要参股券商东莞证券,06-03 11:29,平安银行(000001),平安又多了一个概念，要参股券商东莞证券,45,0,"https://guba.eastmoney.com/news,000001,1719638494.html",2026-06-08 14:35:38
东方财富股吧,创业板指数那么涨？会不会让股民更穷？会不会是资本收割？,06-03 11:29,平安银行(000001),创业板指数那么涨？会不会让股民更穷？会不会是资本收割？,30,0,"https://guba.eastmoney.com/news,000001,1719637055.html",2026-06-08 14:35:38
东方财富股吧,锦龙股份欠平安的4.66亿到期了，然后貌似没钱还,06-03 10:36,平安银行(000001),锦龙股份欠平安的4.66亿到期了，然后貌似没钱还,99,2,"https://guba.eastmoney.com/news,000001,1719529984.html",2026-06-08 14:35:38
东方财富股吧,中科金财是华为、智谱、MiniMax、甲骨文的战略合作伙伴。,06-03 11:15,平安银行(000001),中科金财是华为、智谱、MiniMax、甲骨文的战略合作伙伴。,51,0,"https://guba.eastmoney.com/news,002156,1719611139.html",2026-06-08 14:35:38
东方财富股吧,中科金财是华为、智谱、MiniMax、甲骨文的战略合作伙伴。,06-03 11:14,平安银行(000001),中科金财是华为、智谱、MiniMax、甲骨文的战略合作伙伴。,61,0,"https://guba.eastmoney.com/news,600584,1719610596.html",2026-06-08 14:35:38
东方财富股吧,都捏好了＾０＾~,06-03 11:06,平安银行(000001),都捏好了＾０＾~,31,0,"https://guba.eastmoney.com/news,000001,1719593809.html",2026-06-08 14:35:38
东方财富股吧,你想它的分红，他们想你的本金,06-03 10:51,平安银行(000001),你想它的分红，他们想你的本金,41,1,"https://guba.eastmoney.com/news,000001,1719564139.html",2026-06-08 14:35:38
东方财富股吧,太弱了,06-03 11:03,平安银行(000001),太弱了,26,0,"https://guba.eastmoney.com/news,000001,1719588956.html",2026-06-08 14:35:38
东方财富股吧,啥时候分红那,06-03 10:46,平安银行(000001),啥时候分红那,61,2,"https://guba.eastmoney.com/news,000001,1719552233.html",2026-06-08 14:35:38
东方财富股吧,11元t了一点，不知道能否接回来,06-02 09:42,平安银行(000001),11元t了一点，不知道能否接回来,119,6,"https://guba.eastmoney.com/news,000001,1718606024.html",2026-06-08 14:35:38
东方财富股吧,这次如果不控制住，科技垃圾股跌起来会比较厉害,06-03 10:51,平安银行(000001),这次如果不控制住，科技垃圾股跌起来会比较厉害,35,0,"https://guba.eastmoney.com/news,000001,1719563778.html",2026-06-08 14:35:38
东方财富股吧,当股东了,06-03 10:45,平安银行(000001),当股东了,29,0,"https://guba.eastmoney.com/news,000001,1719551556.html",2026-06-08 14:35:38
东方财富股吧,AI冲先，众股祭天！,06-03 10:40,平安银行(000001),AI冲先，众股祭天！,32,0,"https://guba.eastmoney.com/news,000001,1719540584.html",2026-06-08 14:35:38
东方财富股吧,诱多快跑,06-03 09:20,平安银行(000001),诱多快跑,49,2,"https://guba.eastmoney.com/news,000001,1719310780.html",2026-06-08 14:35:38
东方财富股吧,你再涨5毛解套去兴业呀,06-03 10:23,平安银行(000001),你再涨5毛解套去兴业呀,34,0,"https://guba.eastmoney.com/news,000001,1719499511.html",2026-06-08 14:35:39
东方财富股吧,今天进来那么多资金！却跌了一个点。,06-03 10:00,平安银行(000001),今天进来那么多资金！却跌了一个点。,119,3,"https://guba.eastmoney.com/news,000001,1719438528.html",2026-06-08 14:35:39
东方财富股吧,要么涨上去别让我看盘了，要么跌到10.50，我来上你。来回折腾。,06-03 10:19,平安银行(000001),要么涨上去别让我看盘了，要么跌到10.50，我来上你。来回折腾。,31,0,"https://guba.eastmoney.com/news,000001,1719488965.html",2026-06-08 14:35:39
东方财富股吧,这货一年都不涨，没有看盘的必要,06-03 10:05,平安银行(000001),这货一年都不涨，没有看盘的必要,30,0,"https://guba.eastmoney.com/news,000001,1719453639.html",2026-06-08 14:35:39
东方财富股吧,不争气的老东西,06-03 09:30,平安银行(000001),不争气的老东西,44,1,"https://guba.eastmoney.com/news,000001,1719334996.html",2026-06-08 14:35:39
东方财富股吧,科技起来了，大金融股不行了,06-03 09:40,平安银行(000001),科技起来了，大金融股不行了,36,0,"https://guba.eastmoney.com/news,000001,1719372673.html",2026-06-08 14:35:39
东方财富股吧,这个废了,06-03 09:34,平安银行(000001),这个废了,27,0,"https://guba.eastmoney.com/news,000001,1719348265.html",2026-06-08 14:35:39
东方财富股吧,要回调了吗？,06-03 09:29,平安银行(000001),要回调了吗？,30,0,"https://guba.eastmoney.com/news,000001,1719329317.html",2026-06-08 14:35:39
东方财富股吧,平安银行：融资净偿还4777.63万元，融资余额54.39亿元,06-03 09:09,平安银行(000001),平安银行：融资净偿还4777.63万元，融资余额54.39亿元,69,0,"https://guba.eastmoney.com/news,000001,1719302178.html",2026-06-08 14:35:39
东方财富股吧,股份制银行最弱，要不是被套，重仓我就换兴业去了,06-02 10:21,平安银行(000001),股份制银行最弱，要不是被套，重仓我就换兴业去了,349,13,"https://guba.eastmoney.com/news,000001,1718731187.html",2026-06-08 14:35:39
东方财富股吧,平安银行什么时候分红啊,06-03 06:57,平安银行(000001),平安银行什么时候分红啊,88,1,"https://guba.eastmoney.com/news,000001,1719273872.html",2026-06-08 14:35:39
东方财富股吧,吧里真安静。,06-02 09:16,平安银行(000001),吧里真安静。,62,1,"https://guba.eastmoney.com/news,000001,1719209603.html",2026-06-08 14:35:39
东方财富股吧,发力亲子客群！多家银行，密集布局,06-01 10:42,平安银行(000001),发力亲子客群！多家银行，密集布局,944,2,"https://guba.eastmoney.com/news,000001,1718472324.html",2026-06-08 14:35:39
东方财富股吧,你在涨1.5个点我就走了快五个点了,06-03 07:55,平安银行(000001),你在涨1.5个点我就走了快五个点了,37,0,"https://guba.eastmoney.com/news,000001,1719282151.html",2026-06-08 14:35:39
东方财富股吧,如果有点钱，是现在买合适还是分红后买？去年年度分红后，很快就贴权，半年后才回到分,06-02 07:10,平安银行(000001),如果有点钱，是现在买合适还是分红后买？去年年度分红后，很快就贴权，半年后才回到分,700,7,"https://guba.eastmoney.com/news,000001,1719177128.html",2026-06-08 14:35:39
东方财富股吧,大周期处在大型三角形顶端变盘点，日线强底分型带动周线、月线、季线甚至年线变盘，目,06-02 11:45,平安银行(000001),大周期处在大型三角形顶端变盘点，日线强底分型带动周线、月线、季线甚至年线变盘，目,93,2,"https://guba.eastmoney.com/news,000001,1719245885.html",2026-06-08 14:35:39
东方财富股吧,什么时候分红啊，就靠分红活着了。,06-02 05:24,平安银行(000001),什么时候分红啊，就靠分红活着了。,149,3,"https://guba.eastmoney.com/news,000001,1719149614.html",2026-06-08 14:35:39
东方财富股吧,基金经理的孩子们开始考大学啦。这个时候，他们无心管一切。考完带孩子去旅行。,06-03 06:48,平安银行(000001),基金经理的孩子们开始考大学啦。这个时候，他们无心管一切。考完带孩子去旅行。,40,0,"https://guba.eastmoney.com/news,000001,1719272674.html",2026-06-08 14:35:39
东方财富股吧,两融1600万全仓杀入，一直买到2太阳,06-02 04:22,平安银行(000001),两融1600万全仓杀入，一直买到2太阳,657,5,"https://guba.eastmoney.com/news,000001,1719129775.html",2026-06-08 14:35:39
东方财富股吧,去年6月11号分的红，前年6月13号，估计今年差不多10号左右,06-02 09:06,平安银行(000001),去年6月11号分的红，前年6月13号，估计今年差不多10号左右,132,1,"https://guba.eastmoney.com/news,000001,1719207130.html",2026-06-08 14:35:39
东方财富股吧,网上说12号分红。。,06-02 06:18,平安银行(000001),网上说12号分红。。,289,4,"https://guba.eastmoney.com/news,000001,1719165162.html",2026-06-08 14:35:39
东方财富股吧,这叫红三兵吗？,06-02 06:08,平安银行(000001),这叫红三兵吗？,56,0,"https://guba.eastmoney.com/news,000001,1719162561.html",2026-06-08 14:35:39
东方财富股吧,网上说中国平安10号分红，平安银行12号分红。,06-02 06:06,平安银行(000001),网上说中国平安10号分红，平安银行12号分红。,89,0,"https://guba.eastmoney.com/news,000001,1719162082.html",2026-06-08 14:35:39
东方财富股吧,耐心等待macd月线，季线金叉，临门一脚了。,06-02 06:00,平安银行(000001),耐心等待macd月线，季线金叉，临门一脚了。,61,0,"https://guba.eastmoney.com/news,000001,1719160393.html",2026-06-08 14:35:39
东方财富股吧,平安银行:2025年年度股东会决议公告,05-22 06:54,平安银行(000001),平安银行:2025年年度股东会决议公告,1279,13,"https://guba.eastmoney.com/news,000001,1713178389.html",2026-06-08 14:35:39
东方财富股吧,什么时候分红啊,06-02 05:21,平安银行(000001),什么时候分红啊,48,0,"https://guba.eastmoney.com/news,000001,1719148837.html",2026-06-08 14:35:39
东方财富股吧,明天加速向上的概率在增大！,06-01 02:25,平安银行(000001),明天加速向上的概率在增大！,199,0,"https://guba.eastmoney.com/news,000001,1718266346.html",2026-06-08 14:35:39
东方财富股吧,好样的,06-02 01:20,平安银行(000001),好样的,62,1,"https://guba.eastmoney.com/news,000001,1718924973.html",2026-06-08 14:35:39
东方财富股吧,4倍不到的pe上涨潜力巨大！,06-02 02:26,平安银行(000001),4倍不到的pe上涨潜力巨大！,94,2,"https://guba.eastmoney.com/news,000001,1719034414.html",2026-06-08 14:35:39
东方财富股吧,涨停了,06-02 02:20,平安银行(000001),涨停了,91,2,"https://guba.eastmoney.com/news,000001,1719026253.html",2026-06-08 14:35:39
东方财富股吧,叫你分红之后涨，为什么不讲武德,06-02 02:37,平安银行(000001),叫你分红之后涨，为什么不讲武德,51,0,"https://guba.eastmoney.com/news,000001,1719050148.html",2026-06-08 14:35:39
东方财富股吧,21年4000多亿市值，现在二千亿老马这样为股东打工？？快点分红要嘛让大散拉涨…,06-02 01:15,平安银行(000001),21年4000多亿市值，现在二千亿老马这样为股东打工？？快点分红要嘛让大散拉涨…,106,2,"https://guba.eastmoney.com/news,000001,1718917523.html",2026-06-08 14:35:39
东方财富股吧,老马说他是所有股东的打工仔…可惜九成股东属牛的拍到牛庇股了！！废话少说快点分红！,06-02 11:43,平安银行(000001),老马说他是所有股东的打工仔…可惜九成股东属牛的拍到牛庇股了！！废话少说快点分红！,75,1,"https://guba.eastmoney.com/news,000001,1718864691.html",2026-06-08 14:35:39
东方财富股吧,我的证券跌麻了还是银行稳,06-02 01:09,平安银行(000001),我的证券跌麻了还是银行稳,48,0,"https://guba.eastmoney.com/news,000001,1718907297.html",2026-06-08 14:35:40
东方财富股吧,1.2万的11.00的买单，应该掉不下去,06-02 11:04,平安银行(000001),1.2万的11.00的买单，应该掉不下去,69,1,"https://guba.eastmoney.com/news,000001,1718813658.html",2026-06-08 14:35:40
东方财富股吧,这是逼下车走势！没办法，你如果不喝汤！就渣都捞不倒！资本市场就是这么残酷！,06-02 11:43,平安银行(000001),这是逼下车走势！没办法，你如果不喝汤！就渣都捞不倒！资本市场就是这么残酷！,50,0,"https://guba.eastmoney.com/news,000001,1718864655.html",2026-06-08 14:35:40
东方财富股吧,怎么会如此之垃圾,06-02 11:18,平安银行(000001),怎么会如此之垃圾,50,1,"https://guba.eastmoney.com/news,000001,1718837115.html",2026-06-08 14:35:40
东方财富股吧,银行的差等生,06-02 11:13,平安银行(000001),银行的差等生,41,0,"https://guba.eastmoney.com/news,000001,1718828202.html",2026-06-08 14:35:40
东方财富股吧,上午调整，下午拉升。,06-02 11:10,平安银行(000001),上午调整，下午拉升。,45,0,"https://guba.eastmoney.com/news,000001,1718823050.html",2026-06-08 14:35:40
东方财富股吧,这走势，容易被洗下去！估计很多散户抗不住！,06-02 10:51,平安银行(000001),这走势，容易被洗下去！估计很多散户抗不住！,75,1,"https://guba.eastmoney.com/news,000001,1718791176.html",2026-06-08 14:35:40
东方财富股吧,大盘与银行是跷跷板啊,06-02 10:51,平安银行(000001),大盘与银行是跷跷板啊,35,0,"https://guba.eastmoney.com/news,000001,1718790092.html",2026-06-08 14:35:40
东方财富股吧,还要绿,06-02 10:47,平安银行(000001),还要绿,36,0,"https://guba.eastmoney.com/news,000001,1718783572.html",2026-06-08 14:35:40
东方财富股吧,散了吧，大家都去买易中天组装厂,06-02 10:46,平安银行(000001),散了吧，大家都去买易中天组装厂,38,0,"https://guba.eastmoney.com/news,000001,1718781954.html",2026-06-08 14:35:40
东方财富股吧,按理不可能这么涨上去，银行的洗盘很恐怖，按年计算。一般人根本顶不住,06-02 10:44,平安银行(000001),按理不可能这么涨上去，银行的洗盘很恐怖，按年计算。一般人根本顶不住,50,0,"https://guba.eastmoney.com/news,000001,1718778831.html",2026-06-08 14:35:40
东方财富股吧,太烂了,06-02 10:31,平安银行(000001),太烂了,43,2,"https://guba.eastmoney.com/news,000001,1718752872.html",2026-06-08 14:35:40
东方财富股吧,怎么这么弱？,06-02 10:09,平安银行(000001),怎么这么弱？,59,2,"https://guba.eastmoney.com/news,000001,1718698943.html",2026-06-08 14:35:40
东方财富股吧,$苏州银行(SZ002966)$$平安银行(SZ000001)$$南京银行(SH,06-02 10:40,平安银行(000001),$苏州银行(SZ002966)$$平安银行(SZ000001)$$南京银行(SH,269,0,"https://guba.eastmoney.com/news,002966,1718771161.html",2026-06-08 14:35:40
东方财富股吧,从来没有独立行情过，永远跟着板块走，又涨不过板块,06-02 10:17,平安银行(000001),从来没有独立行情过，永远跟着板块走，又涨不过板块,40,0,"https://guba.eastmoney.com/news,000001,1718721614.html",2026-06-08 14:35:40
东方财富股吧,今晚把分红实施方案公布吧，别冷了股东的心。,06-02 10:11,平安银行(000001),今晚把分红实施方案公布吧，别冷了股东的心。,60,0,"https://guba.eastmoney.com/news,000001,1718705872.html",2026-06-08 14:35:40
东方财富股吧,我什么时候能回本？,06-02 09:53,平安银行(000001),我什么时候能回本？,226,1,"https://guba.eastmoney.com/news,000001,1718644797.html",2026-06-08 14:35:40
东方财富股吧,涨跌都是倒数的命，二季度应该蛮差的,06-02 10:08,平安银行(000001),涨跌都是倒数的命，二季度应该蛮差的,55,0,"https://guba.eastmoney.com/news,000001,1718696511.html",2026-06-08 14:35:40
东方财富股吧,全是卖单,06-02 10:06,平安银行(000001),全是卖单,34,0,"https://guba.eastmoney.com/news,000001,1718691160.html",2026-06-08 14:35:40
东方财富股吧,都是被动上涨散户多主力太弱。,06-02 10:02,平安银行(000001),都是被动上涨散户多主力太弱。,36,0,"https://guba.eastmoney.com/news,000001,1718679420.html",2026-06-08 14:35:40
东方财富股吧,主力生病了吗,06-02 09:59,平安银行(000001),主力生病了吗,35,0,"https://guba.eastmoney.com/news,000001,1718669378.html",2026-06-08 14:35:40
东方财富股吧,一股分0.36元含税，如果股价是12元，股价成了11.64元,06-01 08:51,平安银行(000001),一股分0.36元含税，如果股价是12元，股价成了11.64元,311,4,"https://guba.eastmoney.com/news,000001,1718441330.html",2026-06-08 14:35:40
东方财富股吧,H股比A便宜得多了，同股同权，为什么不去买港股呢？,06-02 09:05,平安银行(000001),H股比A便宜得多了，同股同权，为什么不去买港股呢？,146,4,"https://guba.eastmoney.com/news,000001,1718534860.html",2026-06-08 14:35:40
东方财富股吧,别涨了，再涨我就要挣钱了,06-02 09:50,平安银行(000001),别涨了，再涨我就要挣钱了,40,0,"https://guba.eastmoney.com/news,000001,1718635298.html",2026-06-08 14:35:40
东方财富股吧,$平安银行(SZ000001)$,06-02 09:41,平安银行(000001),$平安银行(SZ000001)$,40,0,"https://guba.eastmoney.com/news,000001,1718603282.html",2026-06-08 14:35:40
东方财富股吧,平安银行：融资净偿还691.45万元，融资余额54.86亿元,06-02 08:53,平安银行(000001),平安银行：融资净偿还691.45万元，融资余额54.86亿元,88,0,"https://guba.eastmoney.com/news,000001,1718530199.html",2026-06-08 14:35:40
东方财富股吧,明天特大阳线可能涨停板，能买的赶快买。,06-02 12:07,平安银行(000001),明天特大阳线可能涨停板，能买的赶快买。,134,2,"https://guba.eastmoney.com/news,000001,1718486492.html",2026-06-08 14:35:40
东方财富股吧,什么时候分红啊,06-01 05:53,平安银行(000001),什么时候分红啊,383,9,"https://guba.eastmoney.com/news,000001,1718398399.html",2026-06-08 14:35:40
东方财富股吧,深发展12号分红，深发展是可以涨停的,06-01 09:31,平安银行(000001),深发展12号分红，深发展是可以涨停的,144,1,"https://guba.eastmoney.com/news,000001,1718451571.html",2026-06-08 14:35:40
东方财富股吧,跌一个点没买又拉升了,06-01 10:26,平安银行(000001),跌一个点没买又拉升了,55,1,"https://guba.eastmoney.com/news,000001,1717991343.html",2026-06-08 14:35:40
东方财富股吧,珍惜14的平安银行，11左右请不要珍惜,06-01 10:51,平安银行(000001),珍惜14的平安银行，11左右请不要珍惜,54,0,"https://guba.eastmoney.com/news,000001,1718474233.html",2026-06-08 14:35:40
东方财富股吧,中国平安6月10号分红，为啥平安银行还没有公告股权登记信息啊，一般不都是平安银行,06-01 07:57,平安银行(000001),中国平安6月10号分红，为啥平安银行还没有公告股权登记信息啊，一般不都是平安银行,432,3,"https://guba.eastmoney.com/news,000001,1718428641.html",2026-06-08 14:35:40
东方财富股吧,市值管理纳入刚性考核：将市值表现直接与高管薪酬、职务任免挂钩。对于连续12个月股,06-01 09:26,平安银行(000001),市值管理纳入刚性考核：将市值表现直接与高管薪酬、职务任免挂钩。对于连续12个月股,349,1,"https://guba.eastmoney.com/news,000001,1718450150.html",2026-06-08 14:35:41
东方财富股吧,，这只股票的规律就是五月买十月卖,05-30 04:04,平安银行(000001),，这只股票的规律就是五月买十月卖,92,0,"https://guba.eastmoney.com/news,000001,1717653706.html",2026-06-08 14:35:41
东方财富股吧,期待大阳，必定大阳。,06-01 05:21,平安银行(000001),期待大阳，必定大阳。,112,3,"https://guba.eastmoney.com/news,000001,1717779511.html",2026-06-08 14:35:41
东方财富股吧,你连续两天压招商银行一头！,06-01 09:17,平安银行(000001),你连续两天压招商银行一头！,55,0,"https://guba.eastmoney.com/news,000001,1718447891.html",2026-06-08 14:35:41
东方财富股吧,太菜了,06-01 07:22,平安银行(000001),太菜了,48,0,"https://guba.eastmoney.com/news,000001,1718420646.html",2026-06-08 14:35:41
东方财富股吧,今天不走，周一跌到你怀疑人生,05-29 01:32,平安银行(000001),今天不走，周一跌到你怀疑人生,560,20,"https://guba.eastmoney.com/news,000001,1717221452.html",2026-06-08 14:35:41
东方财富股吧,中科金财和智谱、MiniMax、甲骨文均有合作，同时有Token业务。,06-01 05:10,平安银行(000001),中科金财和智谱、MiniMax、甲骨文均有合作，同时有Token业务。,97,0,"https://guba.eastmoney.com/news,600584,1718385493.html",2026-06-08 14:35:41
东方财富股吧,中科金财和智谱、MiniMax、甲骨文均有合作，同时有Token业务。,06-01 05:09,平安银行(000001),中科金财和智谱、MiniMax、甲骨文均有合作，同时有Token业务。,96,0,"https://guba.eastmoney.com/news,000767,1718385386.html",2026-06-08 14:35:41
东方财富股吧,回本了要不要卖呢？,06-01 01:48,平安银行(000001),回本了要不要卖呢？,80,2,"https://guba.eastmoney.com/news,000001,1718213523.html",2026-06-08 14:35:41
东方财富股吧,尾盘大单跑了好多，估计周一要低开,05-29 06:15,平安银行(000001),尾盘大单跑了好多，估计周一要低开,190,2,"https://guba.eastmoney.com/news,000001,1717504824.html",2026-06-08 14:35:41
东方财富股吧,最高价收盘，明天接着涨,06-01 04:15,平安银行(000001),最高价收盘，明天接着涨,50,0,"https://guba.eastmoney.com/news,000001,1718366967.html",2026-06-08 14:35:41
东方财富股吧,一卖就涨,06-01 03:02,平安银行(000001),一卖就涨,54,1,"https://guba.eastmoney.com/news,000001,1718326308.html",2026-06-08 14:35:41
东方财富股吧,12.5的本，能回本吗,06-01 03:02,平安银行(000001),12.5的本，能回本吗,90,1,"https://guba.eastmoney.com/news,000001,1718326902.html",2026-06-08 14:35:41
东方财富股吧,看看人家风华高科，涨的都兜不住了！也学学人家吧！经理该换的就换，该撤的就撤！不称,06-01 03:27,平安银行(000001),看看人家风华高科，涨的都兜不住了！也学学人家吧！经理该换的就换，该撤的就撤！不称,43,0,"https://guba.eastmoney.com/news,000001,1718346243.html",2026-06-08 14:35:41
东方财富股吧,你们说平安银行2028年能到15吗,05-31 07:36,平安银行(000001),你们说平安银行2028年能到15吗,430,10,"https://guba.eastmoney.com/news,000001,1717747540.html",2026-06-08 14:35:41
东方财富股吧,珍惜10块钱的平安银行,06-01 03:07,平安银行(000001),珍惜10块钱的平安银行,45,0,"https://guba.eastmoney.com/news,000001,1718331678.html",2026-06-08 14:35:41
东方财富股吧,董秘:14块钱的平安银行要珍惜。一句话套了大家三年,06-01 01:40,平安银行(000001),董秘:14块钱的平安银行要珍惜。一句话套了大家三年,223,7,"https://guba.eastmoney.com/news,000001,1718201949.html",2026-06-08 14:35:41
东方财富股吧,今天表现像3月25日那天走势，可以参考,06-01 02:46,平安银行(000001),今天表现像3月25日那天走势，可以参考,83,2,"https://guba.eastmoney.com/news,000001,1718300901.html",2026-06-08 14:35:41
东方财富股吧,依然是银行板块倒数,06-01 03:01,平安银行(000001),依然是银行板块倒数,34,0,"https://guba.eastmoney.com/news,000001,1718325103.html",2026-06-08 14:35:41
东方财富股吧,11到不了吗,06-01 02:00,平安银行(000001),11到不了吗,95,4,"https://guba.eastmoney.com/news,000001,1718229433.html",2026-06-08 14:35:41
东方财富股吧,尾盘抢银行都没抢平安，悲剧,06-01 02:37,平安银行(000001),尾盘抢银行都没抢平安，悲剧,68,1,"https://guba.eastmoney.com/news,000001,1718284727.html",2026-06-08 14:35:41
东方财富股吧,分红时间一直不说,06-01 02:45,平安银行(000001),分红时间一直不说,83,1,"https://guba.eastmoney.com/news,000001,1718299962.html",2026-06-08 14:35:41
东方财富股吧,四大行都1个点了，不知道你在压什么,06-01 02:32,平安银行(000001),四大行都1个点了，不知道你在压什么,39,0,"https://guba.eastmoney.com/news,000001,1718278021.html",2026-06-08 14:35:41
东方财富股吧,还没涨又压盘？,06-01 02:31,平安银行(000001),还没涨又压盘？,35,0,"https://guba.eastmoney.com/news,000001,1718277148.html",2026-06-08 14:35:41
东方财富股吧,还没涨又压盘。,06-01 02:30,平安银行(000001),还没涨又压盘。,35,0,"https://guba.eastmoney.com/news,000001,1718275441.html",2026-06-08 14:35:41
东方财富股吧,"不买过几天除权成本就会变高了,每年都这样想买便宜结果买得更高",06-01 01:38,平安银行(000001),"不买过几天除权成本就会变高了,每年都这样想买便宜结果买得更高",72,2,"https://guba.eastmoney.com/news,000001,1718199419.html",2026-06-08 14:35:41
东方财富股吧,10.92已经买入200万,06-01 01:31,平安银行(000001),10.92已经买入200万,134,4,"https://guba.eastmoney.com/news,000001,1718188504.html",2026-06-08 14:35:41
东方财富股吧,[旺柴][成交],06-01 01:56,平安银行(000001),[旺柴][成交],39,0,"https://guba.eastmoney.com/news,000001,1718224294.html",2026-06-08 14:35:41
东方财富股吧,平安银行今天主力出货,06-01 01:37,平安银行(000001),平安银行今天主力出货,36,0,"https://guba.eastmoney.com/news,000001,1718197929.html",2026-06-08 14:35:41
东方财富股吧,10.6几卖出的，你们的心情怎么样？股息这么高，你们就不能等等吗？把你们郁闷的心,06-01 12:53,平安银行(000001),10.6几卖出的，你们的心情怎么样？股息这么高，你们就不能等等吗？把你们郁闷的心,319,2,"https://guba.eastmoney.com/news,000001,1718140094.html",2026-06-08 14:35:41
东方财富股吧,你只需要知道十年后除了分红之外净资产至少达到40元以上就足够了,06-01 10:54,平安银行(000001),你只需要知道十年后除了分红之外净资产至少达到40元以上就足够了,105,3,"https://guba.eastmoney.com/news,000001,1718047375.html",2026-06-08 14:35:41
东方财富股吧,跌狠了就反弹，涨高了就下跌，正常现象，看你如何把握操作。,06-01 12:52,平安银行(000001),跌狠了就反弹，涨高了就下跌，正常现象，看你如何把握操作。,48,0,"https://guba.eastmoney.com/news,000001,1718139860.html",2026-06-08 14:35:41
东方财富股吧,$平安银行(SZ000001)$,06-01 11:51,平安银行(000001),$平安银行(SZ000001)$,40,0,"https://guba.eastmoney.com/news,000001,1718121081.html",2026-06-08 14:35:41
东方财富股吧,比兴业强势,06-01 11:08,平安银行(000001),比兴业强势,55,1,"https://guba.eastmoney.com/news,000001,1718073269.html",2026-06-08 14:35:42
东方财富股吧,亚洲股市暴发…韩日涨到溶洞！！有人问平银大散清空,06-01 11:16,平安银行(000001),亚洲股市暴发…韩日涨到溶洞！！有人问平银大散清空,67,1,"https://guba.eastmoney.com/news,000001,1718088510.html",2026-06-08 14:35:42
东方财富股吧,深发展彻底被上海银行超越了,06-01 11:05,平安银行(000001),深发展彻底被上海银行超越了,85,2,"https://guba.eastmoney.com/news,000001,1718068065.html",2026-06-08 14:35:42
东方财富股吧,今天能上11不,06-01 10:56,平安银行(000001),今天能上11不,58,2,"https://guba.eastmoney.com/news,000001,1718052015.html",2026-06-08 14:35:42
东方财富股吧,"投资的人需要克制那种急于暴利的心态,虽然短期看人家挣得不错,其实都不正常的,它会",06-01 11:07,平安银行(000001),"投资的人需要克制那种急于暴利的心态,虽然短期看人家挣得不错,其实都不正常的,它会",43,0,"https://guba.eastmoney.com/news,000001,1718071866.html",2026-06-08 14:35:42
东方财富股吧,保险，券商，银行，最近应该有大动作！上证先到4400+,06-01 11:07,平安银行(000001),保险，券商，银行，最近应该有大动作！上证先到4400+,38,0,"https://guba.eastmoney.com/news,000001,1718071095.html",2026-06-08 14:35:42
东方财富股吧,除权前，能否上11.6很重要，能上，除权后直接填权拉升，到13+！,06-01 11:05,平安银行(000001),除权前，能否上11.6很重要，能上，除权后直接填权拉升，到13+！,54,0,"https://guba.eastmoney.com/news,000001,1718068037.html",2026-06-08 14:35:42
东方财富股吧,不出来护盘吗，还等什么,06-01 10:52,平安银行(000001),不出来护盘吗，还等什么,34,0,"https://guba.eastmoney.com/news,000001,1718043353.html",2026-06-08 14:35:42
东方财富股吧,科技股ETF全翻倍了，分红股主力又不肯大量进来。主力散户双方耗着吧，现在科技股就,06-01 10:42,平安银行(000001),科技股ETF全翻倍了，分红股主力又不肯大量进来。主力散户双方耗着吧，现在科技股就,79,0,"https://guba.eastmoney.com/news,000001,1718022747.html",2026-06-08 14:35:42
东方财富股吧,这跟3月24，25的走势一模一样啊？后面应该来个10连阳,06-01 10:42,平安银行(000001),这跟3月24，25的走势一模一样啊？后面应该来个10连阳,48,0,"https://guba.eastmoney.com/news,000001,1718022000.html",2026-06-08 14:35:42
东方财富股吧,啥时候发钱？放假带孩子去玩,06-01 10:34,平安银行(000001),啥时候发钱？放假带孩子去玩,42,0,"https://guba.eastmoney.com/news,000001,1718006169.html",2026-06-08 14:35:42
东方财富股吧,有谁知道中证金出完没有,06-01 09:37,平安银行(000001),有谁知道中证金出完没有,35,1,"https://guba.eastmoney.com/news,000001,1717864339.html",2026-06-08 14:35:42
东方财富股吧,这么大的量应该是证金杀的回马枪,06-01 09:44,平安银行(000001),这么大的量应该是证金杀的回马枪,55,1,"https://guba.eastmoney.com/news,000001,1717888666.html",2026-06-08 14:35:42
东方财富股吧,主力终于睡醒了？,06-01 10:09,平安银行(000001),主力终于睡醒了？,47,1,"https://guba.eastmoney.com/news,000001,1717953223.html",2026-06-08 14:35:42
东方财富股吧,主力不让涨，没办法,06-01 10:11,平安银行(000001),主力不让涨，没办法,42,0,"https://guba.eastmoney.com/news,000001,1717958006.html",2026-06-08 14:35:42
东方财富股吧,……,06-01 10:06,平安银行(000001),……,36,0,"https://guba.eastmoney.com/news,000001,1717945210.html",2026-06-08 14:35:42
东方财富股吧,一路被超越，继重庆、苏州、南京后，现在又要被建行超啦,06-01 09:50,平安银行(000001),一路被超越，继重庆、苏州、南京后，现在又要被建行超啦,38,0,"https://guba.eastmoney.com/news,000001,1717903087.html",2026-06-08 14:35:42
东方财富股吧,还是五大行靠谱,06-01 09:38,平安银行(000001),还是五大行靠谱,35,0,"https://guba.eastmoney.com/news,000001,1717867078.html",2026-06-08 14:35:42
东方财富股吧,这是什么品种的垃圾？,06-01 09:36,平安银行(000001),这是什么品种的垃圾？,34,0,"https://guba.eastmoney.com/news,000001,1717861009.html",2026-06-08 14:35:42
东方财富股吧,兄弟们，这股权登记日是什么时候呀，,06-01 01:40,平安银行(000001),兄弟们，这股权登记日是什么时候呀，,237,4,"https://guba.eastmoney.com/news,000001,1717775193.html",2026-06-08 14:35:42
东方财富股吧,明天会跌停吗,05-31 08:25,平安银行(000001),明天会跌停吗,96,2,"https://guba.eastmoney.com/news,000001,1717751714.html",2026-06-08 14:35:42
东方财富股吧,今天跌,06-01 09:20,平安银行(000001),今天跌,36,0,"https://guba.eastmoney.com/news,000001,1717809556.html",2026-06-08 14:35:42
东方财富股吧,根据光大银行估值，平平银行还要补跌的,05-30 07:53,平安银行(000001),根据光大银行估值，平平银行还要补跌的,299,2,"https://guba.eastmoney.com/news,000001,1717611722.html",2026-06-08 14:35:42
东方财富股吧,撒时候分红？,05-30 07:20,平安银行(000001),撒时候分红？,180,3,"https://guba.eastmoney.com/news,000001,1717608091.html",2026-06-08 14:35:42
东方财富股吧,下雨没拿伞轮也该轮到平安了吧，最后三分钟十二万手有点抢筹的意思。,06-01 12:35,平安银行(000001),下雨没拿伞轮也该轮到平安了吧，最后三分钟十二万手有点抢筹的意思。,102,2,"https://guba.eastmoney.com/news,000001,1717773128.html",2026-06-08 14:35:42
东方财富股吧,光大银行跟这个比怎么样,05-31 03:19,平安银行(000001),光大银行跟这个比怎么样,134,2,"https://guba.eastmoney.com/news,000001,1717690748.html",2026-06-08 14:35:42
东方财富股吧,1,05-01 07:49,平安银行(000001),1,130,12,"https://guba.eastmoney.com/news,000001,1702538846.html",2026-06-08 14:35:42
东方财富股吧,可以确定的是这支股票不会退市，还可以确定的是这支股票每年都有分红。更能确定的是这,05-30 05:36,平安银行(000001),可以确定的是这支股票不会退市，还可以确定的是这支股票每年都有分红。更能确定的是这,381,3,"https://guba.eastmoney.com/news,000001,1717660847.html",2026-06-08 14:35:42
东方财富股吧,减持害死了散户,05-31 11:10,平安银行(000001),减持害死了散户,928,2,"https://guba.eastmoney.com/news,000001,1717709763.html",2026-06-08 14:35:42
东方财富股吧,科幻股必杀…一而再再而三的杀跌…银行必上涨,05-30 06:59,平安银行(000001),科幻股必杀…一而再再而三的杀跌…银行必上涨,151,1,"https://guba.eastmoney.com/news,000001,1717666677.html",2026-06-08 14:35:42
东方财富股吧,下星期银行证券白酒医药开启暴涨模式，有希望取代光模块等被爆炒过的板块。,05-30 09:11,平安银行(000001),下星期银行证券白酒医药开启暴涨模式，有希望取代光模块等被爆炒过的板块。,132,2,"https://guba.eastmoney.com/news,000001,1717675555.html",2026-06-08 14:35:42
东方财富股吧,下周主力将暴拉银行股，掩护高科技资金撤退。,05-30 07:31,平安银行(000001),下周主力将暴拉银行股，掩护高科技资金撤退。,179,3,"https://guba.eastmoney.com/news,000001,1717608928.html",2026-06-08 14:35:42
东方财富股吧,我在自选股中，大都看到主力进市的影子唯独未看到平安银行股票，说明什么？主力未看好,05-31 08:25,平安银行(000001),我在自选股中，大都看到主力进市的影子唯独未看到平安银行股票，说明什么？主力未看好,123,0,"https://guba.eastmoney.com/news,000001,1717698256.html",2026-06-08 14:35:43
东方财富股吧,$温氏股份(SZ300498)$$工商银行(SH601398)$$平安银行(SZ,05-31 06:00,平安银行(000001),$温氏股份(SZ300498)$$工商银行(SH601398)$$平安银行(SZ,355,0,"https://guba.eastmoney.com/news,300498,1717692953.html",2026-06-08 14:35:43
东方财富股吧,26年净利润保持2元，分红6毛，净资产增加1.4元，年均股价涨50%也有0.7元,05-30 07:42,平安银行(000001),26年净利润保持2元，分红6毛，净资产增加1.4元，年均股价涨50%也有0.7元,421,5,"https://guba.eastmoney.com/news,000001,1717610249.html",2026-06-08 14:35:43
东方财富股吧,平安不灭，天理不容,05-29 10:55,平安银行(000001),平安不灭，天理不容,114,2,"https://guba.eastmoney.com/news,000001,1717574972.html",2026-06-08 14:35:43
东方财富股吧,平银现在的优势是，目前估值不高，一季度财报出现拐点，半年报看能否进一步验证。图形,05-29 05:46,平安银行(000001),平银现在的优势是，目前估值不高，一季度财报出现拐点，半年报看能否进一步验证。图形,336,3,"https://guba.eastmoney.com/news,000001,1717495528.html",2026-06-08 14:35:43
东方财富股吧,这个位置可以建仓吗？,05-30 03:47,平安银行(000001),这个位置可以建仓吗？,104,2,"https://guba.eastmoney.com/news,000001,1717652488.html",2026-06-08 14:35:43
东方财富股吧,就是冲着分红来的平安银行有二次分红6月中旬和10月中旬。分红除权贴权的继续加，低,05-30 03:21,平安银行(000001),就是冲着分红来的平安银行有二次分红6月中旬和10月中旬。分红除权贴权的继续加，低,601,4,"https://guba.eastmoney.com/news,000001,1717650779.html",2026-06-08 14:35:43
东方财富股吧,你涨了我怎么加仓,05-30 06:42,平安银行(000001),你涨了我怎么加仓,71,1,"https://guba.eastmoney.com/news,000001,1717604344.html",2026-06-08 14:35:43
东方财富股吧,我昨天才想着买点平安银行，钱还没准备好，他却开车了。啥时候才能再有低价上车机会呀,05-29 08:45,平安银行(000001),我昨天才想着买点平安银行，钱还没准备好，他却开车了。啥时候才能再有低价上车机会呀,334,5,"https://guba.eastmoney.com/news,000001,1717541537.html",2026-06-08 14:35:43
东方财富股吧,月线图显示平安银行没有跟随银行板块在23、24、25年上涨，原因很多，在此不再赘,05-30 02:34,平安银行(000001),月线图显示平安银行没有跟随银行板块在23、24、25年上涨，原因很多，在此不再赘,658,8,"https://guba.eastmoney.com/news,000001,1717592220.html",2026-06-08 14:35:43
东方财富股吧,千万不要涨，越涨我本金越多，可以融资越多，买入就越多，陷入无限循环了，我怕到时候,05-30 11:54,平安银行(000001),千万不要涨，越涨我本金越多，可以融资越多，买入就越多，陷入无限循环了，我怕到时候,86,0,"https://guba.eastmoney.com/news,000001,1717636027.html",2026-06-08 14:35:43
东方财富股吧,条件单上个月11.5没成交，搞坏了心疼，多次补仓，最终浮盈变亏损,05-30 01:07,平安银行(000001),条件单上个月11.5没成交，搞坏了心疼，多次补仓，最终浮盈变亏损,75,0,"https://guba.eastmoney.com/news,000001,1717589608.html",2026-06-08 14:35:43
东方财富股吧,完了，10.88想做个t的，难道t飞了,05-29 01:51,平安银行(000001),完了，10.88想做个t的，难道t飞了,156,4,"https://guba.eastmoney.com/news,000001,1717257262.html",2026-06-08 14:35:43
东方财富股吧,6月努力一把，争取上12,05-29 04:25,平安银行(000001),6月努力一把，争取上12,119,2,"https://guba.eastmoney.com/news,000001,1717465675.html",2026-06-08 14:35:43
东方财富股吧,平安系是不是有大雷,05-29 11:53,平安银行(000001),平安系是不是有大雷,106,2,"https://guba.eastmoney.com/news,000001,1717132189.html",2026-06-08 14:35:43
东方财富股吧,不要看谁赚的多，要比别人有耐心，钱是坚定持有慢慢等来的，有价值的公司总会价值回归,05-29 02:24,平安银行(000001),不要看谁赚的多，要比别人有耐心，钱是坚定持有慢慢等来的，有价值的公司总会价值回归,143,3,"https://guba.eastmoney.com/news,000001,1717333896.html",2026-06-08 14:35:43
东方财富股吧,这股是有妖股潜质的，跌不到哪里去，但是能涨到翻倍,05-29 08:40,平安银行(000001),这股是有妖股潜质的，跌不到哪里去，但是能涨到翻倍,84,0,"https://guba.eastmoney.com/news,000001,1717540541.html",2026-06-08 14:35:43
东方财富股吧,割肉了，受不了了，随便追一个科技股AI股，都赚翻了，浪费时间。,05-29 08:39,平安银行(000001),割肉了，受不了了，随便追一个科技股AI股，都赚翻了，浪费时间。,96,1,"https://guba.eastmoney.com/news,000001,1716738944.html",2026-06-08 14:35:43
东方财富股吧,今天涨得有点头晕目眩，马上就回本了，烦死了,05-29 08:15,平安银行(000001),今天涨得有点头晕目眩，马上就回本了，烦死了,63,0,"https://guba.eastmoney.com/news,000001,1717534682.html",2026-06-08 14:35:43
东方财富股吧,晕死，没钱买了！拆迁款，还没到帐！先别涨！！！！,05-29 10:44,平安银行(000001),晕死，没钱买了！拆迁款，还没到帐！先别涨！！！！,63,1,"https://guba.eastmoney.com/news,000001,1717017634.html",2026-06-08 14:35:43
东方财富股吧,个贷负增长好不好,05-29 03:20,平安银行(000001),个贷负增长好不好,347,1,"https://guba.eastmoney.com/news,000001,1717432019.html",2026-06-08 14:35:43
东方财富股吧,赶紧靴子落地，宣布发行可转债吧，不然都怕,05-29 02:44,平安银行(000001),赶紧靴子落地，宣布发行可转债吧，不然都怕,89,1,"https://guba.eastmoney.com/news,000001,1717374592.html",2026-06-08 14:35:43
东方财富股吧,昙花一现,05-29 05:03,平安银行(000001),昙花一现,55,0,"https://guba.eastmoney.com/news,000001,1717480802.html",2026-06-08 14:35:43
东方财富股吧,晚上应该有个分红公告！登记日4，除权日5！,05-29 02:09,平安银行(000001),晚上应该有个分红公告！登记日4，除权日5！,346,3,"https://guba.eastmoney.com/news,000001,1717299315.html",2026-06-08 14:35:43
东方财富股吧,6月坚定持有。,05-29 04:33,平安银行(000001),6月坚定持有。,57,0,"https://guba.eastmoney.com/news,000001,1717468799.html",2026-06-08 14:35:43
东方财富股吧,啥时候分红啊,05-29 04:12,平安银行(000001),啥时候分红啊,88,1,"https://guba.eastmoney.com/news,000001,1717459548.html",2026-06-08 14:35:43
东方财富股吧,尾盘什么情况？,05-29 03:02,平安银行(000001),尾盘什么情况？,376,7,"https://guba.eastmoney.com/news,000001,1717411531.html",2026-06-08 14:35:43
东方财富股吧,今天赚钱了，相互变红了，科技跌麻了,05-29 04:09,平安银行(000001),今天赚钱了，相互变红了，科技跌麻了,61,0,"https://guba.eastmoney.com/news,000001,1717458438.html",2026-06-08 14:35:43
东方财富股吧,零售业务承压，这些银行何以逆势增长？,05-29 01:14,平安银行(000001),零售业务承压，这些银行何以逆势增长？,1824,3,"https://guba.eastmoney.com/news,002142,1717189485.html",2026-06-08 14:35:43
东方财富股吧,2种情况：1。暴力突破13~15，2。曲折震荡到13~15！因为科技下跌，如果要,05-29 03:15,平安银行(000001),2种情况：1。暴力突破13~15，2。曲折震荡到13~15！因为科技下跌，如果要,107,0,"https://guba.eastmoney.com/news,000001,1717428519.html",2026-06-08 14:35:43
东方财富股吧,想买5w玩玩的，结果买成5w股了，下周能连涨不,05-29 02:39,平安银行(000001),想买5w玩玩的，结果买成5w股了，下周能连涨不,118,1,"https://guba.eastmoney.com/news,000001,1717363768.html",2026-06-08 14:35:43
东方财富股吧,啥时候分红？,05-29 03:09,平安银行(000001),啥时候分红？,50,0,"https://guba.eastmoney.com/news,000001,1717421854.html",2026-06-08 14:35:43
东方财富股吧,达安，望你守护健康中国！100~2100股之间买卖切换，记录。,05-26 04:21,平安银行(000001),达安，望你守护健康中国！100~2100股之间买卖切换，记录。,847,4,"https://guba.eastmoney.com/news,002030,1714856982.html",2026-06-08 14:35:44
东方财富股吧,凉席屁，哪来这么多买盘？,05-29 02:36,平安银行(000001),凉席屁，哪来这么多买盘？,75,1,"https://guba.eastmoney.com/news,000001,1717358330.html",2026-06-08 14:35:44
东方财富股吧,看K线图头肩底形成底部不知道还要多长时间打磨，拿着分红，分几年红成本自然下降，不,05-29 03:03,平安银行(000001),看K线图头肩底形成底部不知道还要多长时间打磨，拿着分红，分几年红成本自然下降，不,57,0,"https://guba.eastmoney.com/news,000001,1717414022.html",2026-06-08 14:35:44
东方财富股吧,温和放量上涨，这次应该稳了,05-29 02:57,平安银行(000001),温和放量上涨，这次应该稳了,143,1,"https://guba.eastmoney.com/news,000001,1717401570.html",2026-06-08 14:35:44
东方财富股吧,@妙想@炒股冠军军哥炒股冠军方军，提醒银行机会。不喜欢冒险的股友成，低买银行1成,05-29 02:47,平安银行(000001),@妙想@炒股冠军军哥炒股冠军方军，提醒银行机会。不喜欢冒险的股友成，低买银行1成,2360,1,"https://guba.eastmoney.com/news,000001,1717379891.html",2026-06-08 14:35:44
东方财富股吧,此股一涨千股枯,05-29 02:46,平安银行(000001),此股一涨千股枯,48,0,"https://guba.eastmoney.com/news,000001,1717378168.html",2026-06-08 14:35:44
东方财富股吧,10.9开始买的，这么快就涨回来了啊，我还没买够啊,05-29 02:37,平安银行(000001),10.9开始买的，这么快就涨回来了啊，我还没买够啊,58,0,"https://guba.eastmoney.com/news,000001,1717360029.html",2026-06-08 14:35:44
东方财富股吧,11.73收盘的话，后天就是12.90，高层行驶市值管理提升股价立马翻倍去，严重,05-29 01:01,平安银行(000001),11.73收盘的话，后天就是12.90，高层行驶市值管理提升股价立马翻倍去，严重,242,12,"https://guba.eastmoney.com/news,000001,1717168364.html",2026-06-08 14:35:44
东方财富股吧,银行是今年主旋律了，平安的分红还是不错的，比那些铁公鸡强多了,05-29 01:25,平安银行(000001),银行是今年主旋律了，平安的分红还是不错的，比那些铁公鸡强多了,131,3,"https://guba.eastmoney.com/news,000001,1717209159.html",2026-06-08 14:35:44
东方财富股吧,如果每天涨1毛连涨81天，不知道会发生什么事情，估计会疯掉一大片人。,05-29 02:10,平安银行(000001),如果每天涨1毛连涨81天，不知道会发生什么事情，估计会疯掉一大片人。,76,1,"https://guba.eastmoney.com/news,000001,1717301469.html",2026-06-08 14:35:44
东方财富股吧,招商银行一阳穿8阴,05-29 02:00,平安银行(000001),招商银行一阳穿8阴,78,1,"https://guba.eastmoney.com/news,000001,1717276676.html",2026-06-08 14:35:44
东方财富股吧,今日收盘价为11.01元,05-29 01:47,平安银行(000001),今日收盘价为11.01元,70,1,"https://guba.eastmoney.com/news,000001,1717248743.html",2026-06-08 14:35:44
东方财富股吧,上啊，等啥呢,05-29 01:55,平安银行(000001),上啊，等啥呢,47,0,"https://guba.eastmoney.com/news,000001,1717265464.html",2026-06-08 14:35:44
东方财富股吧,大涨8个点，一扫晦气,05-29 01:55,平安银行(000001),大涨8个点，一扫晦气,49,0,"https://guba.eastmoney.com/news,000001,1717264862.html",2026-06-08 14:35:44
东方财富股吧,大阳，大阳，呼唤大阳。,05-29 01:05,平安银行(000001),大阳，大阳，呼唤大阳。,45,1,"https://guba.eastmoney.com/news,000001,1717173690.html",2026-06-08 14:35:44
东方财富股吧,回本了，走不走,05-29 11:06,平安银行(000001),回本了，走不走,129,7,"https://guba.eastmoney.com/news,000001,1717064893.html",2026-06-08 14:35:44
东方财富股吧,十前年我喊你买平安，你说我是托，我说股市有托吗？今天我继续喊你买平安，你还要叫我,05-29 12:22,平安银行(000001),十前年我喊你买平安，你说我是托，我说股市有托吗？今天我继续喊你买平安，你还要叫我,205,6,"https://guba.eastmoney.com/news,000001,1717145977.html",2026-06-08 14:35:44
东方财富股吧,平银分红不错，业绩也转正了，以为要起来了，股价却一直在底部打转，真的难理解。这股,05-28 03:32,平安银行(000001),平银分红不错，业绩也转正了，以为要起来了，股价却一直在底部打转，真的难理解。这股,280,2,"https://guba.eastmoney.com/news,000001,1716539710.html",2026-06-08 14:35:44
东方财富股吧,#炒股日记#,05-29 01:30,平安银行(000001),#炒股日记#,121,0,"https://guba.eastmoney.com/news,000001,1717218322.html",2026-06-08 14:35:44
东方财富股吧,唤醒沉睡的记忆，王者归来,05-29 01:22,平安银行(000001),唤醒沉睡的记忆，王者归来,49,0,"https://guba.eastmoney.com/news,000001,1717204694.html",2026-06-08 14:35:44
东方财富股吧,$平安银行(SZ000001)$,05-29 01:21,平安银行(000001),$平安银行(SZ000001)$,43,0,"https://guba.eastmoney.com/news,000001,1717202457.html",2026-06-08 14:35:44
东方财富股吧,涨一点吧,05-29 12:16,平安银行(000001),涨一点吧,53,1,"https://guba.eastmoney.com/news,000001,1717143458.html",2026-06-08 14:35:44
东方财富股吧,好好表现一下，好好当好龙头股。,05-29 01:18,平安银行(000001),好好表现一下，好好当好龙头股。,45,0,"https://guba.eastmoney.com/news,000001,1717197282.html",2026-06-08 14:35:44
东方财富股吧,，,05-29 01:16,平安银行(000001),，,45,0,"https://guba.eastmoney.com/news,000001,1717193179.html",2026-06-08 14:35:44
东方财富股吧,10.6几卖的，你们的心情怎么样？把你们的心情说出来，让大家高兴高兴。,05-29 10:15,平安银行(000001),10.6几卖的，你们的心情怎么样？把你们的心情说出来，让大家高兴高兴。,179,7,"https://guba.eastmoney.com/news,000001,1716943048.html",2026-06-08 14:35:44
东方财富股吧,平安银行给重庆银行提鞋都不配,05-29 11:51,平安银行(000001),平安银行给重庆银行提鞋都不配,63,1,"https://guba.eastmoney.com/news,000001,1717131266.html",2026-06-08 14:35:44
东方财富股吧,见底了吗？还没加仓,05-29 12:11,平安银行(000001),见底了吗？还没加仓,46,0,"https://guba.eastmoney.com/news,000001,1717141484.html",2026-06-08 14:35:44
东方财富股吧,为什么我说现在银行最看好平安。当然指标都有滞后性，且走出来后才知道。,05-29 11:55,平安银行(000001),为什么我说现在银行最看好平安。当然指标都有滞后性，且走出来后才知道。,219,0,"https://guba.eastmoney.com/news,000001,1717133163.html",2026-06-08 14:35:44
东方财富股吧,ETF基金和证金大量退出，造成金容股大铁，兴业银行股东会上说的,05-26 09:48,平安银行(000001),ETF基金和证金大量退出，造成金容股大铁，兴业银行股东会上说的,643,6,"https://guba.eastmoney.com/news,601211,1714950129.html",2026-06-08 14:35:44
东方财富股吧,平安银行：2026年一季度公司实现营业收入352.77亿元，同比增长4.7%,05-27 08:35,平安银行(000001),平安银行：2026年一季度公司实现营业收入352.77亿元，同比增长4.7%,2933,31,"https://guba.eastmoney.com/news,000001,1715803887.html",2026-06-08 14:35:44
东方财富股吧,今天过年了,05-29 11:04,平安银行(000001),今天过年了,85,3,"https://guba.eastmoney.com/news,000001,1717061692.html",2026-06-08 14:35:44
东方财富股吧,中车拉高就要跑，今天老登小涨，昨天加的平安今天T出去了，要安全稳的只能赚点小钱，,05-29 11:29,平安银行(000001),中车拉高就要跑，今天老登小涨，昨天加的平安今天T出去了，要安全稳的只能赚点小钱，,77,0,"https://guba.eastmoney.com/news,601766,1717111927.html",2026-06-08 14:35:44
东方财富股吧,科技就这样走完了？这样突然告一段落？,05-29 11:22,平安银行(000001),科技就这样走完了？这样突然告一段落？,49,0,"https://guba.eastmoney.com/news,000001,1717097810.html",2026-06-08 14:35:44
东方财富股吧,买入高增长、买入拿高分红又翻倍，银行股市盈率平均7.6对应价23.40，长期投资,05-28 10:08,平安银行(000001),买入高增长、买入拿高分红又翻倍，银行股市盈率平均7.6对应价23.40，长期投资,272,12,"https://guba.eastmoney.com/news,000001,1716068346.html",2026-06-08 14:35:45
东方财富股吧,下个月分红了，炒科技的到这里来的，低位分红+落袋为安！,05-29 11:10,平安银行(000001),下个月分红了，炒科技的到这里来的，低位分红+落袋为安！,44,0,"https://guba.eastmoney.com/news,000001,1717073929.html",2026-06-08 14:35:45
东方财富股吧,疯掉了，涨这么多，想买点闭下风，算了空着吧！,05-29 11:06,平安银行(000001),疯掉了，涨这么多，想买点闭下风，算了空着吧！,50,0,"https://guba.eastmoney.com/news,000001,1717066162.html",2026-06-08 14:35:45
东方财富股吧,这银行和这些红利全都是稳指数的，前两天疯狂卖现在今天科技跌了又买入银行。,05-29 11:02,平安银行(000001),这银行和这些红利全都是稳指数的，前两天疯狂卖现在今天科技跌了又买入银行。,50,0,"https://guba.eastmoney.com/news,000001,1717056212.html",2026-06-08 14:35:45
东方财富股吧,冲啊,05-29 11:01,平安银行(000001),冲啊,43,0,"https://guba.eastmoney.com/news,000001,1717053758.html",2026-06-08 14:35:45
东方财富股吧,今天涨得我头晕目眩的,05-29 10:24,平安银行(000001),今天涨得我头晕目眩的,85,2,"https://guba.eastmoney.com/news,000001,1716969290.html",2026-06-08 14:35:45
东方财富股吧,6月以前拉升银行，才能拉高保险股的公允值收益，财报才会好看！,05-29 10:51,平安银行(000001),6月以前拉升银行，才能拉高保险股的公允值收益，财报才会好看！,59,0,"https://guba.eastmoney.com/news,000001,1717033194.html",2026-06-08 14:35:45
东方财富股吧,快跑大盘要翻红了！,05-29 10:42,平安银行(000001),快跑大盘要翻红了！,45,0,"https://guba.eastmoney.com/news,000001,1717014889.html",2026-06-08 14:35:45
东方财富股吧,啊啊啊啊啊啊啊啊啊,05-29 10:33,平安银行(000001),啊啊啊啊啊啊啊啊啊,47,0,"https://guba.eastmoney.com/news,000001,1716992935.html",2026-06-08 14:35:45
东方财富股吧,再买再跌，再卖再涨,05-29 10:31,平安银行(000001),再买再跌，再卖再涨,39,0,"https://guba.eastmoney.com/news,000001,1716989111.html",2026-06-08 14:35:45
东方财富股吧,就算平安银行今天涨停，我也还是亏钱,05-29 10:23,平安银行(000001),就算平安银行今天涨停，我也还是亏钱,42,0,"https://guba.eastmoney.com/news,000001,1716967905.html",2026-06-08 14:35:45
东方财富股吧,作为房地产龙头，也该起飞了,05-29 10:22,平安银行(000001),作为房地产龙头，也该起飞了,37,0,"https://guba.eastmoney.com/news,000001,1716964418.html",2026-06-08 14:35:45
东方财富股吧,可以介入了吗？,05-29 10:11,平安银行(000001),可以介入了吗？,60,1,"https://guba.eastmoney.com/news,000001,1716933202.html",2026-06-08 14:35:45
东方财富股吧,卖不完，根本卖不完，永远的垃圾,05-29 10:17,平安银行(000001),卖不完，根本卖不完，永远的垃圾,44,0,"https://guba.eastmoney.com/news,000001,1716949435.html",2026-06-08 14:35:45
东方财富股吧,快拉银行股，大盘顶不住了。,05-29 10:09,平安银行(000001),快拉银行股，大盘顶不住了。,51,1,"https://guba.eastmoney.com/news,000001,1716926420.html",2026-06-08 14:35:45
东方财富股吧,大盘翘翘板，昨天10.64进，今天10.74出。拿一半仓位来做T。我就不信干不过,05-29 09:53,平安银行(000001),大盘翘翘板，昨天10.64进，今天10.74出。拿一半仓位来做T。我就不信干不过,84,3,"https://guba.eastmoney.com/news,000001,1716866142.html",2026-06-08 14:35:45
东方财富股吧,老实的中国人！5年前我3元买入农业银行，一直没有动！今年我10.64买入平安银行,05-28 05:35,平安银行(000001),老实的中国人！5年前我3元买入农业银行，一直没有动！今年我10.64买入平安银行,405,8,"https://guba.eastmoney.com/news,000001,1716585513.html",2026-06-08 14:35:45
东方财富股吧,下来啊?我就抄，上去我就再出一半。,05-29 09:56,平安银行(000001),下来啊?我就抄，上去我就再出一半。,43,0,"https://guba.eastmoney.com/news,000001,1716878870.html",2026-06-08 14:35:45
东方财富股吧,近五年来最低9元最高25元。现在的价格谁怕谁。坐收利息好过存银行。,05-29 09:43,平安银行(000001),近五年来最低9元最高25元。现在的价格谁怕谁。坐收利息好过存银行。,43,0,"https://guba.eastmoney.com/news,000001,1716827382.html",2026-06-08 14:35:45
东方财富股吧,中国大陆的科幻股将会在“狂欢中爆炸……走着瞧吧！…这样说不客观吗？？？？,05-29 09:42,平安银行(000001),中国大陆的科幻股将会在“狂欢中爆炸……走着瞧吧！…这样说不客观吗？？？？,47,0,"https://guba.eastmoney.com/news,000001,1716823699.html",2026-06-08 14:35:45
东方财富股吧,千手哥睡醒了，开始砸盘。,05-29 09:36,平安银行(000001),千手哥睡醒了，开始砸盘。,39,0,"https://guba.eastmoney.com/news,000001,1716801737.html",2026-06-08 14:35:45
东方财富股吧,什么时候才派息？,05-29 09:34,平安银行(000001),什么时候才派息？,45,0,"https://guba.eastmoney.com/news,000001,1716797726.html",2026-06-08 14:35:45
东方财富股吧,这是牛市还是股灾？？？,05-28 07:13,平安银行(000001),这是牛市还是股灾？？？,82,1,"https://guba.eastmoney.com/news,000001,1716613684.html",2026-06-08 14:35:45
东方财富股吧,平安银行：融资净买入1744.96万元，融资余额55.67亿元,05-29 09:12,平安银行(000001),平安银行：融资净买入1744.96万元，融资余额55.67亿元,81,0,"https://guba.eastmoney.com/news,000001,1716752035.html",2026-06-08 14:35:45
东方财富股吧,证金满打满算不到40亿的持仓，这么久了，还没有卖完吗,05-29 08:50,平安银行(000001),证金满打满算不到40亿的持仓，这么久了，还没有卖完吗,56,0,"https://guba.eastmoney.com/news,000001,1716741405.html",2026-06-08 14:35:45
东方财富股吧,我如果能做决定我就10号公布日期11号登记日12号除权。股息到账。哈哈哈！,05-29 06:49,平安银行(000001),我如果能做决定我就10号公布日期11号登记日12号除权。股息到账。哈哈哈！,125,3,"https://guba.eastmoney.com/news,000001,1716719327.html",2026-06-08 14:35:45
东方财富股吧,谁能想到10年没涨，市值还不如2015年。,05-29 08:33,平安银行(000001),谁能想到10年没涨，市值还不如2015年。,60,0,"https://guba.eastmoney.com/news,000001,1716737331.html",2026-06-08 14:35:45
东方财富股吧,天，不复权价格跌回两年前了,05-28 08:20,平安银行(000001),天，不复权价格跌回两年前了,84,0,"https://guba.eastmoney.com/news,000001,1716631938.html",2026-06-08 14:35:45
东方财富股吧,请问要不要珍惜10.66元的平安银行,05-28 03:45,平安银行(000001),请问要不要珍惜10.66元的平安银行,145,2,"https://guba.eastmoney.com/news,000001,1716546294.html",2026-06-08 14:35:45
东方财富股吧,买个放18年，能回本吗？,05-28 04:57,平安银行(000001),买个放18年，能回本吗？,96,3,"https://guba.eastmoney.com/news,000001,1716573033.html",2026-06-08 14:35:45
东方财富股吧,踏马的，那些所谓的科技股有业绩吗？炒到几百上千块，说好的价值投资呢,05-28 10:20,平安银行(000001),踏马的，那些所谓的科技股有业绩吗？炒到几百上千块，说好的价值投资呢,69,2,"https://guba.eastmoney.com/news,000001,1716669981.html",2026-06-08 14:35:45
东方财富股吧,啥时候才能止跌企稳,05-28 09:50,平安银行(000001),啥时候才能止跌企稳,53,2,"https://guba.eastmoney.com/news,000001,1716660419.html",2026-06-08 14:35:45
东方财富股吧,老登股出货去买科技股了！,05-29 06:03,平安银行(000001),老登股出货去买科技股了！,49,0,"https://guba.eastmoney.com/news,000001,1716713927.html",2026-06-08 14:35:45
东方财富股吧,基本面好的股票也要看趋势.有些人以为看看几个指标就能判断低或者高.那么简单股市谁,05-28 03:22,平安银行(000001),基本面好的股票也要看趋势.有些人以为看看几个指标就能判断低或者高.那么简单股市谁,1270,14,"https://guba.eastmoney.com/news,000001,1716532821.html",2026-06-08 14:35:46
东方财富股吧,看完中信银行，发现平安银行也没那么丑陋了，中信这个k线咋看就是退市*st股呀,05-28 11:41,平安银行(000001),看完中信银行，发现平安银行也没那么丑陋了，中信这个k线咋看就是退市*st股呀,592,5,"https://guba.eastmoney.com/news,000001,1716691048.html",2026-06-08 14:35:46
东方财富股吧,睡不着,05-29 12:43,平安银行(000001),睡不着,48,0,"https://guba.eastmoney.com/news,000001,1716698870.html",2026-06-08 14:35:46
东方财富股吧,银行股21年到26年5年间没有行情，大盘指数怎么涨都以它没有关系，白酒也一样，赚,05-28 10:38,平安银行(000001),银行股21年到26年5年间没有行情，大盘指数怎么涨都以它没有关系，白酒也一样，赚,132,3,"https://guba.eastmoney.com/news,000001,1716675717.html",2026-06-08 14:35:46
东方财富股吧,聚势AI向新 深圳加速构建产融生态,05-28 10:29,平安银行(000001),聚势AI向新 深圳加速构建产融生态,955,0,"https://guba.eastmoney.com/news,hk03968,1716672975.html",2026-06-08 14:35:46
东方财富股吧,现在买进去就是套，下方还有20%的空间,05-28 10:13,平安银行(000001),现在买进去就是套，下方还有20%的空间,51,0,"https://guba.eastmoney.com/news,000001,1716667670.html",2026-06-08 14:35:46
东方财富股吧,到底是哪个在源源不断的出货？,05-28 02:06,平安银行(000001),到底是哪个在源源不断的出货？,133,6,"https://guba.eastmoney.com/news,000001,1716419483.html",2026-06-08 14:35:46
东方财富股吧,现在买入等于买了10.3的平银，拿完26年的分红，成本就是9.7！预测现在27年,05-28 05:08,平安银行(000001),现在买入等于买了10.3的平银，拿完26年的分红，成本就是9.7！预测现在27年,197,2,"https://guba.eastmoney.com/news,000001,1716576718.html",2026-06-08 14:35:46
东方财富股吧,中报看看证金还在不在前十,05-28 01:22,平安银行(000001),中报看看证金还在不在前十,112,4,"https://guba.eastmoney.com/news,000001,1716339015.html",2026-06-08 14:35:46
东方财富股吧,完全是莫名其妙的走势，一季报从当天走势来看也算超预期，结果走成这样。估值打到还不,05-28 03:38,平安银行(000001),完全是莫名其妙的走势，一季报从当天走势来看也算超预期，结果走成这样。估值打到还不,173,1,"https://guba.eastmoney.com/news,000001,1716543468.html",2026-06-08 14:35:46
东方财富股吧,觉得便宜才买的，还会更便宜吗？,05-28 05:18,平安银行(000001),觉得便宜才买的，还会更便宜吗？,159,3,"https://guba.eastmoney.com/news,000001,1716580006.html",2026-06-08 14:35:46
东方财富股吧,你厉害，我持有快两年呢，成本比你还高1元，你买入时机比较好[赞],05-28 05:12,平安银行(000001),你厉害，我持有快两年呢，成本比你还高1元，你买入时机比较好[赞],79,0,"https://guba.eastmoney.com/news,000001,1716577890.html",2026-06-08 14:35:46
东方财富股吧,跌吧，还有20W能补仓，争取今年存到5W股,05-28 03:05,平安银行(000001),跌吧，还有20W能补仓，争取今年存到5W股,399,3,"https://guba.eastmoney.com/news,000001,1716519845.html",2026-06-08 14:35:46
东方财富股吧,下个月要反了吧，今天，券商，保险，银行！一起砸盘！,05-28 04:48,平安银行(000001),下个月要反了吧，今天，券商，保险，银行！一起砸盘！,54,0,"https://guba.eastmoney.com/news,000001,1716569849.html",2026-06-08 14:35:46
东方财富股吧,10.66加了点仓。,05-28 02:56,平安银行(000001),10.66加了点仓。,105,4,"https://guba.eastmoney.com/news,000001,1716506146.html",2026-06-08 14:35:46
东方财富股吧,证金赶紧用力砸完啊？砸到10我好接盘,05-28 01:33,平安银行(000001),证金赶紧用力砸完啊？砸到10我好接盘,60,1,"https://guba.eastmoney.com/news,000001,1716358060.html",2026-06-08 14:35:46
东方财富股吧,真不知担心平银下跌的人是用什么思维问题的,05-28 03:49,平安银行(000001),真不知担心平银下跌的人是用什么思维问题的,83,1,"https://guba.eastmoney.com/news,000001,1716548018.html",2026-06-08 14:35:46
东方财富股吧,货。就没涨过，，22啥时候回本,05-28 03:32,平安银行(000001),货。就没涨过，，22啥时候回本,71,1,"https://guba.eastmoney.com/news,000001,1716539796.html",2026-06-08 14:35:46
东方财富股吧,11.5走的我很机智,05-28 03:39,平安银行(000001),11.5走的我很机智,51,0,"https://guba.eastmoney.com/news,000001,1716543644.html",2026-06-08 14:35:46
东方财富股吧,$平安银行(SZ000001)$,05-28 03:19,平安银行(000001),$平安银行(SZ000001)$,60,1,"https://guba.eastmoney.com/news,000001,1716530781.html",2026-06-08 14:35:46
东方财富股吧,半导体代表一切了，其他股票都是陪跑的,05-28 03:14,平安银行(000001),半导体代表一切了，其他股票都是陪跑的,49,0,"https://guba.eastmoney.com/news,000001,1716527758.html",2026-06-08 14:35:46
东方财富股吧,这样的行情对银行是利好，股市赚不到钱，大家都把钱存回银行去了,05-28 03:07,平安银行(000001),这样的行情对银行是利好，股市赚不到钱，大家都把钱存回银行去了,64,1,"https://guba.eastmoney.com/news,000001,1716522385.html",2026-06-08 14:35:46
东方财富股吧,平安还能继续这么跌啊,05-28 03:12,平安银行(000001),平安还能继续这么跌啊,53,0,"https://guba.eastmoney.com/news,000001,1716525883.html",2026-06-08 14:35:46
东方财富股吧,平安银行：截至2026年3月末公司普通股股东总户数为457610户,05-27 09:08,平安银行(000001),平安银行：截至2026年3月末公司普通股股东总户数为457610户,1320,5,"https://guba.eastmoney.com/news,000001,1715813990.html",2026-06-08 14:35:46
东方财富股吧,再不涨一点，准备减点仓了。到外面去试试运气。,05-28 03:08,平安银行(000001),再不涨一点，准备减点仓了。到外面去试试运气。,48,0,"https://guba.eastmoney.com/news,000001,1716522897.html",2026-06-08 14:35:46
东方财富股吧,不说话,05-28 02:02,平安银行(000001),不说话,142,2,"https://guba.eastmoney.com/news,000001,1716411969.html",2026-06-08 14:35:46
东方财富股吧,没有机构看好，又在减成持，服份分散，还得下跌,05-28 03:05,平安银行(000001),没有机构看好，又在减成持，服份分散，还得下跌,42,0,"https://guba.eastmoney.com/news,000001,1716519759.html",2026-06-08 14:35:46
东方财富股吧,"明天就是本月的最后一天了,收红,还是收绿?",05-28 03:04,平安银行(000001),"明天就是本月的最后一天了,收红,还是收绿?",43,0,"https://guba.eastmoney.com/news,000001,1716518696.html",2026-06-08 14:35:46
东方财富股吧,10.64买入平安，10.84舍不得卖出，结果就我只想说C!,05-28 03:02,平安银行(000001),10.64买入平安，10.84舍不得卖出，结果就我只想说C!,45,0,"https://guba.eastmoney.com/news,000001,1716516532.html",2026-06-08 14:35:46
东方财富股吧,大神们，明天咋看?今天能抄一点吗？搞顿火锅也好。,05-28 02:42,平安银行(000001),大神们，明天咋看?今天能抄一点吗？搞顿火锅也好。,61,2,"https://guba.eastmoney.com/news,000001,1716481459.html",2026-06-08 14:35:46
东方财富股吧,只想把诸位逼出来 去接科技,05-28 02:09,平安银行(000001),只想把诸位逼出来 去接科技,122,6,"https://guba.eastmoney.com/news,000001,1716424772.html",2026-06-08 14:35:46
东方财富股吧,我很少发帖子，今天忍不住了，我只想说主力这种砸法，砸这种优质股，我已经找不出话来,05-28 02:32,平安银行(000001),我很少发帖子，今天忍不住了，我只想说主力这种砸法，砸这种优质股，我已经找不出话来,216,8,"https://guba.eastmoney.com/news,000001,1716464152.html",2026-06-08 14:35:47
东方财富股吧,平安银行·网格交易,05-28 02:48,平安银行(000001),平安银行·网格交易,107,0,"https://guba.eastmoney.com/news,000001,1716492625.html",2026-06-08 14:35:47
东方财富股吧,这垃圾严重污染市场生态，应该清理出市场,05-28 02:31,平安银行(000001),这垃圾严重污染市场生态，应该清理出市场,58,1,"https://guba.eastmoney.com/news,000001,1716461609.html",2026-06-08 14:35:47
东方财富股吧,个位数不远了,05-28 02:47,平安银行(000001),个位数不远了,45,0,"https://guba.eastmoney.com/news,000001,1716489487.html",2026-06-08 14:35:47
东方财富股吧,你们成本多少，有多少股,05-28 02:46,平安银行(000001),你们成本多少，有多少股,42,0,"https://guba.eastmoney.com/news,000001,1716488923.html",2026-06-08 14:35:47
东方财富股吧,你们就这样重视市值管理啊？,05-28 02:37,平安银行(000001),你们就这样重视市值管理啊？,66,1,"https://guba.eastmoney.com/news,000001,1716471555.html",2026-06-08 14:35:47
东方财富股吧,平安银行真是好股票现在价格也很低就是不敢进，砸盘搅棍还有很多货，科创板上长还能,05-28 02:14,平安银行(000001),平安银行真是好股票现在价格也很低就是不敢进，砸盘搅棍还有很多货，科创板上长还能,134,4,"https://guba.eastmoney.com/news,000001,1716431935.html",2026-06-08 14:35:47
东方财富股吧,666，恶意砸盘,05-28 02:34,平安银行(000001),666，恶意砸盘,56,0,"https://guba.eastmoney.com/news,000001,1716465968.html",2026-06-08 14:35:47
东方财富股吧,万科还有50%的跌幅，平安银行至少下跌20%,05-28 02:33,平安银行(000001),万科还有50%的跌幅，平安银行至少下跌20%,55,0,"https://guba.eastmoney.com/news,000001,1716465470.html",2026-06-08 14:35:47
东方财富股吧,千手弟一路狂砸。股友们，你们顶得住吗?,05-28 02:26,平安银行(000001),千手弟一路狂砸。股友们，你们顶得住吗?,71,3,"https://guba.eastmoney.com/news,000001,1716452908.html",2026-06-08 14:35:47
东方财富股吧,真够恶心了,05-28 02:31,平安银行(000001),真够恶心了,48,0,"https://guba.eastmoney.com/news,000001,1716461001.html",2026-06-08 14:35:47
东方财富股吧,科技还是涨,05-28 02:28,平安银行(000001),科技还是涨,37,0,"https://guba.eastmoney.com/news,000001,1716455788.html",2026-06-08 14:35:47
东方财富股吧,往昔所造诸恶业，皆由无始贪嗔痴，从身语意之所生，一切我今皆忏悔。,05-28 01:50,平安银行(000001),往昔所造诸恶业，皆由无始贪嗔痴，从身语意之所生，一切我今皆忏悔。,65,2,"https://guba.eastmoney.com/news,000001,1716389696.html",2026-06-08 14:35:47
东方财富股吧,姚老板成本11.5附近，这么跌下去姚老板裤衩子都跌没了,05-28 11:37,平安银行(000001),姚老板成本11.5附近，这么跌下去姚老板裤衩子都跌没了,201,7,"https://guba.eastmoney.com/news,000001,1716254704.html",2026-06-08 14:35:47
东方财富股吧,指数都上去了，10.66还卖，下周卖多三毛钱不好吗？赔钱活该。,05-28 01:38,平安银行(000001),指数都上去了，10.66还卖，下周卖多三毛钱不好吗？赔钱活该。,94,4,"https://guba.eastmoney.com/news,000001,1716367964.html",2026-06-08 14:35:47
东方财富股吧,看不懂，看不懂!大盘都红了0.76%破银行股还往下跌!,05-28 02:04,平安银行(000001),看不懂，看不懂!大盘都红了0.76%破银行股还往下跌!,61,1,"https://guba.eastmoney.com/news,000001,1716415182.html",2026-06-08 14:35:47
东方财富股吧,虽然我也很生气，但平安银行最近在银行股里面算是表现还不错的。,05-28 02:02,平安银行(000001),虽然我也很生气，但平安银行最近在银行股里面算是表现还不错的。,51,0,"https://guba.eastmoney.com/news,000001,1716411559.html",2026-06-08 14:35:47
东方财富股吧,底部的天际股份为何本周大跌20%？！,05-28 01:56,平安银行(000001),底部的天际股份为何本周大跌20%？！,53,0,"https://guba.eastmoney.com/news,000636,1716400875.html",2026-06-08 14:35:47
东方财富股吧,底部的天际股份为何本周大跌20%？！,05-28 01:56,平安银行(000001),底部的天际股份为何本周大跌20%？！,46,0,"https://guba.eastmoney.com/news,600726,1716400364.html",2026-06-08 14:35:47
东方财富股吧,底部的天际股份为何本周大跌20%？！,05-28 01:55,平安银行(000001),底部的天际股份为何本周大跌20%？！,58,0,"https://guba.eastmoney.com/news,600584,1716398563.html",2026-06-08 14:35:47
东方财富股吧,底部的天际股份为何本周大跌20%？！,05-28 01:54,平安银行(000001),底部的天际股份为何本周大跌20%？！,32,0,"https://guba.eastmoney.com/news,002185,1716397948.html",2026-06-08 14:35:47
东方财富股吧,涨四天不够一天跌的,05-28 01:20,平安银行(000001),涨四天不够一天跌的,49,1,"https://guba.eastmoney.com/news,000001,1716336265.html",2026-06-08 14:35:47
东方财富股吧,观察：同样破净绩优，布局历史超跌消费还是追高银行拿着等待分红利息划算呢？现在指数,05-19 10:54,平安银行(000001),观察：同样破净绩优，布局历史超跌消费还是追高银行拿着等待分红利息划算呢？现在指数,605,7,"https://guba.eastmoney.com/news,000001,1710325624.html",2026-06-08 14:35:47
东方财富股吧,底部3794，还有300点，听天由命吧,05-28 01:32,平安银行(000001),底部3794，还有300点，听天由命吧,44,0,"https://guba.eastmoney.com/news,000001,1716357606.html",2026-06-08 14:35:47
东方财富股吧,为什么我买的一直跌,05-28 01:28,平安银行(000001),为什么我买的一直跌,49,1,"https://guba.eastmoney.com/news,000001,1716350980.html",2026-06-08 14:35:47
东方财富股吧,再也没有资金跟这个公司耗下去了，简直太奇葩的公司,05-28 01:26,平安银行(000001),再也没有资金跟这个公司耗下去了，简直太奇葩的公司,40,0,"https://guba.eastmoney.com/news,000001,1716347299.html",2026-06-08 14:35:47
东方财富股吧,你跌啥呢，我真无语了,05-28 01:21,平安银行(000001),你跌啥呢，我真无语了,44,1,"https://guba.eastmoney.com/news,000001,1716337473.html",2026-06-08 14:35:47
东方财富股吧,业绩是假的吧,05-28 01:18,平安银行(000001),业绩是假的吧,43,0,"https://guba.eastmoney.com/news,000001,1716331244.html",2026-06-08 14:35:47
东方财富股吧,护盘没你吗,05-28 01:11,平安银行(000001),护盘没你吗,40,0,"https://guba.eastmoney.com/news,000001,1716317491.html",2026-06-08 14:35:47
东方财富股吧,天天扯什么分红，，五粮液当时分红多少？充足的现金流，强大背景，现在在看看呢？？,05-15 01:31,平安银行(000001),天天扯什么分红，，五粮液当时分红多少？充足的现金流，强大背景，现在在看看呢？？,1313,25,"https://guba.eastmoney.com/news,000001,1708780186.html",2026-06-08 14:35:47
东方财富股吧,9.2-9.5今年估计会到,05-28 01:07,平安银行(000001),9.2-9.5今年估计会到,53,0,"https://guba.eastmoney.com/news,000001,1716309387.html",2026-06-08 14:35:47
东方财富股吧,什么时候分红,05-28 12:06,平安银行(000001),什么时候分红,69,1,"https://guba.eastmoney.com/news,000001,1716271217.html",2026-06-08 14:35:47
东方财富股吧,继续跳水，逃起来。。。。,05-28 01:03,平安银行(000001),继续跳水，逃起来。。。。,53,0,"https://guba.eastmoney.com/news,000001,1716301506.html",2026-06-08 14:35:47
东方财富股吧,垃圾草,05-28 12:45,平安银行(000001),垃圾草,49,0,"https://guba.eastmoney.com/news,000001,1716285435.html",2026-06-08 14:35:48
东方财富股吧,平安银行逾10亿元不良贷款资产包招商！抵押物涉五星级酒店银行业低迷源于低息差难以,05-20 10:46,平安银行(000001),平安银行逾10亿元不良贷款资产包招商！抵押物涉五星级酒店银行业低迷源于低息差难以,106,2,"https://guba.eastmoney.com/news,000001,1711094086.html",2026-06-08 14:35:48
东方财富股吧,证金公司在2015年三季度均价6元左右大手笔购入4亿多股，十多年的分红基本覆盖了,05-28 09:48,平安银行(000001),证金公司在2015年三季度均价6元左右大手笔购入4亿多股，十多年的分红基本覆盖了,157,1,"https://guba.eastmoney.com/news,000001,1716003552.html",2026-06-08 14:35:48
东方财富股吧,各位大神，3.58的市盈率是不是3.58年就可以回本？23元的净资产是不是每股值,05-28 10:54,平安银行(000001),各位大神，3.58的市盈率是不是3.58年就可以回本？23元的净资产是不是每股值,196,4,"https://guba.eastmoney.com/news,000001,1716179930.html",2026-06-08 14:35:48
东方财富股吧,昨天涨了一天，又可以跌十几天了,05-27 11:39,平安银行(000001),昨天涨了一天，又可以跌十几天了,61,1,"https://guba.eastmoney.com/news,000001,1715409040.html",2026-06-08 14:35:48
东方财富股吧,跌跌更健康呀！越绿越买，越涨越丢,05-28 11:38,平安银行(000001),跌跌更健康呀！越绿越买，越涨越丢,49,0,"https://guba.eastmoney.com/news,000001,1716255682.html",2026-06-08 14:35:48
东方财富股吧,那些卖的你是在担心不涨没有挣吗？真是可笑,05-28 10:47,平安银行(000001),那些卖的你是在担心不涨没有挣吗？真是可笑,59,2,"https://guba.eastmoney.com/news,000001,1716165213.html",2026-06-08 14:35:48
东方财富股吧,还跌，我c了,05-28 11:30,平安银行(000001),还跌，我c了,47,1,"https://guba.eastmoney.com/news,000001,1716248781.html",2026-06-08 14:35:48
东方财富股吧,从这个月初的11.60跌下来，到今天的10.69，快一个跌停了，竟然没有一次像样,05-28 11:32,平安银行(000001),从这个月初的11.60跌下来，到今天的10.69，快一个跌停了，竟然没有一次像样,70,0,"https://guba.eastmoney.com/news,000001,1716250958.html",2026-06-08 14:35:48
东方财富股吧,翘翘板，大盘回升下跌。,05-28 11:33,平安银行(000001),翘翘板，大盘回升下跌。,50,1,"https://guba.eastmoney.com/news,000001,1716251278.html",2026-06-08 14:35:48
东方财富股吧,我进来就绿了！这是进哪里绿哪里吗？,05-28 11:33,平安银行(000001),我进来就绿了！这是进哪里绿哪里吗？,52,1,"https://guba.eastmoney.com/news,000001,1716251386.html",2026-06-08 14:35:48
东方财富股吧,翘翘板，大盘回升破股下跌!,05-28 11:34,平安银行(000001),翘翘板，大盘回升破股下跌!,42,0,"https://guba.eastmoney.com/news,000001,1716252481.html",2026-06-08 14:35:48
东方财富股吧,建行追上你,05-26 10:21,平安银行(000001),建行追上你,86,0,"https://guba.eastmoney.com/news,000001,1714431454.html",2026-06-08 14:35:48
东方财富股吧,当市场极端时买再等等给你带来一笔不错收入…当它红了冉升起卖别忧烦果断清仓A股本来,05-28 11:14,平安银行(000001),当市场极端时买再等等给你带来一笔不错收入…当它红了冉升起卖别忧烦果断清仓A股本来,41,0,"https://guba.eastmoney.com/news,000001,1716221110.html",2026-06-08 14:35:48
东方财富股吧,下跌的量缩没,05-28 11:12,平安银行(000001),下跌的量缩没,49,0,"https://guba.eastmoney.com/news,000001,1716218381.html",2026-06-08 14:35:48
东方财富股吧,怎么分红还没到账,05-28 10:48,平安银行(000001),怎么分红还没到账,71,1,"https://guba.eastmoney.com/news,000001,1716166392.html",2026-06-08 14:35:48
东方财富股吧,其他票跌还会骂两句，你跌我都不生气了,05-28 11:09,平安银行(000001),其他票跌还会骂两句，你跌我都不生气了,45,0,"https://guba.eastmoney.com/news,000001,1716212579.html",2026-06-08 14:35:48
东方财富股吧,11.35买的，怎么跌跌不休了,05-28 11:09,平安银行(000001),11.35买的，怎么跌跌不休了,50,0,"https://guba.eastmoney.com/news,000001,1716211363.html",2026-06-08 14:35:48
东方财富股吧,卖出的挂单10.80就能出手，何必10.70这么急呢？你家着火了？,05-28 11:08,平安银行(000001),卖出的挂单10.80就能出手，何必10.70这么急呢？你家着火了？,39,0,"https://guba.eastmoney.com/news,000001,1716209688.html",2026-06-08 14:35:48
东方财富股吧,太多了，买不完,05-28 11:07,平安银行(000001),太多了，买不完,44,0,"https://guba.eastmoney.com/news,000001,1716207487.html",2026-06-08 14:35:48
东方财富股吧,你,05-28 11:06,平安银行(000001),你,36,0,"https://guba.eastmoney.com/news,000001,1716206009.html",2026-06-08 14:35:48
东方财富股吧,机构都是机械化管理，等下个月数据出来确认进入复苏就会争先恐后买进,05-28 10:58,平安银行(000001),机构都是机械化管理，等下个月数据出来确认进入复苏就会争先恐后买进,48,0,"https://guba.eastmoney.com/news,000001,1716188725.html",2026-06-08 14:35:48
东方财富股吧,不要了，我。。。。你。。。,05-28 10:47,平安银行(000001),不要了，我。。。。你。。。,46,1,"https://guba.eastmoney.com/news,000001,1716164006.html",2026-06-08 14:35:48
东方财富股吧,珍惜手中证券和银行、白酒、电力、商业零售、交通、消费、中国石化、中国石油等廉价的,05-28 10:45,平安银行(000001),珍惜手中证券和银行、白酒、电力、商业零售、交通、消费、中国石化、中国石油等廉价的,58,0,"https://guba.eastmoney.com/news,000001,1716160321.html",2026-06-08 14:35:48
东方财富股吧,当市场超级大中小散外加资管决定权衡板块上还是下时辰时……砖头给你意见等等……！！,05-28 10:38,平安银行(000001),当市场超级大中小散外加资管决定权衡板块上还是下时辰时……砖头给你意见等等……！！,49,0,"https://guba.eastmoney.com/news,000001,1716145146.html",2026-06-08 14:35:48
东方财富股吧,哇噻!千手哥睡醒了!必须点赞,05-28 10:25,平安银行(000001),哇噻!千手哥睡醒了!必须点赞,50,2,"https://guba.eastmoney.com/news,000001,1716115990.html",2026-06-08 14:35:48
东方财富股吧,每到最后的几秒，各种大卖单就砸出来了,05-27 03:04,平安银行(000001),每到最后的几秒，各种大卖单就砸出来了,393,4,"https://guba.eastmoney.com/news,000001,1715676762.html",2026-06-08 14:35:48
东方财富股吧,中小银行都是一堆垃圾,05-28 10:15,平安银行(000001),中小银行都是一堆垃圾,40,0,"https://guba.eastmoney.com/news,000001,1716088739.html",2026-06-08 14:35:48
东方财富股吧,没有千手的买单，只有千手的卖单。想涨?门都没有。,05-28 10:06,平安银行(000001),没有千手的买单，只有千手的卖单。想涨?门都没有。,40,0,"https://guba.eastmoney.com/news,000001,1716062832.html",2026-06-08 14:35:48
东方财富股吧,曾经深发展的气质呢？,05-28 10:01,平安银行(000001),曾经深发展的气质呢？,43,0,"https://guba.eastmoney.com/news,000001,1716046392.html",2026-06-08 14:35:48
东方财富股吧,你怎么变成织布机了？,05-28 10:00,平安银行(000001),你怎么变成织布机了？,41,0,"https://guba.eastmoney.com/news,000001,1716045821.html",2026-06-08 14:35:48
东方财富股吧,企稳叠加目前整体行情，这个安全系数非常高，已入等抬轿,05-28 09:57,平安银行(000001),企稳叠加目前整体行情，这个安全系数非常高，已入等抬轿,45,0,"https://guba.eastmoney.com/news,000001,1716034176.html",2026-06-08 14:35:48
东方财富股吧,建议大股东通过大宗交易将证金公司尚未出清的股票承接下来，避免对全体股东及公司价值,05-28 09:56,平安银行(000001),建议大股东通过大宗交易将证金公司尚未出清的股票承接下来，避免对全体股东及公司价值,38,0,"https://guba.eastmoney.com/news,000001,1716030104.html",2026-06-08 14:35:49
东方财富股吧,平银像病人,05-28 09:56,平安银行(000001),平银像病人,46,0,"https://guba.eastmoney.com/news,000001,1716029980.html",2026-06-08 14:35:49
东方财富股吧,原以为最强，结果最弱。,05-28 09:50,平安银行(000001),原以为最强，结果最弱。,41,0,"https://guba.eastmoney.com/news,000001,1716011128.html",2026-06-08 14:35:49
东方财富股吧,两三年内你千万不要卖平安银行，只进不出,05-28 09:15,平安银行(000001),两三年内你千万不要卖平安银行，只进不出,108,1,"https://guba.eastmoney.com/news,000001,1715914310.html",2026-06-08 14:35:49
东方财富股吧,昨天怎么还有S13卖货，你这样操作不亏钱是天才,05-28 09:12,平安银行(000001),昨天怎么还有S13卖货，你这样操作不亏钱是天才,59,1,"https://guba.eastmoney.com/news,000001,1715912844.html",2026-06-08 14:35:49
东方财富股吧,平安银行：融资净偿还3161.42万元，融资余额55.49亿元,05-28 09:02,平安银行(000001),平安银行：融资净偿还3161.42万元，融资余额55.49亿元,69,0,"https://guba.eastmoney.com/news,000001,1715906941.html",2026-06-08 14:35:49
东方财富股吧,远离黑五类，金融地产医药白酒农业，平安这个周期必跌破5元！,05-26 12:32,平安银行(000001),远离黑五类，金融地产医药白酒农业，平安这个周期必跌破5元！,386,16,"https://guba.eastmoney.com/news,000001,1714186515.html",2026-06-08 14:35:49
东方财富股吧,平安银行：截至2025年末公司投资组合中持有少量美国国债和中债评级A级以下国内债券,05-27 07:39,平安银行(000001),平安银行：截至2025年末公司投资组合中持有少量美国国债和中债评级A级以下国内债券,1368,5,"https://guba.eastmoney.com/news,000001,1715787068.html",2026-06-08 14:35:49
东方财富股吧,轮到科技爆跌，平安银行爆涨的时刻，大家就应该全仓加栱杆抽底锁仓平安银行保一方平安,05-27 02:43,平安银行(000001),轮到科技爆跌，平安银行爆涨的时刻，大家就应该全仓加栱杆抽底锁仓平安银行保一方平安,347,14,"https://guba.eastmoney.com/news,000001,1715639842.html",2026-06-08 14:35:49
东方财富股吧,平安银行必涨，我们推论一个核心逻辑。平安银行一年盈利400亿，过一年又400亿，,05-22 02:50,平安银行(000001),平安银行必涨，我们推论一个核心逻辑。平安银行一年盈利400亿，过一年又400亿，,621,9,"https://guba.eastmoney.com/news,000001,1712479884.html",2026-06-08 14:35:49
东方财富股吧,我记得之前董秘说过再也买不到多少钱的平安银行来着？13还是14？,05-27 08:05,平安银行(000001),我记得之前董秘说过再也买不到多少钱的平安银行来着？13还是14？,146,2,"https://guba.eastmoney.com/news,000001,1715794810.html",2026-06-08 14:35:49
东方财富股吧,买股票，分红才是硬道理，别的都是老谣。个人财产包括存款、债券，知识产权，房产等等,05-27 06:11,平安银行(000001),买股票，分红才是硬道理，别的都是老谣。个人财产包括存款、债券，知识产权，房产等等,160,3,"https://guba.eastmoney.com/news,000001,1715762382.html",2026-06-08 14:35:49
东方财富股吧,既然这样那我也就不客气了，直接上货,05-26 02:01,平安银行(000001),既然这样那我也就不客气了，直接上货,1411,2,"https://guba.eastmoney.com/news,000001,1714714727.html",2026-06-08 14:35:49
东方财富股吧,明天能2%阳线吗？,05-27 07:54,平安银行(000001),明天能2%阳线吗？,72,1,"https://guba.eastmoney.com/news,000001,1715791473.html",2026-06-08 14:35:49
东方财富股吧,时间筛掉的不过是本身不够坚定的东西。,05-27 08:47,平安银行(000001),时间筛掉的不过是本身不够坚定的东西。,39,0,"https://guba.eastmoney.com/news,000001,1715807759.html",2026-06-08 14:35:49
东方财富股吧,st板块个股那些没业绩负利润的烂股都没有跌破24年9月启动行的情一半，结果现在你,05-27 07:50,平安银行(000001),st板块个股那些没业绩负利润的烂股都没有跌破24年9月启动行的情一半，结果现在你,55,0,"https://guba.eastmoney.com/news,000001,1715790331.html",2026-06-08 14:35:49
东方财富股吧,不少股民认为10.50元是强支撑，每逢跌至附近，就会迎来一波买盘，可一旦跌破10,05-27 07:48,平安银行(000001),不少股民认为10.50元是强支撑，每逢跌至附近，就会迎来一波买盘，可一旦跌破10,103,0,"https://guba.eastmoney.com/news,000001,1715789631.html",2026-06-08 14:35:49
东方财富股吧,几号分红,05-27 07:10,平安银行(000001),几号分红,77,1,"https://guba.eastmoney.com/news,000001,1715778603.html",2026-06-08 14:35:49
东方财富股吧,现在这种状态下有钱我也不买房，宁可租房我也不买房，拿钱买股票，等分红等股价上涨等,05-27 06:14,平安银行(000001),现在这种状态下有钱我也不买房，宁可租房我也不买房，拿钱买股票，等分红等股价上涨等,90,1,"https://guba.eastmoney.com/news,000001,1715763391.html",2026-06-08 14:35:49
东方财富股吧,恩情公司被套了吗？,05-27 04:59,平安银行(000001),恩情公司被套了吗？,69,1,"https://guba.eastmoney.com/news,000001,1715738196.html",2026-06-08 14:35:49
东方财富股吧,平安银行这个价位买入就持股收息每年分红再复投，年复一年五年后你的持仓成本是7.7,05-22 11:10,平安银行(000001),平安银行这个价位买入就持股收息每年分红再复投，年复一年五年后你的持仓成本是7.7,1637,54,"https://guba.eastmoney.com/news,000001,1712808836.html",2026-06-08 14:35:49
东方财富股吧,你们以为股价跌了股息就能高？那是你们以去年的分红作为参考的谁能保证今年明年是什么,05-27 03:21,平安银行(000001),你们以为股价跌了股息就能高？那是你们以去年的分红作为参考的谁能保证今年明年是什么,85,1,"https://guba.eastmoney.com/news,000001,1715693610.html",2026-06-08 14:35:49
东方财富股吧,公司股东人数,05-27 03:27,平安银行(000001),公司股东人数,261,0,"https://guba.eastmoney.com/news,000001,1715696772.html",2026-06-08 14:35:49
东方财富股吧,请问5月13日兰州银行在京东拍卖3亿股，贵司是否参与？,05-27 03:27,平安银行(000001),请问5月13日兰州银行在京东拍卖3亿股，贵司是否参与？,160,0,"https://guba.eastmoney.com/news,000001,1715696771.html",2026-06-08 14:35:49
东方财富股吧,截止5月11日股东人数多少,05-27 03:26,平安银行(000001),截止5月11日股东人数多少,157,0,"https://guba.eastmoney.com/news,000001,1715696530.html",2026-06-08 14:35:49
东方财富股吧,管理层，您好！公司投资组合中是否持有美债和国内评价A以下的债券？如果持有的话，规,05-27 03:26,平安银行(000001),管理层，您好！公司投资组合中是否持有美债和国内评价A以下的债券？如果持有的话，规,79,0,"https://guba.eastmoney.com/news,000001,1715696254.html",2026-06-08 14:35:49
东方财富股吧,根据贵行股票近两年走势，贵行是否存在末报露信息？今年一季度营收，利润同比均上升。,05-27 03:24,平安银行(000001),根据贵行股票近两年走势，贵行是否存在末报露信息？今年一季度营收，利润同比均上升。,294,0,"https://guba.eastmoney.com/news,000001,1715695364.html",2026-06-08 14:35:49
东方财富股吧,又被套牢了,05-27 02:59,平安银行(000001),又被套牢了,36,0,"https://guba.eastmoney.com/news,000001,1715669586.html",2026-06-08 14:35:49
东方财富股吧,看拉到80收盘,05-27 02:37,平安银行(000001),看拉到80收盘,47,0,"https://guba.eastmoney.com/news,000001,1715629803.html",2026-06-08 14:35:49
东方财富股吧,垃圾,05-27 02:29,平安银行(000001),垃圾,35,0,"https://guba.eastmoney.com/news,000001,1715616729.html",2026-06-08 14:35:49
东方财富股吧,……,05-27 02:00,平安银行(000001),……,28,0,"https://guba.eastmoney.com/news,000001,1715565865.html",2026-06-08 14:35:49
东方财富股吧,有些不懂装懂的~说股息一直保持%5的都是不懂股票的~~~民生银行从高位跌下来也就,05-27 01:08,平安银行(000001),有些不懂装懂的~说股息一直保持%5的都是不懂股票的~~~民生银行从高位跌下来也就,223,2,"https://guba.eastmoney.com/news,000001,1715465697.html",2026-06-08 14:35:49
东方财富股吧,还好老人家机智，抛了,05-27 01:38,平安银行(000001),还好老人家机智，抛了,46,0,"https://guba.eastmoney.com/news,000001,1715520907.html",2026-06-08 14:35:50
东方财富股吧,今天应该雄起才对的，看下午了。,05-27 12:21,平安银行(000001),今天应该雄起才对的，看下午了。,49,0,"https://guba.eastmoney.com/news,000001,1715432435.html",2026-06-08 14:35:50
东方财富股吧,nb,05-27 12:20,平安银行(000001),nb,36,0,"https://guba.eastmoney.com/news,000001,1715431699.html",2026-06-08 14:35:50
东方财富股吧,根据光大银行的估值，还要补跌的。空仓观望,05-27 08:10,平安银行(000001),根据光大银行的估值，还要补跌的。空仓观望,70,1,"https://guba.eastmoney.com/news,000001,1715016658.html",2026-06-08 14:35:50
东方财富股吧,怎么还不St,05-27 11:56,平安银行(000001),怎么还不St,41,0,"https://guba.eastmoney.com/news,000001,1715420674.html",2026-06-08 14:35:50
东方财富股吧,业务做的巨烂,05-27 11:55,平安银行(000001),业务做的巨烂,40,0,"https://guba.eastmoney.com/news,000001,1715420434.html",2026-06-08 14:35:50
东方财富股吧,管理层,05-27 11:55,平安银行(000001),管理层,36,0,"https://guba.eastmoney.com/news,000001,1715420293.html",2026-06-08 14:35:50
东方财富股吧,己全部离场，希望这怪股除牌,05-27 11:46,平安银行(000001),己全部离场，希望这怪股除牌,40,0,"https://guba.eastmoney.com/news,000001,1715414778.html",2026-06-08 14:35:50
东方财富股吧,要死了吧,05-27 11:46,平安银行(000001),要死了吧,38,0,"https://guba.eastmoney.com/news,000001,1715414713.html",2026-06-08 14:35:50
东方财富股吧,麻了,05-27 11:30,平安银行(000001),麻了,35,0,"https://guba.eastmoney.com/news,000001,1715399025.html",2026-06-08 14:35:50
东方财富股吧,分红700多亿，融资有1100多亿，实际上是把融资的钱拿来分红还白赚了400亿，,05-27 11:14,平安银行(000001),分红700多亿，融资有1100多亿，实际上是把融资的钱拿来分红还白赚了400亿，,53,0,"https://guba.eastmoney.com/news,000001,1715362244.html",2026-06-08 14:35:50
东方财富股吧,深圳经济已经无增长空间，题材已无挖掘了。,05-27 11:09,平安银行(000001),深圳经济已经无增长空间，题材已无挖掘了。,29,0,"https://guba.eastmoney.com/news,000001,1715351486.html",2026-06-08 14:35:50
东方财富股吧,这垃圾咋会死，兴业只少有反弹，这货到死不活的,05-27 10:53,平安银行(000001),这垃圾咋会死，兴业只少有反弹，这货到死不活的,45,0,"https://guba.eastmoney.com/news,000001,1715317537.html",2026-06-08 14:35:50
东方财富股吧,当自有A股三十多年至此从没真实过也没正常过…市值一百万亿了还在三千四千聊望？？利,05-27 10:47,平安银行(000001),当自有A股三十多年至此从没真实过也没正常过…市值一百万亿了还在三千四千聊望？？利,53,0,"https://guba.eastmoney.com/news,000001,1715304638.html",2026-06-08 14:35:50
东方财富股吧,平安银行11元压力山大，很难上去。垃圾,05-27 10:35,平安银行(000001),平安银行11元压力山大，很难上去。垃圾,43,0,"https://guba.eastmoney.com/news,000001,1715276370.html",2026-06-08 14:35:50
东方财富股吧,现在买入，10年后情况会是咋样呢？,05-27 12:39,平安银行(000001),现在买入，10年后情况会是咋样呢？,158,4,"https://guba.eastmoney.com/news,000001,1714984934.html",2026-06-08 14:35:50
东方财富股吧,$平安银行(SZ000001)$,05-27 09:56,平安银行(000001),$平安银行(SZ000001)$,308,2,"https://guba.eastmoney.com/news,000001,1715160661.html",2026-06-08 14:35:50
东方财富股吧,科技生万物死,05-27 10:24,平安银行(000001),科技生万物死,34,0,"https://guba.eastmoney.com/news,000001,1715249435.html",2026-06-08 14:35:50
东方财富股吧,建行快赶上平安了,05-27 10:13,平安银行(000001),建行快赶上平安了,58,1,"https://guba.eastmoney.com/news,000001,1715217141.html",2026-06-08 14:35:50
东方财富股吧,确定不护一下指数吗,05-27 10:16,平安银行(000001),确定不护一下指数吗,27,0,"https://guba.eastmoney.com/news,000001,1715225258.html",2026-06-08 14:35:50
东方财富股吧,技术支撑位大概在9元附近，主力一定会跌破支撑位，在底部反复震荡收集筹码，破8也是,05-14 08:22,平安银行(000001),技术支撑位大概在9元附近，主力一定会跌破支撑位，在底部反复震荡收集筹码，破8也是,712,28,"https://guba.eastmoney.com/news,000001,1708237821.html",2026-06-08 14:35:50
东方财富股吧,何时派息？等着补仓呢,05-26 03:55,平安银行(000001),何时派息？等着补仓呢,205,4,"https://guba.eastmoney.com/news,000001,1714847031.html",2026-06-08 14:35:50
东方财富股吧,有点样子，今天大阳。开始连续上涨，涨涨涨。,05-27 09:55,平安银行(000001),有点样子，今天大阳。开始连续上涨，涨涨涨。,38,0,"https://guba.eastmoney.com/news,000001,1715159201.html",2026-06-08 14:35:50
东方财富股吧,快一点分红，我好补仓,05-27 09:50,平安银行(000001),快一点分红，我好补仓,39,0,"https://guba.eastmoney.com/news,000001,1715138218.html",2026-06-08 14:35:50
东方财富股吧,希望你崛起,05-27 09:49,平安银行(000001),希望你崛起,36,0,"https://guba.eastmoney.com/news,000001,1715135031.html",2026-06-08 14:35:50
东方财富股吧,就天天早上红一下,05-27 09:43,平安银行(000001),就天天早上红一下,34,0,"https://guba.eastmoney.com/news,000001,1715114242.html",2026-06-08 14:35:50
东方财富股吧,平安银行：融资净偿还2597.82万元，融资余额55.81亿元,05-27 08:59,平安银行(000001),平安银行：融资净偿还2597.82万元，融资余额55.81亿元,77,0,"https://guba.eastmoney.com/news,000001,1715029398.html",2026-06-08 14:35:50
东方财富股吧,根据光大银行走势，还要补跌的。,05-26 12:00,平安银行(000001),根据光大银行走势，还要补跌的。,133,3,"https://guba.eastmoney.com/news,000001,1714588862.html",2026-06-08 14:35:50
东方财富股吧,什么时候分红呢,05-27 08:22,平安银行(000001),什么时候分红呢,42,0,"https://guba.eastmoney.com/news,000001,1715019752.html",2026-06-08 14:35:50
东方财富股吧,怎么上海没信号了,05-27 07:57,平安银行(000001),怎么上海没信号了,41,0,"https://guba.eastmoney.com/news,000001,1715013610.html",2026-06-08 14:35:50
东方财富股吧,[卖出][卖出][卖出],05-27 06:13,平安银行(000001),[卖出][卖出][卖出],33,0,"https://guba.eastmoney.com/news,000001,1715000603.html",2026-06-08 14:35:50
东方财富股吧,真的垃圾啊，跌这么多，就涨一点,05-27 06:13,平安银行(000001),真的垃圾啊，跌这么多，就涨一点,41,0,"https://guba.eastmoney.com/news,000001,1715000592.html",2026-06-08 14:35:50
东方财富股吧,根据光大银行走势，银行股还有得跌的,05-26 05:36,平安银行(000001),根据光大银行走势，银行股还有得跌的,119,3,"https://guba.eastmoney.com/news,000001,1714882059.html",2026-06-08 14:35:51
东方财富股吧,建行创新高了，什么时候轮到平安银行？,05-26 12:29,平安银行(000001),建行创新高了，什么时候轮到平安银行？,123,1,"https://guba.eastmoney.com/news,000001,1714599470.html",2026-06-08 14:35:51
东方财富股吧,现在银行股都在回调，这只也免不了，8元左右进入，长期持有,05-26 10:42,平安银行(000001),现在银行股都在回调，这只也免不了，8元左右进入，长期持有,49,0,"https://guba.eastmoney.com/news,000001,1714966797.html",2026-06-08 14:35:51
东方财富股吧,平安银行可能是第一个退市的银行,05-25 03:25,平安银行(000001),平安银行可能是第一个退市的银行,443,8,"https://guba.eastmoney.com/news,000001,1714038784.html",2026-06-08 14:35:51
东方财富股吧,分红没有消息，是没现金了吗？,05-26 08:33,平安银行(000001),分红没有消息，是没现金了吗？,201,3,"https://guba.eastmoney.com/news,000001,1714928472.html",2026-06-08 14:35:51
东方财富股吧,最后三分钟买了1.7万手。明天可期。,05-26 03:38,平安银行(000001),最后三分钟买了1.7万手。明天可期。,111,2,"https://guba.eastmoney.com/news,000001,1714837918.html",2026-06-08 14:35:51
东方财富股吧,上周加仓6手，10.69，今天加仓2手，10.76，10.5等不上。,05-26 03:52,平安银行(000001),上周加仓6手，10.69，今天加仓2手，10.76，10.5等不上。,73,2,"https://guba.eastmoney.com/news,000001,1714845601.html",2026-06-08 14:35:51
东方财富股吧,告别规模情结！九大股份行一季报透视：净息差筑底与资产质量分化,05-26 04:10,平安银行(000001),告别规模情结！九大股份行一季报透视：净息差筑底与资产质量分化,3458,5,"https://guba.eastmoney.com/news,600036,1714853193.html",2026-06-08 14:35:51
东方财富股吧,3.5的市盈率为什么还要抛出，泡沫股要走下坡路了,05-26 02:12,平安银行(000001),3.5的市盈率为什么还要抛出，泡沫股要走下坡路了,95,1,"https://guba.eastmoney.com/news,000001,1714734768.html",2026-06-08 14:35:51
东方财富股吧,好不容易涨了几分钱，大家迫不及待地跑路，不值得，续持仓,05-26 11:29,平安银行(000001),好不容易涨了几分钱，大家迫不及待地跑路，不值得，续持仓,61,0,"https://guba.eastmoney.com/news,000001,1714567889.html",2026-06-08 14:35:51
东方财富股吧,不到20块不卖，庄家想低价拿筹码，没门。,05-26 05:17,平安银行(000001),不到20块不卖，庄家想低价拿筹码，没门。,55,1,"https://guba.eastmoney.com/news,000001,1714875833.html",2026-06-08 14:35:51
东方财富股吧,平安银行买了3次，次次都没有亏钱。好股票。,05-26 01:33,平安银行(000001),平安银行买了3次，次次都没有亏钱。好股票。,458,1,"https://guba.eastmoney.com/news,000001,1714668046.html",2026-06-08 14:35:51
东方财富股吧,平安这种有波段的股票，是很良心了。。。,05-26 04:54,平安银行(000001),平安这种有波段的股票，是很良心了。。。,60,0,"https://guba.eastmoney.com/news,000001,1714868345.html",2026-06-08 14:35:51
东方财富股吧,三天不创新低，猛干,05-26 03:47,平安银行(000001),三天不创新低，猛干,55,0,"https://guba.eastmoney.com/news,000001,1714843103.html",2026-06-08 14:35:51
东方财富股吧,平安也许迟到决不会缺席，每年吃股息平稳赚钱，健康第一，能玩短线的要承受很多心跳的,05-26 03:18,平安银行(000001),平安也许迟到决不会缺席，每年吃股息平稳赚钱，健康第一，能玩短线的要承受很多心跳的,71,0,"https://guba.eastmoney.com/news,000001,1714827162.html",2026-06-08 14:35:51
东方财富股吧,$上海医药(SH601607)$$平安银行(SZ000001)$$美的集团(SZ,05-26 02:32,平安银行(000001),$上海医药(SH601607)$$平安银行(SZ000001)$$美的集团(SZ,325,2,"https://guba.eastmoney.com/news,601607,1714763190.html",2026-06-08 14:35:51
东方财富股吧,请技术派高手看一下，这两个十字星属于下跌的中继还是止跌企稳了？,05-26 01:22,平安银行(000001),请技术派高手看一下，这两个十字星属于下跌的中继还是止跌企稳了？,251,5,"https://guba.eastmoney.com/news,000001,1714648379.html",2026-06-08 14:35:51
东方财富股吧,大概率事件分红前至少涨到11元上方，分红后股价不会新低，再逐步填权。,05-26 01:57,平安银行(000001),大概率事件分红前至少涨到11元上方，分红后股价不会新低，再逐步填权。,90,0,"https://guba.eastmoney.com/news,000001,1714707850.html",2026-06-08 14:35:51
东方财富股吧,$平安银行(SZ000001)$,05-26 01:23,平安银行(000001),$平安银行(SZ000001)$,52,0,"https://guba.eastmoney.com/news,000001,1714651165.html",2026-06-08 14:35:51
东方财富股吧,不要买平安公司的股票不要做平安公司的业务,05-26 12:57,平安银行(000001),不要买平安公司的股票不要做平安公司的业务,52,0,"https://guba.eastmoney.com/news,000001,1714608466.html",2026-06-08 14:35:51
东方财富股吧,行长都这么说了，噗。,05-26 11:22,平安银行(000001),行长都这么说了，噗。,976,4,"https://guba.eastmoney.com/news,601166,1714555960.html",2026-06-08 14:35:51
东方财富股吧,今天做了个高抛低吸，卖飞就算了，但没想到还是成功了，10.81卖出，10.71接,05-26 10:57,平安银行(000001),今天做了个高抛低吸，卖飞就算了，但没想到还是成功了，10.81卖出，10.71接,97,2,"https://guba.eastmoney.com/news,000001,1714508538.html",2026-06-08 14:35:51
东方财富股吧,垃圾,05-26 12:03,平安银行(000001),垃圾,48,0,"https://guba.eastmoney.com/news,000001,1714590079.html",2026-06-08 14:35:51
东方财富股吧,目前所有迹象表明，银行开始止跌回稳了，科技股已成强弩之末，没有业绩支撑的投资就是,05-26 10:12,平安银行(000001),目前所有迹象表明，银行开始止跌回稳了，科技股已成强弩之末，没有业绩支撑的投资就是,115,2,"https://guba.eastmoney.com/news,000001,1714409504.html",2026-06-08 14:35:51
东方财富股吧,连续跌了15天，牛逼,05-26 07:05,平安银行(000001),连续跌了15天，牛逼,93,1,"https://guba.eastmoney.com/news,000001,1714206234.html",2026-06-08 14:35:51
东方财富股吧,今天是什么鸡血,05-26 09:44,平安银行(000001),今天是什么鸡血,74,3,"https://guba.eastmoney.com/news,000001,1714318145.html",2026-06-08 14:35:51
东方财富股吧,30W已融资，利率5%，每年分红6*0.3=1.8W，还利息30*0.05=1.,05-26 10:01,平安银行(000001),30W已融资，利率5%，每年分红6*0.3=1.8W，还利息30*0.05=1.,211,7,"https://guba.eastmoney.com/news,000001,1714376092.html",2026-06-08 14:35:51
东方财富股吧,什么时候分红,05-26 11:26,平安银行(000001),什么时候分红,44,0,"https://guba.eastmoney.com/news,000001,1714563434.html",2026-06-08 14:35:51
东方财富股吧,平安浦发起来了，青农商行何时？,05-26 11:26,平安银行(000001),平安浦发起来了，青农商行何时？,40,0,"https://guba.eastmoney.com/news,000001,1714563313.html",2026-06-08 14:35:51
东方财富股吧,今天股息兜底的股就不会心慌,05-26 11:14,平安银行(000001),今天股息兜底的股就不会心慌,45,0,"https://guba.eastmoney.com/news,000001,1714542802.html",2026-06-08 14:35:51
东方财富股吧,早盘又忽悠一批进来的~~~~真的无语,05-26 10:38,平安银行(000001),早盘又忽悠一批进来的~~~~真的无语,47,0,"https://guba.eastmoney.com/news,000001,1714469408.html",2026-06-08 14:35:51
东方财富股吧,6啊，这位置进都套我,05-26 10:37,平安银行(000001),6啊，这位置进都套我,44,0,"https://guba.eastmoney.com/news,000001,1714467815.html",2026-06-08 14:35:51
东方财富股吧,1050建仓了，这票其实我觉得最少会去10。但是我又特别看好平安银行，我觉得比兴,05-25 01:56,平安银行(000001),1050建仓了，这票其实我觉得最少会去10。但是我又特别看好平安银行，我觉得比兴,146,3,"https://guba.eastmoney.com/news,000001,1713916670.html",2026-06-08 14:35:51
东方财富股吧,把人当猴耍呢，恶心,05-26 10:36,平安银行(000001),把人当猴耍呢，恶心,39,0,"https://guba.eastmoney.com/news,000001,1714465686.html",2026-06-08 14:35:52
东方财富股吧,本来还幻想你今天爆发一把的！,05-26 10:36,平安银行(000001),本来还幻想你今天爆发一把的！,43,0,"https://guba.eastmoney.com/news,000001,1714465628.html",2026-06-08 14:35:52
东方财富股吧,每次冲高就是逃命的机会，给你机会你不中用啊,05-26 10:36,平安银行(000001),每次冲高就是逃命的机会，给你机会你不中用啊,42,0,"https://guba.eastmoney.com/news,000001,1714464937.html",2026-06-08 14:35:52
东方财富股吧,太恶心了,05-26 10:31,平安银行(000001),太恶心了,45,0,"https://guba.eastmoney.com/news,000001,1714453534.html",2026-06-08 14:35:52
东方财富股吧,一模一样，走吧，还得创新低。,05-26 10:30,平安银行(000001),一模一样，走吧，还得创新低。,171,0,"https://guba.eastmoney.com/news,000001,1714451937.html",2026-06-08 14:35:52
东方财富股吧,前期和青农商行一样的走势，主力打出空间回补,05-26 10:29,平安银行(000001),前期和青农商行一样的走势，主力打出空间回补,50,0,"https://guba.eastmoney.com/news,000001,1714449871.html",2026-06-08 14:35:52
东方财富股吧,根本站不住垃圾,05-26 10:28,平安银行(000001),根本站不住垃圾,36,0,"https://guba.eastmoney.com/news,000001,1714446721.html",2026-06-08 14:35:52
东方财富股吧,昨天一摸一样的套路。,05-26 10:26,平安银行(000001),昨天一摸一样的套路。,42,0,"https://guba.eastmoney.com/news,000001,1714443321.html",2026-06-08 14:35:52
东方财富股吧,收盘还是收盘还是红不了一点,05-26 10:22,平安银行(000001),收盘还是收盘还是红不了一点,45,0,"https://guba.eastmoney.com/news,000001,1714433280.html",2026-06-08 14:35:52
东方财富股吧,汇金在大量卖出,05-26 10:18,平安银行(000001),汇金在大量卖出,46,0,"https://guba.eastmoney.com/news,000001,1714423829.html",2026-06-08 14:35:52
东方财富股吧,机构跑完了就可以止跌,05-26 09:55,平安银行(000001),机构跑完了就可以止跌,47,1,"https://guba.eastmoney.com/news,000001,1714359799.html",2026-06-08 14:35:52
东方财富股吧,回本就卖,05-26 09:41,平安银行(000001),回本就卖,184,2,"https://guba.eastmoney.com/news,000001,1714304676.html",2026-06-08 14:35:52
东方财富股吧,过山车行情,05-26 09:46,平安银行(000001),过山车行情,43,0,"https://guba.eastmoney.com/news,000001,1714322616.html",2026-06-08 14:35:52
东方财富股吧,别涨啊，快点派息，等派完息复投了再涨,05-26 09:44,平安银行(000001),别涨啊，快点派息，等派完息复投了再涨,41,0,"https://guba.eastmoney.com/news,000001,1714315976.html",2026-06-08 14:35:52
东方财富股吧,今天老登股见红，这个月买菜应该有，注意高抛低吸,05-26 09:44,平安银行(000001),今天老登股见红，这个月买菜应该有，注意高抛低吸,47,0,"https://guba.eastmoney.com/news,601766,1714314636.html",2026-06-08 14:35:52
东方财富股吧,慢慢等吧，队长筹码都出完了就回到正确轨道了，还有2层估计下个月就全出完了,05-26 09:35,平安银行(000001),慢慢等吧，队长筹码都出完了就回到正确轨道了，还有2层估计下个月就全出完了,55,0,"https://guba.eastmoney.com/news,000001,1714283202.html",2026-06-08 14:35:52
东方财富股吧,要起飞了吗,05-26 09:26,平安银行(000001),要起飞了吗,44,0,"https://guba.eastmoney.com/news,000001,1714255266.html",2026-06-08 14:35:52
东方财富股吧,什么时候分红？9字开头，更适合补仓！,05-26 09:19,平安银行(000001),什么时候分红？9字开头，更适合补仓！,61,0,"https://guba.eastmoney.com/news,000001,1714238392.html",2026-06-08 14:35:52
东方财富股吧,平安银行：融资净买入2003.62万元，融资余额56.07亿元,05-26 09:09,平安银行(000001),平安银行：融资净买入2003.62万元，融资余额56.07亿元,84,0,"https://guba.eastmoney.com/news,000001,1714232178.html",2026-06-08 14:35:52
东方财富股吧,把有风险的股票整成了固定的理财产品,05-26 09:03,平安银行(000001),把有风险的股票整成了固定的理财产品,49,0,"https://guba.eastmoney.com/news,000001,1714228873.html",2026-06-08 14:35:52
东方财富股吧,建行都要超过你了，LJ,05-25 09:57,平安银行(000001),建行都要超过你了，LJ,78,1,"https://guba.eastmoney.com/news,000001,1713584172.html",2026-06-08 14:35:52
东方财富股吧,不管是谁把股价砸下来的，我代表我全家感谢你，让我以更低的价格买到更多的平银筹码，,05-25 03:19,平安银行(000001),不管是谁把股价砸下来的，我代表我全家感谢你，让我以更低的价格买到更多的平银筹码，,91,0,"https://guba.eastmoney.com/news,000001,1714034887.html",2026-06-08 14:35:52
东方财富股吧,管他谁在卖，每跌5毛就买入5％，这样股份就越来越多，分红率也就越来越高，比买科技,05-25 03:10,平安银行(000001),管他谁在卖，每跌5毛就买入5％，这样股份就越来越多，分红率也就越来越高，比买科技,228,9,"https://guba.eastmoney.com/news,000001,1714027979.html",2026-06-08 14:35:52
东方财富股吧,利好不懂炒股的储户,05-26 06:58,平安银行(000001),利好不懂炒股的储户,46,0,"https://guba.eastmoney.com/news,000001,1714205384.html",2026-06-08 14:35:52
东方财富股吧,要开始大涨了，主力一直在打压洗筹码，低价拿货，都不要卖，年底20块。不到20不卖,05-25 02:51,平安银行(000001),要开始大涨了，主力一直在打压洗筹码，低价拿货，都不要卖，年底20块。不到20不卖,156,4,"https://guba.eastmoney.com/news,000001,1714003205.html",2026-06-08 14:35:52
东方财富股吧,砸的有多欢，回购就有多痛，都把价格顶起来，让庄家高价回购。,05-25 03:06,平安银行(000001),砸的有多欢，回购就有多痛，都把价格顶起来，让庄家高价回购。,152,4,"https://guba.eastmoney.com/news,000001,1714023905.html",2026-06-08 14:35:52
东方财富股吧,三年存贷款量不增，规模不增何来业绩？三年实际业绩下降29%,05-14 11:38,平安银行(000001),三年存贷款量不增，规模不增何来业绩？三年实际业绩下降29%,807,8,"https://guba.eastmoney.com/news,000001,1708293136.html",2026-06-08 14:35:52
东方财富股吧,理财的收入不够几天炒股亏的,05-25 04:01,平安银行(000001),理财的收入不够几天炒股亏的,621,2,"https://guba.eastmoney.com/news,000001,1714056751.html",2026-06-08 14:35:52
东方财富股吧,请问各位，平安银行什么时候分红,05-25 09:14,平安银行(000001),请问各位，平安银行什么时候分红,256,5,"https://guba.eastmoney.com/news,000001,1714148764.html",2026-06-08 14:35:52
东方财富股吧,进来几天了，跌了一个点，按技术指标不应该进来的，不过进来了也本打着长期拿的，拿十,05-25 09:53,平安银行(000001),进来几天了，跌了一个点，按技术指标不应该进来的，不过进来了也本打着长期拿的，拿十,195,1,"https://guba.eastmoney.com/news,000001,1714159562.html",2026-06-08 14:35:52
东方财富股吧,11.05买了1000股，试试,05-14 02:58,平安银行(000001),11.05买了1000股，试试,86,2,"https://guba.eastmoney.com/news,000001,1708107645.html",2026-06-08 14:35:52
东方财富股吧,10.5元非进不可,05-25 01:19,平安银行(000001),10.5元非进不可,60,0,"https://guba.eastmoney.com/news,000001,1713850513.html",2026-06-08 14:35:52
东方财富股吧,能不能继续12连音,05-25 06:59,平安银行(000001),能不能继续12连音,65,1,"https://guba.eastmoney.com/news,000001,1714111320.html",2026-06-08 14:35:52
东方财富股吧,上午以为要上天了，又跌回来。这不是打击信心吗。还好，没有绿。,05-25 07:07,平安银行(000001),上午以为要上天了，又跌回来。这不是打击信心吗。还好，没有绿。,98,2,"https://guba.eastmoney.com/news,000001,1714113258.html",2026-06-08 14:35:53
东方财富股吧,终于地量见地价了,05-25 07:27,平安银行(000001),终于地量见地价了,59,0,"https://guba.eastmoney.com/news,000001,1714118185.html",2026-06-08 14:35:53
东方财富股吧,底部十字星，跟昨天一样，底部确认。好的很,05-25 03:02,平安银行(000001),底部十字星，跟昨天一样，底部确认。好的很,74,1,"https://guba.eastmoney.com/news,000001,1714019467.html",2026-06-08 14:35:53
东方财富股吧,有钱就加仓不管三七二十一，期待总有逆转之日。确实继续下跌长期持有分红。,05-25 06:35,平安银行(000001),有钱就加仓不管三七二十一，期待总有逆转之日。确实继续下跌长期持有分红。,61,0,"https://guba.eastmoney.com/news,000001,1714105571.html",2026-06-08 14:35:53
东方财富股吧,平安银行:北京市海问律师事务所关于平安银行股份有限公司2025年年度股东会的法律意见书,05-22 06:54,平安银行(000001),平安银行:北京市海问律师事务所关于平安银行股份有限公司2025年年度股东会的法律意见书,457,3,"https://guba.eastmoney.com/news,000001,1713178392.html",2026-06-08 14:35:53
东方财富股吧,你原地踏步,05-25 06:11,平安银行(000001),你原地踏步,62,0,"https://guba.eastmoney.com/news,000001,1714098643.html",2026-06-08 14:35:53
东方财富股吧,十五连跌都悲状,05-25 03:22,平安银行(000001),十五连跌都悲状,65,1,"https://guba.eastmoney.com/news,000001,1714036213.html",2026-06-08 14:35:53
东方财富股吧,有生之年能看见浦发涨停一次吗？,06-08 02:01,浦发银行(600000),有生之年能看见浦发涨停一次吗？,29,3,"https://guba.eastmoney.com/news,600000,1722514503.html",2026-06-08 14:35:53
东方财富股吧,浦发走的真强啊,06-08 01:43,浦发银行(600000),浦发走的真强啊,30,2,"https://guba.eastmoney.com/news,600000,1722480049.html",2026-06-08 14:35:53
东方财富股吧,你涨不动就下来搁这边磨叽,06-08 02:17,浦发银行(600000),你涨不动就下来搁这边磨叽,9,1,"https://guba.eastmoney.com/news,600000,1722538392.html",2026-06-08 14:35:53
东方财富股吧,四大行全在高位！做空能量积累！银行业小心！,06-08 11:43,浦发银行(600000),四大行全在高位！做空能量积累！银行业小心！,41,0,"https://guba.eastmoney.com/news,600000,1722364973.html",2026-06-08 14:35:53
东方财富股吧,主力哥，人家易中天一年前7块钱，现在最高时候1200，市盈率几千几万，我就想问一,06-08 02:04,浦发银行(600000),主力哥，人家易中天一年前7块钱，现在最高时候1200，市盈率几千几万，我就想问一,4,0,"https://guba.eastmoney.com/news,600000,1722517802.html",2026-06-08 14:35:53
东方财富股吧,出货出的蛮爽,06-08 01:47,浦发银行(600000),出货出的蛮爽,19,1,"https://guba.eastmoney.com/news,600000,1722489897.html",2026-06-08 14:35:53
东方财富股吧,这个专门在大盘大跌时出来表演，看看今天的表现,06-08 01:36,浦发银行(600000),这个专门在大盘大跌时出来表演，看看今天的表现,13,0,"https://guba.eastmoney.com/news,600000,1722463555.html",2026-06-08 14:35:53
东方财富股吧,汽车金融业务违规！浦发银行长春分行、长春一汽支行合计被罚230万,06-08 10:20,浦发银行(600000),汽车金融业务违规！浦发银行长春分行、长春一汽支行合计被罚230万,214,3,"https://guba.eastmoney.com/news,600000,1722218457.html",2026-06-08 14:35:53
东方财富股吧,学法狮龙,06-08 01:25,浦发银行(600000),学法狮龙,19,1,"https://guba.eastmoney.com/news,600000,1722441846.html",2026-06-08 14:35:53
东方财富股吧,浦发银行长春两分支被罚230万，涉汽车金融业务违规等,06-08 01:09,浦发银行(600000),浦发银行长春两分支被罚230万，涉汽车金融业务违规等,126,2,"https://guba.eastmoney.com/news,600000,1722411703.html",2026-06-08 14:35:53
东方财富股吧,等周线那根红线下来慢慢磨来回扯,06-08 12:12,浦发银行(600000),等周线那根红线下来慢慢磨来回扯,28,1,"https://guba.eastmoney.com/news,600000,1722377999.html",2026-06-08 14:35:53
东方财富股吧,杂谈,03-29 02:12,浦发银行(600000),杂谈,12480,588,"https://guba.eastmoney.com/news,600000,1686195468.html",2026-06-08 14:35:53
东方财富股吧,高科技股进入最后的疯狂，资金将慢慢转移到低价低市盈率低净值股中过渡，以便发动下一,06-08 09:46,浦发银行(600000),高科技股进入最后的疯狂，资金将慢慢转移到低价低市盈率低净值股中过渡，以便发动下一,54,1,"https://guba.eastmoney.com/news,600000,1722128798.html",2026-06-08 14:35:53
东方财富股吧,浦发：今年目标价位：18.66以上！2024年涨百分之六十多！2025年涨百分之,05-22 10:29,浦发银行(600000),浦发：今年目标价位：18.66以上！2024年涨百分之六十多！2025年涨百分之,1204,58,"https://guba.eastmoney.com/news,600000,1712730113.html",2026-06-08 14:35:53
东方财富股吧,贷前贷后管理失职：浦发银行长春两家机构合计被罚230万元,06-08 12:26,浦发银行(600000),贷前贷后管理失职：浦发银行长春两家机构合计被罚230万元,147,2,"https://guba.eastmoney.com/news,600000,1722382931.html",2026-06-08 14:35:53
东方财富股吧,保险和AMC都在增持银行股卡BUG呢,06-08 12:09,浦发银行(600000),保险和AMC都在增持银行股卡BUG呢,70,0,"https://guba.eastmoney.com/news,600000,1722376729.html",2026-06-08 14:35:53
东方财富股吧,蒲发银行行长，请问你是怎样当行长的？上市近30年，净资产都20多元股价破发？是什,06-08 10:15,浦发银行(600000),蒲发银行行长，请问你是怎样当行长的？上市近30年，净资产都20多元股价破发？是什,85,4,"https://guba.eastmoney.com/news,600000,1722208274.html",2026-06-08 14:35:53
东方财富股吧,监管持续高压，前5月银行遭罚款8.71亿，数据违规类罚单数同比大增2.66倍,06-05 08:23,浦发银行(600000),监管持续高压，前5月银行遭罚款8.71亿，数据违规类罚单数同比大增2.66倍,1334,5,"https://guba.eastmoney.com/news,601939,1721751960.html",2026-06-08 14:35:53
东方财富股吧,仓位不多，出局。感觉还没到持续上涨的时候，今天跌完，还是科技股的行情。,06-08 11:06,浦发银行(600000),仓位不多，出局。感觉还没到持续上涨的时候，今天跌完，还是科技股的行情。,27,0,"https://guba.eastmoney.com/news,600000,1722309845.html",2026-06-08 14:35:53
东方财富股吧,右侧交易陆续进场，等待主升浪,06-08 11:03,浦发银行(600000),右侧交易陆续进场，等待主升浪,26,0,"https://guba.eastmoney.com/news,600000,1722305224.html",2026-06-08 14:35:53
东方财富股吧,今天是卖点，不是买点，兄弟们，切记呀,06-08 11:01,浦发银行(600000),今天是卖点，不是买点，兄弟们，切记呀,23,0,"https://guba.eastmoney.com/news,600000,1722301038.html",2026-06-08 14:35:53
东方财富股吧,去年今日此门中，人面桃花相映红。人面不知何处去，桃花依旧笑春风。～牢记2025年,05-08 10:11,浦发银行(600000),去年今日此门中，人面桃花相映红。人面不知何处去，桃花依旧笑春风。～牢记2025年,2437,67,"https://guba.eastmoney.com/news,002594,1704447967.html",2026-06-08 14:35:53
东方财富股吧,汽车金融业务严重违规！浦发银行长春分行被罚170万元,06-08 10:14,浦发银行(600000),汽车金融业务严重违规！浦发银行长春分行被罚170万元,135,1,"https://guba.eastmoney.com/news,600000,1722205363.html",2026-06-08 14:35:53
东方财富股吧,买这个都不如买银行指数，没见过这么拉胯的银行,06-08 10:19,浦发银行(600000),买这个都不如买银行指数，没见过这么拉胯的银行,25,1,"https://guba.eastmoney.com/news,600000,1722216717.html",2026-06-08 14:35:53
东方财富股吧,杂凑匕又要连跌几天了！,06-08 10:14,浦发银行(600000),杂凑匕又要连跌几天了！,24,0,"https://guba.eastmoney.com/news,600000,1722206025.html",2026-06-08 14:35:54
东方财富股吧,银行股里的败类,06-08 10:01,浦发银行(600000),银行股里的败类,36,2,"https://guba.eastmoney.com/news,600000,1722173565.html",2026-06-08 14:35:54
东方财富股吧,戆银行,06-08 10:04,浦发银行(600000),戆银行,24,1,"https://guba.eastmoney.com/news,600000,1722180384.html",2026-06-08 14:35:54
东方财富股吧,你就是垃圾,06-08 10:02,浦发银行(600000),你就是垃圾,30,1,"https://guba.eastmoney.com/news,600000,1722174755.html",2026-06-08 14:35:54
东方财富股吧,口舍匕匕一样的，该护盘不护就打算着自己的那些小九九，恶心,06-08 09:49,浦发银行(600000),口舍匕匕一样的，该护盘不护就打算着自己的那些小九九，恶心,32,0,"https://guba.eastmoney.com/news,600000,1722140238.html",2026-06-08 14:35:54
东方财富股吧,开盘卖了浦发，买了科技好爽，就是这么靠谱,06-08 09:49,浦发银行(600000),开盘卖了浦发，买了科技好爽，就是这么靠谱,28,0,"https://guba.eastmoney.com/news,600000,1722139769.html",2026-06-08 14:35:54
东方财富股吧,今天浦发银行又是最靓的仔，绿油油,06-08 09:46,浦发银行(600000),今天浦发银行又是最靓的仔，绿油油,28,1,"https://guba.eastmoney.com/news,600000,1722128489.html",2026-06-08 14:35:54
东方财富股吧,在用点力呀,06-08 09:43,浦发银行(600000),在用点力呀,28,0,"https://guba.eastmoney.com/news,600000,1722119815.html",2026-06-08 14:35:54
东方财富股吧,垃圾,06-08 09:40,浦发银行(600000),垃圾,25,0,"https://guba.eastmoney.com/news,600000,1722109563.html",2026-06-08 14:35:54
东方财富股吧,今天会出现高点，之后又将是无尽的下跌,06-08 08:56,浦发银行(600000),今天会出现高点，之后又将是无尽的下跌,27,0,"https://guba.eastmoney.com/news,600000,1722031460.html",2026-06-08 14:35:54
东方财富股吧,今天可以涨停嘛,06-08 08:54,浦发银行(600000),今天可以涨停嘛,29,0,"https://guba.eastmoney.com/news,600000,1722030837.html",2026-06-08 14:35:54
东方财富股吧,明天还是买点银行股来避险吧，科技股的行情暂告一个段落,06-07 08:25,浦发银行(600000),明天还是买点银行股来避险吧，科技股的行情暂告一个段落,55,1,"https://guba.eastmoney.com/news,600000,1721983502.html",2026-06-08 14:35:54
东方财富股吧,科技跳水，老登准备起飞,06-07 07:51,浦发银行(600000),科技跳水，老登准备起飞,80,1,"https://guba.eastmoney.com/news,zssz399006,1721980200.html",2026-06-08 14:35:54
东方财富股吧,明天暴涨护盘拉高出货,06-07 06:35,浦发银行(600000),明天暴涨护盘拉高出货,51,1,"https://guba.eastmoney.com/news,600000,1721973441.html",2026-06-08 14:35:54
东方财富股吧,唯金融例外“公司市值”A股都按未几年业绩支撑估值进行定价！,06-07 09:46,浦发银行(600000),唯金融例外“公司市值”A股都按未几年业绩支撑估值进行定价！,67,0,"https://guba.eastmoney.com/news,600000,1721934241.html",2026-06-08 14:35:54
东方财富股吧,下周应该站稳9.5以上了吧,06-07 09:53,浦发银行(600000),下周应该站稳9.5以上了吧,48,0,"https://guba.eastmoney.com/news,600000,1721934742.html",2026-06-08 14:35:54
东方财富股吧,明天会不会被错杀啊？重仓了，瑟瑟发抖,06-07 08:35,浦发银行(600000),明天会不会被错杀啊？重仓了，瑟瑟发抖,40,0,"https://guba.eastmoney.com/news,600000,1721929369.html",2026-06-08 14:35:54
东方财富股吧,嘴上说绿的，心里盼着红，大家都是这个心理。看趋势就好，浦发已经从最低点走出来了，,06-05 10:22,浦发银行(600000),嘴上说绿的，心里盼着红，大家都是这个心理。看趋势就好，浦发已经从最低点走出来了，,177,11,"https://guba.eastmoney.com/news,600000,1721240785.html",2026-06-08 14:35:54
东方财富股吧,下个礼拜要高开3个点开盘？,06-06 04:11,浦发银行(600000),下个礼拜要高开3个点开盘？,61,1,"https://guba.eastmoney.com/news,600000,1721882271.html",2026-06-08 14:35:54
东方财富股吧,短期至少9.5以上，全稳了，我是被甩下了,06-05 09:14,浦发银行(600000),短期至少9.5以上，全稳了，我是被甩下了,55,1,"https://guba.eastmoney.com/news,600000,1721763184.html",2026-06-08 14:35:54
东方财富股吧,浦发银行管理层，从14.39元跌至今，你们丢尽了民族银行的脸,05-13 02:43,浦发银行(600000),浦发银行管理层，从14.39元跌至今，你们丢尽了民族银行的脸,1667,134,"https://guba.eastmoney.com/news,600000,1707230891.html",2026-06-08 14:35:54
东方财富股吧,股息5%，银行存款2%。对应浦发股价25。所以20以内不卖,06-06 12:23,浦发银行(600000),股息5%，银行存款2%。对应浦发股价25。所以20以内不卖,79,1,"https://guba.eastmoney.com/news,600000,1721863405.html",2026-06-08 14:35:54
东方财富股吧,纳斯达克崩盘，伪科技实际亏损股将暴跌90%以上，千元会跌到10，浦发银行崛起。真,06-06 10:56,浦发银行(600000),纳斯达克崩盘，伪科技实际亏损股将暴跌90%以上，千元会跌到10，浦发银行崛起。真,65,0,"https://guba.eastmoney.com/news,600000,1721854021.html",2026-06-08 14:35:54
东方财富股吧,外围牛市结束，大a走熊后可以7元买来吃股息了。我在7元很想你。,06-06 09:13,浦发银行(600000),外围牛市结束，大a走熊后可以7元买来吃股息了。我在7元很想你。,109,4,"https://guba.eastmoney.com/news,600000,1721839187.html",2026-06-08 14:35:54
东方财富股吧,浦发银行：融资净偿还766.09万元，融资余额37.79亿元,06-06 07:37,浦发银行(600000),浦发银行：融资净偿还766.09万元，融资余额37.79亿元,75,0,"https://guba.eastmoney.com/news,600000,1721826128.html",2026-06-08 14:35:54
东方财富股吧,直击“老博会”！沪上银行养老金融有何创新？,06-06 12:56,浦发银行(600000),直击“老博会”！沪上银行养老金融有何创新？,515,0,"https://guba.eastmoney.com/news,601398,1721801071.html",2026-06-08 14:35:54
东方财富股吧,零售业务一团糟，,06-05 11:24,浦发银行(600000),零售业务一团糟，,34,0,"https://guba.eastmoney.com/news,600000,1721791042.html",2026-06-08 14:35:54
东方财富股吧,浦发银行的事实成交量说明…10元以下根本没有多少散户卖出…所以根本没有多少成交量,06-05 01:56,浦发银行(600000),浦发银行的事实成交量说明…10元以下根本没有多少散户卖出…所以根本没有多少成交量,269,3,"https://guba.eastmoney.com/news,600000,1721520441.html",2026-06-08 14:35:54
东方财富股吧,真猴，9.28卖了，4w股,06-05 08:20,浦发银行(600000),真猴，9.28卖了，4w股,52,0,"https://guba.eastmoney.com/news,600000,1721751325.html",2026-06-08 14:35:54
东方财富股吧,冲高就应该立刻卖的，砸太快了，没挂上，损失了一半收益,06-05 10:01,浦发银行(600000),冲高就应该立刻卖的，砸太快了，没挂上，损失了一半收益,54,2,"https://guba.eastmoney.com/news,600000,1721182615.html",2026-06-08 14:35:54
东方财富股吧,多家银行开通个人养老金购买储蓄国债入口，邮储银行提醒发售时间,06-05 05:01,浦发银行(600000),多家银行开通个人养老金购买储蓄国债入口，邮储银行提醒发售时间,715,0,"https://guba.eastmoney.com/news,601658,1721705584.html",2026-06-08 14:35:54
东方财富股吧,浦发银行:上海浦东发展银行股份有限公司关于召开2025年年度股东会的通知,06-04 07:14,浦发银行(600000),浦发银行:上海浦东发展银行股份有限公司关于召开2025年年度股东会的通知,350,3,"https://guba.eastmoney.com/news,600000,1720892841.html",2026-06-08 14:35:55
东方财富股吧,主力吃货应该差不多了，该拉升了,06-05 02:17,浦发银行(600000),主力吃货应该差不多了，该拉升了,64,2,"https://guba.eastmoney.com/news,600000,1721559078.html",2026-06-08 14:35:55
东方财富股吧,银行支棱起来。否则指数跌得一塌糊涂。,06-05 02:30,浦发银行(600000),银行支棱起来。否则指数跌得一塌糊涂。,65,1,"https://guba.eastmoney.com/news,600000,1721586001.html",2026-06-08 14:35:55
东方财富股吧,我每次建仓浦发银行，还是能带来一小波上涨的。不过这个适合几百万资金搞它，我这次搞,06-05 02:28,浦发银行(600000),我每次建仓浦发银行，还是能带来一小波上涨的。不过这个适合几百万资金搞它，我这次搞,85,0,"https://guba.eastmoney.com/news,600000,1721582129.html",2026-06-08 14:35:55
东方财富股吧,等分红，分红前一天拜拜,06-05 02:19,浦发银行(600000),等分红，分红前一天拜拜,74,2,"https://guba.eastmoney.com/news,600000,1721563294.html",2026-06-08 14:35:55
东方财富股吧,$浦发银行(SH600000)$,06-05 02:19,浦发银行(600000),$浦发银行(SH600000)$,37,0,"https://guba.eastmoney.com/news,600000,1721563201.html",2026-06-08 14:35:55
东方财富股吧,$浦发银行(SH600000)$,06-05 02:19,浦发银行(600000),$浦发银行(SH600000)$,34,0,"https://guba.eastmoney.com/news,600000,1721562994.html",2026-06-08 14:35:55
东方财富股吧,感觉涨一分钱都是那么的痛苦和纠结,06-05 02:07,浦发银行(600000),感觉涨一分钱都是那么的痛苦和纠结,44,1,"https://guba.eastmoney.com/news,600000,1721540732.html",2026-06-08 14:35:55
东方财富股吧,还是兴业银行牛，,06-05 11:34,浦发银行(600000),还是兴业银行牛，,60,3,"https://guba.eastmoney.com/news,600000,1721382680.html",2026-06-08 14:35:55
东方财富股吧,全线清仓，只保留AI，芯片，保留少量浦发。其他全部清仓，留3万左右尾货记仇，也提,06-05 09:48,浦发银行(600000),全线清仓，只保留AI，芯片，保留少量浦发。其他全部清仓，留3万左右尾货记仇，也提,86,2,"https://guba.eastmoney.com/news,600000,1721138502.html",2026-06-08 14:35:55
东方财富股吧,蒲发银行行长。请冋公司经近30年的发展，今时今日连发行价10元价都达不到，为什么,06-05 11:25,浦发银行(600000),蒲发银行行长。请冋公司经近30年的发展，今时今日连发行价10元价都达不到，为什么,69,2,"https://guba.eastmoney.com/news,600000,1721372124.html",2026-06-08 14:35:55
东方财富股吧,没实力就不要当庄！,06-05 11:29,浦发银行(600000),没实力就不要当庄！,37,0,"https://guba.eastmoney.com/news,600000,1721378512.html",2026-06-08 14:35:55
东方财富股吧,再次重申看空浦发，目标价位7块，坐等二季度报出来就知道结果。,06-05 11:26,浦发银行(600000),再次重申看空浦发，目标价位7块，坐等二季度报出来就知道结果。,43,0,"https://guba.eastmoney.com/news,600000,1721372422.html",2026-06-08 14:35:55
东方财富股吧,浦发经常冲高回落，这种票有什么用，跌也没见回落冲高,06-05 09:55,浦发银行(600000),浦发经常冲高回落，这种票有什么用，跌也没见回落冲高,86,4,"https://guba.eastmoney.com/news,600000,1721162545.html",2026-06-08 14:35:55
东方财富股吧,我11赚三个点卖的、看来是卖对了,06-05 10:56,浦发银行(600000),我11赚三个点卖的、看来是卖对了,37,0,"https://guba.eastmoney.com/news,600000,1721317971.html",2026-06-08 14:35:55
东方财富股吧,你就是垃圾股,06-05 10:51,浦发银行(600000),你就是垃圾股,36,0,"https://guba.eastmoney.com/news,600000,1721308473.html",2026-06-08 14:35:55
东方财富股吧,震仓洗盘，昨天今天进来的机构资金没有出去，下午拉升，耐心等待,06-05 09:53,浦发银行(600000),震仓洗盘，昨天今天进来的机构资金没有出去，下午拉升，耐心等待,118,8,"https://guba.eastmoney.com/news,600000,1721156312.html",2026-06-08 14:35:55
东方财富股吧,太保，海通都小涨今天，撑指数，这浦发今天估计绿不了,06-08 11:26,浦发银行(600000),太保，海通都小涨今天，撑指数，这浦发今天估计绿不了,23,0,"https://guba.eastmoney.com/news,600000,1722346450.html",2026-06-08 14:35:55
东方财富股吧,拿住了，就不信了，主力有那么多钱天天拉CPO，大科技,06-08 10:44,浦发银行(600000),拿住了，就不信了，主力有那么多钱天天拉CPO，大科技,27,0,"https://guba.eastmoney.com/news,600000,1722268318.html",2026-06-08 14:35:55
东方财富股吧,宗甚！,06-08 10:27,浦发银行(600000),宗甚！,17,0,"https://guba.eastmoney.com/news,600000,1722235740.html",2026-06-08 14:35:55
东方财富股吧,这苟妆一点格局没有的，非要逼人割肉才罢休，老子就是不割！,06-08 09:44,浦发银行(600000),这苟妆一点格局没有的，非要逼人割肉才罢休，老子就是不割！,21,0,"https://guba.eastmoney.com/news,600000,1722124159.html",2026-06-08 14:35:55
东方财富股吧,垃圾,06-08 09:39,浦发银行(600000),垃圾,30,0,"https://guba.eastmoney.com/news,600000,1722106907.html",2026-06-08 14:35:55
东方财富股吧,哈哈哈，cpo起来了,06-08 09:33,浦发银行(600000),哈哈哈，cpo起来了,23,0,"https://guba.eastmoney.com/news,600000,1722089180.html",2026-06-08 14:35:55
东方财富股吧,特么板块在拉它在出货！,06-08 09:31,浦发银行(600000),特么板块在拉它在出货！,23,0,"https://guba.eastmoney.com/news,600000,1722080149.html",2026-06-08 14:35:55
东方财富股吧,谁说高开来着,06-08 09:16,浦发银行(600000),谁说高开来着,21,0,"https://guba.eastmoney.com/news,600000,1722040363.html",2026-06-08 14:35:55
东方财富股吧,整天公司牛逼吹的响胖胖，股价跌的令人发指，破发银行,06-08 08:25,浦发银行(600000),整天公司牛逼吹的响胖胖，股价跌的令人发指，破发银行,28,0,"https://guba.eastmoney.com/news,600000,1722023454.html",2026-06-08 14:35:55
东方财富股吧,发行价10元，这是一个破发银行，不多见,06-08 08:00,浦发银行(600000),发行价10元，这是一个破发银行，不多见,40,0,"https://guba.eastmoney.com/news,600000,1722018587.html",2026-06-08 14:35:55
东方财富股吧,分红前一个月基本稳在9.5左右,06-07 10:46,浦发银行(600000),分红前一个月基本稳在9.5左右,48,1,"https://guba.eastmoney.com/news,600000,1721997934.html",2026-06-08 14:35:55
东方财富股吧,这浦发要说分红也是所有银行里垫底，时间又慢，次数又少，,06-07 10:45,浦发银行(600000),这浦发要说分红也是所有银行里垫底，时间又慢，次数又少，,40,0,"https://guba.eastmoney.com/news,600000,1721997826.html",2026-06-08 14:35:55
东方财富股吧,周一浦发如砸盘，大盘彻底,06-07 12:10,浦发银行(600000),周一浦发如砸盘，大盘彻底,83,1,"https://guba.eastmoney.com/news,600000,1721945222.html",2026-06-08 14:35:55
东方财富股吧,周一能不跌的都是牛,06-07 10:13,浦发银行(600000),周一能不跌的都是牛,50,1,"https://guba.eastmoney.com/news,600000,1721936266.html",2026-06-08 14:35:55
东方财富股吧,我之前一直说，浦发和cpo决对死对头，cpo涨这货必跌无疑，cpo跌则浦发跌不到,06-07 09:39,浦发银行(600000),我之前一直说，浦发和cpo决对死对头，cpo涨这货必跌无疑，cpo跌则浦发跌不到,52,0,"https://guba.eastmoney.com/news,600000,1721933814.html",2026-06-08 14:35:55
东方财富股吧,大盘如不好，这货会有作为的，这点我可以,06-07 05:30,浦发银行(600000),大盘如不好，这货会有作为的，这点我可以,35,0,"https://guba.eastmoney.com/news,600000,1721923079.html",2026-06-08 14:35:55
东方财富股吧,一般都是慢慢涨到分红之后就开跌了,06-07 05:26,浦发银行(600000),一般都是慢慢涨到分红之后就开跌了,38,1,"https://guba.eastmoney.com/news,600000,1721923035.html",2026-06-08 14:35:56
东方财富股吧,为什么市盈率个位数的公司年年有稳定分红，市盈率几千几万的高科技公司没有分红，有没,06-06 04:22,浦发银行(600000),为什么市盈率个位数的公司年年有稳定分红，市盈率几千几万的高科技公司没有分红，有没,188,5,"https://guba.eastmoney.com/news,600000,1721883149.html",2026-06-08 14:35:56
东方财富股吧,今年一月这根巨阴线是致命的，修复很难,06-06 06:44,浦发银行(600000),今年一月这根巨阴线是致命的，修复很难,50,1,"https://guba.eastmoney.com/news,600000,1721894474.html",2026-06-08 14:35:56
东方财富股吧,去年4.7你也跌的很厉害,06-06 06:40,浦发银行(600000),去年4.7你也跌的很厉害,38,0,"https://guba.eastmoney.com/news,600000,1721894185.html",2026-06-08 14:35:56
东方财富股吧,其实周五早盘银行还跌的，下午开始cpo里资金已经得到消息疯狂出逃，所以大盘已经下,06-06 11:28,浦发银行(600000),其实周五早盘银行还跌的，下午开始cpo里资金已经得到消息疯狂出逃，所以大盘已经下,168,3,"https://guba.eastmoney.com/news,600000,1721857699.html",2026-06-08 14:35:56
东方财富股吧,瑟瑟发抖啊，会不会一起跌,06-06 08:51,浦发银行(600000),瑟瑟发抖啊，会不会一起跌,72,3,"https://guba.eastmoney.com/news,600000,1721836274.html",2026-06-08 14:35:56
东方财富股吧,你特么机会在眼前了能把握住吗？怂了一年了能不装了吗？周一看你的了！,06-06 11:48,浦发银行(600000),你特么机会在眼前了能把握住吗？怂了一年了能不装了吗？周一看你的了！,51,0,"https://guba.eastmoney.com/news,600000,1721859837.html",2026-06-08 14:35:56
东方财富股吧,科技崩了你能争气点吗,06-05 11:43,浦发银行(600000),科技崩了你能争气点吗,39,0,"https://guba.eastmoney.com/news,600000,1721793739.html",2026-06-08 14:35:56
东方财富股吧,下周一可能你要互一下盘面，控制一下,06-05 11:22,浦发银行(600000),下周一可能你要互一下盘面，控制一下,38,0,"https://guba.eastmoney.com/news,600000,1721790716.html",2026-06-08 14:35:56
东方财富股吧,这个月9元下方如果不去的话，今年8.75底部了,06-05 04:59,浦发银行(600000),这个月9元下方如果不去的话，今年8.75底部了,81,3,"https://guba.eastmoney.com/news,600000,1721704932.html",2026-06-08 14:35:56
东方财富股吧,引诱，诱多，爆裂下跌,06-05 08:27,浦发银行(600000),引诱，诱多，爆裂下跌,38,0,"https://guba.eastmoney.com/news,600000,1721752758.html",2026-06-08 14:35:56
东方财富股吧,信达证券走势看看，谁看得懂，怎么现在都如此,06-05 08:38,浦发银行(600000),信达证券走势看看，谁看得懂，怎么现在都如此,63,0,"https://guba.eastmoney.com/news,600000,1721755114.html",2026-06-08 14:35:56
东方财富股吧,翻阅很多票，周线都是如此及其恶劣行为，去年八月左右见顶，太多了,06-05 08:26,浦发银行(600000),翻阅很多票，周线都是如此及其恶劣行为，去年八月左右见顶，太多了,41,0,"https://guba.eastmoney.com/news,600000,1721752585.html",2026-06-08 14:35:56
东方财富股吧,空勾还在吗？还质疑我吗？下周一10块钱,06-05 03:07,浦发银行(600000),空勾还在吗？还质疑我吗？下周一10块钱,152,5,"https://guba.eastmoney.com/news,600000,1721656110.html",2026-06-08 14:35:56
东方财富股吧,上面一个重要位置4月21那天，9.72关注，当然要板块强势首先,06-05 03:58,浦发银行(600000),上面一个重要位置4月21那天，9.72关注，当然要板块强势首先,156,0,"https://guba.eastmoney.com/news,600000,1721684249.html",2026-06-08 14:35:56
东方财富股吧,cpo突然回落救了浦发一下，否则今天早上回落收阴那必破9元,06-05 03:26,浦发银行(600000),cpo突然回落救了浦发一下，否则今天早上回落收阴那必破9元,36,0,"https://guba.eastmoney.com/news,600000,1721668675.html",2026-06-08 14:35:56
东方财富股吧,今天，好几天一直收到浦发垃圾短信，拉黑,06-05 03:08,浦发银行(600000),今天，好几天一直收到浦发垃圾短信，拉黑,125,0,"https://guba.eastmoney.com/news,600000,1721657160.html",2026-06-08 14:35:56
东方财富股吧,这货生存之道只局限于cpo大跌，那不是办法,06-05 02:35,浦发银行(600000),这货生存之道只局限于cpo大跌，那不是办法,39,1,"https://guba.eastmoney.com/news,600000,1721598203.html",2026-06-08 14:35:56
东方财富股吧,$浦发银行(SH600000)$,06-05 02:18,浦发银行(600000),$浦发银行(SH600000)$,20,0,"https://guba.eastmoney.com/news,600000,1721560536.html",2026-06-08 14:35:56
东方财富股吧,难怪，cpo救你命,06-05 01:30,浦发银行(600000),难怪，cpo救你命,40,0,"https://guba.eastmoney.com/news,600000,1721475684.html",2026-06-08 14:35:56
东方财富股吧,我估计这月收盘，它顶多收在9.5到9.6这里附近,06-05 12:22,浦发银行(600000),我估计这月收盘，它顶多收在9.5到9.6这里附近,33,0,"https://guba.eastmoney.com/news,600000,1721404341.html",2026-06-08 14:35:56
东方财富股吧,六月底开股东大会，七月头分红，看这个月它怎么收，今天中移动分红除权头一天跌，上海,06-05 12:20,浦发银行(600000),六月底开股东大会，七月头分红，看这个月它怎么收，今天中移动分红除权头一天跌，上海,53,0,"https://guba.eastmoney.com/news,600000,1721403756.html",2026-06-08 14:35:56
东方财富股吧,归儿子不是很难砸吗？怎么今天砸不动了,06-05 12:00,浦发银行(600000),归儿子不是很难砸吗？怎么今天砸不动了,37,0,"https://guba.eastmoney.com/news,600000,1721397061.html",2026-06-08 14:35:56
东方财富股吧,我今天就发话这里，不赚一毛钱，我都不会走,06-05 11:51,浦发银行(600000),我今天就发话这里，不赚一毛钱，我都不会走,36,0,"https://guba.eastmoney.com/news,600000,1721393325.html",2026-06-08 14:35:56
东方财富股吧,主力哥，你要洗就给我来个跌停，别天天装。笔,06-05 11:12,浦发银行(600000),主力哥，你要洗就给我来个跌停，别天天装。笔,41,2,"https://guba.eastmoney.com/news,600000,1721347967.html",2026-06-08 14:35:56
东方财富股吧,这个苟妆真的扣门，小气的很，竟然妄想一个散户都不想带上车一个人吃独食，想得美,06-05 11:19,浦发银行(600000),这个苟妆真的扣门，小气的很，竟然妄想一个散户都不想带上车一个人吃独食，想得美,36,0,"https://guba.eastmoney.com/news,600000,1721360605.html",2026-06-08 14:35:56
东方财富股吧,"不看好的够都gun,我就看好浦发这轮能破10块钱",06-05 10:57,浦发银行(600000),"不看好的够都gun,我就看好浦发这轮能破10块钱",66,4,"https://guba.eastmoney.com/news,600000,1721319150.html",2026-06-08 14:35:56
东方财富股吧,大家坚持住，苟妆老是整这出就是想让我们心浮气躁忍不住割肉放弃分红，大家都拿好筹码,06-05 10:24,浦发银行(600000),大家坚持住，苟妆老是整这出就是想让我们心浮气躁忍不住割肉放弃分红，大家都拿好筹码,56,2,"https://guba.eastmoney.com/news,600000,1721244772.html",2026-06-08 14:35:56
东方财富股吧,最垃圾银行，现在比兴业都差不是一点点，跌那么多还原地踏步，年跌幅第一,06-05 10:41,浦发银行(600000),最垃圾银行，现在比兴业都差不是一点点，跌那么多还原地踏步，年跌幅第一,43,1,"https://guba.eastmoney.com/news,600000,1721286427.html",2026-06-08 14:35:56
东方财富股吧,必绿,06-05 10:51,浦发银行(600000),必绿,26,0,"https://guba.eastmoney.com/news,600000,1721307408.html",2026-06-08 14:35:56
东方财富股吧,它们已经在开始删评论了，坚持住兄弟们！,06-05 10:50,浦发银行(600000),它们已经在开始删评论了，坚持住兄弟们！,81,0,"https://guba.eastmoney.com/news,600000,1721306736.html",2026-06-08 14:35:56
东方财富股吧,板块普跌的时候跌得稍微少点，板块红的时候就吊车尾，这个操盘手吃相不要这么难看，你,06-05 09:27,浦发银行(600000),板块普跌的时候跌得稍微少点，板块红的时候就吊车尾，这个操盘手吃相不要这么难看，你,36,1,"https://guba.eastmoney.com/news,600000,1721057735.html",2026-06-08 14:35:56
东方财富股吧,快点绿快点绿，看着心烦，反正老子也不止你一个票,06-05 10:15,浦发银行(600000),快点绿快点绿，看着心烦，反正老子也不止你一个票,28,0,"https://guba.eastmoney.com/news,600000,1721220974.html",2026-06-08 14:35:57
东方财富股吧,今天必绿，下午回来看,06-05 10:11,浦发银行(600000),今天必绿，下午回来看,31,0,"https://guba.eastmoney.com/news,600000,1721210770.html",2026-06-08 14:35:57
东方财富股吧,我记得前几天一直讲，和cpo死对头，看看cpo，抛吧,06-05 10:11,浦发银行(600000),我记得前几天一直讲，和cpo死对头，看看cpo，抛吧,24,0,"https://guba.eastmoney.com/news,600000,1721210453.html",2026-06-08 14:35:57
东方财富股吧,包绿的,06-05 10:08,浦发银行(600000),包绿的,32,0,"https://guba.eastmoney.com/news,600000,1721202856.html",2026-06-08 14:35:57
东方财富股吧,投票：浦发今天会绿吗？,06-05 10:05,浦发银行(600000),投票：浦发今天会绿吗？,45,1,"https://guba.eastmoney.com/news,600000,1721191948.html",2026-06-08 14:35:57
东方财富股吧,主力今天没吃饭,06-05 10:05,浦发银行(600000),主力今天没吃饭,34,1,"https://guba.eastmoney.com/news,600000,1721194001.html",2026-06-08 14:35:57
东方财富股吧,每天上一当，当当都一样,06-05 10:04,浦发银行(600000),每天上一当，当当都一样,39,0,"https://guba.eastmoney.com/news,600000,1721191713.html",2026-06-08 14:35:57
东方财富股吧,哈哈哈，和前几天一样，又是套人的一天。不过对我还是没用，你绿吧，我躺平了,06-05 10:04,浦发银行(600000),哈哈哈，和前几天一样，又是套人的一天。不过对我还是没用，你绿吧，我躺平了,22,0,"https://guba.eastmoney.com/news,600000,1721189303.html",2026-06-08 14:35:57
东方财富股吧,年内跌幅超7%，A股银行板块为何大幅跑输大盘？,05-19 08:35,浦发银行(600000),年内跌幅超7%，A股银行板块为何大幅跑输大盘？,9105,37,"https://guba.eastmoney.com/news,600928,1710738488.html",2026-06-08 14:35:57
东方财富股吧,太弱了，走了,06-05 09:54,浦发银行(600000),太弱了，走了,27,1,"https://guba.eastmoney.com/news,600000,1721157455.html",2026-06-08 14:35:57
东方财富股吧,今天9.4收盘,06-05 09:40,浦发银行(600000),今天9.4收盘,36,1,"https://guba.eastmoney.com/news,600000,1721106758.html",2026-06-08 14:35:57
东方财富股吧,下来了，这就是垃圾极限,06-05 09:40,浦发银行(600000),下来了，这就是垃圾极限,37,1,"https://guba.eastmoney.com/news,600000,1721107119.html",2026-06-08 14:35:57
东方财富股吧,美银和中银天差地别，谁要负这个责任？,06-05 08:57,浦发银行(600000),美银和中银天差地别，谁要负这个责任？,60,2,"https://guba.eastmoney.com/news,600000,1721025499.html",2026-06-08 14:35:57
东方财富股吧,我是老登，我就不去科技,06-05 09:34,浦发银行(600000),我是老登，我就不去科技,36,0,"https://guba.eastmoney.com/news,600000,1721080644.html",2026-06-08 14:35:57
东方财富股吧,怎么样，我说的5连绿，已经四连绿了，今天继续跌,06-05 09:24,浦发银行(600000),怎么样，我说的5连绿，已经四连绿了，今天继续跌,70,3,"https://guba.eastmoney.com/news,600000,1721045420.html",2026-06-08 14:35:57
东方财富股吧,继续跌,06-05 09:27,浦发银行(600000),继续跌,35,0,"https://guba.eastmoney.com/news,600000,1721057306.html",2026-06-08 14:35:57
东方财富股吧,当年11.8跑路，看来是对了,06-05 09:05,浦发银行(600000),当年11.8跑路，看来是对了,42,2,"https://guba.eastmoney.com/news,600000,1721029387.html",2026-06-08 14:35:57
东方财富股吧,看涨的人那么多？,06-05 09:18,浦发银行(600000),看涨的人那么多？,45,0,"https://guba.eastmoney.com/news,600000,1721038759.html",2026-06-08 14:35:57
东方财富股吧,根据浦发银行的业绩和最近的低估值，它有一次涨停并不奇怪，不过即使涨停，我也不会卖,06-05 06:28,浦发银行(600000),根据浦发银行的业绩和最近的低估值，它有一次涨停并不奇怪，不过即使涨停，我也不会卖,163,3,"https://guba.eastmoney.com/news,600000,1720994619.html",2026-06-08 14:35:57
东方财富股吧,请问董秘。今年的股东大会还要拖延到6月份吗。业绩分红发布一个月。四大行都开始股息,05-12 04:30,浦发银行(600000),请问董秘。今年的股东大会还要拖延到6月份吗。业绩分红发布一个月。四大行都开始股息,819,7,"https://guba.eastmoney.com/news,600000,1706523088.html",2026-06-08 14:35:57
东方财富股吧,有3-4倍的空间，目标：美国的银行平均市净率约1.5倍、市盈率平均15倍，而中国,05-25 10:03,浦发银行(600000),有3-4倍的空间，目标：美国的银行平均市净率约1.5倍、市盈率平均15倍，而中国,612,19,"https://guba.eastmoney.com/news,600000,1714161910.html",2026-06-08 14:35:57
东方财富股吧,这点成交量，证金公司要减持完何时是个头,06-04 02:07,浦发银行(600000),这点成交量，证金公司要减持完何时是个头,136,5,"https://guba.eastmoney.com/news,600000,1720680009.html",2026-06-08 14:35:57
东方财富股吧,浦发银行：融资净偿还1878.24万元，融资余额37.86亿元,06-05 07:48,浦发银行(600000),浦发银行：融资净偿还1878.24万元，融资余额37.86亿元,74,0,"https://guba.eastmoney.com/news,600000,1721007522.html",2026-06-08 14:35:57
东方财富股吧,浦发银行:上海浦东发展银行股份有限公司董事会2026年第六次会议决议公告,06-04 07:14,浦发银行(600000),浦发银行:上海浦东发展银行股份有限公司董事会2026年第六次会议决议公告,241,3,"https://guba.eastmoney.com/news,600000,1720892793.html",2026-06-08 14:35:57
东方财富股吧,中信行已分红，平安行、兴业行分眼在眼前，浦发却连股东大会都没会，这节奏、这效率，,06-05 07:25,浦发银行(600000),中信行已分红，平安行、兴业行分眼在眼前，浦发却连股东大会都没会，这节奏、这效率，,72,2,"https://guba.eastmoney.com/news,600000,1721003654.html",2026-06-08 14:35:57
东方财富股吧,这里就是浓缩板3月底走势，一是一样,06-05 07:08,浦发银行(600000),这里就是浓缩板3月底走势，一是一样,34,0,"https://guba.eastmoney.com/news,600000,1721001363.html",2026-06-08 14:35:57
东方财富股吧,看k线，每一次反弹过后必定开始绵绵阴跌,06-05 07:06,浦发银行(600000),看k线，每一次反弹过后必定开始绵绵阴跌,31,0,"https://guba.eastmoney.com/news,600000,1721001190.html",2026-06-08 14:35:57
东方财富股吧,从去年底开始被套近20个点了，还有希望吗,06-05 06:42,浦发银行(600000),从去年底开始被套近20个点了，还有希望吗,52,1,"https://guba.eastmoney.com/news,600000,1720996908.html",2026-06-08 14:35:57
东方财富股吧,对于手拿浦发银行的散户来讲，最好就是双休，因为基本一开市看到它总再跌，就算偶尔反,06-05 06:52,浦发银行(600000),对于手拿浦发银行的散户来讲，最好就是双休，因为基本一开市看到它总再跌，就算偶尔反,52,0,"https://guba.eastmoney.com/news,600000,1720998813.html",2026-06-08 14:35:57
东方财富股吧,探路“大城养老”新模式 上海试点养老服务信托,06-04 09:28,浦发银行(600000),探路“大城养老”新模式 上海试点养老服务信托,389,2,"https://guba.eastmoney.com/news,600000,1720930235.html",2026-06-08 14:35:57
东方财富股吧,垃圾,06-04 09:54,浦发银行(600000),垃圾,30,0,"https://guba.eastmoney.com/news,600000,1720939521.html",2026-06-08 14:35:57
东方财富股吧,主力哥，求求你明天做个好人吧，干脆直接跌停吧，天天拉高再砸下来，我真的无语死了,06-04 09:12,浦发银行(600000),主力哥，求求你明天做个好人吧，干脆直接跌停吧，天天拉高再砸下来，我真的无语死了,67,3,"https://guba.eastmoney.com/news,600000,1720925716.html",2026-06-08 14:35:57
东方财富股吧,8.6以下再考虑低吸,06-04 07:49,浦发银行(600000),8.6以下再考虑低吸,43,0,"https://guba.eastmoney.com/news,600000,1720902069.html",2026-06-08 14:35:57
东方财富股吧,累计被罚没约8.7亿元！1至5月，银行业收到2400余张监管罚单,06-04 02:29,浦发银行(600000),累计被罚没约8.7亿元！1至5月，银行业收到2400余张监管罚单,722,3,"https://guba.eastmoney.com/news,601939,1720726092.html",2026-06-08 14:35:58
东方财富股吧,浦发银行:上海浦东发展银行股份有限公司关联交易公告,06-04 07:14,浦发银行(600000),浦发银行:上海浦东发展银行股份有限公司关联交易公告,236,3,"https://guba.eastmoney.com/news,600000,1720892792.html",2026-06-08 14:35:58
东方财富股吧,主力你好，不是我不去cpo，主要是你给我砸得深套了，我实在不想割，甚至还有点想再,06-04 05:58,浦发银行(600000),主力你好，不是我不去cpo，主要是你给我砸得深套了，我实在不想割，甚至还有点想再,61,1,"https://guba.eastmoney.com/news,600000,1720872478.html",2026-06-08 14:35:58
东方财富股吧,9元很快下破,06-04 07:49,浦发银行(600000),9元很快下破,42,1,"https://guba.eastmoney.com/news,600000,1720901888.html",2026-06-08 14:35:58
东方财富股吧,我再说一遍，破9元这次买,06-04 07:44,浦发银行(600000),我再说一遍，破9元这次买,87,2,"https://guba.eastmoney.com/news,600000,1720900648.html",2026-06-08 14:35:58
东方财富股吧,如出一辙呵呵，准备哦新一轮下跌,06-04 05:33,浦发银行(600000),如出一辙呵呵，准备哦新一轮下跌,163,3,"https://guba.eastmoney.com/news,600000,1720864408.html",2026-06-08 14:35:58
东方财富股吧,这么跌跌不休，跌一年，可人气从没有跌出二千开外，奇怪,06-04 07:14,浦发银行(600000),这么跌跌不休，跌一年，可人气从没有跌出二千开外，奇怪,38,1,"https://guba.eastmoney.com/news,600000,1720893008.html",2026-06-08 14:35:58
东方财富股吧,浦发银行:上海浦东发展银行股份有限公司2025年年度股东会会议资料,06-04 07:14,浦发银行(600000),浦发银行:上海浦东发展银行股份有限公司2025年年度股东会会议资料,238,2,"https://guba.eastmoney.com/news,600000,1720892790.html",2026-06-08 14:35:58
东方财富股吧,这生解套没希望,06-04 06:38,浦发银行(600000),这生解套没希望,28,0,"https://guba.eastmoney.com/news,600000,1720883492.html",2026-06-08 14:35:58
东方财富股吧,今年每逢周四，浦发就没红过,06-04 01:07,浦发银行(600000),今年每逢周四，浦发就没红过,38,3,"https://guba.eastmoney.com/news,600000,1720562123.html",2026-06-08 14:35:58
东方财富股吧,今天加仓浦发，没多加，30万左右。科创真坚强啊，但这个钱我真的不挣了。思特威减仓,06-04 02:48,浦发银行(600000),今天加仓浦发，没多加，30万左右。科创真坚强啊，但这个钱我真的不挣了。思特威减仓,196,9,"https://guba.eastmoney.com/news,600000,1720764804.html",2026-06-08 14:35:58
东方财富股吧,这票最大一个问题就是跌的时间远远比涨的时候多得多,06-04 04:08,浦发银行(600000),这票最大一个问题就是跌的时间远远比涨的时候多得多,39,1,"https://guba.eastmoney.com/news,600000,1720833379.html",2026-06-08 14:35:58
东方财富股吧,那么艰难的日子都没有投降，苟妆还指望这几天小打小闹把我洗掉简直是痴人做梦我会笑着,06-04 03:43,浦发银行(600000),那么艰难的日子都没有投降，苟妆还指望这几天小打小闹把我洗掉简直是痴人做梦我会笑着,183,3,"https://guba.eastmoney.com/news,600000,1720822196.html",2026-06-08 14:35:58
东方财富股吧,连续4天都是阴见小雨，晴一日阴4日,06-04 03:19,浦发银行(600000),连续4天都是阴见小雨，晴一日阴4日,38,1,"https://guba.eastmoney.com/news,600000,1720808314.html",2026-06-08 14:35:58
东方财富股吧,还有说一句，我昨天忍不住9.23抛了几千股，它敢涨？,06-04 03:27,浦发银行(600000),还有说一句，我昨天忍不住9.23抛了几千股，它敢涨？,33,0,"https://guba.eastmoney.com/news,600000,1720813851.html",2026-06-08 14:35:58
东方财富股吧,连跌四天，有位尾号姓什么佑的兄弟在吗，说的真准，连跌五天，,06-04 03:26,浦发银行(600000),连跌四天，有位尾号姓什么佑的兄弟在吗，说的真准，连跌五天，,40,0,"https://guba.eastmoney.com/news,600000,1720813269.html",2026-06-08 14:35:58
东方财富股吧,说这岚货吧，眼看要跌30%了给你拉回二十几，说这岚货要脸吧，每次红一两个点,06-04 03:20,浦发银行(600000),说这岚货吧，眼看要跌30%了给你拉回二十几，说这岚货要脸吧，每次红一两个点,45,0,"https://guba.eastmoney.com/news,600000,1720809542.html",2026-06-08 14:35:58
东方财富股吧,真无耻竞价还要砸,06-04 03:00,浦发银行(600000),真无耻竞价还要砸,57,2,"https://guba.eastmoney.com/news,600000,1720787810.html",2026-06-08 14:35:58
东方财富股吧,这票今年10元看不到,06-04 02:45,浦发银行(600000),这票今年10元看不到,68,3,"https://guba.eastmoney.com/news,600000,1720758926.html",2026-06-08 14:35:58
东方财富股吧,这么好的股票从哪里能找到，拿一个月现在买七月分红4.5个点，只扣0.1个点的税，,06-04 10:23,浦发银行(600000),这么好的股票从哪里能找到，拿一个月现在买七月分红4.5个点，只扣0.1个点的税，,1181,16,"https://guba.eastmoney.com/news,600000,1720356285.html",2026-06-08 14:35:58
东方财富股吧,收盘还要砸两分,06-04 02:58,浦发银行(600000),收盘还要砸两分,34,0,"https://guba.eastmoney.com/news,600000,1720784385.html",2026-06-08 14:35:58
东方财富股吧,该涨了,06-04 12:16,浦发银行(600000),该涨了,43,1,"https://guba.eastmoney.com/news,600000,1720532257.html",2026-06-08 14:35:58
东方财富股吧,该发放红利了吧,06-04 02:53,浦发银行(600000),该发放红利了吧,40,0,"https://guba.eastmoney.com/news,600000,1720776048.html",2026-06-08 14:35:58
东方财富股吧,那民生银行不更优秀了啊,06-04 02:36,浦发银行(600000),那民生银行不更优秀了啊,31,0,"https://guba.eastmoney.com/news,600000,1720741533.html",2026-06-08 14:35:58
东方财富股吧,这孩子跟跌的,06-04 02:31,浦发银行(600000),这孩子跟跌的,33,0,"https://guba.eastmoney.com/news,600000,1720732176.html",2026-06-08 14:35:58
东方财富股吧,请开始你的表演,06-04 01:35,浦发银行(600000),请开始你的表演,40,1,"https://guba.eastmoney.com/news,600000,1720618881.html",2026-06-08 14:35:58
东方财富股吧,看到没有，还洗地吗？现在就是一天半个点左右洗，洗到散户割肉放弃分红,06-04 02:27,浦发银行(600000),看到没有，还洗地吗？现在就是一天半个点左右洗，洗到散户割肉放弃分红,37,0,"https://guba.eastmoney.com/news,600000,1720722152.html",2026-06-08 14:35:58
东方财富股吧,好，下来了,06-04 02:26,浦发银行(600000),好，下来了,25,0,"https://guba.eastmoney.com/news,600000,1720721361.html",2026-06-08 14:35:58
东方财富股吧,用点力好吗,06-04 02:02,浦发银行(600000),用点力好吗,27,0,"https://guba.eastmoney.com/news,600000,1720670207.html",2026-06-08 14:35:58
东方财富股吧,一个这周全绿的岚货竟然还有人洗地，真的脑子瓦特了,06-04 01:47,浦发银行(600000),一个这周全绿的岚货竟然还有人洗地，真的脑子瓦特了,42,0,"https://guba.eastmoney.com/news,600000,1720642203.html",2026-06-08 14:35:58
东方财富股吧,今天表现的挺优秀,06-04 01:24,浦发银行(600000),今天表现的挺优秀,77,2,"https://guba.eastmoney.com/news,600000,1720597667.html",2026-06-08 14:35:58
东方财富股吧,不跌，不再继续跌算好的，这种票没个几年光景不会涨上去,06-04 12:18,浦发银行(600000),不跌，不再继续跌算好的，这种票没个几年光景不会涨上去,40,1,"https://guba.eastmoney.com/news,600000,1720532796.html",2026-06-08 14:35:58
东方财富股吧,你们没想过吗？把它当租房，租给别人，半年收一次房租，假设今天我买了，一年10个点,06-04 11:51,浦发银行(600000),你们没想过吗？把它当租房，租给别人，半年收一次房租，假设今天我买了，一年10个点,98,3,"https://guba.eastmoney.com/news,600000,1720521577.html",2026-06-08 14:35:58
东方财富股吧,这里只有出一根中阴线，不是十字线，这浦发破9元，趋势彻底结束,06-04 12:12,浦发银行(600000),这里只有出一根中阴线，不是十字线，这浦发破9元，趋势彻底结束,42,1,"https://guba.eastmoney.com/news,600000,1720530588.html",2026-06-08 14:35:59
东方财富股吧,买浦发太煎熬了……从最高14元多跌到现在，这什么股啊，,06-04 11:25,浦发银行(600000),买浦发太煎熬了……从最高14元多跌到现在，这什么股啊，,48,1,"https://guba.eastmoney.com/news,600000,1720496346.html",2026-06-08 14:35:59
东方财富股吧,2470张罚单！银行业今年以来被罚没8.7亿元,06-04 10:40,浦发银行(600000),2470张罚单！银行业今年以来被罚没8.7亿元,866,5,"https://guba.eastmoney.com/news,601939,1720402161.html",2026-06-08 14:35:59
东方财富股吧,1.67亿成交量？还不如亨通，长飞随便一只一分钟成交多,06-04 10:35,浦发银行(600000),1.67亿成交量？还不如亨通，长飞随便一只一分钟成交多,46,2,"https://guba.eastmoney.com/news,600000,1720389972.html",2026-06-08 14:35:59
东方财富股吧,苟妆今天怎么两次乌龙指了？昨晚商k喝多了手抖？,06-04 10:46,浦发银行(600000),苟妆今天怎么两次乌龙指了？昨晚商k喝多了手抖？,36,1,"https://guba.eastmoney.com/news,600000,1720415047.html",2026-06-08 14:35:59
东方财富股吧,中钨高新以前二十年之前一直四五元，现在七十几,06-04 10:45,浦发银行(600000),中钨高新以前二十年之前一直四五元，现在七十几,36,0,"https://guba.eastmoney.com/news,600000,1720413473.html",2026-06-08 14:35:59
东方财富股吧,板块拉切了呵呵,06-04 10:33,浦发银行(600000),板块拉切了呵呵,26,0,"https://guba.eastmoney.com/news,600000,1720383372.html",2026-06-08 14:35:59
东方财富股吧,下个月7块的时候可以逐步建仓了,06-04 10:16,浦发银行(600000),下个月7块的时候可以逐步建仓了,47,1,"https://guba.eastmoney.com/news,600000,1720337502.html",2026-06-08 14:35:59
东方财富股吧,操盘作失误乌龙指,06-04 10:12,浦发银行(600000),操盘作失误乌龙指,31,0,"https://guba.eastmoney.com/news,600000,1720325056.html",2026-06-08 14:35:59
东方财富股吧,9.285000万,06-04 10:10,浦发银行(600000),9.285000万,32,0,"https://guba.eastmoney.com/news,600000,1720318289.html",2026-06-08 14:35:59
东方财富股吧,这个货要开启连今天跟板块了？不做逆子了？岚货！,06-04 10:01,浦发银行(600000),这个货要开启连今天跟板块了？不做逆子了？岚货！,33,0,"https://guba.eastmoney.com/news,600000,1720287895.html",2026-06-08 14:35:59
东方财富股吧,破9元，等你,06-04 09:59,浦发银行(600000),破9元，等你,26,0,"https://guba.eastmoney.com/news,600000,1720282654.html",2026-06-08 14:35:59
东方财富股吧,兄弟们，拿住一年，靠股息率回本，越跌越买，就当存银行,06-04 09:54,浦发银行(600000),兄弟们，拿住一年，靠股息率回本，越跌越买，就当存银行,24,0,"https://guba.eastmoney.com/news,600000,1720266804.html",2026-06-08 14:35:59
东方财富股吧,没必要5000只股票，留下500只就可以了，其它的全是废票,06-04 09:51,浦发银行(600000),没必要5000只股票，留下500只就可以了，其它的全是废票,30,0,"https://guba.eastmoney.com/news,600000,1720252690.html",2026-06-08 14:35:59
东方财富股吧,主力流入跌，主力流出也跌,06-04 09:49,浦发银行(600000),主力流入跌，主力流出也跌,30,0,"https://guba.eastmoney.com/news,600000,1720247551.html",2026-06-08 14:35:59
东方财富股吧,不想玩了,06-04 09:41,浦发银行(600000),不想玩了,37,2,"https://guba.eastmoney.com/news,600000,1720216452.html",2026-06-08 14:35:59
东方财富股吧,没人陪玩了，已经被彻底抛弃,06-04 09:47,浦发银行(600000),没人陪玩了，已经被彻底抛弃,57,0,"https://guba.eastmoney.com/news,600000,1720240213.html",2026-06-08 14:35:59
东方财富股吧,今天涨3毛,06-04 07:26,浦发银行(600000),今天涨3毛,49,2,"https://guba.eastmoney.com/news,600000,1720118103.html",2026-06-08 14:35:59
东方财富股吧,绝对的银行拉几古,06-04 09:41,浦发银行(600000),绝对的银行拉几古,29,0,"https://guba.eastmoney.com/news,600000,1720214814.html",2026-06-08 14:35:59
东方财富股吧,不想玩了,06-04 09:40,浦发银行(600000),不想玩了,19,0,"https://guba.eastmoney.com/news,600000,1720214498.html",2026-06-08 14:35:59
东方财富股吧,不想玩了，主力资金流入也跌，主力资金流出也跌,06-04 09:38,浦发银行(600000),不想玩了，主力资金流入也跌，主力资金流出也跌,20,0,"https://guba.eastmoney.com/news,600000,1720206721.html",2026-06-08 14:35:59
东方财富股吧,清仓出货，不跟你玩儿了，跌跌不休，没人有这等耐心！,06-04 09:38,浦发银行(600000),清仓出货，不跟你玩儿了，跌跌不休，没人有这等耐心！,33,0,"https://guba.eastmoney.com/news,600000,1720203703.html",2026-06-08 14:35:59
东方财富股吧,不想玩了，主力资金流入也跌，主力资金流出也跌,06-04 09:37,浦发银行(600000),不想玩了，主力资金流入也跌，主力资金流出也跌,20,0,"https://guba.eastmoney.com/news,600000,1720203402.html",2026-06-08 14:35:59
东方财富股吧,以后叫干脆改名叫垃圾银行吧,06-04 09:36,浦发银行(600000),以后叫干脆改名叫垃圾银行吧,27,0,"https://guba.eastmoney.com/news,600000,1720199311.html",2026-06-08 14:35:59
东方财富股吧,9.42元买的就指望分红，到现在还不发登记日公告，吊人胃口。如果你跌破9元我就补,06-04 07:48,浦发银行(600000),9.42元买的就指望分红，到现在还不发登记日公告，吊人胃口。如果你跌破9元我就补,49,1,"https://guba.eastmoney.com/news,600000,1720121943.html",2026-06-08 14:35:59
东方财富股吧,每个周四都是跌的浦发银行，么有例外,06-04 08:02,浦发银行(600000),每个周四都是跌的浦发银行，么有例外,52,1,"https://guba.eastmoney.com/news,600000,1720124751.html",2026-06-08 14:35:59
东方财富股吧,浦发银行：融资净偿还692.89万元，融资余额38.05亿元,06-04 07:50,浦发银行(600000),浦发银行：融资净偿还692.89万元，融资余额38.05亿元,62,0,"https://guba.eastmoney.com/news,600000,1720122525.html",2026-06-08 14:35:59
东方财富股吧,很快六月又一晃即将结束，这垃圾9.5上不去,06-04 06:42,浦发银行(600000),很快六月又一晃即将结束，这垃圾9.5上不去,34,0,"https://guba.eastmoney.com/news,600000,1720112764.html",2026-06-08 14:35:59
东方财富股吧,中债资信与浦发银行联合发布天津信用债优选指数,06-03 09:26,浦发银行(600000),中债资信与浦发银行联合发布天津信用债优选指数,329,2,"https://guba.eastmoney.com/news,600000,1720058034.html",2026-06-08 14:35:59
东方财富股吧,2026中国商飞客户大会在广州召开,06-03 11:31,浦发银行(600000),2026中国商飞客户大会在广州召开,495,1,"https://guba.eastmoney.com/news,hk03328,1720087802.html",2026-06-08 14:35:59
东方财富股吧,半年时间里，没有一次实在涨二个百分点以上，没有,06-03 11:39,浦发银行(600000),半年时间里，没有一次实在涨二个百分点以上，没有,41,0,"https://guba.eastmoney.com/news,600000,1720088880.html",2026-06-08 14:35:59
东方财富股吧,cpo只要大涨，浦发必跌无一例外，cpo不涨浦发或许不跌横盘，cpo大跌浦发会红,06-03 11:37,浦发银行(600000),cpo只要大涨，浦发必跌无一例外，cpo不涨浦发或许不跌横盘，cpo大跌浦发会红,55,0,"https://guba.eastmoney.com/news,600000,1720088551.html",2026-06-08 14:35:59
东方财富股吧,三连绿了，还有2绿，大家坚持住,06-03 11:30,浦发银行(600000),三连绿了，还有2绿，大家坚持住,40,0,"https://guba.eastmoney.com/news,600000,1720087713.html",2026-06-08 14:36:00
东方财富股吧,底部已经确立，吹气反攻号角,06-03 10:30,浦发银行(600000),底部已经确立，吹气反攻号角,35,0,"https://guba.eastmoney.com/news,600000,1720076280.html",2026-06-08 14:36:00
东方财富股吧,好的公司，连10元都站不上，可笑,06-03 09:48,浦发银行(600000),好的公司，连10元都站不上，可笑,34,0,"https://guba.eastmoney.com/news,600000,1720064722.html",2026-06-08 14:36:00
东方财富股吧,年跌幅26个点银行里败类,06-03 07:22,浦发银行(600000),年跌幅26个点银行里败类,33,0,"https://guba.eastmoney.com/news,600000,1720025302.html",2026-06-08 14:36:00
东方财富股吧,明天该拉升了吧,06-03 03:11,浦发银行(600000),明天该拉升了吧,78,3,"https://guba.eastmoney.com/news,600000,1719939048.html",2026-06-08 14:36:00
东方财富股吧,每逢周四浦发都是开绿色，跌，几个月每次如此无一例外，明天看跌，今天被动无奈拉上去,06-03 06:43,浦发银行(600000),每逢周四浦发都是开绿色，跌，几个月每次如此无一例外，明天看跌，今天被动无奈拉上去,51,0,"https://guba.eastmoney.com/news,600000,1720015880.html",2026-06-08 14:36:00
东方财富股吧,七月初分好红利，也得破9元，大势已去浦发,06-03 06:26,浦发银行(600000),七月初分好红利，也得破9元，大势已去浦发,42,0,"https://guba.eastmoney.com/news,600000,1720011511.html",2026-06-08 14:36:00
东方财富股吧,银行股市盈率TTM到3才有性价比，反弹结束，目标7块左右我全仓吃股息。,06-03 05:09,浦发银行(600000),银行股市盈率TTM到3才有性价比，反弹结束，目标7块左右我全仓吃股息。,99,4,"https://guba.eastmoney.com/news,600000,1719989096.html",2026-06-08 14:36:00
东方财富股吧,相当难,06-03 05:01,浦发银行(600000),相当难,32,0,"https://guba.eastmoney.com/news,600000,1719986422.html",2026-06-08 14:36:00
东方财富股吧,真是坏银行,06-03 04:09,浦发银行(600000),真是坏银行,58,1,"https://guba.eastmoney.com/news,600000,1719967757.html",2026-06-08 14:36:00
东方财富股吧,浦发银行10送4.2元，无下跌的理由！,06-03 10:08,浦发银行(600000),浦发银行10送4.2元，无下跌的理由！,190,8,"https://guba.eastmoney.com/news,600000,1719460064.html",2026-06-08 14:36:00
东方财富股吧,明天可能还要跌，多数,06-03 03:02,浦发银行(600000),明天可能还要跌，多数,61,4,"https://guba.eastmoney.com/news,600000,1719928210.html",2026-06-08 14:36:00
东方财富股吧,目前趋势很弱，这种k线形态，多数概率后面肯定跌，当然破不破九元不好说，看一步走一,06-03 03:26,浦发银行(600000),目前趋势很弱，这种k线形态，多数概率后面肯定跌，当然破不破九元不好说，看一步走一,57,0,"https://guba.eastmoney.com/news,600000,1719948224.html",2026-06-08 14:36:00
东方财富股吧,日周月线都有反弹像了。加油,06-03 03:19,浦发银行(600000),日周月线都有反弹像了。加油,42,0,"https://guba.eastmoney.com/news,600000,1719944912.html",2026-06-08 14:36:00
东方财富股吧,今天羞辱苟妆，还是被我拿到筹码了，丢人啊，明天砸两个点找回场子吧哈哈哈哈哈。明显,06-03 03:08,浦发银行(600000),今天羞辱苟妆，还是被我拿到筹码了，丢人啊，明天砸两个点找回场子吧哈哈哈哈哈。明显,92,0,"https://guba.eastmoney.com/news,600000,1719935846.html",2026-06-08 14:36:00
东方财富股吧,砸盘了,06-03 02:59,浦发银行(600000),砸盘了,35,0,"https://guba.eastmoney.com/news,600000,1719923869.html",2026-06-08 14:36:00
东方财富股吧,能抄底了吗？科技起来了还能砸吧,06-03 02:56,浦发银行(600000),能抄底了吗？科技起来了还能砸吧,32,0,"https://guba.eastmoney.com/news,600000,1719919090.html",2026-06-08 14:36:00
东方财富股吧,之前一天跌一个点，现在跌多了开始一天半个点洗盘了,06-03 02:50,浦发银行(600000),之前一天跌一个点，现在跌多了开始一天半个点洗盘了,29,0,"https://guba.eastmoney.com/news,600000,1719907315.html",2026-06-08 14:36:00
东方财富股吧,就等分红回点血找机会清仓了。今年一共就在三支票上是负收益，这货是其中之一。,06-03 01:55,浦发银行(600000),就等分红回点血找机会清仓了。今年一共就在三支票上是负收益，这货是其中之一。,82,4,"https://guba.eastmoney.com/news,600000,1719787252.html",2026-06-08 14:36:00
东方财富股吧,如果我这辈子看不到小浦涨停，我就留给我的孙子，告诉他，看不到涨停留给他孙子的孙子,06-03 02:28,浦发银行(600000),如果我这辈子看不到小浦涨停，我就留给我的孙子，告诉他，看不到涨停留给他孙子的孙子,66,2,"https://guba.eastmoney.com/news,600000,1719854354.html",2026-06-08 14:36:00
东方财富股吧,快讯：中石油直线拉升 大涨3% 中国工行直线拉升,06-02 09:54,浦发银行(600000),快讯：中石油直线拉升 大涨3% 中国工行直线拉升,83,2,"https://guba.eastmoney.com/news,600000,1718651748.html",2026-06-08 14:36:00
东方财富股吧,9.28收盘，看都不要看呵呵，亏的垃圾板块,06-03 02:32,浦发银行(600000),9.28收盘，看都不要看呵呵，亏的垃圾板块,27,0,"https://guba.eastmoney.com/news,600000,1719864541.html",2026-06-08 14:36:00
东方财富股吧,我讲句公道话，很多科技股市盈率已经几百几千甚至上万了，浦发这种市盈率才个位数的股,06-03 02:31,浦发银行(600000),我讲句公道话，很多科技股市盈率已经几百几千甚至上万了，浦发这种市盈率才个位数的股,39,0,"https://guba.eastmoney.com/news,600000,1719862613.html",2026-06-08 14:36:00
东方财富股吧,大家注意慢慢熬吧,06-03 02:21,浦发银行(600000),大家注意慢慢熬吧,22,0,"https://guba.eastmoney.com/news,600000,1719837539.html",2026-06-08 14:36:00
东方财富股吧,除非张亭否则没用,06-03 01:40,浦发银行(600000),除非张亭否则没用,39,2,"https://guba.eastmoney.com/news,600000,1719761590.html",2026-06-08 14:36:00
东方财富股吧,那么明显拐头朝下，，下来再接回,06-03 12:56,浦发银行(600000),那么明显拐头朝下，，下来再接回,32,1,"https://guba.eastmoney.com/news,600000,1719678970.html",2026-06-08 14:36:00
东方财富股吧,我觉得很好,06-03 01:33,浦发银行(600000),我觉得很好,27,0,"https://guba.eastmoney.com/news,600000,1719747874.html",2026-06-08 14:36:00
东方财富股吧,你发吧，反正百分之九十都派给了散户，都等两个分红呢，你不要分红了就全出了,06-03 01:32,浦发银行(600000),你发吧，反正百分之九十都派给了散户，都等两个分红呢，你不要分红了就全出了,42,0,"https://guba.eastmoney.com/news,600000,1719744950.html",2026-06-08 14:36:00
东方财富股吧,浦发，,06-03 01:24,浦发银行(600000),浦发，,31,0,"https://guba.eastmoney.com/news,600000,1719730329.html",2026-06-08 14:36:00
东方财富股吧,9元下面再买回来,06-03 12:26,浦发银行(600000),9元下面再买回来,56,1,"https://guba.eastmoney.com/news,600000,1719669126.html",2026-06-08 14:36:00
东方财富股吧,苟妆你觉得我会投降吗？来！下午不砸两个点你跟我姓！,06-03 12:37,浦发银行(600000),苟妆你觉得我会投降吗？来！下午不砸两个点你跟我姓！,83,0,"https://guba.eastmoney.com/news,600000,1719672982.html",2026-06-08 14:36:00
东方财富股吧,和4月3日一模一样，又来了,06-03 12:28,浦发银行(600000),和4月3日一模一样，又来了,36,0,"https://guba.eastmoney.com/news,600000,1719669876.html",2026-06-08 14:36:00
东方财富股吧,早上来的0.1亿的大单是来挨抽的呢,06-03 11:52,浦发银行(600000),早上来的0.1亿的大单是来挨抽的呢,40,0,"https://guba.eastmoney.com/news,600000,1719655074.html",2026-06-08 14:36:01
东方财富股吧,主线就是cpo光模块，虽然有时涨多了会回调但主线，银行这些只是混迹在防御板块，它,06-03 12:11,浦发银行(600000),主线就是cpo光模块，虽然有时涨多了会回调但主线，银行这些只是混迹在防御板块，它,40,0,"https://guba.eastmoney.com/news,600000,1719663527.html",2026-06-08 14:36:01
东方财富股吧,垃圾起来啊,06-03 11:18,浦发银行(600000),垃圾起来啊,38,2,"https://guba.eastmoney.com/news,600000,1719617421.html",2026-06-08 14:36:01
东方财富股吧,资金流入明显，是买入的信号吗？大神给说说,06-03 10:35,浦发银行(600000),资金流入明显，是买入的信号吗？大神给说说,97,5,"https://guba.eastmoney.com/news,600000,1719528232.html",2026-06-08 14:36:01
东方财富股吧,垃圾,06-03 11:09,浦发银行(600000),垃圾,30,0,"https://guba.eastmoney.com/news,600000,1719598837.html",2026-06-08 14:36:01
东方财富股吧,朱莉，聪明得很，开盘打到917就吃回来了，收盘随随便便收个927附近就又T1个点,06-03 10:12,浦发银行(600000),朱莉，聪明得很，开盘打到917就吃回来了，收盘随随便便收个927附近就又T1个点,53,1,"https://guba.eastmoney.com/news,600000,1719470774.html",2026-06-08 14:36:01
东方财富股吧,竟然还有人给这货说好话，斯德哥尔摩综合症了么？前几天板块红它跟了么？昨天冲高砸盘,06-03 10:35,浦发银行(600000),竟然还有人给这货说好话，斯德哥尔摩综合症了么？前几天板块红它跟了么？昨天冲高砸盘,42,1,"https://guba.eastmoney.com/news,600000,1719527542.html",2026-06-08 14:36:01
东方财富股吧,我是新股民，现在被套进来了，打算不行攒一年股息算了，后面发工资就补仓，请问一下股,06-03 10:30,浦发银行(600000),我是新股民，现在被套进来了，打算不行攒一年股息算了，后面发工资就补仓，请问一下股,61,2,"https://guba.eastmoney.com/news,600000,1719517183.html",2026-06-08 14:36:01
东方财富股吧,今天涨不可能，小跌,06-03 10:35,浦发银行(600000),今天涨不可能，小跌,31,0,"https://guba.eastmoney.com/news,600000,1719528874.html",2026-06-08 14:36:01
东方财富股吧,家人们，怎么看,06-03 10:33,浦发银行(600000),家人们，怎么看,88,0,"https://guba.eastmoney.com/news,600000,1719522945.html",2026-06-08 14:36:01
东方财富股吧,今天挺猛,06-03 10:12,浦发银行(600000),今天挺猛,33,1,"https://guba.eastmoney.com/news,600000,1719472108.html",2026-06-08 14:36:01
东方财富股吧,今天简直是萎靡不振，无法无天,06-03 10:28,浦发银行(600000),今天简直是萎靡不振，无法无天,35,0,"https://guba.eastmoney.com/news,600000,1719510722.html",2026-06-08 14:36:01
东方财富股吧,兄弟们，这个股票一年股息是几个点,06-03 09:44,浦发银行(600000),兄弟们，这个股票一年股息是几个点,46,2,"https://guba.eastmoney.com/news,600000,1719386588.html",2026-06-08 14:36:01
东方财富股吧,K线图让你给弄的不准了，看了不顶用，不准！,06-03 09:46,浦发银行(600000),K线图让你给弄的不准了，看了不顶用，不准！,37,1,"https://guba.eastmoney.com/news,600000,1719392471.html",2026-06-08 14:36:01
东方财富股吧,今天估计黄了,06-03 09:23,浦发银行(600000),今天估计黄了,59,5,"https://guba.eastmoney.com/news,600000,1719314209.html",2026-06-08 14:36:01
东方财富股吧,看看中际旭创看看你不觉得参魁吗,06-03 10:06,浦发银行(600000),看看中际旭创看看你不觉得参魁吗,26,0,"https://guba.eastmoney.com/news,600000,1719455349.html",2026-06-08 14:36:01
东方财富股吧,cpo看看,06-03 09:49,浦发银行(600000),cpo看看,37,1,"https://guba.eastmoney.com/news,600000,1719404714.html",2026-06-08 14:36:01
东方财富股吧,万科业务咋办,06-03 10:02,浦发银行(600000),万科业务咋办,38,0,"https://guba.eastmoney.com/news,600000,1719443625.html",2026-06-08 14:36:01
东方财富股吧,随便砸，砸多少，我买多少,06-03 09:37,浦发银行(600000),随便砸，砸多少，我买多少,22,0,"https://guba.eastmoney.com/news,600000,1719360981.html",2026-06-08 14:36:01
东方财富股吧,所谓的价值投资就是个伪名题你们看看科技股随便一支都暴涨十倍多而浦发却,06-03 09:29,浦发银行(600000),所谓的价值投资就是个伪名题你们看看科技股随便一支都暴涨十倍多而浦发却,33,0,"https://guba.eastmoney.com/news,600000,1719328583.html",2026-06-08 14:36:01
东方财富股吧,乐观一点话好一些能还会看到10元上方今年，如果糟糕一点话，在10元下面得运行很长,06-03 06:50,浦发银行(600000),乐观一点话好一些能还会看到10元上方今年，如果糟糕一点话，在10元下面得运行很长,138,2,"https://guba.eastmoney.com/news,600000,1719273087.html",2026-06-08 14:36:01
东方财富股吧,浦发银行：融资净偿还482.29万元，融资余额38.12亿元,06-03 07:37,浦发银行(600000),浦发银行：融资净偿还482.29万元，融资余额38.12亿元,74,0,"https://guba.eastmoney.com/news,600000,1719279037.html",2026-06-08 14:36:01
东方财富股吧,浦发银行搞个Al就行了比喻Al收款Al支付Al贷款，那就会嗖嗖的一直涨上天,06-03 07:07,浦发银行(600000),浦发银行搞个Al就行了比喻Al收款Al支付Al贷款，那就会嗖嗖的一直涨上天,55,2,"https://guba.eastmoney.com/news,600000,1719275389.html",2026-06-08 14:36:01
东方财富股吧,全球银行业的AI变革：从“让位给机器”到增量替代,05-31 08:01,浦发银行(600000),全球银行业的AI变革：从“让位给机器”到增量替代,1670,10,"https://guba.eastmoney.com/news,usjpm,1717749635.html",2026-06-08 14:36:01
东方财富股吧,这个银行注定要废，为了降本增效，把合作机构的存量资源都收回去，不管合作方的死活，,06-03 12:24,浦发银行(600000),这个银行注定要废，为了降本增效，把合作机构的存量资源都收回去，不管合作方的死活，,48,0,"https://guba.eastmoney.com/news,600000,1719250345.html",2026-06-08 14:36:01
东方财富股吧,对浦发银行感触，今年银行它跌幅第一no1，但明年不见的跌福还是第一,06-02 11:03,浦发银行(600000),对浦发银行感触，今年银行它跌幅第一no1，但明年不见的跌福还是第一,131,1,"https://guba.eastmoney.com/news,600000,1719238678.html",2026-06-08 14:36:01
东方财富股吧,政府都看不下去了,06-02 09:22,浦发银行(600000),政府都看不下去了,389,4,"https://guba.eastmoney.com/news,600000,1719211050.html",2026-06-08 14:36:01
东方财富股吧,兴业和招行怎么跌下来都能弄V上去了基本，中信银行虽说最近相对弱些但之前可连着涨创,06-02 09:15,浦发银行(600000),兴业和招行怎么跌下来都能弄V上去了基本，中信银行虽说最近相对弱些但之前可连着涨创,60,0,"https://guba.eastmoney.com/news,600000,1719209471.html",2026-06-08 14:36:01
东方财富股吧,有股市才有震荡，平常心看待吧,06-02 11:55,浦发银行(600000),有股市才有震荡，平常心看待吧,49,1,"https://guba.eastmoney.com/news,600000,1718870436.html",2026-06-08 14:36:01
东方财富股吧,二线成星，这一周要选择方向,06-02 07:35,浦发银行(600000),二线成星，这一周要选择方向,51,1,"https://guba.eastmoney.com/news,600000,1719183265.html",2026-06-08 14:36:01
东方财富股吧,真奇妙，这浦发看月线和上涨指数真是决对相反，三月和五月上证都是收阴，浦发红，四月,05-29 11:05,浦发银行(600000),真奇妙，这浦发看月线和上涨指数真是决对相反，三月和五月上证都是收阴，浦发红，四月,129,2,"https://guba.eastmoney.com/news,600000,1717576675.html",2026-06-08 14:36:01
东方财富股吧,原来浦兴双雄领跌，现在兴业不和你玩儿了！,06-02 07:04,浦发银行(600000),原来浦兴双雄领跌，现在兴业不和你玩儿了！,54,1,"https://guba.eastmoney.com/news,600000,1719175761.html",2026-06-08 14:36:01
东方财富股吧,嫂子开门，我是我哥,06-02 07:09,浦发银行(600000),嫂子开门，我是我哥,50,0,"https://guba.eastmoney.com/news,600000,1719176971.html",2026-06-08 14:36:01
东方财富股吧,三天中证银行如此涨，居然浦发还跌嘻嘻,06-02 06:41,浦发银行(600000),三天中证银行如此涨，居然浦发还跌嘻嘻,41,0,"https://guba.eastmoney.com/news,600000,1719170639.html",2026-06-08 14:36:02
东方财富股吧,浦发最垃圾股份银行,06-02 04:58,浦发银行(600000),浦发最垃圾股份银行,38,0,"https://guba.eastmoney.com/news,600000,1719141603.html",2026-06-08 14:36:02
东方财富股吧,今天上海噗噗一顿利好，你是不是上海的？,06-02 03:06,浦发银行(600000),今天上海噗噗一顿利好，你是不是上海的？,99,5,"https://guba.eastmoney.com/news,600000,1719094546.html",2026-06-08 14:36:02
东方财富股吧,反弹结束了，后续继续向下,06-02 04:12,浦发银行(600000),反弹结束了，后续继续向下,43,0,"https://guba.eastmoney.com/news,600000,1719126371.html",2026-06-08 14:36:02
东方财富股吧,碰到这种上影针，连续来的头疼，自个仔细看看,06-02 03:48,浦发银行(600000),碰到这种上影针，连续来的头疼，自个仔细看看,220,0,"https://guba.eastmoney.com/news,600000,1719118099.html",2026-06-08 14:36:02
东方财富股吧,指望大盘崩盘，科技奔溃这个概率必进少数，防守赚钱很难,06-02 03:45,浦发银行(600000),指望大盘崩盘，科技奔溃这个概率必进少数，防守赚钱很难,39,0,"https://guba.eastmoney.com/news,600000,1719117018.html",2026-06-08 14:36:02
东方财富股吧,这三天，中证银行要不是强势，浦发破9元,06-02 03:32,浦发银行(600000),这三天，中证银行要不是强势，浦发破9元,52,2,"https://guba.eastmoney.com/news,600000,1719110566.html",2026-06-08 14:36:02
东方财富股吧,短期套利很丢人吗？既然选择来股市，我管你短线长线，黑猫白猫能赚到钱就是好票，好猫,06-02 03:26,浦发银行(600000),短期套利很丢人吗？既然选择来股市，我管你短线长线，黑猫白猫能赚到钱就是好票，好猫,48,0,"https://guba.eastmoney.com/news,600000,1719106476.html",2026-06-08 14:36:02
东方财富股吧,我就奇怪了，银行股不都是长线客吗？怎么短线玩家天天在这里骂。长线客在这个位置建仓,06-02 03:05,浦发银行(600000),我就奇怪了，银行股不都是长线客吗？怎么短线玩家天天在这里骂。长线客在这个位置建仓,134,8,"https://guba.eastmoney.com/news,600000,1719093088.html",2026-06-08 14:36:02
东方财富股吧,冲高回落最后收绿又是戏耍散户的一天，但从年初被折磨至今的我内心毫无波澜，只要我不,06-02 03:07,浦发银行(600000),冲高回落最后收绿又是戏耍散户的一天，但从年初被折磨至今的我内心毫无波澜，只要我不,79,0,"https://guba.eastmoney.com/news,600000,1719095463.html",2026-06-08 14:36:02
东方财富股吧,死,06-02 03:03,浦发银行(600000),死,40,0,"https://guba.eastmoney.com/news,600000,1719091343.html",2026-06-08 14:36:02
东方财富股吧,牛逼啊，最后还要恶心散户一下，这些苟在屏幕后面笑疯了吧。不过告诉这些苟一个坏消息,06-02 03:02,浦发银行(600000),牛逼啊，最后还要恶心散户一下，这些苟在屏幕后面笑疯了吧。不过告诉这些苟一个坏消息,52,0,"https://guba.eastmoney.com/news,600000,1719089627.html",2026-06-08 14:36:02
东方财富股吧,今日收盘每股暴涨0.01元,06-02 03:02,浦发银行(600000),今日收盘每股暴涨0.01元,26,0,"https://guba.eastmoney.com/news,600000,1719089255.html",2026-06-08 14:36:02
东方财富股吧,没病红一下！红一下，没病走二步。,06-02 02:52,浦发银行(600000),没病红一下！红一下，没病走二步。,37,0,"https://guba.eastmoney.com/news,600000,1719075567.html",2026-06-08 14:36:02
东方财富股吧,大家注意不要买了大家注意不要买了谁买套谁谁买套谁,06-02 01:32,浦发银行(600000),大家注意不要买了大家注意不要买了谁买套谁谁买套谁,44,1,"https://guba.eastmoney.com/news,600000,1718945585.html",2026-06-08 14:36:02
东方财富股吧,要演员了,06-02 02:47,浦发银行(600000),要演员了,37,0,"https://guba.eastmoney.com/news,600000,1719066441.html",2026-06-08 14:36:02
东方财富股吧,别洗了，来三个跌停A我把，我不怕你，反正科技我就是不去，你拉10000倍科技我都,06-02 02:30,浦发银行(600000),别洗了，来三个跌停A我把，我不怕你，反正科技我就是不去，你拉10000倍科技我都,73,1,"https://guba.eastmoney.com/news,600000,1719039815.html",2026-06-08 14:36:02
东方财富股吧,瞧瞧江苏银行,06-02 02:43,浦发银行(600000),瞧瞧江苏银行,32,0,"https://guba.eastmoney.com/news,600000,1719060399.html",2026-06-08 14:36:02
东方财富股吧,你就是垃圾,06-02 02:22,浦发银行(600000),你就是垃圾,40,1,"https://guba.eastmoney.com/news,600000,1719028328.html",2026-06-08 14:36:02
东方财富股吧,砸多少，我收多少，有本事跌停,06-02 02:03,浦发银行(600000),砸多少，我收多少，有本事跌停,98,5,"https://guba.eastmoney.com/news,600000,1718998214.html",2026-06-08 14:36:02
东方财富股吧,赶紧卖，一股不要留,06-02 02:01,浦发银行(600000),赶紧卖，一股不要留,34,0,"https://guba.eastmoney.com/news,600000,1718994535.html",2026-06-08 14:36:02
东方财富股吧,行情就在不远处，要有耐心,06-02 01:37,浦发银行(600000),行情就在不远处，要有耐心,37,0,"https://guba.eastmoney.com/news,600000,1718954351.html",2026-06-08 14:36:02
东方财富股吧,股份银行只有你是绿的,06-02 01:31,浦发银行(600000),股份银行只有你是绿的,26,0,"https://guba.eastmoney.com/news,600000,1718944749.html",2026-06-08 14:36:02
东方财富股吧,板块强势浦发都涨不上去，还指望板块回调它会涨,06-02 12:26,浦发银行(600000),板块强势浦发都涨不上去，还指望板块回调它会涨,34,0,"https://guba.eastmoney.com/news,600000,1718881463.html",2026-06-08 14:36:02
东方财富股吧,这个必须再一次二次探底，破不破九元现在还很难说，看不出，但是一定跌,06-02 12:20,浦发银行(600000),这个必须再一次二次探底，破不破九元现在还很难说，看不出，但是一定跌,39,0,"https://guba.eastmoney.com/news,600000,1718879749.html",2026-06-08 14:36:02
东方财富股吧,跌了几个月，上一个月好不容易涨一个多点费老劲，这一周还没到全跌没，呵呵,06-02 11:51,浦发银行(600000),跌了几个月，上一个月好不容易涨一个多点费老劲，这一周还没到全跌没，呵呵,37,0,"https://guba.eastmoney.com/news,600000,1718868744.html",2026-06-08 14:36:02
东方财富股吧,卖不完，就是卖不完！十一元卖不行吗？非当破报纸卖？这价还卖，不心疼钱吗？,06-02 10:56,浦发银行(600000),卖不完，就是卖不完！十一元卖不行吗？非当破报纸卖？这价还卖，不心疼钱吗？,60,2,"https://guba.eastmoney.com/news,600000,1718798453.html",2026-06-08 14:36:02
东方财富股吧,你就卖吧！上海银行让它自己去还钱吧。真下的去手！,06-02 11:19,浦发银行(600000),你就卖吧！上海银行让它自己去还钱吧。真下的去手！,55,1,"https://guba.eastmoney.com/news,600000,1718838517.html",2026-06-08 14:36:02
东方财富股吧,这里感觉又在磨顶，随时下来破9元，不知道我的直觉对否,06-02 11:35,浦发银行(600000),这里感觉又在磨顶，随时下来破9元，不知道我的直觉对否,39,0,"https://guba.eastmoney.com/news,600000,1718859740.html",2026-06-08 14:36:02
东方财富股吧,苟妆，你折磨我没用的，我外号叫陆地藤壶,06-02 09:38,浦发银行(600000),苟妆，你折磨我没用的，我外号叫陆地藤壶,55,2,"https://guba.eastmoney.com/news,600000,1718592539.html",2026-06-08 14:36:02
东方财富股吧,都是随板块带动，没有主观意愿去涨，呵呵,06-02 11:25,浦发银行(600000),都是随板块带动，没有主观意愿去涨，呵呵,27,0,"https://guba.eastmoney.com/news,600000,1718848276.html",2026-06-08 14:36:02
东方财富股吧,真后悔买了这个！10元多成本！什么时候回本？,06-02 11:03,浦发银行(600000),真后悔买了这个！10元多成本！什么时候回本？,72,2,"https://guba.eastmoney.com/news,600000,1718811339.html",2026-06-08 14:36:03
东方财富股吧,接下去很可能会使用一阳一阴相递打法，而不是之前一贯阴线,05-31 03:23,浦发银行(600000),接下去很可能会使用一阳一阴相递打法，而不是之前一贯阴线,209,9,"https://guba.eastmoney.com/news,600000,1717726966.html",2026-06-08 14:36:03
东方财富股吧,死活要拖死上海银行，上海要债转股！！！！,06-02 11:03,浦发银行(600000),死活要拖死上海银行，上海要债转股！！！！,33,0,"https://guba.eastmoney.com/news,600000,1718811136.html",2026-06-08 14:36:03
东方财富股吧,这套路我懂，又开始阴跌，套人模式,06-02 11:03,浦发银行(600000),这套路我懂，又开始阴跌，套人模式,32,0,"https://guba.eastmoney.com/news,600000,1718811044.html",2026-06-08 14:36:03
东方财富股吧,银河今天这么好行情，浦发你全天水下运动？和解？主力来姨妈了？,06-01 02:09,浦发银行(600000),银河今天这么好行情，浦发你全天水下运动？和解？主力来姨妈了？,54,1,"https://guba.eastmoney.com/news,600000,1718241893.html",2026-06-08 14:36:03
东方财富股吧,可以又打了一个翻身仗,06-02 10:58,浦发银行(600000),可以又打了一个翻身仗,38,0,"https://guba.eastmoney.com/news,600000,1718803246.html",2026-06-08 14:36:03
东方财富股吧,垃圾票，本性一直如此,06-02 10:55,浦发银行(600000),垃圾票，本性一直如此,23,0,"https://guba.eastmoney.com/news,600000,1718797521.html",2026-06-08 14:36:03
东方财富股吧,可以跌停为什么不跌停,06-02 10:51,浦发银行(600000),可以跌停为什么不跌停,38,0,"https://guba.eastmoney.com/news,600000,1718789893.html",2026-06-08 14:36:03
东方财富股吧,散户多跑了！又洗出去了一大堆,06-02 10:44,浦发银行(600000),散户多跑了！又洗出去了一大堆,50,2,"https://guba.eastmoney.com/news,600000,1718778526.html",2026-06-08 14:36:03
东方财富股吧,一顿操作猛如虎，定睛一看原地褚,06-02 10:44,浦发银行(600000),一顿操作猛如虎，定睛一看原地褚,37,1,"https://guba.eastmoney.com/news,600000,1718777778.html",2026-06-08 14:36:03
东方财富股吧,跌停我全仓一百万,06-02 10:28,浦发银行(600000),跌停我全仓一百万,31,1,"https://guba.eastmoney.com/news,600000,1718745567.html",2026-06-08 14:36:03
东方财富股吧,拉完了,06-02 10:37,浦发银行(600000),拉完了,27,0,"https://guba.eastmoney.com/news,600000,1718764061.html",2026-06-08 14:36:03
东方财富股吧,板块里属于最弱势群体，板块一跌立马跌,06-02 10:26,浦发银行(600000),板块里属于最弱势群体，板块一跌立马跌,25,0,"https://guba.eastmoney.com/news,600000,1718741550.html",2026-06-08 14:36:03
东方财富股吧,谁在这卖呀？全部挂跌停，一次卖完吧！我们大家都帮你分点！行吗？,06-02 10:17,浦发银行(600000),谁在这卖呀？全部挂跌停，一次卖完吧！我们大家都帮你分点！行吗？,34,1,"https://guba.eastmoney.com/news,600000,1718721523.html",2026-06-08 14:36:03
东方财富股吧,强烈要求浦发银行尽快投票表决分红派息……,06-02 07:33,浦发银行(600000),强烈要求浦发银行尽快投票表决分红派息……,88,5,"https://guba.eastmoney.com/news,600000,1718514568.html",2026-06-08 14:36:03
东方财富股吧,板块也不算差，浦发怎么那么弱,06-02 09:41,浦发银行(600000),板块也不算差，浦发怎么那么弱,66,3,"https://guba.eastmoney.com/news,600000,1718603394.html",2026-06-08 14:36:03
东方财富股吧,真倒霉，买这玩意换其他银行吧,06-02 09:38,浦发银行(600000),真倒霉，买这玩意换其他银行吧,59,3,"https://guba.eastmoney.com/news,600000,1718593927.html",2026-06-08 14:36:03
东方财富股吧,中石油重回11元 拉升级狂奔 工行三天大涨5% 股价重回7.3元高点,06-02 09:49,浦发银行(600000),中石油重回11元 拉升级狂奔 工行三天大涨5% 股价重回7.3元高点,39,0,"https://guba.eastmoney.com/news,600000,1718632199.html",2026-06-08 14:36:03
东方财富股吧,搞突袭,06-02 09:45,浦发银行(600000),搞突袭,33,0,"https://guba.eastmoney.com/news,600000,1718616060.html",2026-06-08 14:36:03
东方财富股吧,绿,06-02 09:42,浦发银行(600000),绿,29,0,"https://guba.eastmoney.com/news,600000,1718606541.html",2026-06-08 14:36:03
东方财富股吧,……,06-02 09:37,浦发银行(600000),……,28,0,"https://guba.eastmoney.com/news,600000,1718591091.html",2026-06-08 14:36:03
东方财富股吧,坚定看空，但是呢，不赚钱不走,06-02 09:35,浦发银行(600000),坚定看空，但是呢，不赚钱不走,84,0,"https://guba.eastmoney.com/news,600000,1718581238.html",2026-06-08 14:36:03
东方财富股吧,今天涨停,06-02 08:53,浦发银行(600000),今天涨停,45,1,"https://guba.eastmoney.com/news,600000,1718530242.html",2026-06-08 14:36:03
