record_id,source_type,source,title,event_date,content,mentioned_entity,channel,url
NEWS_000001,news,东方财富新闻,倒计时一个月！交易所启动深化创业板改革交易机制全链路仿真测试 _ 东方财富网,2026-06-08,距7月6日《深圳证券交易所交易规则（2026年修订）》正式落地还有不到一个月，深交所技术备战悄然进入“临门一脚”的关键窗口。 中国证券报·中证金牛座记者6月8日从业内独家获悉，深交所联合中国结算深圳分公司定于6月8日至6月12日在深市交易结算独立测试环境组织开展深化创业板改革交易机制相关业务仿真测试。据悉，本次测试的指向性极为明确—通过模拟深市各项交易业务的委托申报、成交回报、行情接收与展示、股份和资金清算交收等业务处理过程，对全市场参与各方的技术系统做一次“压力体检”，以确保改革正式切换时万无一失。 记者了解到，此次仿真测试是对深交所4月24日发布的《深圳证券交易所交易规则（2026年修订）》及《关于做好深化创业板改革交易机制相关技术准备的通知》的落地执行—彼时深交所要求各会员、基金公司等单位须于6月5日前完成技术系统改造，深交所将择机组织仿真测试和全网测试。此次深市交易规则的修订涵盖五条主线：在创业板引入做市商制度；调整创业板股票协议大宗交易成交确认时间；扩大盘后固定价格交易适用范围；优化自律监管措施和纪律处分安排；整合主板风险警示股票涨跌幅比例限制相关内容等。 记者梳理测试方案注意到，本次仿真测试所覆盖的各大业务条线，正对应本轮深市交易规则修订的核心模块。 其一，创业板股票及创业板存托凭证的协议大宗交易。本次测试将对这类品种的委托申报、成交回报、行情接收与展示、股份和资金清算交收做全链路验证。背后的规则变动是—创业板股票协议大宗交易的成交确认时间将由原来的15:00—15:30（盘后统一确认），调整为9:30—11:30、13:00—15:30（盘中即可实时确认），与科创板现行做法拉齐，大幅提升大宗交易成交效率，满足投资者交易需求，吸引中长期资金入市。 其二，盘后固定价格交易业务“扩围”。深市主板A股、主板存托凭证及深市ETF的盘后固定价交易业务被纳入本次测试范围。规则层面，盘后固定价格交易适用品种由“创业板股票”扩展为“A 股、交易型开放式基金”。相关调整有助于满足投资者以收盘价交易的需求，延长相关品种的交易时间，便利中长期资金入市。 其三，主板风险警示股票的交易处理。本次测试同时覆盖深市主板ST、* ST股 票相关交易链路，对应的规则调整，是主板风险警示股票的涨跌幅限制比例拟从5%放宽至10%，与主板普通股票实现统一。 在多位受访的市场人士看来，本轮创业板交易机制改革的底层逻辑，是在全面注册制基础上进一步补齐交易端短板：做市商制度引入提升定价深度、协议大宗实时化改善流动性衔接、盘后固定价扩围便利被动资金和长期配置型资金的收盘价交易需求，再叠加ST涨跌幅的“去特殊化”……一套指向定价效率和市场韧性的组合拳，已从前台规则层面推进到了后台系统就绪的“最后一百米”。 （文章来源：中国证券报·中证金牛座）,,东方财富快讯104,http://finance.eastmoney.com/a/202606083763428382.html
NEWS_000002,news,东方财富新闻,本周7家银行“红包”将到账！超331亿 哪家最大方？ _ 东方财富网,2026-06-08,上市 银行 股东看过来，本周又有一波“红包雨”来临！ 根据此前公告，6月8日，上海 银行 将发放2025年末期现金红利；6月9日，常熟农商 银行 和紫金农商银行也将派发“红包”；6月10日， 中信银行 和 贵阳银行 将接棒跟上；到了6月12日， 平安银行 和 兴业银行 的“红包”也将到账。南都湾财社记者根据Wind数据统计发现，6月8日至6月12日这一周内，共计7家A股上市银行将派发现金红利，合计超331亿元。 本周7家上市银行将“发红包” 根据上海银行此前公告，6月8日，该行将向普通股股东每股派发2025年末期现金红利0.22元（含税，下同），共计派发31.26亿元。加上此前已经派发的2025年中期现金红利，2025年全年合计派发73.89亿元。 紧接着，两家农商行将在6月9日（周二）接棒。常熟农商银行每股派发现金红利0.12元，以资本公积金向全体股东每股转增0.10股，共计派发现金红利3.98亿元，转增33165.26万股。连同2025年中期已派发的现金红利，2025年全年合计派发8.95亿元。紫金农商银行则每股派发现金红利0.05元，共计派发1.83亿元，加上此前已派发的中期红利，2025年全年派发3.66亿元。 到了6月10日（周三）， 中信银行 和 贵阳银行 将接棒登场。其中， 中信银行 每股派发0.193元，共计107.40亿元，其中 A 股派现78.67亿元。加上已派发的中期红利， 中信银行 全年合计派发普通股现金红利212.01亿元。 贵阳银行 则每股派发现金红利0.30元，共计派发现金红利10.97亿元。 6月12日（周五），两家股份行将“压轴”。根据公告， 兴业银行 拟每股派发0.50元，共计派发106.03亿元，连同已派发的中期红利，全年合计派发225.60亿元。 平安银行 此次拟每股派发0.36元，合计派现69.86亿元，加上已派发的中期红利，全年派息115.66亿元。 数据来源：Wind 总体上，6月8日至12日的这一周内，共将有7家A股上市银行派发“红包”，合计派息总额为331.32亿元。 从年度现金分红比例来看，上海银行和 中信银行 分红率均达到三成； 兴业银行 和紫金农商行接近30%，分别为29.12%、29.42%； 平安银行 、常熟农商行和贵阳银行则分别为27.13%、21.22%和20.90%。 31家银行年度分红额上涨 南都湾财社记者根据Wind数据统计发现，截至目前，42家A股上市银行中，除 郑州银行 明确不分红外，其余41家银行2025年度合计拟派息6456.36亿元，较2024年全年增加了130.43亿元。 论规模，国有行最“阔气”。六大国有行合计拟分红总额高达4274.24亿元，较2024年度增长1.61%，也是第二次站上4200亿元。其中，工行、建行分红更是连续多年超过千亿元。截至目前，工行和农行已经派息。 值得一提的是，41家宣布分红的银行中，有31家年度分红金额实现上涨，涨幅为0.57%～33.33%。其中， 宁波银行 、苏州农商银行、 齐鲁银行 、常熟农商银行和 浦发银行 分红总额涨幅最高，分别为33.33%、28.33%、18.95%、18.80%、12.72%。年报显示，这5家银行去年归母净利润都实现了较为亮眼的增长，同比增幅分别为8.13%、5.05%、14.58%、10.65%和10.52%。 年度分红总额与2024年持平的银行有3家，分别为紫金农商银行、青岛农商银行和 西安银行 。年度分红总额下降的银行共8家，分别是 民生银行 、平安银行、 苏州银行 、 光大银行 、 北京银行 、 浙商银行 、 厦门银行 和 兰州银行 。 （文章来源：南方都市报）,,东方财富快讯104,http://finance.eastmoney.com/a/202606083763260266.html
NEWS_000003,news,东方财富新闻,银行股震荡走高 农业银行涨超3% _ 东方财富网,2026-06-08,银行 股震荡走高， 农业银行 涨超3%， 中信银行 、 渝农商行 等多股涨超2%， 中国银行 、 工商银行 、 建设银行 、 邮储银行 等个股跟涨。,,东方财富快讯104,http://finance.eastmoney.com/a/202606083763124631.html
NEWS_000004,news,东方财富新闻,北京商报侃股：震荡调整期更宜关注大盘绩优股 _ 东方财富网,2026-06-08,美股跳水，A股近期也短期呈现震荡调整状态，市场的投资风险有所增加。在A股震荡调整期，大盘绩优股抗跌性更强，稳健属性更加突出，很容易成为投资者的避风港，其投资价值会进一步凸显。 在市场平稳上行阶段，中小盘 题材股 、热点概念股往往弹性更大，短期涨幅更为可观，更容易吸引资金跟风参与。多数投资者在行情向 好时 ，更愿意追逐高波动、高弹性的短线标的，追求快速的短期收益，稳健的大盘绩优股往往因为走势平稳、波动较小，被部分市场资金忽视。 但在市场震荡阶段，整体赚钱效应下降，题材板块轮动速度加快，短线行情不确定性大幅提升，普通投资者的操作难度会明显增加。 在市场环境发生切换之后，投资者的投资逻辑也需要进行同步调整。震荡调整阶段，市场最大的特征是不确定性提升，资金首要诉求不再是博取超高收益，而是控制持仓风险、守住已有利润，或者是控制好回撤。此时，估值合理、业绩稳定、基本面扎实的大盘绩优股优势就会充分体现出来。 大盘绩优股大多是成熟行业的龙头企业，商业模式成熟，经营状况稳定，盈利能力具备持续性，基本面爆雷、经营变脸的风险较低。这类公司经过长期市场检验，机构持仓相对稳定，不会因为短期市场情绪波动出现资金大幅出逃的情况，股价走势相对扎实，不会出现大起大落的极端行情，在市场调整过程中具备天然的抗跌属性。 反观中小盘 题材股 ，上涨依靠短期资金情绪和热点炒作，没有持续的业绩作为支撑。市场行情平稳时，能够借助题材热度走出短线行情，一旦市场进入调整、资金风险偏好下降，这类个股最先出现回调，而且调整幅度更大、反弹力度更弱，投资者很容易在短期波动中出现亏损。 从投资性价比来看，震荡行情中，稳健优先于弹性。大盘绩优股虽然短期上涨速度不快，很难出现连续大涨的行情，但胜在走势稳定、回撤可控。对于普通投资者而言，不需要频繁换股、追逐热点，持仓心态更加平稳，能够有效规避市场无序波动带来的投资风险。 除此之外，大盘绩优股大多具备稳定的分红机制，能够给投资者带来持续的现金回报。在市场缺乏短线赚钱效应的时候，稳定的分红收益可以对冲股价波动风险，提升持仓的整体收益水平，长期投资价值进一步凸显。 对于当下的投资策略而言，放弃震荡行情中的不确定性以及风险较高的短线题材炒作是数学期望为正值的操作，毕竟投资首先要求稳，其次才是追求较高的收益。将持仓重心逐步转向基本面扎实、估值合理、抗风险能力较强的大盘绩优股，是典型的价值投资思路。 北京商报评论员周科竞 （文章来源：北京商报）,,东方财富快讯104,http://stock.eastmoney.com/a/202606073762719819.html
NEWS_000005,news,东方财富新闻,冲击IPO！航天驭星启动上市辅导 _ 东方财富网,2026-06-08,又一家 商业航天 公司启动上市辅导进程！近日，证监会官网显示，北京航天驭星科技股份有限公司（以下简称“航天驭星”）启动上市辅导，辅导机构为 国泰海通 证券股份有限公司。 上市辅导备案报告显示，航天驭星成立于2016年10月12日，注册资本约为4436.77万元，法定代表人为赵磊。股权关系方面，公司控股股东为赵磊，直接持有公司19.38%的股权。 航天驭星官网显示，公司是集商业化航天测运控技术研发、航天 通信 产品制造和航天器在轨运管服务于一体的 综合 方案提供商。 （文章来源：北京商报）,,东方财富快讯104,http://finance.eastmoney.com/a/202606083763115837.html
NEWS_000006,news,东方财富新闻,多条航线“一舱难求”再现 机构称海运市场提早进入旺季 _ 东方财富网,2026-06-08,国际 航运 价格近期持续走高。集运指数（欧线） 期货 主力合约，自4月下旬以来累计涨幅超50%，此外，马士基、达飞等头部 航运 企业集中发布调价通知，多条航线舱位紧缺。江苏苏州一家国际货代公司的负责人表示，近期无论是欧洲航线、南美航线还是东南亚航线，均出现不同程度上涨，而且这轮海运价格上涨的速度之快与幅度之大都比较罕见。 业内人士表示，本轮海运价格上涨主要是中东地缘扰动抬升 航运 成本，全球分工细化与地缘避险催生持续补库需求，此外海外备货需求集中释放，欧美开启下半年消费旺季前置备货周期，货量的激增导致舱位供需快速收紧，不过对于下半年的海运价格走势，目前并不明朗。6月1日，海运研究咨询机构德鲁里发布的航运周报显示，霍尔木兹海峡紧张局势升级已近三个月。集运市场仍面临更长的绕行航线、上涨的燃油成本以及持续的 港口 拥堵等。中东地区的安全风险持续存在，运营不确定性居高不下。海运市场提早进入旺季。 据财联社主题库显示，相关上市公司中： 中远海控 自营集装箱船队规模达到598艘，合计运力近362万标准箱，稳居行业第一梯队。 宁波海运 主要经营国内沿海及长江中下游普通货船、成品油船运输，国际船舶普通货物运输，截至2024年6月，拥有船舶31艘，总运力规模已达152.9万载重吨。 （文章来源：财联社）,,东方财富快讯104,http://finance.eastmoney.com/a/202606083762796911.html
NEWS_000007,news,东方财富新闻,6月8日投资避雷针：上周五纳指重挫逾4% 科技股大幅回调 _ 东方财富网,2026-06-08,"导读：近日A股及海外市场潜在风险事件如下。国内经济信息方面包括：1）金饰价格年内大跌400元，整体回落至2025年底水平附近；2）调查显示6月钢材市场偏弱运行；公司方面重点关注包括：1）3连板 中重科技 公告，不涉及 机器人 及零配件的生产制造；2） 派瑞股份 2024年年度报告和2025年半年度报告存在虚假记载被实施其他风险警示，6月9日起简称变更为“ST派瑞”；海外市场重点关注包括：1）上周五纳指跌超4%创去年4月以来最大单日跌幅，费城 半导体 指数重挫逾10%；2）伊朗时隔两个月再袭以色列，美油高开约3%。 经济信息 1、国际金价明显回调，跌破4400美元/盎司关口，国内品牌金饰价格同步回落。今年1月29日， 周生生 、老庙 黄金 、 老凤祥 的金饰克价分别1708元、1722元、1713元。和年内高点相比，三家品牌金饰克价已分别下跌393元、401元、397元，跌幅均为23%。同时，也抹去了年内所有涨幅，价格与2025年年底持平。 2、国家发改委官网消息，据对全国重要钢材批发市场调查，6月份钢材批发市场销售价格预期指数、购进价格预期指数分别为43.01%、49.55%，比上月分别下降15.14和10.98个百分点，降至50%分界线下方，反映出市场情绪由强转弱。6月份钢材批发市场销售量预期指数、库存量预期指数分别为43.75%、57.72%，比上月分别下降2.55和上升12.53个百分点，反映出市场预计下游需求支撑趋弱，库存将有所累积。6月份钢材批发市场销售成本预期指数、销售利润率预期指数分别为51.1%、37.87%，比上月分别下降8.16和12.87个百分点，分处于50%分界线上下方，反映出市场预计销售成本将上行，销售利润率收窄。 3、枣庄国家高新技术产业开发区今年2月底发布的题为《追觅 机器人 产业园项目签约仪式举行》的文章在官网已经删除。据大众新闻·东烽财经此前截图显示，今年2月24日，追觅 机器人 产业园项目签约仪式在鲁南双创中心举行。枣庄国家高新技术产业开发区官网发布了相关内容。 (第一财经) 公司预警 1、3连板 中重科技 ：不涉及 机器人 及零配件的生产制造。 2、 派瑞股份 ：2024年年度报告和2025年半年度报告存在虚假记载被实施其他风险警示，6月9日起简称变更为“ST派瑞”。 3、 贵州燃气 ：股东北 京东 嘉拟减持不超3%公司股份。 4、 伯特利 ：股东奇瑞科技拟减持不超3%股份。 5、 鼎龙股份 ：部分董事高管拟合计减持不超0.054%股份。 6、 孚能科技 ：股东拟合计减持不超2%股份。 7、 杰普特 ：股东拟合计减持不超1.53%股份。 8、 天德钰 ：股东宁波群志拟减持不超2.49%股份。 9、 亿联网络 ：实控人的一致行动人亿网联拟减持不超0.13%公司股份。 10、 星辰科技 ：股东拟合计减持不超1.2%股份。 11、 线上线下 ：副总经理崔嵘拟减持不超0.02%股份。 12、 大族激光 ：控股股东及多名高管拟合计减持不超0.6952%股份。 13、 菲林格尔 ：股东亚太集团及高管吉富堂拟合计减持不超2.5281%股份。 14、 江波龙 ：副总经理朱宇拟减持不超59.84万股。 15、 德宏股份 ：股东张宏保拟减持公司不超2%股份。 16、 天洋新材 ：董事李 铁山 拟减持不超45万股股份。 17、3天2板 三孚股份 ：第二大股东元亨科技6月5日减持1%股份。 18、 唯特偶 ：在光模块及 先进封装 领域的营收占比贡献率均不到1%。 19、 恒星科技 ：不涉及 机械设备 业务，光纤及 黄金 业务影响极小。 20、 爱施德 ：补缴税款及滞纳金合计3.08亿元。 21、 金地集团 ：5月实现签约金额20亿元，同比下降35.9%。 22、 牧原股份 ：5月商品猪销售收入85.65亿元，同比下降30.13%。 23、 力诺药包 ：正在探索 玻璃基板 等新应用领域，尚未形成相关收入。 24、 莱伯泰科 ：电感耦合等离子体质谱仪系列产品在 半导体 领域的业务收入占比非常有限。 海外预警 1、周一亚太早盘，WTI原油 期货 价格一度涨超3%。消息面上，美以伊4月8日停火后，伊朗时隔两个月再次向以色列发射过导弹。特朗普表示，“我对伊朗的建议是，你们已经发射了导弹，那就够了。接下来应该回到谈判桌，达成协议。”特朗普还表示，他要给以色列总理内塔尼亚胡打电话，告诉他“不要反击”。 2、上周五美股三大股指集体收跌。道琼斯指数跌1.35%；标普500指数跌2.64%，创2025年10月以来最大单日跌幅； 纳斯达克 综合 指数跌4.18%，创2025年4月以来最大单日跌幅。费城 半导体 指数大跌超10%，创2020年3月以来最大单日跌幅。 英伟达 跌超6%， 美光科技 跌超13%，AMD跌近11%， 博通 跌近8%。消费必需品和医疗保健板块上涨。 可口可乐 涨超3%， 沃尔玛 、 联合健康 涨近1%。 3、美国5月非农就业人数增加17.2万人，预估为增加8.8万，前值为增加11.5万。美国5月就业数据公布后，交易员加深了美联储进一步收紧货币政策的预期。交易员预计美联储将到明年1月底前加息，此前预期到明年3月底前。交易员充分消化美联储年底前加息25个基点的预期。 4、现货 黄金 抹去今年以来涨幅，美国5月非农就业数据提振美联储加息预期。上周五在最新美国数据显示5月就业增长超过所有预期后，债券收益率和美元走高，金价一度下跌3.5%，至4,319.19美元/盎司，回吐今年以来的涨幅。中东紧张局势推高能源价格之际，劳动力市场表现强劲，强化了市场对美联储年内加息的押注。加息通常不利于无息资产黄金。 5、国际 航空运输 协会预计布伦特原油平均价格将达到每桶95美元，高于2025年的每桶69美元。国际 航空运输 协会称航空业今年的燃料总支出将达到3500亿美元，较2025年的2520亿美元有所上升。国际 航空运输 协会将2026年全球航空业利润预测下调至230亿美元，较之前的410亿美元大幅减少，原因是伊朗战争带来的干扰和燃料成本上升。 （文章来源：财联社）",,东方财富快讯104,http://finance.eastmoney.com/a/202606083762805764.html
NEWS_000008,news,东方财富新闻,中国银河证券：聚焦“科技轮动+防御配置”均衡布局策略 _ 东方财富网,2026-06-08,中国银河 证券研报称，聚焦“科技轮动+防御配置”均衡布局策略。关注一，受益于产品涨价及业绩修复逻辑的方向，重点布局 基础化工 、 石油石化 、 有色金属 （ 小金属 ）、 建筑材料 、 钢铁 板块等。关注二，重视防御性底仓的配置价值，涉及 煤炭 、 煤化工 、金融（ 银行 ）、 公用事业 、 新能源 等。关注三，科技景气与产业趋势未改，本轮科技行情背后具备产业趋势驱动和业绩支撑逻辑，具备业绩支撑的细分领域或将持续受益，但需要警惕短期交易集中与外围情绪波动风险。随着部分热点高位分化，内部轮动特征或将显现，关注 半导体 、其他 电子 、 商业航天 、 通信设备 、算力、存储、人形 机器人 、储能等。 全文如下 【 中国银河 策略】市场轮动需关注三个点 核心观点 本周A股行情： 本周（6月1日-6月5日），A股市场震荡调整，主要宽基指数多数回调。全A指数下跌1.17%。主要宽基指数中，仅北证50上涨4.42%，科创50跌幅达4.74%。（2）从风格来看，本周小盘风格相对占优，中证1000（-0.81%）表现优于沪深300（-1.54%）；五大风格指数全部下跌， 消费风格 、稳定风格分别跌3.10%、2.57%。（3）从行业来看，本周一级行业涨少跌多。 煤炭 、 通信 、 机械设备 涨幅靠前， 电力 设备、 建筑材料 、 综合 跌幅靠前。 本周资金流向： （1）市场交投活跃度小幅回落。本周日均成交额为29485亿元，较上周下降2673.7亿元；日均换手率为1.969%，较上周下降0.06个百分点。（2）截至周四，两融余额为29206.85亿元，较上周上升82.94亿元。（3）5月28日至6月3日期间，全球基金对A股净流量-44.30亿美元（前值-63.74亿美元）。其中，海外基金净流量-15.27亿美元（前值-8.59亿美元）。 本周估值变动： 全A指数PE(TTM)估值较上周下降1.09%至23.67倍，处于2010年以来94.83%分位数；PB(LF)估值本周下跌0.94%至1.89倍，处于2010年以来53.12%分位数。全A股债利差为2.5046%，位于3年滚动均值（3.2957%）-1.45倍标准差附近，处于2010年以来43.73%分位数水平。 A股市场投资展望： 市场轮动中重点聚焦三个点。一是外部扰动仍在。美国非农就业数据大幅超预期，市场对美联储年内加息预期进一步升温，美债收益率抬升，外围股市同步走弱，海外流动性边际变化将构成阶段性扰动。中东局势仍然紧张，对全球原油与大宗商品定价的扰动存在反复性。二是行业景气预期仍是轮动的关键线索。 博通 对于AI收入业绩指引不及市场预期，直接引发美股 半导体 、AI 算力龙头回落，叠加美联储加息预期升温的冲击，周五费城 半导体 指数单日跌超10%。市场情绪沿全球产业链传导至亚太市场行情，进一步加速了市场行情的高低切换、板块轮动。后续重点跟踪产业景气与盈利增长的持续性。三是政策与监管导向在深刻影响着资金配置逻辑。6月以来，公募基金业绩比较基准调整迎来首批集中落地，监管出台私募投资基金高质量发展的政策文件，叠加近期整治非法跨境证券活动等，进一步净化市场生态，资金配置有望逐步向政策扶持的实体产业、优质赛道倾斜。 配置机会： 聚焦“科技轮动+防御配置”均衡布局策略。关注一，受益于产品涨价及业绩修复逻辑的方向，重点布局 基础化工 、 石油石化 、 有色金属 （ 小金属 ）、 建筑材料 、 钢铁 板块等。关注二，重视防御性底仓的配置价值，涉及 煤炭 、 煤化工 、金融（ 银行 ）、 公用事业 、 新能源 等。关注三，科技景气与产业趋势未改，本轮科技行情背后具备产业趋势驱动和业绩支撑逻辑，具备业绩支撑的细分领域或将持续受益，但需要警惕短期交易集中与外围情绪波动风险。随着部分热点高位分化，内部轮动特征或将显现，关注半导体、其他 电子 、 商业航天 、 通信设备 、算力、存储、人形 机器人 、储能等。 风险提示 外部不确定性风险；政策不及预期风险；市场情绪不稳定及流动性持续调整风险。 （文章来源：南方财经网）,,东方财富快讯104,http://finance.eastmoney.com/a/202606083762802186.html
NEWS_000009,news,东方财富新闻,中国银河证券：预计短期水泥价格延续震荡趋弱态势 _ 东方财富网,2026-06-08,中国银河 证券表示，5月份高温、降雨天气提前出现， 水泥 市场需求不足；全国熟料线停窑率略低于4月份， 水泥 熟料供应压力释放，库存小幅回升；部分区域试探性推涨，但涨价落地情况不及预期，5月 水泥 价格继续走弱。后续来看，6月在 煤炭 成本高位支撑下，企业仍会尝试推涨，但终端需求走弱将制约水泥提价，预计短期水泥价格延续震荡趋弱态势。 （文章来源：第一财经）,,东方财富快讯104,http://finance.eastmoney.com/a/202606083762800286.html
NEWS_000010,news,东方财富新闻,中信证券：上市银行步入基本面修复通道 行业估值提升可期 _ 东方财富网,2026-06-08,中信证券 研报称，4月信贷偏弱符合预期，一方面归因于 银行 业扩表策略走向高质量发展逻辑；另一方面受宏观需求审慎的现实条件影响，叠加年初早投放策略后的季节性回落。预计二季度信贷增长偏弱，5月略有恢复，6月季末月相对积极。板块投资上，尽管 银行 股受短期市场风格影响明显，相对收益存在波动；但由于上市 银行 步入基本面修复通道，行业估值提升可期，且股息率对于低风偏资金具备持续吸引力，具备确定性强的绝对收益空间。 全文如下 银行｜资金面边际改善 央行就存贷款利率新规征求意见，规范存贷款定价规则，稳定银行负债成本，提升贷款定价管理要求。此外，近期银行股资金供需格局边际转暖，连续两周市场表现良好，上周银行板块小幅上涨1.06%，位居30个中信一级行业第4位。展望下半年，由于银行步入基本面修复通道，行业估值提升可期，且股息率持续对于低风偏资金具备吸引力，预计具备确定性较强的绝对收益空间。 ▍事项： 6月5日，央行发布《人民币存贷款利率管理规定（征求意见稿）》及《关于〈人民币存贷款利率管理规定（征求意见稿）〉的起草说明》。 ▍政策概览：规范统一，与时俱进。 本次征求意见稿要点如下：（1）明确金融机构可根据央行有关规定和商业原则自主确定存贷款利率，进一步弱化原有利率管制色彩；（2）细化个人存款、单位存款、通知存款、大额存单、短期贷款、中长期贷款、个人住房贷款、贴现和展期贷款等不同产品的计结息规则；（3）将贷款逾期罚息由原先固定加收区间，调整为罚息利率、计息方式和宽限期由借贷双方协商确定，并要求不得违反央行相关规定；（4）统一利率换算和计息口径，将原有“日利率＝年利率÷360”的规则调整为“年利率＝日利率×365，闰年为366”，并新增复利年化和复利计息公式；（5）强化贷款利率透明披露，要求贷款营销和办理过程中明显展示年化利率及罚息年化利率，并将利息和贷款直接相关费用纳入贷款成本口径；（6）明确禁止违规手工补息、突破自律上限、存贷挂钩等高息揽储行为，进一步压实市场利率定价自律机制和金融机构自身利率管理责任。 ▍政策意图：人民币存贷款利率管理框架重塑。 我们认为，《征求意见稿》是对人民币存贷款利率管理框架、计结息规则、利率展示口径和市场自律机制的一次重塑。展望来看，银行存贷款定价体系框架重心在于：央行规则确定底线和监管职责，市场利率定价自律机制维护行业竞争秩序，金融机构在商业原则下进行客户、期限、风险和产品维度的自主定价。 ▍政策影响：稳定银行负债成本，提升银行定价管理要求。 （1）存款定价看，新规将违规手工补息、突破自律上限、存贷挂钩等方式纳入高息揽储约束，有助于压降非理性存款竞争，稳定行业负债成本，对低成本核心存款基础较强的银行更为有利。 （2）贷款定价端看，贷款罚息从固定加收区间转向借贷双方协商确定，叠加贷款年化利率全成本披露，银行的利润来源将更依赖真实风险识别、客户分层、产品定价和合规经营能力。整体而言，存款基础稳健、负债成本优势突出、客户黏性较强、定价治理体系成熟的银行更具相对优势。 ▍板块表现：震荡行情下银行股显著跑赢，大行与部分城商行领涨。 上周，银行板块上涨1.06%（中信一级银行指数），跑赢沪深300指数2.60ppts、跑赢上证指数2.06ppts，在市场震荡下行背景下防御属性凸显。具体看，结构分化明显：国有大行平均+1.72%、股份制+0.87%表现稳健，城商行+0.42%、农商行+0.28%相对靠后。大行与优质区位的城商占优，市场对“高股息+稳定回报”组合偏好显著强化；跌幅后五的银行，多为前期涨幅较大或弹性较强品种的阶段性回调。H股方面，恒生中国内地银行指数上涨2.04%、跑赢恒生指数2.92ppts，南向资金延续承接，港股银行配置动能延续。 ▍风险因素： 宏观经济增速大幅下行；银行资产质量超预期恶化；监管与行业政策超预期变化；各公司战略推进不及预期。 ▍投资策略： 资金面边际改善，相对收益看风格，全年绝对收益可期。近期银行股资金供需格局边际转暖，连续两周银行股表现良好，上周银行板块小幅上涨1.06%，相对多数行业表现良好。展望下半年，由于银行步入基本面修复通道，行业估值提升可期，且股息率持续对于低风偏资金具备吸引力，预计具备确定性较强的绝对收益空间。个股方面，推荐组合为兼具贝塔优势和个股优势、低估值大行估值修复空间大和步入稳定增长周期的标的。 （文章来源：财联社）,,东方财富快讯104,http://bank.eastmoney.com/a/202606083762798942.html
NEWS_000011,news,东方财富新闻,耐心资本加码股权投资 _ 东方财富网,2026-06-08,近日，两家存储巨头长鑫科技集团股份有限公司、长江存储控股股份有限公司迎来首次公开募股（IPO）新进展。天眼查显示，两家企业在融资过程中，多家 银行 的金融资产投资公司出现在股东信息中。 当前，国家大力发展新质生产力， 半导体 、 人工智能 、高端制造等领域成为政策重点支持方向。大型 银行 旗下金融资产投资公司的资金进入科技公司，体现了金融资源正向关键核心技术领域倾斜。上海大学经济学院金融系讲师张洋表示，这是 银行 应对净息差持续收窄、寻找中长期收益来源的重要选择。过去银行主要依赖存贷款利差盈利，但当前传统信贷业务收益空间明显压缩；而科技企业尤其是硬科技企业成长性较强，通过金融资产投资公司开展股权投资，可以分享企业成长红利，优化收益结构。 过去，银行更偏好成熟企业、抵押资产和稳定现金流，但科技企业普遍存在“轻资产、高研发、长周期”特征，传统信贷难以有效覆盖。金融资产投资公司通过“投早、投小、投长期”，实际上是在前移客户培育阶段，未来企业成长后，银行还可以进一步承接贷款、并购融资、供应链金融、IPO服务等 综合 业务。张洋表示，从银行自身转型角度看，金融资产投资公司是银行向 综合 金融服务转变的抓手。尤其是在科技金融竞争加剧背景下，单纯做贷款已经难以形成差异化优势，“贷款+股权+产业资源”联动，正在成为大型银行科技金融的新模式。 近年来，金融资产投资公司股权投资试点的扩容，从最初少数城市起步，逐步扩展至更多省份，并同步扩大参与机构与资金来源渠道，标志着银行资金进入股权投资领域的限制正在系统性松绑。2020年开始，大型商业银行下设的金融资产投资公司在上海开展股权投资试点。2025年，国家金融监督管理总局发布通知，将股权投资范围扩大至18个试点城市所在省份，并支持符合条件的其他商业银行发起设立金融资产投资公司。截至目前，六大行已全部获得金融资产投资公司牌照。 随着行业扩容，金融资产投资公司已从最初专注于债转股的专业金融机构，逐步演变为支持科技创新的“长期资本供给者”。招联首席经济学家董希淼认为，扩大金融资产投资公司股权投资试点工作，有助于促进内部投贷联动发展。内部投贷联动协同效率较高，风险偏好容易统一，通过内部投贷联动，将更好地为国家重大科技任务和科技型中小企业提供股权和债权融资服务，拓宽科技型企业融资渠道，加快科技金融发展。 苏商银行特约研究员薛洪言表示，金融资产投资公司扩容从制度层面为银行系资金合规进入股权投资提供了通道。更重要的是，相较于市场化投资机构普遍面临的退出期限压力，银行系金融资产投资公司资金久期更长、风险容忍度更高，能够匹配 半导体 等硬科技领域的长研发周期。 眼下，走差异化发展之路尤为迫切。薛洪言表示，在行业聚焦上应有所取舍，制造业客户基础深厚的银行可围绕先进制造构建能力圈，科技客户集中的银行则可聚焦 半导体 等领域，形成基于母行生态的行业专长。在投后赋能上，应充分利用母行在供应链金融、跨境结算、债券承销等方面的 综合 服务能力。 长远来看，推动金融资产投资公司从试点探索走向成熟，关键是建立市场化、专业化的发展机制。专家建议，进一步完善科技金融容错机制，适度提高对科技投资失败率的容忍度；优化资本占用和监管规则，增强银行长期投资动力；完善多层次资本市场和并购退出机制，增强耐心资本循环能力。 （文章来源：经济日报）,,东方财富快讯104,http://finance.eastmoney.com/a/202606083762793791.html
NEWS_000012,news,东方财富新闻,中信证券：预计二季度保险公司业绩表现抢眼 保险板块正处于长期机遇期中的重要配置窗口 _ 东方财富网,2026-06-08,"中信证券 指出，资产端，债券收益率曲线陡峭化带来无风险配置机会，股市调整提供高股息资产的加仓窗口；负债端，银保市场与高客市场构成核心增量，头部险企资产负债表扩张具有高盈利确定性。未来三到五年，投资能力将形成市场口碑并拉动保单销售，而养老、医疗、护理等低频刚需服务将成为大型险企真实的核心竞争力与准 公用事业 壁垒。随着2026年二季度创业板大涨，沪深300企稳向上，预计二季度保险公司业绩表现抢眼，保险板块正处于长期机遇期中的重要配置窗口。 全文如下 保险｜资金面不利扰动带来重要配置窗口期：2026年下半年投资策略 资产端，债券收益率曲线陡峭化带来无风险配置机会，股市调整提供高股息资产的加仓窗口；负债端，银保市场与高客市场构成核心增量，头部险企资产负债表扩张具有高盈利确定性。未来三到五年，投资能力将形成市场口碑并拉动保单销售，而养老、医疗、护理等低频刚需服务将成为大型险企真实的核心竞争力与准 公用事业 壁垒。随着2026年二季度创业板大涨，沪深300企稳向上，预计二季度保险公司业绩表现抢眼，保险板块正处于长期机遇期中的重要配置窗口。 ▍分红险销售周期已正式确立，成为当前行业产品转型的核心方向。 监管层面，2024年8月金发〔2024〕18号文明确鼓励长期分红险发展，2025年6月国家金监总局进一步规范分红水平，要求拟分红水平对应的投资收益率不得超过分红账户过去三年平均财务与 综合 投资收益率的较低者，从制度上确保分红险的稳健性。市场层面，2025年主要上市险企分红险新单占比大幅提升。在低利率环境下，分红险通过""较低保证收益+浮动收益""的结构设计，既降低了险企刚性负债成本，又凭借分红平滑机制规避了债市波动风险，相比 银行 理财、债券基金等固收替代品，成为兼顾稳健与收益的最优解。 ▍银保渠道正重回行业支柱地位，并呈现份额向头部加速集中的趋势。 分红险转型与银保渠道具有天然的适配性：一方面，2026年预计有44.8万亿元中长期定存到期，在六大行3年期定存利率降至1.25%的背景下，居民财富再配置需求强烈，预计约20%的到期定存将流向分红险，对应6000至9000亿元增量；另一方面，""报行合一""政策统一了银保手续费率标准，险企费用成本大幅下降，银保业务从""规模贡献""转向""价值贡献""。同时，""1+3""网点限制放开后，头部险企凭借资源协同、品牌与服务优势大力开拓银保渠道，银保料将成为未来五年行业规模增长的主要贡献者。 ▍客户结构呈现显著的K型分化，高净值客群已成为行业新一轮竞争的战略焦点。 财富加速向高净值人群集中，中国净资产千万以上的高净值家庭达206.6万户，其中可投资资产超千万的108.9万户。保险行业获客策略已从大众流量转向存量高客经营，目前至少20多家险企推出高客专属品牌、家族办公室或高端康养服务。保险正成为高净值人群财富管理的""防御性底仓""：根据胡润研究院和万通保险联合发布的《2025中国高净值人群金融投资需求与趋势白皮书》，高客平均持有5至6种金融资产，保险配置占比已达19%，未来增配意愿高达47%，位居各类资产首位，其在财富传承、风险隔离及税务规划方面的独特功能与高客 综合 化需求高度匹配。 ▍银发经济迈入需求井喷的新阶段，""保险+康养""闭环成为险企构建差异化竞争力的核心抓手。 随着第二次婴儿潮出生群体进入退休高峰，银发经济市场规模已从2019年的4.3万亿元增长至2023年的7.1万亿元。在""9073""养老格局下，险企轻重并举布局康养生态：重资产养老社区绑定高净值客群，轻资产居家及社区养老拓展服务可及性。政策层面，个人 养老金 制度2026年全面推广、长期护理险未来三年有望形成千亿级支付方，商业健康保险与基本医保一站式结算加速推进，为险企服务升维提供制度红利。 ▍ 人工智能 技术正从销售端表层应用向核保、理赔、定价等全价值链深度渗透，重塑保险行业运营效率。 低利率环境下，负债端渠道与运营效率提升、投资端投后管理与风险管控均面临迫切降本增效需求。Gartner调查显示，2025年89%的保险公司加大生成式AI投入，相关预算平均提高38%。从保险业务的刚需性、金额大小、顺逆人性、频次高低、服务要求与信任要求六个维度审视，险企长期价值正由""风险转移""升级为""风险管理服务""。未来传统险企的进化方向是""AI+人""：在反人性、大额复杂、长期信任与重度服务环节巩固人工护城河，在标准化、规则化、数据密集与高频重复环节实现全面AI化。 ▍风险因素： 股市大幅波动；利率中长期下行；经济低迷导致保费增长乏力；银保渠道增长不及预期；行业竞争日益加剧。 ▍投资策略： 严监管反内卷背景下，头部险企凭借投资能力与服务能力的双重壁垒，处于行业景气向上的重大机遇期，预计2026年二季度保险股业绩亮眼，处于长期机遇期中的重要配置窗口。2026年一季度，尽管3月股市出现调整， 中国太保 与 新华保险 仍实现净利润正增长，净资产增速分别达5.8%与10.8%，显著领先同业，验证了可持续权益投资能力对保单收益率及分红实现率的保障作用。 资产端，债券收益率曲线陡峭化带来无风险配置机会，股市调整提供高股息资产的加仓窗口；负债端，银保市场与高客市场构成核心增量，头部险企资产负债表扩张具有高盈利确定性。未来三到五年，投资能力将形成市场口碑并拉动保单销售，而养老、医疗、护理等低频刚需服务将成为大型险企真实的核心竞争力与准 公用事业 壁垒。随着二季度创业板大涨，沪深300企稳向上，预计二季度险资业绩表现亮眼。重点推荐头部险企，以及受益香港保险市场的标的和可能受益带病体保险发展的标的。 （文章来源：界面新闻）",,东方财富快讯104,http://insurance.eastmoney.com/a/202606083762794875.html
NEWS_000013,news,东方财富新闻,中信证券：分布式拓展光互联边界 DCI产业链迎系统性重构 _ 东方财富网,2026-06-08,中信证券 指出，AI算力指数级扩张的大背景下，北美单体 数据中心 电力 与土地瓶颈日益突出，驱动算力布局从园区内的Scale Up/Out向跨园区、跨区域的Scale Across演进。Scale Across作为突破 数据中心 算力墙的核心方向，正加速从早期验证走向规模化部署，有望成为AI时代光互联新兴的高景气赛道。 中信证券 认为，DCI（ 数据中心 互联）产业链正经历深刻的重构：AI时代对DCI提出高密度、高带宽、低延迟及高可靠性等严苛要求，催生了对高速率相干光模块和高密度光放大器的爆发式需求，产业价值正从传统DCI时代，高度集中于下游系统厂商，向中上游的光模块、光放大器及核心光电芯片环节加速转移。国内厂商凭借成熟的制造优势和供应链协同能力，有望深度参与全球DCI供应链。 （文章来源：界面新闻）,,东方财富快讯104,http://finance.eastmoney.com/a/202606083762793837.html
NEWS_000014,news,东方财富新闻,上市企业聚焦硬科技整合 驱动价值重构 _ 东方财富网,2026-06-08,近期，A股上市公司并购重组持续活跃，包括 联合光电 、 万隆光电 、 TCL科技 、 山高环能 、 东方雨虹 在内的多家公司披露并购重组进展最新公告，引发市场关注。 业内普遍认为，A股并购重组市场正加速回归产业价值本源，并购重组交易将沿着硬科技产业重构、传统周期行业整合出清等方向发展。 打造第二增长曲线 一些上市公司披露的并购重组交易金额较高，引发市场关注。 万隆光电 近日发布公告称，拟通过发行股份及支付现金相结合的方式，收购浙江中控信息产业股份有限公司100%股份，交易总对价达23.25亿元，同时募集配套资金不超过6.34亿元。本次交易完成后，中控信息将成为 万隆光电 全资子公司，助力上市公司切入基础设施数智化赛道。 不少上市公司明确表示，将通过并购重组打造第二增长曲线。 韩建河山 6月5日晚间发布公告称，公司拟通过发行股份及支付现金方式收购辽宁兴福 新材料 股份有限公司99.9978%股份，交易对价10.7亿元。标的公司主营芳香族产品的研发、生产和销售，主要产品包括新一代特种工程 塑料 聚醚醚酮（PEEK）中间体、 农药 及医药中间体和PEEK纯化业务等。通过本次重组，上市公司将增加新的收入和利润增长点，打造第二增长曲线。 也有不少上市公司的并购标的与其本身具有协同效应。 联合光电 5月29日晚间发布公告称，公司拟通过发行股份方式购买王锦平等10名股东持有的长益光电92.62%股份，交易价格为2.41亿元。交易完成后， 联合光电 将持有长益光电92.62%股份。本次交易构成关联交易，不构成重大资产重组。标的公司长益光电主营光学镜头及光学精密零部件，与上市公司同属光学镜头行业，具有协同效应。 部分公司调整前期重组方案 从近期披露并购重组相关公告的上市公司股价表现看，多数公司发布重组方案后，股价出现明显上涨。但也有一些公司披露并购重组方案后，股价不升反降。 6月4日晚， 艾德生物 对外披露关于筹划公司控制权变更事项进展暨复牌公告。公告显示，公司控股股东前瞻投资（香港）有限公司及公司实际控制人、董事长LI-MOU ZHENG（郑立谋）于近日与国药集团（北京）科技创新研究院有限公司签署了《股份收购协议》，前瞻投资（香港）有限公司拟以协议转让方式向国药集团（北京）科技创新研究院有限公司转让其持有的公司约7802.1万股（占公司总股本的20%）股份，转让价格为21.2元/股，转让价款总计约16.54亿元。本次权益变动完成后，国药集团（北京）科技创新研究院有限公司将成为公司控股股东，公司实际控制人将变更为国药集团。Wind数据显示，截至6月5日收盘，公司股价报19.9元/股，跌幅为2.5%。 一些上市公司调整了前期重组方案，引发股价波动。 以 蓝科高新 为例，公司近日披露重大资产购买暨关联交易报告书（草案）显示，上市公司拟以支付现金的方式向中国浦发购买其所持有的中国空分51%股权，交易价格约为1.31亿元。本次交易支付方式为现金支付，资金来源为上市公司自有资金及 银行 贷款，上市公司目前拟向 银行 申请不超过本次交易对价80%的贷款。公告显示，交易对方所持中国空分51%股权已被质押，股权质权人为国机财务。经相关各方协商，国机财务已出具承诺函，同意在上市公司股东会审议通过本次交易后办理解除质押手续。但由于本次交易至最终完成交割尚需一定时间，后续交易推进过程中如出现其他纠纷，则交易对方持有的标的公司股权存在无法按期解除质押的风险，进而影响标的公司股权的交割。在此之前，公司曾于2025年4月公告，公司拟以现金方式收购中国浦发所持有的蓝亚检测100%股权、中国空分51%股权。 蓝科高新 方面回应中国证券报记者称，重组方案落地时间确实比较长。公司取消了蓝亚检测100%股权收购，只收购中国空分51%股权。公司按照评估价收购中国空分51%股权，与可比公司相比，增值率并不高。中国空分也有业绩承诺，主要看他们的经营情况。Wind数据显示，截至6月5日收盘， 蓝科高新 股价报8.17元/股，跌幅为5.98%。 回归产业价值本源 业内普遍认为，A股并购重组市场正加速回归产业价值本源，交易将沿着硬科技产业重构、传统周期行业整合出清等方向发展，交易逻辑、融资工具有望进一步迭代，控股权交易成为主流，创新金融工具加快应用，市场热点持续向科技制造领域集聚。监管也将重点聚焦并购后的整合成效，引导市场稳健发展。 国元证券 表示，并购重组正从规模扩张升级为企业整合资源、布局新质生产力的战略选择。当前并购市场呈现三大特征：一是硬科技领域并购愈发蓬勃，产业链整合成主流；二是跨界并购案例陆续涌现，且大多属于新质生产力范畴；三是并购交易方式更为灵活，出现了股份、定向可转债结合现金支付等差异化对价方式。 开源证券表示，在政策与市场的双重驱动下，并购重组将成为贯穿2026年全年的核心投资主线之一。从政策层面看，“并购六条”提出要进一步强化并购重组资源配置功能，新一轮并购政策放松周期自此开启，重点支持科技并购与国资重组；从市场层面看，“并购六条”落地以来，产业并购占比近七成，以 电子 行业为代表的硬科技行业正引领新一轮并购浪潮。 （文章来源：中国证券报）,,东方财富快讯104,http://finance.eastmoney.com/a/202606083762789324.html
NEWS_000015,news,东方财富新闻,A股限售股解禁一览：40.78亿元市值限售股今日解禁 _ 东方财富网,2026-06-08,Wind数据显示，周一（6月8日），共有11家公司限售股解禁，合计解禁量为1.57亿股，按最新收盘价计算，合计解禁市值为40.78亿元。从解禁量来看， 迈赫股份 、 建研设计 、 双元科技 解禁量居前，解禁股数分别为1.07亿股、3360.0万股、552.24万股。从解禁市值来看， 迈赫股份 、 双元科技 、 建研设计 解禁市值居前，解禁市值分别为21.55亿元、5.34亿元、5.01亿元。从解禁股数占总股本比例来看， 迈赫股份 、 建研设计 、 双元科技 解禁比例居前，解禁比例分别为57.37%、30.0%、9.34%。 （文章来源：财联社）,,东方财富快讯104,http://finance.eastmoney.com/a/202606083762786759.html
NEWS_000016,news,东方财富新闻,中信建投：建议投资人以油价中枢上行为基础设定 预防潜在的流动性风险 先布局确定性的资产 _ 东方财富网,2026-06-08,中信建投 研报指出， 中信建投 认为市场尚未充分定价油价的中枢抬升高度，建议投资人以油价中枢上行为基础设定，预防潜在的流动性风险，先布局确定性的资产。从中期维度看，中国化工在全球的相对竞争优势是加强的，而通胀抬升的市场风偏对于有盈利底的HALO资产也更加有利。在油价冲击过后，再寻找传导顺利，相对竞争优势加强的化工核心资产。 （文章来源：界面新闻）,,东方财富快讯104,http://finance.eastmoney.com/a/202606083762786382.html
NEWS_000017,news,东方财富新闻,中信建投：算力板块波动加剧的核心矛盾源于行业基本面具备绝对优势与交易结构绝对拥挤 _ 东方财富网,2026-06-08,中信建投 研报指出，近两周算力板块主升但波动加大，监管加强、资金止盈及美韩AI产业链大幅调整导致市场疑虑是否会出现趋势性调整，资金全面切向低位板块。我们认为算力板块波动加剧的核心矛盾源于行业基本面具备绝对优势与交易结构绝对拥挤。从基本面、估值、交易结构整体来看，当前尚未达到中期大级别切换的标准，主要是短期再平衡的需求。后续行情拐点取决于估值中枢变动与基本面收敛信号，一是算力自身基本面增速放缓，二是其他行业基本面显著修复。短期市场可能大幅低开后快速企稳，总体呈现“科技跌、防御涨”的轮动特征。中期看海外科技股企稳后可继续布局算力环节内部轮动，其他景气线索关注 煤炭 和 工业金属 。 （文章来源：界面新闻）,,东方财富快讯104,http://finance.eastmoney.com/a/202606083762786240.html
NEWS_000018,news,东方财富新闻,私募基金顶层设计的三重深意 _ 东方财富网,2026-06-08,6月5日，国务院办公厅发布《国务院办公厅关于加强监管防范风险促进私募投资基金高质量发展的指导意见》（以下简称《指导意见》），从顶层设计入手，围绕“募投管退”全链条，对下一步私募基金加强监管、防范风险、促进高质量发展工作进行了全面部署。 当前，我国私募基金规模已达23万亿元，占国内 资产管理 业务总规模的15%，成为我国资本市场和经济运行中的重要参与力量，在服务实体经济方面发挥了积极作用。但受多方面因素影响，目前我国私募基金行业还存在一些问题，制约其更好地发挥作用。比如，行业大而不强，募资结构失衡，部分国资基金偏离功能定位，募投管退各环节均有短板等。 2023年，国务院出台《私募投资基金监督管理条例》，夯实了私募基金行业规范发展的法治基础。此次出台《指导意见》，作为私募基金领域“1+N+X”政策制度体系的纲领性文件，对新时期推动私募基金规范健康发展具有重要里程碑意义。在笔者看来，《指导意见》的出台至少有三层深意： 其一，全链条闭环监管，重塑行业治理逻辑。 过去，私募基金行业在快速扩张中存在着“重募资、轻管理、弱退出”的结构性错配问题。登记备案虽设了门槛，但持续监督手段不足，“僵尸基金”“明股实债”等问题突出，而退出渠道的淤堵又使得风险难以完全市场化出清。 《指导意见》的突破在于将监管视野贯通私募基金的“全生命周期”。在入口端，强化实质审核，发挥企业登记前 综合 研判会商和私募基金登记备案双重把关作用；在监管端，加大行政监管力度，强化穿透监管和线索发现能力，严厉打击违法犯罪活动，推动提升行业合规内生约束，强化托管机构和中介服务机构监督制约；在出口端，推动不符合要求的私募基金和企业主体“双出清”，稳妥处置风险，坚决清退各种不符合要求的私募基金管理人。 入口把住、中间管住、出口疏通的闭环逻辑，将私募基金从过去“一备了之、一登了之”的粗放阶段推进到全生命周期精细化治理的新阶段。 其二，“扶优限劣”精准施策，驱动资本转向硬科技创新。 《指导意见》明确提出“在私募基金登记备案等环节重点支持投早、投小、投长期、投硬科技的私募股权基金和 创投 基金以及整合关键核心技术、战略性新兴产业的并购基金”，坚持支持科技创新的政策导向。 一方面，政策要求加大对不满足相关要求的私募基金的监管力度，坚持优胜劣汰的行业发展态势，比如，严格规范在经营主体名称、经营范围中使用涉及私募基金字样的行为，以防误导投资者；另一方面，推动耐心资本与科技创新深度融合，这要求私募基金必须在科技创新链条的更前端发挥耐心资本、创新资本的关键作用。 事实上，从行业数据来看，资本向硬科技集聚的趋势已经相当明显。过去五年，私募股权 创投 基金累计为未上市、未挂牌企业注入5.25万亿元创新资本，相当于同期境内企业股票融资规模的90%。超九成科创板、北交所企业以及七成创业板企业在上市前获得了私募股权 创投 基金支持，有效带动了要素资源加快向创新领域集聚。 其三，规范政府投资基金、国有企业投资基金管理，化解系统性风险。 过去几年，国有资金已经成为私募股权市场最主要的出资方，在一些领域甚至形成了事实上的单一主体主导。国有资金的大规模参与，一方面为市场提供了长期资本来源，另一方面也带来了潜在的结构性风险，比如部分政府投资基金偏离政策性定位，异化成地方招商引资的工具，部分地方基金投资领域交叉重叠，出现同质化竞争、效率低下等情况。 《指导意见》明确，国务院财政部门履行政府投资基金出资人职责，加强预算管理、绩效管理、国有 资产管理 和信息统计，严肃财经纪律。中国证监会新闻发言人就《指导意见》答记者问时也提出，加强国资基金规范管理，确保国资基金坚守功能定位，防止失管失控和国有资产流失。 其深意在于双向发力，一是激活市场，要求国资遵循市场规律，建立健全以长期经营业绩和功能作用发挥为导向的激励约束制度，当好“耐心资本”，支撑国家战略产业穿越周期；二是防范风险，明确国有资本出资的合规红线，严防新增地方政府隐性债务，推动存量风险的平稳有序化解，防止资金堰塞湖演化为系统性风险。 这三条主线相互支撑、层层递进。其中，全链条闭环解决了“如何监管”的制度基础；“扶优限劣”解决了“往哪里走”的行业方向；规范国资管理解决了“谁来管钱”的治理底线。 综合 来看，私募投资基金正在从规模扩张的粗放时代，全面转向质量优先的高质量发展时代。 （文章来源：证券日报）,,东方财富快讯104,http://finance.eastmoney.com/a/202606083762745162.html
NEWS_000019,news,东方财富新闻,量化AI工具真能让散户“只赚不赔”吗？ _ 东方财富网,2026-06-08,“您对T0算法（在有底仓的前提下，日内进行低买高卖赚差价、降低持仓成本的程序化交易策略）交易股票和ETF感兴趣吗？”近日，某券商客户经理向《证券日报》记者表示，“账户内20个交易日日均资产达30万元就能开通量化AI工具”，当投资者买入股票或ETF后，券商交易系统会自动高抛低吸，赚取差价。 当前，A股正在进入 人工智能 体（AI Agent）时代。算法交易、策略回测……这些过去专属于头部量化机构的“秘密武器”，如今正通过券商或技术服务商，被个人投资者运用。这也被业界称为“量化平权”，即个人投资者也能像专业机构一样使用量化工具进行投资决策，缩小与机构的工具差距。 然而，当个人投资者（俗称“散户”）用上AI，是否意味着其就能在变幻莫测的资本市场中与专业机构“平起平坐”？围绕这一问题，《证券日报》记者近日对多家券商、AI技术服务商及专业投资者进行了深入采访，探寻“量化平权”的真相。 AI催生“量化平权”？ 面对5000多只股票要怎么选？选好之后什么时候买入、什么时候卖出？如何克服贪婪与恐惧？这些基础问题直接关系着投资者的切身利益。过去，量化投资机构依靠专业团队、高速算力和独家数据构建起极高的投资壁垒。而个人投资者往往只能凭借零散信息、主观经验做出投资判断。 “长期以来，个人投资者在进行投资决策时通常面临三类痛点——信息过载难以筛选、专业工具门槛高、交易容易受情绪影响。”作为智能算法交易系统服务商，上海非凸智能科技有限公司首席运营官郑媛姿向《证券日报》记者表示，AI工具正被应用于这些场景，从投研、盯盘、交易辅助、组合管理和投后复盘几个环节提供帮助，不仅能快速处理 海量数据 ，还可以结合多维数据和风险指标，帮助投资者更全面地理解标的、行业和组合风险。 《证券日报》记者经调查了解，当前市场已经形成了一整套智能投研交易工具，可通过对话形式，为个人投资者提供帮助，如AI资讯研报解析、AI盯盘、AI诊股、智能选股和ETF等，这些工具把复杂的市场信息、策略逻辑和风险提示，转化为通俗直观的内容，用更清晰、更可交互的方式呈现给投资者，大幅降低了个人投资的专业门槛。 中金研究院执行总经理周子彭向《证券日报》记者表示，现在AI辅助投资工具大致可以分为三大类：一是信息处理类，帮助投资者快速梳理研报、财报等海量信息；二是策略辅助类，机构提供量化选股、因子筛选、回测分析等标准化模块；三是决策辅助类，作为“智能代理”覆盖市场观察、风险评估、情绪监控等全流程，这类产品目前尚处于开发过程中。 个人投资者可使用的AI投资服务大多从券商渠道获取。一方面，券商开发的智能服务平台将AI嵌入投资链条，通过对话识别投资者需求，以此制定个性化资产配置方案，并提供持仓诊断、智能盯盘、风险预警等服务。例如， 中信建投 证券推出的 人工智能 策略投研平台“信谛听AI智数平台”。“该平台将原本仅面向机构客户的策略回测、市场趋势预警、组合归因分析等功能向更多投资者开放。投资者无需学习代码或专业术语，只需通过自然语言交互，AI就能快速生成精准结果，让专业分析变成‘聊天式操作’。” 中信建投 证券相关负责人向《证券日报》记者介绍。 另一方面，券商将AI算法融入交易系统，提供算法交易、组合交易等进阶服务，帮助投资者提高交易效率。例如，部分券商为高净值客户提供T0算法、波段交易等服务，但这类服务设置了资金门槛，个人投资者申请使用需要满足账户在一定时间内日均资产要求，大多从30万元到100万元不等。 而无论投资者选择哪类服务，都需要注意AI只是辅助工具。郑媛姿表示，AI可以提高效率，但不能消除市场风险，可以辅助分析，但不能保证收益，最终仍应该由投资者结合自身风险承受能力审慎做出投资决策。 AI实盘胜率并不稳定 《证券日报》记者在进一步深入了解后注意到，“量化平权”更像是个伪命题。目前券商开放的网格交易、智能下单、简易量化策略、AI选股等服务，均属于工具层面的算法普惠，是门槛下放，但是机构投资者与个人投资者在策略深度、信息、算力等方面的核心鸿沟在短期内无法填平。 理想中的个人投资者与机构投资者真正“平权”与现实差距还有很远。格上基金研究员焦冰向《证券日报》记者表示，机构投资者做量化不是靠单个模型或算法，而是依赖算力、数据源、低延迟交易系统、持续迭代的投研团队等一整套基础设施。机构策略和因子库每周都可能根据市场变化做迭代，而对个人投资者开放的AI工具，底层模型更新节奏较慢，出于稳定和合规考虑，策略逻辑也高度标准化，容易同质化。因此， AI智能体 让个人投资者获得了一定的辅助能力，但个人投资者与机构投资者在资源、系统、抗风险能力上的系统性差距并没有实质缩小。 即便如此，个人投资者利用AI炒股的热情仍然高涨。《证券日报》记者在调查中注意到，有的投资者利用免费的数据接口，自己搭建了一套AI炒股分析工具，也有投资者使用通用大模型进行分析，做出投资决策，更多的投资者则直接使用券商或第三方平台提供的AI工具。 “去年开户券商的T0算法工具一推出，我毫不犹豫就申请了，当时设想非常好，AI分析替我低买高卖，躺着就能赚钱。”投资者李女士向《证券日报》记者表示，她身边还有不少朋友都对AI量化工具感兴趣，今年以来参与尝试的人越来越多。“不过，从胜率来看并不理想，结果依然是有赚有赔，跟自己操作相差不大。” 从实盘数据来看，投资者使用AI工具并不能“躺平”。就T0算法而言，记者广泛采访了多位券商客户经理， 综合 结果为：使用“T0算法服务”的客户，盈亏比例大致为7：3。同时，不同券商的投资者盈利占比不同，且收益分布极不均匀。 无论使用哪种工具，投资者都不能完全依赖AI。创金合信基金首席经济学家魏凤春在接受《证券日报》记者采访时表示，AI可以提供一些通用的、常识性的功能，但更加精细的指标设定、个性化判断，仍需依靠使用者的经验阅历。当使用者能力出众时，AI能起到锦上添花的作用；而如果使用者自身认知存在缺陷，AI顺着使用者思路回应，也容易误导决策。 行业共识是，投资者需要对AI投资的现实局限性保持清醒认识。“AI工具最大的价值不在于‘跑赢市场’，而在于帮助投资者‘跑赢自己’，即减少情绪干扰，避免随意交易，提升决策的一致性和纪律性。”周子彭认为。 平衡创新与合规成市场焦点 随着技术发展，AI在投资领域的应用，正从单一的投研、交易辅助工具，逐步向全流程组合管理、投后服务延伸。 郑媛姿表示，未来，AI在投资领域的应用趋势是“大模型+策略模型+交易系统”的融合。大语言模型负责理解和表达，策略模型负责数据处理和风险识别，交易系统负责把能力落到稳定、可追踪的实际场景中。这类融合会让智能化工具从单点功能走向全流程陪伴，在投前分析、盘中跟踪、交易辅助、投后复盘和投资者 教育 等场景中发挥更大作用。 “个人投资者需要的不是单一策略数据或单一AI问答。”在郑媛姿看来，做好这类服务，关键是把专业能力做得稳定、完备且简单易用。长期看，AI工具的价值不是推动用户更频繁地交易，而是形成投研、交易、风控和投后陪伴的完整生态闭环。 在这一链条中，券商的角色正在发生根本性转变：从传统金融产品的“销售者”，转变为AI工具的“赋能者”。周子彭认为，AI工具的价值，依赖数据质量和接口标准，券商可通过开放结构化数据接口、提供标准化回测环境，让投资者在规范透明的框架下评估策略。同时，投资者 教育 需从“AI能做什么”转向“AI不能做什么”，并建立与之适配的风险揭示机制。 技术是一把双刃剑。在AI加速渗透的同时，创新与合规的平衡也成为了市场关注的焦点。 AI作为一种工具，本身是中性的。监管部门需要确保技术工具能够在公平、透明、有序的市场环境下得到正确使用，同时有效防范新型风险对市场秩序和投资者权益的侵害。 在交易层面，近年来，监管部门对程序化交易出台了一系列监管规则制度，旨在维护市场秩序和公平，防范系统性风险，同时也防止程序化交易者凭借技术优势和信息不对称，对中小投资者正常交易产生影响。 但在AI深度融入投资全流程的趋势下，市场监管亟须精细化、系统化，以维护市场秩序，保护投资者合法权益。例如，AI工具提供的建议导致投资损失时，如何确定工具提供方、券商平台与投资者间的责任，这是保护投资者权益、规范市场主体行为的基础性工作。 对此，周子彭认为，应加强对同质化风险的系统性监控，防止相似AI策略引发羊群效应和顺周期波动。同时，明确责任边界，厘清AI工具提供的建议导致投资损失时，工具提供方、券商平台与投资者的责任。此外，完善数据合规框架，针对投资者交易行为数据的获取、使用与留存作出更严格的制度安排，防止数据被不当使用。 不可否认，AI确实为投资者带来了一定程度上的“资源平权”和“交易平权”，但最终的投资决策只能由投资者做出。 （文章来源：证券日报）,,东方财富快讯104,http://biz.eastmoney.com/a/202606083762745890.html
NEWS_000020,news,东方财富新闻,电力产业链景气度持续提升 多家上市公司中标电力大单 _ 东方财富网,2026-06-08,6月份以来，多家A股上市公司集中披露中标信息， 电力 领域订单迎来集中释放，行业整体发展态势向好。 例如，6月6日，苏州工业园区 和顺电气 股份有限公司（以下简称“ 和顺电气 ”）发布公告称，公司成功入选国家电网有限公司（以下简称“国家电网”）两大招标项目中标候选人，合计中标金额2.37亿元。 其中，2026年五大区域第一次联合采购项目中标额2.17亿元，中标产品涉及配电箱、成套环网箱等输配电核心设备，中标地区包括陕西、宁夏、青海、江苏、浙江等十余个省份；2026年输变电项目第二次变电设备（含电缆）公开招标采购项目中，公司凭借高压柜产品中标1980.36万元。 本次合计中标总额占 和顺电气 2025年度经审计营业收入的64.87%，订单规模可观。深度科技研究院院长张孝荣对《证券日报》记者表示：“本次接连拿下两大项目，体现出公司在输 配电设备 领域的 综合 实力获得认可。在严格的招标筛选体系下中标，也印证其产品品质、产能规模可以满足大型电网工程的落地要求。” 和顺电气表示，若后续正式合同顺利签订、项目稳步推进，本次中标订单将对未来经营业绩形成积极支撑。同时公司也提示，目前项目尚未签署正式合同，存在一定不确定性。 6月4日，宁波 球冠电缆 股份有限公司发布公告称，公司近期合计中标国家电网及其产业公司相关项目9.35亿元。产品包括1kV（千伏）、10kV 电力 电缆、1kV架空绝缘导线等，主要应用于华东、华中、川渝、华北等主流电网片区。 6月3日，江苏 金智科技 股份有限公司发布公告称，公司中标国家电网下属子公司配网相关项目，累计中标金额1.81亿元，占公司2025年营业收入的11.62%，中标产品以一二次融合成套环网箱、柱上断路器等配网核心设备为主，业务布局辐射全国各大区域。 6月1日，吉林省金冠电气股份有限公司发布公告称，公司及全资子公司合计中标订单金额2.73亿元，合作方涵盖国家电网、中国南方电网有限责任公司等多家 电力 采购平台。除国网配网设备外，公司还斩获充电设施、市政电力相关订单，业务布局呈现多元化特点。 记者梳理发现，现阶段恰逢国家电网年度集中招标窗口期，线缆、配网开关、智能计量设备等成为采购主力品类。在电力系统数字化、智能化转型的大背景下，全国电网改造升级需求持续释放。 盘古智库（北京）信息咨询有限公司高级研究员余丰慧对《证券日报》记者表示：“近年来，电力基建投资稳步加码，是支撑 电力设备 行业需求的核心动力。大批量订单落地，将有效助力制造企业稳定经营，为板块整体发展提供坚实支撑。” 张孝荣表示：“大型电网采购对产品可靠性、技术指标要求严苛，优质企业更容易获得订单。这一趋势将加速行业优胜劣汰，推动产业链整体技术水平与制造能力不断提升。” （文章来源：证券日报）,,东方财富快讯104,http://finance.eastmoney.com/a/202606083762744579.html
NEWS_000021,news,东方财富新闻,首批业绩比较基准调整平稳落地 基金评价重新定“锚” _ 东方财富网,2026-06-08,6月首周，首批公募基金业绩比较基准调整正式生效，涉及12家基金公司旗下195只产品，总规模近4000亿元。由于调整规模较大且处于市场震荡期，市场曾担忧此举可能引发基金调仓，并进一步影响风格表现。 不过，证券时报基金研究院统计近期基金净值表现发现，首批调整业绩比较基准的基金近期整体运作平稳，且业绩表现与基准指数的相关性有所提升。多位业内人士也表示，业绩比较基准的调整主要遵循“让基准向持仓靠拢”的原则，是用更加准确的指数与权重表征基金的底层持仓以及持仓风格，并不会导致基金大幅调仓或影响短期市场涨跌。 基金业绩与基准指数 相关性提升 具体来看，首批调整业绩比较基准的基金共计195只，管理规模近4000亿元，其中主动管理的权益基金117只，涉及主动权益管理规模约1700亿元，占据近半壁江山。 从调整落地首周的基金业绩表现来看，上述195只基金整体运作平稳，且业绩表现与基准指数的相关性有所提升。 Wind数据显示，截至6月5日，上述195只基金中114只的月内收益率与基准偏离度均在1%以内。此外， 兴业证券 策略团队统计了48只涉及业绩基准指数调整的主动权益基金，其中包括37只宽基指数调整以及11只行业主题指数调整，统计发现，这些基金过去三年的日涨跌幅与新基准指数的相关性有明显提升，相关性中位数由0.824提升至0.862，新基准指数与基金表现的相关性系统性高于原基准指数，指向新业绩比较基准向基金历史持仓风格靠拢的特征。 这也是本次业绩比较基准调整的核心原则——优先调整基准，适配实际持仓，让基准向持仓靠拢。 以权益类基金为例，本轮业绩比较基准调整主要分为三类： 一是大幅提高股票资产权重，比如南方转型驱动将业绩比较基准中60%的沪深300指数提升为90%的沪深300指数，与其长期以80%以上股票仓位运作的实际情况更加吻合。 二是更换宽基指数，用中证800指数或中证A500指数，替换沪深300或上证指数，比如易方达积极成长将业绩比较基准由“上证A股指数”变更为“中证800成长指数收益率×85%+中债-总全价指数收益率×15%”，更精准地体现了其投资组合的成长风格。 三是精确行业主题指数，比如 景顺 长城医疗健康则将业绩比较基准中20%的恒生 综合 指数收益率，调整为20%中证港股通医药卫生 综合 指数，更好地反映了其对港股 创新药 的投资表征。 招商基金认为，本次调整对产品的投资运作及基金份额持有人的利益无实质性不利影响。长期来看，业绩比较基准的统一调整，有助于强化基准的表征作用，把基准变成基金业绩参照的“锚”，解决过去基准虚化、风格漂移等痛点，让产品定位与投资风格名副其实。 兴业证券 在研报中指出，本轮调整业绩基准大致可以划分为调整权益中枢、调整宽基指数、调整行业指数三类，更多是基准向持仓靠拢，是用更加准确的指数与权重，去表征基金的底层持仓以及其持仓风格，并不会导致基金大幅调仓去匹配新业绩基准，进而带来短期市场涨跌以及结构风格分化的影响。 权益中枢整体上调 释放积极信号 本轮调整中，另一大看点是多只基金大幅提高了业绩比较基准中股票指数的权重，权益中枢整体上调。 其中，部分灵活配置型基金此前设定的股票权重较低，但在实际运作中往往保持高仓位，调整业绩比较基准可以更准确地反映其风险收益特征。例如，华商优势行业混合将业绩比较基准由“沪深300指数收益率×55%+上证国债指数收益率×45%”变更为“中证800指数收益率×85%+上证国债指数收益率×15%”，权益中枢从55%上调至85%；富国 精准医疗 的业绩比较基准由“中证 精准医疗 主题指数收益率×50%+中债 综合 全价指数收益率×50%”变更为“中证医药卫生指数收益率×90%+中债-国债总全价(1—3年)指数收益率×10%”，权益中枢由50%一举提升至90%。 此外，一些股票型基金也在已有较高权益中枢的前提下，进一步提高了业绩比较基准中的权益占比。比如招商中国机遇基金将业绩比较基准从“沪深300指数×80%+中证全债指数×20%”变更为“沪深300成长指数×90%+中债-综合财富(1—3年)指数×10%”。 据证券时报基金研究院统计，如果将A股指数、港股指数、海外股票指数等视为权益资产，在195只调整业绩比较基准的基金中，有97只基金提高了业绩比较基准中的权益资产中枢，占比一半。这表明本轮业绩比较基准调整不仅体现为跟踪指数的优化，更体现为部分基金对自身权益投资属性的重新定位，和对投资组合风险收益特征的重新界定。 同时，也有业内人士认为，基金整体提高业绩比较基准中的权益资产中枢，释放出一定的积极信号。从产品层面看，权益中枢上调意味着基金管理人在设定长期业绩目标时，对权益资产创造超额收益的能力保持信心；从市场层面看，业绩比较基准作为基金投资运作和考核评价的重要参照，其权益权重提高有助于强化公募基金长期投资导向，进一步发挥公募基金作为长期资金和市场稳定器的重要作用。 基准调整和组合调仓分批推进 首批落地并非终点，证券时报基金研究院从业内获悉，第二批存量基金的基准调整预计将在6月中旬陆续公告，此外，8月中旬和10月中旬也将迎来集中调整节点，每批公告后一般约一个月生效，全年形成稳步推进的调整落地节奏。 当前，第二批调整已经进入最后准备阶段。据了解，该调整需要基金公司内部先确定调整方案，然后由托管人审核，如无异议报送监管审核，当前，第二批调整的产品已经陆续收到监管层面的反馈意见。 而调整基准也只是重塑行业评价体系的第一步， 西部证券 分析师李洋建议，未来，基金管理人需要搭建覆盖业绩比较基准选取、披露、监测、评估、纠偏、问责的全流程内控管理体系。 具体来看，一是业绩比较基准需经过风控、合规部门复核，最终由公司管理层敲定；二是基金公司应设立独立于投资部门的岗位，持续监测基金风格稳定性，设置事前、事后风控指标与预警阈值，投资决策委员会也需按季度开展分析并留存报告；三是在信息披露环节，基金定期报告要对比长、中、短期业绩与基准表现，清晰展示资产配置差异；四是基金管理人、销售机构及评价机构在展示基金业绩时，必须同步标注同期业绩比较基准表现，主动管理型基金不得随意使用合同外的业绩基准。 （文章来源：证券时报）,,东方财富快讯104,http://finance.eastmoney.com/a/202606083762782910.html
NEWS_000022,news,东方财富新闻,华泰证券A股策略：短期继续保持均衡配置 _ 东方财富网,2026-06-08,"华泰证券 发布A股策略称，短期A股进入AI链产业催化相对真空与宏观风险再定价的叠加窗口。上周五远超预期的非农数据触发全球流动性收紧定价，美债收益率与美元指数大幅上行，纳指100等风险资产显著回调，叠加AI链海外龙头指引不及预期与短期筹码拥挤,市场风格出现再平衡迹象,主要矛盾由产业景气转向宏观风险定价。复盘纳指100强动量行情后跌超2%+美债上行的情形，A股月度维度承压概率较高，金融/价值占优、成长承压。因此，配置上，建议适度止盈AI链，待波动率回落后再吸筹，向宏观再定价中期望收益较高的 银行 及一季报后超额收益相对EPS变化有性价比的 小金属 、 包装印刷 等再平衡。 （文章来源：界面新闻）",,东方财富快讯104,http://finance.eastmoney.com/a/202606083762781011.html
NEWS_000023,news,东方财富新闻,券商单月调研七百四十一家公司 科技板块拥挤度引发热议 _ 东方财富网,2026-06-08,最近1个月券商密集调研了741家公司， 电子 、 机械设备 等硬科技与制造板块企业占绝对主力。 然而，就在科技板块拥挤度创下年内新高之际，券商分析师对市场风格是否将迎来切换的讨论迅速升温，有知名分析师表示看好消费股。 密集调研 电子 及机械行业 Wind数据显示，过去一个月（5月8日至6月7日），券商合计调研了741家上市公司，整体来看硬科技仍是机构的调研焦点。从行业分布看， 电子 行业以122家居首， 机械设备 为98家， 基础化工 、 医药生物 、 电力 设备紧随其后，均超60家。 具体来看， 安克创新 是近期券商最为关注的公司，吸引了 东方证券 、 中信建投 等44家券商调研。 安克创新 主营产品涵盖充电储能、智能创新、智能影音，已向港交所主板递交上市申请。在接受机构调研时， 安克创新 谈到全球充电市场仍处于稳健增长通道，公司的市场份额也有效提升，同时，公司在具身智能方向的研发正按规划稳步推进。 汇川技术 也在近期接受了40家券商调研。该公司表示，公司工业自动化业务一季度订单较好，但受产能准备不足影响，交付未达预期，二季度正在加快追赶； 汇川技术 还表示，智能 机器人 、数字能源以及AI智造可能会是驱动公司增长的新曲线。 此外，九号公司、 TCL科技 、 金橙子 、 安图生物 在最近一个月接受超30家券商调研。 科技板块关注度居高不下 近日，科技板块交易高拥挤度、市场风格是否将迎来切换等话题，引发众多券商分析师热议。 调研数据显示，近期券商调研标的中，硬科技企业占比遥遥领先。最近1个月，电子行业公司在调研中的占比达15%，包括 半导体 、 光学光电子 、 消费电子 等细分领域均受到机构高度关注。在个股方面，安克创新、 安集科技 、 水晶光电 、 深南电路 、 京东方A 、 盛美上海 、 影石创新 等公司近期均被不少于15家券商扎堆调研。 机械设备 行业也有近百家企业获得券商调研， 杰瑞股份 、 纽威数控 、 光力科技 、 华光新材 、 国机精工 等公司被不少于10家券商调研。 华金证券策略首席分析师邓利军发布研报称，从当前来看，科技板块可能出现短暂的内部高低切，AI硬件小幅震荡后可能继续占优。他表示，科技短期可能难切换至其他行业，一是短期科技成长产业趋势可能持续向上；二是科技成长行业短期盈利增速可能持续占优；三是短期科技行业政策积极，外部风险可能较小；四是短期消费等蓝筹行业基本面相对偏弱。他建议，短期均衡配置科技成 长和 部分低估值蓝筹等行业。 光大证券 金融工程分析师祁嫣然认为，当前科技板块拥挤度指标再创年内新高，未来或再度出现由拥挤度走高带来的短线调整。中长期维持震荡上行判断，中长线看好“科技+红利”配置主线。 中银证券 策略首席分析师王君表示，科技赛道交易拥挤并不代表行情结束，“热门板块成交额占比到45%就会崩盘”并非可以机械套用的固定规律。判断行情走向，关键要看交易集中度处于高位时，A股增量资金能否持续支撑拥挤板块股价继续上行。 部分分析师看好消费股 值得一提的是， 东方财富 证券研究所副所长陈果近日表示，现在中国消费是过去五年中最好的一年，也是未来五年中最差的一年，绝对不能看空中国的碳基、消费，现在中国消费股是遍地 黄金 。 “当其他方向被市场共识严重忽略、价值严重低估时，是非常舒服的位置。包括A股、港股的消费、泡腾资产，还有红利资产、新旧能源、金融等，都相当不错。”陈果表示。 从机构调研数据来看，大消费领域中， 华利集团 近期被 东北证券 、 长江证券 等20余家券商调研。 华利集团 主营运动鞋的生产、销售，该公司在调研中表示，公司管理层对于2026年的业绩保持谨慎乐观；在满足资本开支、合理日常运营资金外，公司会尽可能多分红。 食品饮料 板块的 中炬高新 最近1个月接受 广发证券 、 中信证券 等20余家券商调研。 中炬高新 主营调味品等业务，该公司接受调研时表示，公司在广东、福建、浙江、广西、海南等地持续推进品牌建设，同时加大火锅底料、烧烤调料等品类布局力度。 此外， 悍高集团 、 周大生 、 洽洽食品 、 飞亚达 、 海达尔 、 涪陵榨菜 近期也被超10家券商调研。 医药板块也有逾60家公司近期被券商调研。具体而言， 安图生物 、 新里程 、 华东医药 、 英科医疗 接受不少于20家券商调研； 爱博医疗 、 麦澜德 、 普蕊斯 被超过10家券商调研。机构调研的焦点主要集中于各公司产品研发进展、出海进展等方面。 （文章来源：证券时报）,,东方财富快讯104,http://finance.eastmoney.com/a/202606083762749174.html
NEWS_000024,news,东方财富新闻,6月8日国内四大证券报纸、重要财经媒体头版头条内容精华摘要 _ 东方财富网,2026-06-08,"6月8日(星期一)，今日报刊头条主要内容精华如下： 中国证券报 事关霍尔木兹海峡通行大消息 伊朗称已起草《霍尔木兹海峡环境服务收费条例》 新华社德黑兰6月7日电，据伊朗塔斯尼姆通讯社7日报道，伊朗副总统兼环境署署长希娜·安萨里表示，伊方已启动《霍尔木兹海峡环境服务收费条例》制定工作，相关初步草案近日已完成，但收费标准及具体征收机制尚未最终确定。 调整过后 科技板块如何布局？机构最新研判来了 上周五，全球权益市场剧烈震荡，科技成长板块回调明显，市场风险偏好随之降温。此次调整性质如何，后续走势如何，成为当前市场各方关注的重点。从机构最新研判来看，此次权益市场波动加剧更多是前期交易拥挤叠加AI硬件产业格局短期变化下的再定价，而非行情终结，市场或借助波动完成结构上的再平衡。机构建议，后市聚焦“科技轮动+防御配置”均衡布局策略，周期、红利等方向资产配置价值提升。 超1400亿！A股大手笔分红密集落地 6月7日下午， 兴业银行 公告称，2025年年度利润分配方案已获股东会通过，本次共计派发现金红利106亿元。股权登记日为6月11日，除权（息）日和现金红利发放日为6月12日。据Wind统计显示（公告截至6月7日17时），6月8日至6月12日，A股共有超460家上市公司将实施2025年度期末分红，合计对应分红金额约1418亿元。 超额收益锐减、规模“诅咒”之下 量化的阿尔法盛宴能否持续？ 今年以来，量化指增策略的超额收益明显下滑，阿尔法收益的持续性正在遭遇挑战。回顾近几年，在贝塔收益与阿尔法收益双丰收的背景下，私募量化行业迎来高光时刻。2020年初，国内百亿量化私募仅有4家，如今数量已突破70家。量化产品也正演变为主流配置，甚至成为一些渠道和投资者眼中的“正确答案”。 上海证券报 全球资本重构中国核心资产定价逻辑 硬科技H股对A股溢价频现 长期以来，A股较H股普遍存在20%至40%的溢价，但近期这一格局正被硬科技龙头率先打破， 澜起科技 、 宁德时代 、 兆易创新 等企业的H股相继出现对A股的溢价。这背后并非单一资金所为，而是外资长线基金、海外科技基金、南向资金及交易型资金共同推动的结果。 全球资金关注AI产业链 半导体龙头配置价值获认可 随着 人工智能 浪潮持续演进，全球资金对AI产业链的关注度仍在不断提升。例如：瑞银最新发布的《2026年全球家族办公室报告》显示， 人工智能 仍是全球家族办公室最关注的投资主题之一；韩国资本市场近期推出首批以三星 电子 和SK海力士为标的的杠杆及反向ETF产品。业内人士认为，从长期配置资金到交易型资金，全球资金对AI产业链的参与度正在不断提高， 半导体 尤其是 存储芯片 领域成为资金的关注重点。 算力引爆MLCC超级周期 “电子工业大米”或结构性缺货 在AI需求持续加大的刺激下，A股 MLCC （多层陶瓷电容器）板块近期开启了一轮上涨行情。 高盛 最新研报认为，AI驱动的 MLCC 超级周期才刚刚开始。 MLCC 已成为AI服务器继GPU和内存之后的第三大成本项，预计2025年至2030年市场规模将增长约4.3倍。 逾600亿元加码境外业务 券商纵深推进全球化布局 产业链延伸到哪里，金融服务便跟到哪里。随着境外业务需求持续增长，中资券商全球化布局正向纵深推进，海外扩表已成为战略发展共识。据上海证券报记者不完全统计，2025年以来，共有11家券商加码境外业务，合计金额超过600亿元人民币。 国泰海通 、 中信证券 、 华泰证券 等头部券商注资先行， 东吴证券 、 华安证券 、 东北证券 等中小券商紧随其后，或增资存量香港主体、或新设境外全资子公司，券商出海资本扩容全面铺开。 证券时报 “全民养虾”退潮之后 智能体正从概念狂飙转向理性落地 最近，关于腾讯旗下微信即将推出 AI智能体 的消息引发广泛市场关注。6月4日，腾讯表示旗下微信将与多家手机厂商联合开发基于智能体的手机助手；而在稍早前的6月2日，一则腾讯最快6月上线一款内嵌于微信的 AI智能体 的消息，更是带动腾讯股价大涨超10%。作为拥有14亿用户的“国民级应用”，微信接入智能体，意味着用户可自动调用微信内数百万个小程序完成订餐、预约等复杂任务，想象空间无疑是巨大的。 全产业链协同突破 钠电储能开启规模性商业化周期 日前， 宁德时代 与 海博思创 敲定为期3年的60GWh 钠离子电池 储能战略合作订单，创下全球最大钠电储能单笔订单纪录，也标志着 钠离子电池 正从实验室和示范项目迈向GWh级批量商用交付。 机器人行业从主题驱动转向产业落地 公募深度布局新阶段 近期，随着宇树科技快速过会、 特斯拉 Optimus量产临近，以及“物理AI”推动的智能化演进， 机器人 行业正加速从主题驱动转向产业落地。在资本市场、产业进展与AI技术三重共振下，人形 机器人 行业热度攀升。市场数据印证了这一趋势：中证 机器人 指数近一年累计上涨36.85%，相关主题基金普遍获得可观收益，资金持续流入推动多只ETF规模显著扩张。 玻璃基板成“芯”高地 基金经理解析产业掘金路径 玻璃基板 作为表面极致平整、超薄、高纯度的特种玻璃，是显示 面板 与 半导体 先进封装 的关键基础材料，被誉为 电子 产业的“核心地基”。行业普遍将2026年视为 半导体 玻璃基板 商业化验证的元年，该赛道也因此持续吸引资本市场高度关注。 证券日报 培育钻石正双赛道释放价值 受供需变化影响， 培育钻石 价格持续回落。据一线销售反馈，1克拉高品质 培育钻石 的零售价已从2020年的8000元跌至2026年的3500元。如今它不再局限于传统婚嫁珠宝赛道，而是形成婚恋消费、AI算力双轮驱动的发展格局，在珠宝市场保有份额的同时，也成为算力产业链里的重要 新材料 。 从逆回购调整看央行流动性管理思路转换 2026年6月3日、4日，中国人民 银行 连续两日在公开市场7天期逆回购上“零操作”，引起了市场的广泛关注。前一次中国人民 银行 公告7天期逆回购操作量为零还是在2024年8月7日。今年6月5日，中国人民 银行 重启7天期逆回购操作，操作规模2150亿元，对冲到期量后实现净投放920亿元。 《住房公积金管理条例》拟修订 更好满足住房消费需求 6月5日，住房和城乡建设部就《住房公积金管理条例（修订征求意见稿）》（以下简称《条例》）向社会公开征求意见。当前， 房地产 市场供求关系发生重大变化，对住房公积金制度运行提出新要求，《条例》的修订旨在让住房公积金制度更好满足缴存人不同阶段的多元化住房消费需求。 金价再“跳水”回到2025年末水平 专家建议投资者不要盲目抄底 黄金 价格再次出现大幅“跳水”。Wind数据显示，6月5日，国际金价（以伦敦金现货价格为例）跌破4400美元/盎司整数关口，收盘报4328.92美元/盎司，当日跌幅达3.25%。伴随着此次大跌，国际金价年内涨幅收窄至仅剩0.25%，价格也回到了2025年末水平。 人民日报 “空天地海”新一代通信网建设提速（经济新方位·精准发力建好“六张网”） 助力经济社会数智化转型 5月31日凌晨，西昌卫星发射中心，长征二号丁运载火箭划破夜空，将 卫星互联网 技术试验卫星送入预定轨道。该试验卫星主要用于开展手机宽带直连卫星、天地网络融合等技术试验验证。从5G—A（5G演进网络）商用到第二阶段6G技术试验，从万兆光网到 卫星互联网 ……一张高速泛在、天地一体的新一代 通信 网正加速构建。 海洋科技 守护蔚蓝（美丽中国） 编者按：今年6月8日是第十八个世界海洋日暨第十九个全国海洋宣传日，今年的活动主题为“守护蔚蓝向海图强”。浩瀚海洋，蕴藏着丰富的资源。本版推出特别报道，聚焦沿海地区的积极探索，展现海洋科技在保护海洋生态环境、推进资源可持续开发利用、助力生物多样性保护中发挥的重要作用。 经济日报 营造企业敢投敢闯好环境 在山东烟台龙口市 南山智尚 科技股份有限公司 新材料 生产车间里，一束束超高分子量聚乙烯纤维不断从生产线上产出。这种纤维直径只有0.3毫米，却能承受30公斤拉力不变形。在泰安市宁阳县，驭风智能科技有限公司打造的“低空智慧网络”已逐步融入当地城市运营体系，成为当地提升治理精细化、智能化水平的新型基础设施。 上市公司强回购稳信心 今年以来，A股市场股份回购热情持续升温。截至5月末，已有上千家上市公司密集抛出回购计划或披露回购进展，释放出提振市场预期、积极开展市值管理的明确信号。大手笔回购频现。 美的集团 3月31日发布公告，拟采用集中竞价交易方式回购公司A股股份，回购金额不超过130亿元且不低于65亿元。 长安汽车 2月4日发布公告，拟以集中竞价交易方式回购股份，计划回购资金总额不低于10亿元且不超过20亿元；其中，计划回购A股不低于7亿元且不超过14亿元。 贵州茅台 近日公告完成约30亿元股份回购，实际回购218.86万股。 央广网 央行就《人民币存贷款利率管理规定》公开征求意见 据央行官网，为贯彻落实党中央关于全面加强金融监管的要求，进一步深化利率市场化改革，中国人民银行对《人民币利率管理规定》（银发〔1999〕77号，以下简称《利率规定》）进行修订，形成《人民币存贷款利率管理规定》（以下简称《规定》），近日面向社会公开征求意见。 APEC与国际文化传播研讨会在南科大举行 2026年6月6日，由南方科技大学主办的APEC与国际文化传播研讨会在南科大办公楼举行。来自政产学研各界的领导、专家学者、媒体代表齐聚一堂，聚焦“讲好深圳故事、提升APEC国际影响力”主题，深入探讨国际文化传播的创新路径，以理论研究助力将于今年11月在深圳举办的APEC会议筹备工作。 21世纪经济报道 看走眼了？高盛一季度刚押注 派瑞股份就因“业绩化妆”将被ST 6月7日， 派瑞股份 （300831.SZ）公告称，此前公司已于2025年12月26日收到证监会下发的《立案告知书》，因公司涉嫌信披违法违规，证监会决定对公司立案。6月5日，公司再收到陕西证监局下发的《行政处罚事先告知书》。 热门概念营收不足1%！唯特偶“追光”涨4倍 大股东高位套现 近期因""光模块"""" 先进封装 ""概念被资金疯狂追捧的 电子 焊料牛股 唯特偶 （301319.SZ），终于揭开了其热门概念业务的真实面纱。6月7日下午， 唯特偶 发布公告回复深交所关注函，就公司产品在光模块及 先进封装 领域的应用情况、相关客户及销售金额等进行了说明。 第一财经 回归支持创新升级本源 国资基金迎来强监管 国务院办公厅6月5日正式发布了《关于加强监管防范风险促进私募投资基金高质量发展的指导意见》（下称《指导意见》）。“本次《指导意见》是国务院层面首个私募基金专项纲领，标志着行业从‘被动合规’迈向‘主动治理’。”招商基金首席经济学家李湛对第一财经表示，此次发文将构建起“行政监管为主、自律管理为辅”的系统化架构，补齐央地协同不足的短板。 美股科技股大跌引关注 多家券商解读 据证券时报，美股科技股6月5日大跌引发关注， 中信证券 等多家券商发布相关研报。 中信证券 研报称，短期美股科技股调整，更多源于货币政策预期修正、此前拥挤的市场，以及个别企业噪音等因素的共同影响。短期维度，AI产业不断自我强化的看多逻辑料难逆转，但产业当前进展较“商业化已完全闭环”的论调仍有明显距离，产业仍需发掘更多高价值的货币化场景。同时长端债券收益率攀升，市场层面极小的容错空间等，均意味着市场料将继续维持高波动状态，当下紧密关注AI投入、产出节奏阶段性不匹配的风险极为必要，系列高频指标跟踪为当下的权宜之计。 经济参考报 投资人葛卫东长周期布局“硬科技”显成效 近日，在AI算力需求攀升和产业升级的浪潮下，A股科技板块表现强劲。2026年二季度，长期重仓“硬科技”赛道的知名投资人葛卫东及其关联账户的持仓市值随之水涨船高，引发了市场对其“长期主义”投资策略的高度关注。 智谱、Minimax双双纳入恒生科技指数 6月8日，大模型领域两大头部企业 智谱 （ 智谱 ，2513.HK）和MiniMax（ MINIMAX-W ，0100.HK），正式纳入香港恒生科技指数。业内分析认为，这是2026年港股科技板块标志性事件之一，意味着AI大模型企业正式进入港股核心科技基准。 （文章来源： 东方财富 研究中心）",,东方财富快讯104,http://finance.eastmoney.com/a/202606083762764437.html
NEWS_000025,news,东方财富新闻,东方财富财经早餐 6月8日周一 _ 东方财富网,2026-06-08,每日精选 美伊局势： 在 伊朗向以色列发射多轮导弹 ，以回应以军升级对黎巴嫩的军事行动后，美国总统特朗普在接受美国福克斯新闻采访时表示，“我对伊朗的建议是，你们已经发射了导弹，那就够了。接下来应该回到谈判桌，达成协议。”特朗普还称，“美军处于戒备状态。”美国总统特朗普还表示，他要给以色列总理内塔尼亚胡打电话，告诉他“不要反击”。针对以色列当日早些时候对黎巴嫩首都贝鲁特南郊发动的空袭，特朗普表示，“我对这事感到不高兴。” 国务院常务会议： 李强主持召开国务院常务会议，听取关于做好就业工作汇报，审议通过《实施就业优先战略“十五五”规划》。 会议研究推进 新型工业化 有关工作，研究未来产业发展有关工作 。会议指出，要把握新一轮科技革命和产业变革趋势，坚持智能化、绿色化、融合化方向，统筹推进传统产业改造提升、新兴产业发展壮大、未来产业前瞻布局。会议指出，要根据未来产业特点，进一步加强前瞻布局、加大推动力度，牢牢把握发展主动权。 私募基金高质量发展： 国务院办公厅公布《国务院办公厅关于加强监管防范风险促进私募投资基金高质量发展的指导意见》。根据指导意见， 严厉打击私募基金领域重大违法违规行为，依法加大处理处罚力度 ，为私募基金行业规范健康稳定发展创造良好环境。坚持系统思维，加强各方情况通报、信息共享和协同配合，形成加强监管和防范处置风险“组合拳”，构建加强监管、防范风险的制度体系和长效机制。此外，指导意见在健全私募基金规则体系建设、加强政府投资基金和国有企业投资基金管理等方面进行了具体安排。 住房公积金管理： 住房城乡建设部发布关于《住房公积金管理条例（修订征求意见稿）》公开征求意见的通知。职工有下列情形之一的， 可以提取职工住房公积金账户内的存储余额 ：（一）支付房租的；（二）购买、建造、翻建、大修自住住房的；（三）偿还购房贷款本息的；（四）装修自住住房不超过一定额度的；（五）支付自住住房物业费的；（六）离休、退休的；（七）完全丧失劳动能力，并与单位终止劳动（人事）关系的；（八）出境定居的；（九）经国务院批准的其他住房消费情形。 黄金 ： 据央行数据，中国5月末 黄金 储备报7496万盎司（约2331.52吨），环比增加32万盎司（约9.95吨），4月末为7464万盎司（约2321.56吨）， 为连续第 19 个月增持 黄金 。国家外汇管理局统计数据显示，截至2026年5月末，我国外汇储备规模为34422亿美元，较4月末上升317亿美元，升幅为0.93%。 美国非农： 美国5月非农就业人数 增加17.2万人，预估为增加8.8万，前值为增加11.5万 。美国4月失业率为4.3%，连续第二个月持稳；预期4.3%，前值4.3%。交易员预计美联储将到明年1月底前加息，此前预期到明年3月底前。交易员充分消化美联储年底前加息25个基点的预期。 热点题材 算力： 全球首个预制算力中心底座在山东青岛正式启用 。相较于传统算力中心节约施工周期近70%，为当前算力基础设施建设提供更高效、更低碳的新方案。算力中心底座，简单来说就是算力中心的能源枢纽和 电力 堡垒，也可以称为算力中心的“心脏”，为算力中心提供持续稳定的 电力 。而底座的供电稳定性、能效利用率则直接关系到算力中心的整体工作能力。 物理AI ： 湖北省工业物理AI 实验室6 月5 日在武汉成立 。实验室主要围绕“AI+工业软件+物理机理+制造数据”开展研发攻关，重点面向模具、装备、零部件制造等机理模型建设，把设计、制造、装配等场景中的工艺参数、设备状态、材料特性、加工节拍和质量结果，转化为可计算、可推理、可优化的工业模型。 高带宽内存 ： 英伟达 CEO黄仁勋在韩国接受外媒采访时，当被问及“ 英伟达 将因供应紧张而削减HBM用量”的传言，黄仁勋明确回应称：“ 我们将使用大量的HBM 内存 。当然，目前供应确实受限。因此，我们需要在所有系统中更加明智地使用内存。我们将继续与这里的合作伙伴合作，以争取尽可能多的供应，并尽可能巧妙地运用。” 航运 ： 据央视财经报道，国际 航运 价格近期持续走高。集运指数（欧线） 期货 主力合约，自4月下旬以来累计涨幅超50%，此外，马士基、达飞等头部 航运 企业集中发布调价通知，多条航线舱位紧缺。江苏苏州一家国际货代公司的负责人表示，近期无论是欧洲航线、南美航线还是东南亚航线，均出现不同程度上涨，而且 这轮海运价格上涨的速度之快与幅度之大都比较罕见 。 银行 ： 据媒体报道，金融监管总局取消全国统一的硬性普惠小微贷款增速指标之后， 银行 业落地情况如何？一家国有大行二级分行人士向记者透露，该行已经开始改变普惠业务的规则，前期通过授信的小微企业， 现在被要求补充增加抵押和担保措施，目前 KPI 导向已经明显向资产质量倾斜 。 公司新闻 江波龙 ： 公司副总经理朱宇计划在2026年6月30日至2026年9月29日期间，通过集中竞价及/或大宗交易方式 减持公司股份不超过59.84万股，占公司总股本的0.1414% 。 新宙邦 ： 公司近日已与动力 电池 巨头 宁德时代 新能源 科技股份有限公司签订《电解液合作协议》，确立了未来三年在电解液物料方面的合作关系。根据协议约定， 双方合作有效期覆盖2026年至2028年，期间 宁德时代 预计采购电解液总规模达30万吨 ，并采取逐年增长的策略。 中天科技 ： 公司收到国内某互联网企业中标通知书，中标FY27财年年度耗材集采招标项目，中标产品为 数据中心 用MPO光纤跳线及其配件， 中标金额约15.18亿元(含税) 。该项目预计于2026年6月开始执行，执行周期一年。 盛洋科技 ： 公司 拟向特定对象发行A股股票募集资金不超过10.76亿元 ，扣除发行费用后的募集资金净额将用于 卫星互联网 通信 终端智能制造项目、新型智慧显示器件智能制造项目及补充流动资金。 聚飞光电 ： 公司光 通信 产品中的10G、25G、100G、200G SR光引擎项目持续稳定量产， 光器件产品50G PON已进入试产阶段，400G SR、800G SR8光引擎项目持续出货 。公司多年来布局的玻璃基产品，是采用 玻璃基板 制作的Mini/Micro LED ，目前主要应用于 半导体 显示领域。随着前沿技术的发展，公司会持续关注并推进Mini/Micro LED 在其他前瞻应用方向的布局。 寒锐钴业 ： 公司 拟向特定对象发行股票募资不超过23.53亿元 ，扣除发行费用后用于年产4万吨电积 镍 及4万吨（ 镍 金属量） 电池 级硫酸 镍 项目、补充流动资金项目。 利和兴 ： 公司拟通过联合竞买方式竞买深圳市龙华区观湖街道A912-0637号地块的国有建设用地使用权，并投资建设高端 半导体 及 自动化设备 研发生产基地项目， 投资总额预计不超过3亿元 (含土地出让金、建筑工程、装修款、设备购置费等)。 力诺药包 ： 公司正在探索 玻璃基板 、微晶玻璃等新应用领域， 相关产品仍在研发试验或送样阶段，尚未形成相关收入 ，公司主营业务未发生变化。 盈新发展 ： 公司企业级DRAM存储产品主要应用于服务器和 数据中心 ， 已实现量产和批量交付 。公司企业级业务正处于加速扩张阶段，考虑到云服务厂商对供应商的技术实力、产品可靠性、交付能力、服务质量等要求极高，且测试认证周期较长，具体情况请以公司信息披露为准。 赛伍技术 ： 公司 目前主要聚焦 MLCC 切割应用的高分子材料 ，产品有 MLCC -冷剥离胶带、 MLCC -热减粘/UV减 粘胶 带，目前MLCC-冷剥离胶带已获得头部客户订单、MLCC-UV减 粘胶 带处于小批量交付阶段。 点击查看更多上市公司重大公告>> 环球市场 特朗普称解冻伊朗资产或解除制裁不是协议先决条件： 美国总统特朗普告诉美国媒体，他不会把解冻伊朗资产或取消对伊制裁作为任何协议的先决条件。 OPEC+声明： OPEC+维持石油生产政策不变。 英伟达 新款Vera芯片将采用SK海力士的内存产品： 英伟达CEO黄仁勋表示，在两家公司准备于明年开展更多业务之际，其新款Vera中央处理器（CPU）将采用SK海力士的内存芯片。“我们推出了Vera CPU，这是一款革命性的中央处理器，它也将使用SK海力士的DRAM（动态随机存取存储器）。” 交易提示 点击立即参与申购>> 债市纵览 Shibor ： 6月5日，隔夜shibor报1.3240%，上涨0.8个基点；7天shibor报1.3820%，上涨3.4个基点；3个月shibor报1.4020%，上涨0.05个基点。 欧债： 欧市尾盘，英国10年期国债收益率涨0.5个基点，报4.903%。德国10年期国债收益率上涨1.6个基点，报3.038%。 美债： 纽约尾盘，美国10年期基准国债收益率涨5.74个基点，报4.5303%。两年期美债收益率涨10.39个基点，报4.1470%。 商品 期货 国内 期货 ： 6月5日，国内商品期货多数收跌，沪锡跌超5%，BR 橡胶 跌超4%，红枣、菜油、棕榈油跌超3%， 纯碱 、玻璃、钯、原油、棉花、生猪跌超2%，沪银、鸡蛋跌超1%。涨幅方面， 焦煤 涨超2%，淀粉、碳酸 锂 、花生涨超1%。 国际黄金： COMEX黄金期货当月连续合约下跌151.10美元，跌幅3.35%，报4353.9美元/盎司。COMEX 白银 期货当月连续合约下跌5.98美元，跌幅8.08%，报67.995美元/盎司。现货黄金下跌147.19美元，跌幅3.29%，报4328.22美元/盎司。现货 白银 下跌6.10美元，跌幅8.26%，报67.79美元/盎司。 国际原油： 国际油价06月05日下跌。截至当天收盘，纽约商品交易所WTI原油期货当月连续合约下跌2.79美元，收于每桶90.25美元，跌幅为3.00%。 国际金属： LME期 铜 收跌412美元，报13520美元/吨。LME期 铝 收跌74美元，报3592美元/吨。LME期锌收跌58美元，报3530美元/吨。LME期铅收跌12美元，报2005美元/吨。LME期镍收跌108美元，报18581美元/吨。LME期锡收跌2809美元，报52935美元/吨。LME期 钴 收平，报56290美元/吨。 国际 农产品 ： 纽约尾盘，彭博谷物分类指数跌0.84%，报29.3870点。CBOT玉米期货跌1.53%，报4.18美元/蒲式耳。CBOT小麦期货跌0.22%，报5.8025美元/蒲式耳。CBOT大豆期货跌0.63%，报11.2225美元/蒲式耳。上周，豆粕期货累跌6.40%，豆油期货累跌4.61%。CBOT瘦肉猪期货累跌0.80%，活牛期货累涨1.01%，饲牛期货累涨1.52%。ICE原糖期货累涨0.43%，ICE白糖期货累涨1.85%。ICE阿拉比卡咖啡期货累跌7.13%，咖啡“C”期货累跌7.24%。罗布斯塔咖啡期货累跌3.32%。纽约可可期货累跌4.56%，报3744美元/吨。伦敦可可期货累跌1.60%。芝加哥WCE双低油菜籽期货累跌0.92%，整体冲高回落。ICE棉花期货累跌2.90%。 外汇市场 人民币： 6月5日，在岸人民币北京时间16:30收报6.77120，较上一交易日上涨56点。离岸人民币北京时间18:00报6.76591，较上一交易日上涨76.7。在岸/离岸人民币北京时间18:00价差为3.9。 人民币外汇掉期： 6月5日，截至北京时间16:30，美元兑人民币6个月掉期报-868点，美元兑人民币1年掉期报-1728点。 美元： 美元指数5日上涨。衡量美元对六种主要货币的美元指数当天上涨0.65%，在汇市尾市收于100.068。截至纽约汇市尾市，1欧元兑换1.1523美元，低于前一交易日的1.1614美元；1英镑兑换1.3337美元，低于前一交易日的1.3425美元。1美元兑换160.17日元，高于前一交易日的160.02日元；1美元兑换0.7962瑞士法郎，高于前一交易日的0.7892瑞士法郎；1美元兑换1.3949加元，高于前一交易日的1.3899加元；1美元兑换9.4735瑞典克朗，高于前一交易日的9.3737瑞典克朗。 财经日历,,东方财富快讯104,http://finance.eastmoney.com/a/202606073762718177.html
NEWS_000026,news,东方财富新闻,股价3日涨幅偏离值超20% 恒星科技紧急澄清：三大热点概念均为 “虚火” _ 东方财富网,2026-06-08,6月7日晚间， 恒星科技 发布了一份关于股票交易异常波动的公告。 公告显示，在2026年6月3日、6月4日及6月5日， 恒星科技 的股票在深圳证券交易所连续三个交易日内，收盘价格涨幅偏离值累计超过了20%。 究其原因，主要内容涉及近期部分媒体、自媒体报道等平台频繁出现关于 恒星科技 涉及“光纤”“ 黄金 ”“ 机械设备 ”等热点概念的讨论与跟风炒作。 就此，恒星科技明确指出市场热议的三大概念与公司的实际业务基本面存在脱节。公司披露的信息表明，相关概念的炒作成分较高，目前并未对公司的经营业绩构成重大影响。 三大概念成推升行情“导火索” 近日，A股市场又现概念炒作，恒星科技成为资本追捧的热点之一。 公司发布的《股价异动公告》显示，恒星科技股票在6月3日—5日的三个交易日收盘价格涨幅偏离值累计超过20%。针对公司股票异常波动，恒星科技对有关事项进行了全面核查。核查结果表明，此次股价大涨的推手并非公司基本面发生的改变。 针对热点概念炒作，恒星科技做出风险提示：公司提醒广大投资者，目前市场存在对公司涉及“光纤”“ 黄金 ”“ 机械设备 ”等热点概念的传闻，请投资者基于公司实际业务情况和已披露信息进行理性判断，避免盲目跟风炒作。 此外，恒星科技董事会确认，公司目前没有根据《深圳证券交易所股票上市规则》等有关规定应予以披露而未披露的事项或与该事项有关的筹划、商谈、意向、协议等；董事会也未获悉本公司有根据《深圳证券交易所股票上市规则》等有关规定应予以披露而未披露的、对本公司股票及其衍生品种交易价格产生较大影响的信息；公司前期披露的信息不存在需要更正、补充之处。 用数据正面回应三大概念“虚火” 面对市场的狂热炒作，恒星科技以一份详尽的公告予以澄清。 在“ 光纤概念 ”方面，恒星科技公告指出，涉及“ 光纤概念 ”是公司全资子公司内蒙古恒星化学有限公司客户在2026年4月采购公司少量八甲基环四硅氧烷（D4）产品，向内蒙古亨通光学材料有限公司送样，用于该公司光纤生产的新客商导入验证，目前尚未有验证结果。 从实际财务数据来看，该产品的营收贡献极其微小。公司2025年八甲基环四硅氧烷（D4）实现营业收入642.45万元，占公司2025年营业收入的比例为0.13%。2026年1月—3月实现营业收入313.63万元，占公司2026年1月—3月营业收入的比例为0.89%，对公司经营业绩不构成重大影响。 其次是备受资金追捧的“ 黄金概念 ”。公告澄清，涉及“ 黄金概念 ”系公司下游客户货款无法支付，公司通过司法抵偿获得赤峰龙头山金矿。公告进一步披露，公司子公司赤峰市永金矿业有限公司于2025年4月委托第三方对上述金矿进行勘探，对于相关情况，公司6月7日晚间已发布了关于全资子公司探矿协议履行情况的公告。 公司表示，上述金矿目前尚处于勘探阶段，未形成营业收入，对公司经营业绩不构成重大影响。此外，由于矿产资源的开发利用受矿体自身禀赋、开采技术条件、市场需求、政策变化等多方面因素的影响，存在诸多不可预见的风险。 最后，针对“ 机械设备 概念”，恒星科技表示，经核实，截至目前，公司主营业务不涉及机械设备业务。 “除此（上述三大概念）之外，公司未发现近期公共 传媒 报道了可能或已经对公司股票交易价格产生较大影响的未公开重大信息。”恒星科技表示。 除了澄清上述概念，恒星科技董事会确认，公司目前没有根据《深圳证券交易所股票上市规则》等有关规定应予以披露而未披露的事项或与该事项有关的筹划、商谈、意向、协议等。董事会也未获悉本公司有根据《深圳证券交易所股票上市规则》等有关规定应予以披露而未披露的、对本公司股票及其衍生品种交易价格产生较大影响的信息。 同时，恒星科技表示，公司目前经营情况正常，内外部经营环境未发生重大变化，前期披露的信息不存在需要更正、补充之处。经过自查，公司不存在违反信息公平披露的情形。 （文章来源：每日经济新闻）,,东方财富快讯104,http://finance.eastmoney.com/a/202606073762725965.html
NEWS_000027,news,东方财富新闻,多期财报虚增虚减营收平滑业绩 派瑞股份将被“ST” _ 东方财富网,2026-06-08,6月7日晚间， 派瑞股份 公告称，收到中国证监会陕西监管局下发的《行政处罚事先告知书》（以下简称《处罚告知书》）。 《处罚告知书》显示，经查明， 派瑞股份 “通过篡改商品验收单据的方式延迟确认销售收入”，公司及相关主管人员将合计收到千万元“罚单”。 受此影响， 派瑞股份 股票将被实施其他风险警示，即被“ST”，并自6月8日开市起停牌一天。 派瑞股份表示，高度重视《处罚告知书》所提出的问题，对此向广大投资者致以诚挚的歉意。公司及相关责任人将引以为戒，认真汲取教训，以此为契机，制定内部整改计划，严格按照企业会计准则规范提升财务人员专业能力，全面提升公司规范运作水平，强化内控与治理水平，坚决杜绝同类问题再次发生，切实维护公司及全体股东利益。 篡改商品验收单据 2025年12月26日，中国证监会向派瑞股份下发《立案告知书》，因公司涉嫌信息披露违法违规，决定对其立案。 2026年6月5日，派瑞股份收到《处罚告知书》。经查明，派瑞股份为平滑公司业绩，通过篡改商品验收单据的方式延迟确认销售收入，导致公司2024年年报虚减营业收入2271.50万元、虚减利润总额1711.73万元，分别占当期报告披露金额的11.84%和26.18%；2025年半年报虚增营业收入和利润总额分别占当期披露金额的26.87%和50.02%。 据《处罚告知书》，派瑞股份时任董事长刘强被指“知悉销售收入延迟确认的情形，放任违法违规行为发生”，公司时任董事、总经理白杰和时任财务总监郭伟则“策划并组织实施了销售收入延迟确认行为”。监管部门拟决定，对派瑞股份给予警告，并处以400万元罚款；对刘强给予警告，处以220万元罚款；对白杰、郭伟给予警告，并分别处以200万元罚款。公司与三名直接负责的主管人员拟被罚款金额合计达到1020万元。 值得注意的是，就在收到《处罚告知书》的前一天，派瑞股份董事会收到董事长刘强的书面辞职报告。刘强因在陕西科技控股集团有限责任公司的工作岗位和职责调整，申请辞去公司董事长等职务，辞职后不再担任公司任何职务。 将于6月8日停牌一天 由于派瑞股份披露的年度报告财务指标存在虚假记载，触及深交所创业板相关规则，公司股票将被实施其他风险警示。 具体来看，派瑞股份股票将于6月8日开市起停牌一天，于6月9日开市起复牌。自6月9日开市起，公司股票简称将由“派瑞股份”变更为“ST派瑞”。派瑞股份表示，实施其他风险警示后，公司股票交易的日涨跌幅限制仍为20%。 对于此次处罚，派瑞股份在公告中表示，公司及相关责任人将引以为戒，制定内部整改计划。当前，公司已启动财务内控专项提升行动，并计划开展内控体系全面提升专项活动，强化合规培训、完善管控机制、深化内控融合。 派瑞股份公告显示，公司已于2025年12月对相关财务报表进行了会计差错更正和追溯调整。调整后，公司2024年实现营收约2.15亿元，同比增长83.58%；2025年上半年，营收同比大幅减少48.90%；2025年全年营收也同比减少12.61%。 （文章来源：每日经济新闻）,,东方财富快讯104,http://finance.eastmoney.com/a/202606073762701474.html
NEWS_000028,news,东方财富新闻,30万吨电解液大单落地！新宙邦与宁德时代签订长期合作协议 _ 东方财富网,2026-06-08,6月7日晚间，“电解液龙头股” 新宙邦 公告称，公司近日已与动力 电池 巨头 宁德时代 新能源 科技股份有限公司（以下简称“ 宁德时代 ”）签订《电解液合作协议》，确立了未来三年在电解液物料方面的合作关系。 《每日经济新闻》注意到，根据协议约定，双方合作有效期覆盖2026年至2028年，期间 宁德时代 预计采购电解液总规模达30万吨，并采取逐年增长的策略。 根据公告，协议的顺利履行预计将对 新宙邦 2026年度至2028年度三个年度经营成果产生积极影响。但 新宙邦 在公告中提醒，在协议履行过程中如果遇到市场需求波动、技术路线变更或者其他原因，可能会导致协议无法如期履行、无法全面履行或停止履行。 三年30万吨阶梯供货 记者注意到，此次合作并非单一年度的短期交易，而是长达三年的产能战略绑定。根据公告披露，本次《电解液合作协议》的有效期自双方盖章之日起，至2028年12月31日止。 在这三年期间， 宁德时代 向新宙邦采购的电解液数量预计将呈现阶梯式增长趋势，具体来看，2026年预计采购5.0万吨，2027年增至10.0万吨，2028年则进一步提升至15.0万吨，三年累计预期达到30万吨。 《每日经济新闻》记者注意到，按照协议，甲乙双方应按照约定量纲提前筹划并配置相应资源，按月度计划开展复盘与跟进。若上月未完成既定计划，双方应在次月予以修正调整；年度实际量纲与约定量纲偏差未超过波动限值（2026年为±10%，2027年为±12%，2028年为±15%），不视为违约；若超出波动限值，双方一致同意在次年补齐此部分量纲。 对于新宙邦而言，这份协议不仅是销售规模的保障，也是产业链话语权的体现。公司表示，本协议的签订有利于交易双方建立长期稳定的合作关系，有助于进一步提升公司产业链地位、市场影响力及核心竞争力，巩固公司市场竞争优势。 同时，新宙邦还表示，本协议的顺利履行预计将对公司2026年度至2028年度三个年度经营成果产生积极影响，具体对公司经营业绩的影响需以审计机构年度审计确认后的结果为准。 存在多重履行风险 尽管30万吨的预期量纲为新宙邦描绘了广阔的业绩成长空间，但公告也坦率指出，协议的履行依然存在诸多不确定性。 《每日经济新闻》记者注意到，这种不确定性源于多重维度，核心在于具体产品名称、规格型号、单价及技术标准等需以双方后续书面确认的订单或其他书面文件为准。新宙邦特别提示，在协议履行过程中如果遇到市场需求波动、技术路线变更或者其他原因，可能会导致协议无法如期履行、无法全面履行或停止履行。 在2025年年报中，新宙邦也曾提及新产品和新技术迭代风险：在市场环境竞争加剧的情况下，公司作为 电池 化学品和功能材料的主要供应企业之一，整个经营业绩与终端应用的技术选择息息相关，若终端技术需求或者技术路线发生重大变化，将对公司的经营业绩产生重要影响。 此外，新宙邦在6月7日发布的公告中还表示，若甲乙双方中的任何一方无法履行本协议的条款时，双方优先友好协商解决。若构成实质性违约，守约方有权利单方解除本协议，并要求违约方赔偿2500万元违约金。 新宙邦还表示，公司将严格按照相关规定，根据后续合作的进展情况，在不违反保密规定的前提下履行信息披露义务。 （文章来源：每日经济新闻）,,东方财富快讯104,http://finance.eastmoney.com/a/202606073762731790.html
NEWS_000029,news,东方财富新闻,“电子布织机”牛股泰坦股份又提示风险 高盛、瑞银一季度大举买入 _ 东方财富网,2026-06-08,6月7日， 泰坦股份 发布《股票交易异常波动公告》。 《每日经济新闻》记者注意到，因身披“ 电子 布织机”光环， 泰坦股份 成为资金追捧的牛股，2026年4月下旬以来其股价已5次触及交易异常波动情形。 泰坦股份 直言公司滚动市盈率已至331倍以上，而备受瞩目的核心概念产品“ 电子 布织机”实则仍处于研发阶段。 值得一提的是，今年一季度，包括 高盛 、瑞银、 巴克莱 在内的国际顶级投行大举扫货，悄然跻身泰坦股份前十大股东之列。 称 电子 布织机仍处于研发阶段 据泰坦股份公告，公司股票交易价格在2026年6月4日和6月5日连续两个交易日内，收盘价格涨幅偏离值累计超过20%，触及《深圳证券交易所交易规则》中规定的股票交易异常波动情形。 拉长时间线来看，自2026年4月22日以来，泰坦股份的股价已5次触及股票交易异常波动情形。 泰坦股份在公告中明确提示风险称，高端电子布由于对产品性能有着严苛的要求，且生产技术迭代速度快，截至公告披露日，公司的电子布织机仍在研发阶段。 泰坦股份进一步表示，电子布织机项目的研发周期长，关键核心部件的研发更是面临较大难度，存在着研发失败、无法实现产业化以及无法盈利的风险。因此，相关的研发进展及最终成果存在重大不确定性，不会对公司近期的经营业绩产生影响，公司提醒投资者警惕概念炒作风险，回归理性判断。 “近期公司股票价格快速上涨，显著偏离大盘指数，存在严重的市场情绪过热、严重的非理性炒作情形，未来存在快速下跌的风险。再次敬请广大投资者理性决策，审慎投资，注意二级市场交易风险。”泰坦股份表示。 值得注意的是，在高估值的背后，泰坦股份的实际盈利能力正面临着考验。 2024年度，泰坦股份归属于母公司所有者的净利润为8875万元，较上年同期下滑了31.71%。2025年，泰坦股份盈利颓势未能扭转，归属于母公司所有者的净利润进一步缩水至4735万元，同比降幅扩大至46.65%。 高盛 、瑞银今年一季度大举买入 尽管泰坦股份的基本面难言乐观，但资本市场的嗅觉总是充满了戏剧性。 财报数据显示，今年一季度，泰坦股份实现营业收入3.8亿元，较上年同期增长了27.45%；归母净利润达到0.21亿元，同比小幅上升8.07%。 如果说财务数据的边际回暖是业务层面的微调，那么公司一季度股东名册的变化，则显示了资本市场的嗅觉。 从前十大股东的明细来看，今年一季度末，想要跻身泰坦股份前十大股东的最低持股量已经从去年底的54.7万股抬升至约56.6万股。这一数据的变化也意味着，今年一季度末新出现在前十大股东名单中的面孔，都在今年一季度大幅买入了泰坦股份。 在这份堪称“星光熠熠”的一季度新进股东名单中，多家国际顶级投行和自然人投资者在列。其中， 高盛 国际在今年一季度末凭借0.39%的持股比例，一跃成为泰坦股份的第五大股东。 另一家欧洲老牌金融巨头 巴克莱 银行 以0.29%的持股比例位居第九大股东。紧随其后的是赫赫有名的 瑞银集团 ，以0.26%的持股比例锁定第十大股东的席位。 除了外资巨头，数据显示，境内自然人在此期间也进行了建仓。例如，投资者顾金阳和袁宝民分别以0.34%和0.33%的股权比例，双双新进前十大股东榜单。 （文章来源：每日经济新闻）,,东方财富快讯104,http://finance.eastmoney.com/a/202606073762701090.html
NEWS_000030,news,东方财富新闻,威格斯盘锦公司连续亏损 韩建河山重组影响几何 _ 东方财富网,2026-06-08,【导读】 威格斯 盘锦公司再度巨亏，603616重组影响几何 6月5日， 韩建河山 （603616）披露兴福新材2025年度、2024年度审计报告，其参股25%的 威格斯 盘锦公司2025年净利润为-9474.37万元，继2024年亏损8499.54万元后，亏损规模进一步扩大。 在韩建山河2026年3月17日公告的问询函回复中，针对兴福新材业绩波动的原因进行解释时，公司曾明确表示，兴福新材与全球领先的PEEK生产商合资设立 威格斯 盘锦公司，受对外投资及借款因素影响，计提部分损失，使得兴福新材业绩出现波动。该等投资与借款系兴福新材向下游业务布局、加强与主要客户合作关系所致，长期来看有利于标的公司业务发展，相关投资与借款未来进一步计提大额损失的可能性较小。 不过，无论是上述审计报告披露的信息，还是威格斯在2026财年中期预计威格斯盘锦公司在本财年将“持续大幅亏损且现金流为负”的阐述，都与 韩建河山 在回复函中的表述存在差异。 参股公司持续大幅亏损 威格斯是一家总部位于英国的高性能聚合物解决方案提供商，主要从事各种聚合物的生产和销售，是兴福新材PEEK中间体产品的主要客户之一，拥有部分自主PEEK中间体的生产能力。 据公开资料，威格斯盘锦公司的前身是盘锦伟英兴，注册于2020年2月，威格斯香港持股75%，兴福新材持股25%，总投资约3.9亿元，设计产能1500吨/年PEEK。 根据韩建山河的说法，参股公司威格斯盘锦是兴福新材与外销客户威格斯共同投资设立，威格斯盘锦是威格斯为了抓住中国市场快速增长的PEEK需求在中国新建的PEEK生产厂区。威格斯盘锦系威格斯控制的下属企业，威格斯盘锦与威格斯存在关联关系及资金往来。 根据兴福新材与威格斯合资时签署的《合资合同》，约定“合资公司注册资本与投资总额的差额应由双方或其各自的关联方，自身或通过委托 银行 分别按各自在合资公司中的股权比例向合资公司提供贷款解决.......双方同意首期股东贷款的金额应为人民币2.6亿元。其中，威格斯应提供人民币1.95亿元，兴福新材应提供6500万元。” 由此，兴福新材对威格斯盘锦的投资包括以长期股权投资列示的3250万元投资额，以借款方式出借的6500万元款项及其孳生的利息。 根据兴福新材的审计报告，2024年及2025年，威格斯盘锦公司分别实现营收278.42万元和2132.15万元，净利润分别为-8499.54万元和-9474.37万元。从资产负债表来看，2024年和2025年，威格斯盘锦的总资产分别为6.78亿元和6.81亿元，总负债为6.93亿元和7.91亿元，归属于母公司股东权益分别为-1144.97万元和-8250.75万元。 图一：威格斯盘锦的主要财务信息 由于威格斯盘锦公司持续的大额亏损，截至2025年12月31日，兴福新材对威格斯盘锦的长期股权投资账面价值减记至0，同时对出借的款项进行坏账计提。 截至2025年12月31日，兴福新材其他应收款账面余额为7751.52万元，其他应收款主要为向威格斯盘锦出借的款项6500万元及其孳生的利息，合计7683.84万元，坏账准备合计5837.15万元。其中2025年计提1498.66万元，剩余1850.08万元未计提。 图二：兴福新材长期股权投资 图三：兴福新材其他应收款 实际上，兴福新材计提投资收益损失、信用减值损失，是该公司2024年、2025年业绩波动的主要原因。从财务报表上看，2024年投资收益为-1003.33万元，信用减值损失为-1968.06万元，两者合计影响营业利润2968.06万元，导致当年兴福新材实现净利润-73.67万元。 2025年，由于对威格斯盘锦的长期股权投资减记至0，威格斯盘锦的亏损不再以投资收益方式体现在兴福新材的报表中，而且信用减值损失仅计提了1441.11万元，在营收略有下降、毛利率基本不变的情况下，净利润回升至860.65万元。 图四：兴福新材合并利润表 是否继续计提？ 韩建山河表示，威格斯盘锦是威格斯在英国本土以外投资建设的第一个生产基地，设计产能为1500吨/年，已于2024年建成投产，目前处于产能爬坡阶段。兴福新材对威格斯盘锦的投资与借款是向下游业务布局、加强与主要客户合作关系，长期来看有利于该公司的业务发展，相关投资与借款未来进一步计提大额损失的可能性较小。 值得注意的是，威格斯在5月发布的2026财年中期（截至2026年3月31日的六个月）计提了6060万英镑（约5.3亿元人民币）的非现金减值损失，主要针对的就是威格斯盘锦，核心原因是威格斯盘锦在最终制造阶段的某些工艺技术无法达到原定的1500吨/年名义产能，预计该工厂在本财年将“持续大幅亏损且现金流为负”。 在随后于5月11日召开的业绩电话会上，威格斯管理层说明，该工厂设计产能为1500吨/年，但关键工序存在技术缺陷，当前产能仅约100吨/年，远低于设计值，且预计未来数年仍无法达产。管理层正在评估提升产能的方案，包括必要的追加投资，以突破产能瓶颈。 2026年4月28日，兴福新材发布关于预计2026年日常性关联交易的公告。其中预计向威格斯盘锦出售产品和商品、提供劳务等发生金额为1859.30万元，较2025年实际发生额826.56万元有较大幅度增长，显示出威格斯盘锦在2026年营业收入可能出现较大幅度的提升。 不过，从威格斯对于威格斯盘锦的分析判断及其自身资产负债结构看，即使采购量翻番，威格斯盘锦2026年仍将处于亏损状态。在此情况下，兴福新材对威格斯盘锦其他应收款中剩余的1850万元款项及新增利息是否需要全额计提坏账准备，将严重影响2026年兴福新材的净利润。 更重要的是，威格斯盘锦后续是否能够顺利扭亏为盈，关系着 韩建河山 10.7亿元高溢价收购所依赖的“PEEK产业链”协同逻辑是否能够真正落地。 （文章来源：中国基金报）,,东方财富快讯104,http://finance.eastmoney.com/a/202606073762717871.html
NEWS_000031,news,东方财富新闻,十大机构论市：如何看待美股黑色星期五？如何影响A股？ _ 东方财富网,2026-06-07,"本周沪指下跌1.00%，深证成指下跌1.67%，创业板指下跌1.98%。下周A股将如何运行？我们汇总了各大机构的最新投资策略，供投资者参考。 兴证策略：如何看待美股黑色星期五？如何影响A股？ 6月5日美股上演“黑色星期五”，科技股遭遇大面积调整。背后的触发原因，一是美股 AI芯片 龙头 博通 业绩不及预期，二是美国强劲的非农数据推升流动性紧缩预期。由于近年来，无论是宏观还是产业层面，都是海外变化更大，随着外部因素对A股行情节奏、结构的影响加深，市场也愈发关注此次美股调整对A股的传导。此次美股的调整，看似是宏观和产业逻辑出现的变化，但本质上还是资金行为，影响偏情绪、偏结构。此前集中的交易结构，放大了利空带来的波动，使得市场高估了这些事件本身的影响。本质上还是在此前拥挤交易的背景下，部分资金趁利空获利了结、进行结构上的“再平衡”。因此，本轮调整并非支撑行情的核心逻辑发生变化，更多是情绪层面的扰动，且影响偏结构。 申万宏源策略：A股6至7月可能是拉锯调整期 先蓄力再突破 结构性行情持续深化、分化加剧，其他方向提前调整。市场波动率可能提升，上行波段拥抱正循环，调整波段也需警惕负循环。后续需关注的事件窗口：6月18日美联储议息，将是沃什货币政策立场的关键验证期。后续国内存储龙头上市，可能构成短期资金供需扰动的窗口。A股6-7月可能是拉锯调整期，先蓄力再突破。短期，海外科技股的波动增加，国内科技相对性价比担忧升温，行业ETF和单一赛道主动公募边际定价的行情，潜在波动率较高。6-7月可能是科技波动放大的窗口。中期依然看好AI产业趋势主战场，继续关注，光 通信 、 PCB 、存储、储能、燃机、算电协同。寻找业绩增长 + 合理估值的方向(剔除基数原因后2026年15%增长 + PE估值30倍以内)，重点方向集中在 新消费 、出口链Alpha和景气周期。 中国银河策略：市场轮动需关注三个点 市场轮动中重点聚焦三个点。一是外部扰动仍在。美国非农就业数据大幅超预期，市场对美联储年内加息预期进一步升温，美债收益率抬升，外围股市同步走弱，海外流动性边际变化将构成阶段性扰动。中东局势仍然紧张，对全球原油与大宗商品定价的扰动存在反复性。二是行业景气预期仍是轮动的关键线索。 博通 对于AI收入业绩指引不及市场预期，直接引发美股 半导体 、AI 算力龙头回落，叠加美联储加息预期升温的冲击，周五费城 半导体 指数单日跌超10%。市场情绪沿全球产业链传导至亚太市场行情，进一步加速了市场行情的高低切换、板块轮动。后续重点跟踪产业景气与盈利增长的持续性。三是政策与监管导向在深刻影响着资金配置逻辑。6月以来，公募基金业绩比较基准调整迎来首批集中落地，监管出台私募投资基金高质量发展的政策文件，叠加近期整治非法跨境证券活动等，进一步净化市场生态，资金配置有望逐步向政策扶持的实体产业、优质赛道倾斜。 光大策略：无畏扰动 积极做多 A股短线或有再平衡压力，但在基本面及产业趋势支撑下，有望逐渐震荡上行。受美国科技股下跌影响，A股市场风险偏好可能会有所下行，前期交易较热门的科技板块可能会面临再平衡压力。但是市场大方向仍然有望上行，一方面，基本面仍然是背后最为稳健的支撑，其中价格仍然是主要变化因素，从趋势来看，二季度PPI中枢将会显著高于一季度，这也将使得二季度上市公司盈利进一步上行。另一方面，AI产业趋势方兴未艾，在基本面未有明显扰动背景下，股价仍有上行空间，宏观因素冲击反而将创造出更好的买入机会。短期关注防御板块，中期积极配置关注成长。风险偏好回落状态下，短期防御板块或有阶段性表现，例如高股息及 价值股 ，不过此类机会或许更偏交易层面的情绪演绎。中长期来看，在产业趋势的支撑下，预计以AI产业链为代表的成长仍然将会是主线。 国信策略：科技成长风格会逆转吗？ 当前可能是风格再平衡，风格逆转的概率不大。我们在前期多篇报告中讨论过影响风格的决定变量，中期来看经济基本面、流动性、相对估值并非决定风格的核心变量，而基本面相对趋势才是中期决定风格的因素。牛市中风格会出现短暂摇摆，但后期市场风格往往沿着基本面的相对趋势。市场震荡整固或仍延续。市场风格的再平衡通常有两种路径，一是市场下跌窗口，前期涨幅较大的行业回调更深，另一种是震荡行情中，弱势行业逐渐补涨，这一次更可能是后者。近期市场走势正逐步印证这一判断，本周市场延续震荡巩固态势，上证涨跌幅-0.3%、沪深300为0.3%。同时，行情结构有所收敛，本周科技内部有所分化， 煤炭 等价值板块有所表现，说明本轮再平衡并非通过市场整体明显下跌来实现，而是更多以板块轮动和结构扩散的方式展开。往后看，短期A股整固不改中期向上趋势，牛市依然延续。历史上看牛市转熊市需要看到在整体股市情绪过热、宏观环境明显走弱等信号，当前均未出现。 东吴策略：如何理解应对本次科技行情波动？ 可以得出结论：1）加息预期前置并非科技行情见顶的充分条件，目前AI产业趋势没有放缓的信号，不能左侧预判中期顶部，且一旦积极的信号出现、资金的定价会非常迅速，那么短期因流动性、风险偏好逆风带来的调整很可能是“假摔”，不宜完全撤退，调整至低波动状态后可回补龙头品种，产业层面高度关注AI商业化能力进展（观察指标如Anthropic等模型大厂的ARR，Token消耗的“加速度”等）；2）流动性形势的确不明朗，缺乏EPS支撑的科技品种后续行情是“或有”的，一旦加息预期不能够回摆，上述方向缺乏锁仓资金、风险较大；3）在这样的一个行情混沌期，低位品种在缺乏叙事逻辑的情况下行情较为随机，走出持续性有难度、更难共振大盘，往往是阶段性或者过渡性行情，更适合以对冲科技波动、平滑曲线视角进行关注的是优质红利个股，以及泛能源当中受益于新叙事（例如厄尔尼诺）的方向；储能等目前行情锐度不足但景气比较扎实的品种适合从中线维度进行关注。 华金策略：科技可能出现内部高低切 AI硬件可能继续占优 当前来看，科技可能出现短暂的内部高低切，AI硬件小幅震荡后可能继续占优。（1）科技短期可能难切换至其他行业。一是短期科技成长产业趋势可能持续向上：首先，景气度最高的依然可能是AI硬件；其次， 机器人 、 AI应用 等的景气度短期也可能有所上行；再次，短期 半导体 相关的产业链景气度可能上行；最后，燃气轮机、 锂 电、储能等相关行业短期景气度也可能较高。二是科技成长行业短期盈利增速可能持续占优。三是短期科技行业政策积极，外部风险可能较小。四是短期消费等蓝筹行业基本面依然偏弱。（2）科技可能出现短暂的内部高低切，硬科技小幅震荡后可能继续占优。一是AI硬件产业趋势短期仍可能持续占优。二是硬科技相关行业短期盈利可能继续占优。三是当前 传媒 、医药估值和情绪较低，后续可能补涨。 中泰策略：海外流动性收紧预期如何影响A股 整体而言，海外利率风险上升或通过两个方向影响A股。第一，资金面与负债端压力：美债收益率飙升重塑全球资金流向。5月非农超预期后，市场对美联储年底前加息的预期迅速升温。美债收益率上行意味着全球无风险利率中枢上移，美元资产吸引力增强，将推动资金从新兴市场回流。港股因外资占比高、流动性敏感度强，承压更为直接。A股方面，外资持有A股流通市值相较港股，日韩等股市仍较低，美元回流带来的流动性压力相对有限。第二，海外科技映射：费城半导体暴跌对A股算力链形成短期情绪压制，但A股科技的核心独立逻辑并未破坏。受非农冲击叠加 博通 财报不及预期拖累，费城半导体指数周五单日暴跌超10%。A股光模块与算力硬件龙头前期与美股AI链联动紧密。周五美股大幅下跌或对A股带来低开压力。 浙商策略：市场调整此消彼长 盯紧趋势、分类处理 本周市场双创指数集体下跌，多数宽基指数跟随调整。展望后市，创业板指虽然暂时跌破日线上升趋势线和20日均线，但是仍有机会修复，需要在下周上半周密切关注其运行情况。科创50在跌破日线上升趋势线和20日线之后开启大幅反抽，但交易量萎缩且本周跌势进一步扩大，预计还需试探6月2日低点、尝试构建“双底”，此后或有反弹机会。而多数非双创指数自5月14日以来一直持续调整，部分指数（如上证）最低点已经在前期涨幅的0.5分位附近，预计未来会进一步震荡收敛，向下空间不大。此外，今年1月以来， 非银金融 一直逆势调整，目前已有止跌企稳迹象，应关注该板块此后表现。配置方面，基于“创指跟随科创调整，非创指数等待收敛”判断，我们建议：当前中线仓可继续持有，新仓宜等待大盘完成调整、形成“ 黄金 右脚”时再行增配；科创50等待双底之后的反弹；创业板指关注日线上升趋势线、20日线能否在下周修复，绝对收益资金和短线仓以上述均线作为操作依据。 中原证券：A股已进入盈利驱动上行阶段 中长期向好趋势不变 央行已明确全年将继续实施适度宽松的货币政策，政策重点从""压降融资成本""转向""巩固维持低位运行，预计下半年货币政策不具备转向收紧的条件，但随着经济企稳、人民币汇率保持基本稳定，政策发力时点可能后置。财政政策方面，优化财政支出结构是今年的重要着力点，后续政策重心预计将更加向提振消费、投资于人、保障民生等领域倾斜。伴随油价稳步回落，地缘风险对A股的冲击已明显降温。而美联储政策不确定性若消退，市场焦点将重回国内盈利主线。当前A股已进入盈利驱动上行阶段、中长期向好趋势不变。预计上证指数维持震荡整理的可能性较大，密切关注宏观经济数据、海外流动性变化以及政策动向。短线建议关注航天装备、 机器人 、 银行 以及 军工 电子 等行业的投资机会。 （文章来源： 东方财富 研究中心）",,东方财富快讯104,http://finance.eastmoney.com/a/202606073762681589.html
NEWS_000032,news,东方财富新闻,A股大市值公司版图正改写：千亿市值A股公司跃升至201家 一年增加66家 _ 东方财富网,2026-06-07,A股千亿市值公司阵营正在快速扩容。截至2026年6月5日，A股千亿市值上市公司总家数达到201家，而一年前，这一数字仅为135家。短短一年间，净增66家，增幅接近49%。这意味着，平均不到一周就有一家上市公司跨越千亿门槛，资本市场的价值中枢正加速上移。若进一步穿透当前201家公司，一年前市值不足千亿、如今跨入千亿阵营的公司达到73家，这也意味着过去一年并非只有单向扩容，部分原有千亿公司也已跌出这一门槛。 值得关注的是，驱动千亿市值俱乐部快速扩容的核心引擎已从传统的金融、 石油石化 转向了以光模块、 半导体 、AI服务器为代表的硬科技领域。过去一年，涨幅居前的公司几乎被科技板块包揽，其中 中际旭创 以超过10倍的涨幅傲视群雄， 工业富联 、 新易盛 、 天孚通信 等AI产业链龙头同样实现了数倍的增长。与之形成鲜明对比的是，部分消费白马与金融巨头市值出现缩水，市场分化极为剧烈。这不仅是市值榜单的排位更迭，更是中国经济新旧动能转换在资本市场的直接体现。 （文章来源：财联社）,,东方财富快讯104,http://finance.eastmoney.com/a/202606073762668884.html
NEWS_000033,news,东方财富新闻,周末要闻汇总：国常会研究未来产业发展有关工作 _ 东方财富网,2026-06-07,周末影响市场的重要资讯有：国常会研究未来产业发展有关工作；国办发布关于加强监管防范风险促进私募投资基金高质量发展的指导意见；吴清最新表态，持续完善程序化交易监管机制安排，坚决打击操纵市场、扰乱市场秩序等违法违规行为；美国5月非农爆表，美联储降息选项被彻底扫下台面；美股三大指数集体收跌，纳指跌超4%， 黄金 跳水，金饰价格跌回2025年。 宏观经济 国常会：研究推进新型工业化有关工作 研究未来产业发展有关工作 国务院总理李强6月5日主持召开国务院常务会议，听取关于做好就业工作的汇报，审议通过《实施就业优先战略“十五五”规划》，研究推进 新型工业化 有关工作，研究未来产业发展有关工作，审议通过《退役军人就业创业促进条例（草案）》。 中国央行连续第19个月增持黄金 据央行数据，中国5月末 黄金 储备报7496万盎司（约2331.52吨），环比增加32万盎司（约9.95吨），4月末为7464万盎司（约2321.56吨），为连续第19个月增持 黄金 。国家外汇管理局统计数据显示，截至2026年5月末，我国外汇储备规模为34422亿美元，较4月末上升317亿美元，升幅为0.93%。 全球AI竞赛进入“中美争霸”？外交部：AI不应滑向竞争对抗 6月5日，外交部发言人毛宁主持例行记者会。有记者提问，我们注意到，近期西方媒体有观点认为，全球AI竞赛进入了“中美争霸”，或将加剧科技领域的阵营对抗。同时，中美科技企业在通用大模型 机器人 等领域最近也落地了多个合作项目，不少业界人士呼吁两国在AI方面开展合作。请问中方如何看待上述动向？ 外交部回应中欧“贸易平衡”问题：望欧方能恪守市场经济基本原则 6月5日，外交部发言人毛宁主持例行记者会。彭博社记者提问，欧盟贸易代表已向中方提出，要求解决中国“不可持续”的贸易平衡问题。发言人能否进一步介绍迄今为止中欧双方讨论了哪些内容，以及中方对于欧盟可能针对中国贸易做法采取措施有何关切？ 全球市场 美股三大指数集体收跌 纳指跌超4% 英伟达跌超6% 现货白银跌超8% 美股三大指数6月5日收盘全线下跌。截至收盘，道琼斯工业平均指数比前一交易日下跌695.15点，收于50866.78点，跌幅为1.35%； 标准普尔 500种股票指数下跌200.57点，收于7383.74点，跌幅为2.64%，创2025年10月以来最大单日跌幅； 纳斯达克 综合 指数下跌1121.53点，收于25709.43点，跌幅为4.18%。创2025年4月以来最大单日跌幅。 美国5月非农延续“爆表”节奏 美联储降息选项被彻底扫下台面 北京时间周五晚间，美国劳工统计局披露了一份完全碾压事前预测的5月非农就业报告。报告显示，5月非农就业人数净增加17.2万人，分析师事前一致预期增加8.5万人；失业率继续维持在4.3%，符合预期。 特朗普说将迅速结束伊朗战事 美国总统特朗普5日在威斯康星州的一场助选活动上表示，将迅速结束对伊朗的战事，从而消除导致物价高企的一个重要因素。随着中期选举临近，美国媒体普遍认为，美伊战事导致油价上涨、生活成本增加，给共和党选情造成压力。 伊朗否认已同意将部分浓缩铀转移至第三国 据伊朗法尔斯通讯社5日报道，一名接近伊朗谈判团队的消息人士说，沙特阿拉伯媒体有关伊朗已同意将其部分浓缩铀储备转移至第三国的报道不实。该消息人士说，目前伊美间的谈判并未涉及核相关议题，这些议题已推迟至后续对话中讨论。 金融资本 国办发布关于加强监管防范风险 促进私募投资基金高质量发展的指导意见 坚持目标导向和问题导向，针对私募基金行业准入机制有待完善、监管不到位、制度不健全、部际央地协调配合不足、部分政府投资基金和国有企业投资基金出资人责任落实不到位以及部分私募基金成为违法犯罪、新型腐败和隐性腐败工具等问题，构建加强监管、防范风险的制度体系和长效机制，推动行业在规范中发展、在发展中提升。坚守功能定位，统筹总体布局，优化增量、盘活存量，扶优限劣、提质增效，严格禁止私募基金违规从事借贷、“名股实债”等行为。坚持分类监管，根据出资主体、产品类型等不同维度实施“一类一策”监管。坚持既管合法更管非法，对合法机构从严监管，对非法机构坚决取缔，对非法行为严厉打击。 证监会就《国务院办公厅关于加强监管防范风险促进私募投资基金高质量发展的指导意见》答记者问 6月3日，国务院办公厅印发《国务院办公厅关于加强监管防范风险促进私募投资基金高质量发展的指导意见》。中国证监会新闻发言人就《指导意见》回答了记者提问。 吴清：持续完善程序化交易监管的机制安排 坚决打击操纵市场、扰乱市场秩序等违法违规行为 近年来，程序化交易已成为包括我国在内的全球各主要资本市场的重要交易方式。除了大家熟知的量化私募外，外资、公募及其他专业机构投资者，甚至一些个人投资者，都不同程度采用程序化交易的方式。充分考虑个人投资者占大多数的国情市情，先后出台了一系列程序化交易监管规则制度，建立交易报告机制，强化针对性监测监控，从严监管异常交易行为，引导降频降速，强化交易业务单元管理等。在此基础上，我们还将深入调研，持续完善程序化交易监管的机制安排，更突出公平和规范，加强针对性监管，切实防范滥用技术优势，坚决打击操纵市场、扰乱市场秩序等违法违规行为。 上交所：本周对财通福鑫LOF等溢价较高的基金、泰金新能等严重异常波动股票重点监控 6月1日至6月5日，上交所公司监管部门共发送监管工作函32份；通过事中事后监管，要求上市公司披露补充、更正类公告5份。同时，加大信息披露和股价异常的联动监管，针对公司披露敏感信息或股价发生明显异常的，提请启动内幕交易、异常交易核查27单。 产业经济 住建部就《住房公积金管理条例（修订征求意见稿）》公开征求意见 住房城乡建设部发布关于《住房公积金管理条例（修订征求意见稿）》公开征求意见的通知。其中提到，职工有下列情形之一的，可以提取职工住房公积金账户内的存储余额：（一）支付房租的；（二）购买、建造、翻建、大修自住住房的；（三）偿还购房贷款本息的；（四）装修自住住房不超过一定额度的；（五）支付自住住房物业费的；（六）离休、退休的；（七）完全丧失劳动能力，并与单位终止劳动（人事）关系的；（八）出境定居的；（九）经国务院批准的其他住房消费情形。 算力普惠再提速 全球首个“预制算力中心底座”正式投用 昨天（6日），全球首个预制算力中心底座在山东青岛正式启用。相较于传统算力中心节约施工周期近70%，为当前算力基础设施建设提供更高效、更低碳的新方案。算力中心底座，简单来说就是算力中心的能源枢纽和 电力 堡垒，也可以称为算力中心的“心脏”，为算力中心提供持续稳定的 电力 。而底座的供电稳定性、能效利用率则直接关系到算力中心的整体工作能力。 黄金大跳水！金饰价格跌回2025年 6月5日，伦敦金现大幅下行至4327美元/盎司，金价已贴近2025年12月31日4325美元/盎司的年末收盘价位。在国内市场方面，6月5日， 周大福 门店黄金价格为1360元/克， 老凤祥 门店黄金价格为1355元/克， 周六福 珠宝价格为1355元/克；国内黄金价格已基本抹平今年黄金所有涨幅，对比今年1月1日金价， 周大福 门店黄金价格为1357元/克。 公司新闻 国务院食安办成立工作组督导查处“望奎双汇猪肉抗生素超标问题” 针对近日媒体反映的“望奎双汇猪肉抗生素超标问题”，国务院食安办高度重视，会同公安部、农业农村部、市场监管总局成立工作组，赴实地督促指导核查处置工作，严肃查处违法违规行为，切实守牢食用 农产品 质量安全底线。 江波龙：副总经理朱宇拟减持不超59.84万股 江波龙 (301308.SZ)公告称，公司副总经理朱宇计划在2026年6月30日至2026年9月29日期间，通过集中竞价及/或大宗交易方式减持公司股份不超过59.84万股，占公司总股本的0.1414%。 追觅内部人士回应：地方政府只是常规检查 6月5日，针对目前长三角某市辖区要求统计辖区内企业与追觅科技已展开合作情况消息，追觅内部人士回应界面新闻表示，问过常州市发改委，只是常规检查，他们也未收到任何通知。截止发稿，追觅官方对此消息暂无回应。 英伟达要削减AI芯片的内存？黄仁勋：使用要明智巧妙 争取更多供应 黄仁勋否认了公司芯片将削减 高带宽内存 （HBM）用量的传言。6月5日， 英伟达 CEO黄仁勋在韩国接受外媒采访时，当被问及“ 英伟达 将因供应紧张而削减HBM用量”的传言，黄仁勋明确回应称：“我们将使用大量的HBM内存。当然，目前供应确实受限。因此，我们需要在所有系统中更加明智地使用内存。我们将继续与这里的合作伙伴合作，以争取尽可能多的供应，并尽可能巧妙地运用。”,,东方财富快讯104,http://finance.eastmoney.com/a/202606073762655896.html
NEWS_000034,news,东方财富新闻,证监会主席吴清：力争“十五五”期间建设一流投资机构取得突破性进展 _ 东方财富网,2026-06-06,中国证券监督管理委员会主席吴清在中国证券投资基金业协会第四届会员代表大会上表示，当前和今后一个时期，基金行业要深入贯彻“十五五”规划纲要，全面落实新“国九条”和资本市场“1+N”政策体系，持续深化公募基金改革，坚决落实私募基金指导意见，力争“十五五”期间建设一流投资机构取得突破性进展。一要坚持规范为先，不断夯实合规风控内在基础。一要坚持规范为先，不断夯实合规风控内在基础。二要坚持客户为本，始终注重投资者利益优先。三要坚持功能为要，更好发挥培育新质生产力作用。四要坚持创新为基，持续增强行业高质量发展内生动力。 （文章来源：财联社）,,东方财富快讯104,http://finance.eastmoney.com/a/202606063762563862.html
NEWS_000035,news,东方财富新闻,证监会主席吴清：过去五年公募投资先进制造和科创领域股票超过6万亿元 _ 东方财富网,2026-06-06,在今日举行的中国证券投资基金业协会第四届会员代表大会上，中国证券监督管理委员会主席吴清表示，基金行业在完善多层次资本市场体系、服务投资者 资产管理 、支持实体经济创新发展等方面作出了不可替代的重要贡献。行业 资产管理 规模超过85万亿元，稳居全球第二。服务投资者超过8.6亿人、渗透率达60%。过去五年，私募股权 创投 基金为未上市未挂牌企业注入5.25万亿元创新资本，相当于同期境内企业股票融资规模的90%，公募基金投资于先进制造和科创领域股票超过6万亿元。 （文章来源：财联社）,,东方财富快讯104,http://stock.eastmoney.com/a/202606063762563326.html
NEWS_000036,news,东方财富新闻,证监会主席吴清：以人工智能为代表的全球新一轮科技革命和产业变革加快突破 亟需构建更加适配的金融服务体系 _ 东方财富网,2026-06-06,证监会官网发布吴清主席在中国证券投资基金业协会第四届会员代表大会上的致辞。吴清表示，当前，世界百年变局加速演进，外部环境的不稳定不确定因素明显增多，国际金融市场高位波动，全球资产配置正经历深度再平衡。同时，以 人工智能 为代表的全球新一轮科技革命和产业变革加快突破，亟需构建更加适配的金融服务体系，更好促进科技、产业、资本高水平循环。作为现代金融体系的重要参与者和践行者，我国基金行业肩负着时代赋予的重任，面临重要战略机遇。一是经济发展向新向优孕育行业成长新动能。“十五五”时期，我国经济加快转型升级、提质增效，新兴产业和未来产业蓬勃发展、势头强劲，迫切需要资本支持，同时也必将为基金行业发展提供丰富投资标的。二是金融结构深刻调整释放 资产管理 新需求。投资者 资产管理 需求加速向多元化、 综合 化、定制化等方向转变， 养老金 融体系持续拓展并不断完善，长期投资需求持续增加，叠加低利率环境影响，机构和居民资产再配置意愿上升，各方面都呼唤资本市场优化财富管理服务和产品供给。三是资本市场制度重塑营造行业发展新环境。新“国九条”和资本市场“1+N”政策体系重构市场运行逻辑，投融资 综合 改革纵深推进，制度包容性、适应性不断提高，基金行业高质量发展的基础更加牢固。 （文章来源：财联社）,,东方财富快讯104,http://finance.eastmoney.com/a/202606063762554698.html
NEWS_000037,news,东方财富新闻,证监会主席吴清：头部机构要全面提升综合竞争实力 中小机构不要拼规模要拼特色 _ 东方财富网,2026-06-06,证监会官网发布吴清主席在中国证券投资基金业协会第四届会员代表大会上的致辞。吴清表示，坚持创新为基，持续增强行业高质量发展内生动力。随着 人工智能 等前沿技术蓬勃发展，基金行业经营模式和发展生态正在发生深刻变革。行业机构要持续提升产品、服务、业务、组织等方面创新的广度和深度，更加全面、更加有效对接市场需求。要加强科技赋能，稳妥有序探索运用 人工智能 、 大数据 等新技术，有效赋能投资投研、客户服务、内控管理等重点场景，加快数字化、智能化转型。要突出错位发展，头部机构要全面提升 综合 竞争实力，中小机构不要拼规模要拼特色，要立足自身资源禀赋与核心优势，聚焦重点业务领域深耕细作，走出特色化、精品化发展路线。要统筹好发展与安全，加强创新全过程风险防控，坚持创新节奏、力度与管理能力相适配，坚决遏制概念炒作、复杂嵌套、过度投机、通道空转等伪创新、乱创新。 （文章来源：财联社）,,东方财富快讯104,http://finance.eastmoney.com/a/202606063762553614.html
NEWS_000038,news,东方财富新闻,证监会主席吴清：坚持客户为本 始终注重投资者利益优先,2026-06-06,摘要 【证监会主席吴清：坚持客户为本 始终注重投资者利益优先】证监会官网发布吴清主席在中国证券投资基金业协会第四届会员代表大会上的致辞。吴清表示，坚持客户为本，始终注重投资者利益优先。无论是公募基金还是私募基金，都要坚守“受人之托、代客理财”的信义义务，持续强化制度约束和利益重构，加快实现从“重规模”向“重回报”的转型。 证监会官网发布吴清主席在中国证券投资基金业协会第四届会员代表大会上的致辞。吴清表示，坚持客户为本，始终注重投资者利益优先。无论是公募基金还是私募基金，都要坚守“受人之托、代客理财”的信义义务，持续强化制度约束和利益重构，加快实现从“重规模”向“重回报”的转型。当前公募基金改革迎来了“棋至中盘”的关键节点，行业声誉有所回升，必须要毫不放松、再接再厉，持续巩固拓展改革发展成果。要强化利益绑定，在公司治理、产品发行、投资运作、绩效考核等各个方面落实好监管新规和改革要求，提升投资运作稳健性，增强逆周期思维，努力为投资者创造更可持续的中长期收益，坚决遏制赌押赛道、风格漂移、高位发行等顽疾，更不能回到“冲规模、赚快钱”的老路上去。要注重权益投资，这是行业服务投资者的优势所在、关键所在，要下更大力气加强投研专业能力建设，强化权益投资的行业影响力和竞争力。要加强供需适配，重视含权低波等稳健类产品创设，推出更多适配中长期资金的投资产品，更好对接不同群体的差异化需求，同时加快推进向投资者回报导向的买方投顾转型，不断提升投资者满意度、获得感。 （文章来源：财联社） (原标题：证监会主席吴清：坚持客户为本 始终注重投资者利益优先) (责任编辑：153),,东方财富快讯104,http://fund.eastmoney.com/a/202606063762553477.html
NEWS_000039,news,东方财富新闻,证监会主席吴清：增强在创新“无人区”陪跑的本领 更好投早、投小、投长期、投硬科技 _ 东方财富网,2026-06-06,证监会主席吴清在中国证券投资基金业协会第四届会员代表大会上致辞。吴清表示，推动科技创新和产业创新融合发展，离不开长期资本、耐心资本的持续投入。行业机构特别是私募股权 创投 基金要坚持长期主义、专业主义，更好发挥在支持创新中的战略性、基础性作用。要完善专业化投研体系，聚焦国家战略和国民经济重点领域，大力提升对产业和技术发展趋势的洞察力，增强在创新“无人区”陪跑的本领，更好投早、投小、投长期、投硬科技。要强化投后赋能，为被投企业提供更有效的治理优化、资源对接等长期陪伴和服务，助力穿越周期、提升价值。监管部门和自律机构也应当与有关方面一道，进一步完善配套支持政策，积极支持国资基金健全容错机制、优化考核标准，更好与社会资本优势互补，促进 养老金 、保险资金、AIC机构等加大股权投资力度，多渠道完善基金退出安排，加力促进畅通募投管退循环。 （文章来源：财联社）,,东方财富快讯104,http://finance.eastmoney.com/a/202606063762553287.html
NEWS_000040,news,东方财富新闻,证监会主席吴清：持续完善程序化交易监管的机制安排 坚决打击操纵市场、扰乱市场秩序等违法违规行为 _ 东方财富网,2026-06-06,证监会官网发布吴清主席在中国证券投资基金业协会第四届会员代表大会上的致辞。吴清表示，近年来，程序化交易已成为包括我国在内的全球各主要资本市场的重要交易方式。除了大家熟知的量化私募外，外资、公募及其他专业机构投资者，甚至一些个人投资者，都不同程度采用程序化交易的方式。充分考虑个人投资者占大多数的国情市情，先后出台了一系列程序化交易监管规则制度，建立交易报告机制，强化针对性监测监控，从严监管异常交易行为，引导降频降速，强化交易业务单元管理等。在此基础上，我们还将深入调研，持续完善程序化交易监管的机制安排，更突出公平和规范，加强针对性监管，切实防范滥用技术优势，坚决打击操纵市场、扰乱市场秩序等违法违规行为。 （文章来源：财联社）,,东方财富快讯104,http://finance.eastmoney.com/a/202606063762553017.html
NEWS_000041,news,东方财富新闻,吴清：持续完善程序化交易监管的机制安排 坚决打击操纵市场、扰乱市场秩序等违法违规行为 _ 东方财富网,2026-06-06,吴清主席在中国证券投资基金业协会第四届会员代表大会上的致辞 各位代表、各位来宾，同志们： 大家好！很高兴参加中国证券投资基金业协会第四届会员代表大会，我谨代表中国证监会，对大会的召开表示热烈祝贺！向与会代表和基金行业同仁致以诚挚问候！向长期以来关心支持基金行业和资本市场发展的社会各界表示衷心感谢！ 今年是“十五五”开局之年，“十五五”规划纲要对健全投资和融资相协调的资本市场功能，更好服务经济社会高质量发展作出全面部署，强调要壮大耐心资本、培育一流投资 银行 和投资机构。昨天，国务院办公厅发布《关于加强监管防范风险促进私募投资基金高质量发展的指导意见》，对新时期推动私募基金规范健康发展具有重要里程碑意义，今天我们也是第一时间学习贯彻指导意见。当前，基金行业发展正站在一个新的历史起点，借此机会，我就贯彻落实党中央、国务院决策部署，凝心聚力推动基金行业高质量发展，讲几点意见。 一、充分肯定近年来基金行业发展取得的成绩 公募基金和私募基金是资本市场重要的专业机构投资者，从1998年第一批“老十家”开始，经过近30年的发展，基金行业从无到有、从小到大，走过了极不平凡、极不寻常的历程，迄今行业 资产管理 规模超过85万亿元，稳居全球第二。“十四五”时期，特别是2023年中央金融工作会议以来，面对复杂多变的内外部环境，行业紧紧围绕和深入落实防风险、强监管、促高质量发展的工作主线，规模稳健增长、结构深刻调整、功能持续深化，在完善多层次资本市场体系、服务投资者 资产管理 、支持实体经济和新质生产力发展等方面作出了不可替代的重要贡献。 一是行业稳健发展的基础持续巩固。公募基金不断校正校准发展理念，突出治理规范，强化与投资者利益绑定，降低 综合 费率、规范业绩比较基准、优化绩效考核等系列改革举措相继落地，正在经历从“重规模”到“重回报”的重大转变。私募基金优胜劣汰的发展态势更加清晰，累计出清2万余家机构，同时也发展出十余家千亿级、400余家百亿级管理人，风险收敛、结构优化、管理人量减质增的态势正在加速形成。 二是支持科技创新和产业创新的作用日益彰显。过去五年，私募股权 创投 基金为未上市未挂牌企业注入5.25万亿元创新资本，相当于同期境内企业股票融资规模的90%，公募基金投资于先进制造和科创领域股票超过6万亿元，有力促进了社会资本向产业资本的转化，有效带动了要素资源加快向创新领域集聚。 三是价值“发现者”、市场“稳定器”功能有效发挥。过去五年，基金行业股票投资规模增长41%达到13.4万亿元，持有A股流通市值占比达13.7%，理性投资、价值投资、长期投资成为广泛共识。同时，基金行业已经成为社保、保险、年金等中长期资金的重要合作伙伴和进行权益投资的重要受托机构，在优化资本市场投资者结构、拓宽中长期资金入市渠道、增加市场流动性、减少市场非理性波动等方面发挥了十分关键的作用。 四是服务居民财富管理成效明显。近年来，行业主动适应居民多元化资产配置需要，加快推动指数型、配置型、绝对收益产品发展，服务投资者超过8.6亿人、渗透率达60%。其中，公募基金规模已突破39万亿元，五年来累计分红2.5万亿元，为投资者创造利润3.6万亿元，已成为投资者共享中国经济发展红利的重要渠道之一。私募证券投资基金规模超过7.8万亿元，较“十三五”末增长近一倍，在满足差异化资产配置需求方面发挥着越来越重要的作用。 我国基金行业取得的巨大成就和发生的深刻变化，已经成为践行中国特色金融发展之路的重要缩影和生动写照。实践充分证明，只有旗帜鲜明讲政治，一体推进防风险、强监管、促高质量发展，才能牢牢把准行业发展的正确方向；只有坚守初心为人民，把维护广大基金投资者利益摆在首要位置，才能真正筑牢行业发展的立身之本；只有稳中求进强根基，通过专业、合规、稳健经营固本培元，才能持续提升行业价值与竞争力，推动行业行稳致远。 二、深刻认识行业发展形势和时代使命 当前，世界百年变局加速演进，外部环境的不稳定不确定因素明显增多，国际金融市场高位波动，全球资产配置正经历深度再平衡。同时，以 人工智能 为代表的全球新一轮科技革命和产业变革加快突破，亟需构建更加适配的金融服务体系，更好促进科技、产业、资本高水平循环。作为现代金融体系的重要参与者和践行者，我国基金行业肩负着时代赋予的重任，面临重要战略机遇。一是经济发展向新向优孕育行业成长新动能。“十五五”时期，我国经济加快转型升级、提质增效，新兴产业和未来产业蓬勃发展、势头强劲，迫切需要资本支持，同时也必将为基金行业发展提供丰富投资标的。二是金融结构深刻调整释放 资产管理 新需求。投资者资产管理需求加速向多元化、 综合 化、定制化等方向转变， 养老金 融体系持续拓展并不断完善，长期投资需求持续增加，叠加低利率环境影响，机构和居民资产再配置意愿上升，各方面都呼唤资本市场优化财富管理服务和产品供给。三是资本市场制度重塑营造行业发展新环境。新“国九条”和资本市场“1+N”政策体系重构市场运行逻辑，投融资 综合 改革纵深推进，制度包容性、适应性不断提高，基金行业高质量发展的基础更加牢固。 同时也要清醒看到，对标经济社会发展的内在要求和广大投资者的殷切期待，我国基金行业高质量发展仍面临一些结构性矛盾，大而不强、大而不优的问题较为突出，还存在不少短板弱项。公募基金行业正在迈上高质量发展新阶段，但专业优势不够突出，产品同质化、竞争内卷化问题明显， 专业服务 能力还有差距；发展结构还不均衡，权益类公募基金规模占比目前不到30%，远低于成熟市场60%的平均水平；合规风控和内部治理仍需进一步夯实。私募基金行业总体处于规范提质、变革重塑的阶段，行业机构多而不精，质量参差不齐；行业生态不健全，法治和市场化约束有短板；募资结构失衡，募投管退仍有不少堵点卡点；整体规范运作水平有待提升，违法违规时有发生；机构风险出清面临转型阵痛，在扶优限劣的过程中要切实防止劣币驱逐良币，以强监管、促转型推动行业高质量发展。此外，基金行业的国际竞争力和应对外部风险冲击的能力也需要进一步提升。 总的看，我国基金行业正处于从量的扩张向质的提升转变的关键时期，全行业要科学把握大局大势，进一步强化金融报国的使命担当，抢抓机遇、直面挑战，回归本源、苦练内功，扎扎实实办好自己的事，以自身高质量发展更好服务国家战略、民生福祉和资本市场持续稳定健康发展。 三、加快建设一流投资机构 当前和今后一个时期，全行业要深入贯彻“十五五”规划纲要，全面落实新“国九条”和资本市场“1+N”政策体系，持续深化公募基金改革，坚决落实私募基金指导意见，力争“十五五”期间建设一流投资机构取得突破性进展。 一要坚持规范为先，不断夯实合规风控内在基础。昨天发布的私募基金指导意见，全面调整优化监管理念，突出完善加强监管、防范风险的制度机制，突出强化法治和市场化监督约束，突出加强央地和部际协同联动，对未来一段时期监管工作作出全面部署。证监会正按照部署要求，研究制定贯彻落实指导意见的三年行动方案，并会同相关单位建立完善准入、持续监管、风险化解、服务发展等“1+N+X”制度体系，推动行业在规范中发展、在发展中提升。私募基金要切实提高政治站位，把贯彻指导意见及配套的监管制度规则作为重中之重来抓，全面落实到展业全过程各环节，切实在理念、模式、行动上来一个大转变、大提升。要全面对标对表意见要求，深刻汲取此前部分机构冒进发展的教训，认真检视自身存在的短板不足，主动适应、积极配合监管体制机制调整，全面优化完善自身的管理体制、规章制度和工作流程。要立足实际完善治理机制，加强股东、高管等关键少数行为约束，加强内部合规制度和风控指标体系建设。严格行为规范，依法合规做好信息披露，坚决杜绝违规募集、侵占挪用、自融自用、利益输送等问题，抓紧整改违规代持、通道化等行为，切实筑牢合规展业、廉洁自律的“防火墙”。公募基金制度机制和监管规则经多年积累已相对完善，运行总体比较规范，但近年来审计监督、监管检查、风险个案等也暴露出行业机构在公司治理、股权管理、投资运作、产品销售等方面还存在不少问题，个别风险事件仍时有发生。行业机构千万不能麻痹大意，要自警自省、举一反三，健全公司治理架构，夯实合规风控基础，真正做到全员参与、全面覆盖、全程落实。 二要坚持客户为本，始终注重投资者利益优先。无论是公募基金还是私募基金，都要坚守“受人之托、代客理财”的信义义务，持续强化制度约束和利益重构，加快实现从“重规模”向“重回报”的转型。当前公募基金改革迎来了“棋至中盘”的关键节点，行业声誉有所回升，必须要毫不放松、再接再厉，持续巩固拓展改革发展成果。 要强化利益绑定，在公司治理、产品发行、投资运作、绩效考核等各个方面落实好监管新规和改革要求，提升投资运作稳健性，增强逆周期思维，努力为投资者创造更可持续的中长期收益，坚决遏制赌押赛道、风格漂移、高位发行等顽疾，更不能回到“冲规模、赚快钱”的老路上去。 要注重权益投资，这是行业服务投资者的优势所在、关键所在，要下更大力气加强投研专业能力建设，强化权益投资的行业影响力和竞争力。要加强供需适配，重视含权低波等稳健类产品创设，推出更多适配中长期资金的投资产品，更好对接不同群体的差异化需求，同时加快推进向投资者回报导向的买方投顾转型，不断提升投资者满意度、获得感。 三要坚持功能为要，更好发挥培育新质生产力作用。推动科技创新和产业创新融合发展，离不开长期资本、耐心资本的持续投入。行业机构特别是私募股权 创投 基金要坚持长期主义、专业主义，更好发挥在支持创新中的战略性、基础性作用。要完善专业化投研体系，聚焦国家战略和国民经济重点领域，大力提升对产业和技术发展趋势的洞察力，增强在创新“无人区”陪跑的本领，更好投早、投小、投长期、投硬科技。要强化投后赋能，为被投企业提供更有效的治理优化、资源对接等长期陪伴和服务，助力穿越周期、提升价值。监管部门和自律机构也应当与有关方面一道，进一步完善配套支持政策，积极支持国资基金健全容错机制、优化考核标准，更好与社会资本优势互补，促进 养老金 、保险资金、AIC机构等加大股权投资力度，多渠道完善基金退出安排，加力促进畅通募投管退循环。 四要坚持创新为基，持续增强行业高质量发展内生动力。随着 人工智能 等前沿技术蓬勃发展，基金行业经营模式和发展生态正在发生深刻变革。行业机构要持续提升产品、服务、业务、组织等方面创新的广度和深度，更加全面、更加有效对接市场需求。要加强科技赋能，稳妥有序探索运用 人工智能 、 大数据 等新技术，有效赋能投资投研、客户服务、内控管理等重点场景，加快数字化、智能化转型。要突出错位发展，头部机构要全面提升综合竞争实力，中小机构不要拼规模要拼特色，要立足自身资源禀赋与核心优势，聚焦重点业务领域深耕细作，走出特色化、精品化发展路线。 要统筹好发展与安全，加强创新全过程风险防控，坚持创新节奏、力度与管理能力相适配，坚决遏制概念炒作、复杂嵌套、过度投机、通道空转等伪创新、乱创新。 近年来，程序化交易已成为包括我国在内的全球各主要资本市场的重要交易方式。除了大家熟知的量化私募外，外资、公募及其他专业机构投资者，甚至一些个人投资者，都不同程度采用程序化交易的方式。充分考虑个人投资者占大多数的国情市情，先后出台了一系列程序化交易监管规则制度，建立交易报告机制，强化针对性监测监控，从严监管异常交易行为，引导降频降速，强化交易业务单元管理等。 在此基础上，我们还将深入调研，持续完善程序化交易监管的机制安排，更突出公平和规范，加强针对性监管，切实防范滥用技术优势，坚决打击操纵市场、扰乱市场秩序等违法违规行为。 各位代表、各位来宾！ 基金业协会是行业的自律性组织，在促进行业健康发展中承担着重要使命责任。自上届代表大会召开以来，协会在党建引领、自律规范、会员服务、研究培训、文化建设等方面做了大量富有成效的工作，去年还被民政部授予“全国先进社会组织”称号，成绩来之不易。今天的大会将选举产生协会新一届理事会、监事会和负责人，希望新一届领导班子在协会党委领导下，认真履行“服务、自律、桥梁、创新”职能，以更高标准、更实举措打造一流行业协会。要强化政治引领，坚决落实党中央、国务院决策部署，扎实推动行业党建与业务融合，更好融入国家发展大局。要强化自律管理，严把登记备案关口，完善制度供给，加强自律检查，强化对行政监管的支持配合，坚决维护行业秩序。要强化主动服务，完善服务体系，创新服务方式，更有效服务行业发展、服务从业人员、服务投资者。要强化自身建设，健全内部治理，锻造政治过硬、专业过硬、作风过硬的工作队伍。 同志们，新时代新征程建设一流投资机构使命光荣、责任重大。让我们更加紧密团结在以习近平同志为核心的党中央周围，锐意进取、砥砺前行，奋力谱写基金行业高质量发展新篇章，为“十五五”经济社会发展和金融强国建设积极贡献力量！ 最后，预祝本次大会圆满成功！谢谢大家！ （文章来源：证监会）,,东方财富快讯104,http://finance.eastmoney.com/a/202606063762552639.html
NEWS_000042,news,东方财富新闻,百迈科北交所IPO将于6月12日上会 _ 东方财富网,2026-06-05,6月5日，据北交所网站披露，北交所上市审核委员会定于6月12日上午9时召开2026年第58次上市审核委员会审议会议，届时将审议海南百迈科医疗科技股份有限公司的首发事项。 （文章来源：界面新闻）,,东方财富快讯104,http://finance.eastmoney.com/a/202606053762268560.html
NEWS_000043,news,东方财富新闻,瑞松科技：拟定增募资不超7.84亿元 用于高精高速六轴机器人产业化项目等 _ 东方财富网,2026-06-05,瑞松科技 (688090.SH)公告称，公司董事会审议通过向特定对象发行A股股票预案，拟募集资金不超过7.84亿元，用于高精高速六轴 机器人 产业化项目、总部及研发中心升级项目、补充流动资金及偿还 银行 贷款。 （文章来源：财联社）,,东方财富快讯104,http://finance.eastmoney.com/a/202606053762225787.html
NEWS_000044,news,东方财富新闻,爱施德：补缴税款及滞纳金合计3.08亿元 _ 东方财富网,2026-06-05,爱施德 (002416.SZ)公告称，公司近期依据国家税收法律法规的要求，对涉税事项开展自查。经自查，公司需补缴企业所得税税款及滞纳金合计3.08亿元。截至本公告披露日，上述税款及滞纳金已全部缴纳完毕，本次补缴税款事项不涉及行政处罚。本次补缴税款事项不会影响公司的正常经营。 （文章来源：财联社）,,东方财富快讯104,http://finance.eastmoney.com/a/202606053762183082.html
NEWS_000045,news,东方财富新闻,久吾高科：向不特定对象发行可转债申请获深交所审核通过 _ 东方财富网,2026-06-05,久吾高科 (300631)公告，深交所上市审核委员会6月5日召开审议会议，对公司向不特定对象发行可转换公司债券的申请进行了审核。根据会议审议结果，公司本次向不特定对象发行可转换公司债券的申请符合发行条件、上市条件和信息披露要求。 （文章来源：财联社）,,东方财富快讯104,http://finance.eastmoney.com/a/202606053762148828.html
NEWS_000046,news,东方财富新闻,龙芯中科：股东中科百孚、利禾博投资拟询价转让501万股 _ 东方财富网,2026-06-05,6月5日， 龙芯中科 发布公告，股东宁波中科百孚创业投资基金合伙企业（有限合伙）、横琴利禾博股权投资基金（有限合伙）拟参与公司首发前股东询价转让。出让方拟转让股份的总数为501万股，占 龙芯中科 总股本的比例为1.25%。本次询价转让为非公开转让，不通过集中竞价交易或大宗交易方式进行，不属于通过二级市场减持。受让方通过询价转让受让的股份，在受让后6个月内不得转让。 （文章来源：界面新闻）,,东方财富快讯104,http://finance.eastmoney.com/a/202606053762141216.html
NEWS_000047,news,东方财富新闻,软通动力：实际控制人提议回购1亿-2亿元公司股份用于股权激励 _ 东方财富网,2026-06-05,软通动力 (301236.SZ)公告称，公司收到实际控制人、董事长刘天文提议，拟以自有资金通过集中竞价方式回购公司股份，回购资金总额为1亿元(含)-2亿元(含)，回购股份用于员工持股计划或 股权激励 ，回购价格上限不高于董事会审议通过回购方案前30个交易日股票交易均价的150%，回购期限为董事会审议通过后60日内。 （文章来源：财联社）,,东方财富快讯104,http://finance.eastmoney.com/a/202606053762124966.html
NEWS_000048,news,东方财富新闻,3连板中重科技：不涉及机器人及零配件的生产制造 _ 东方财富网,2026-06-05,中重科技 (603135.SH)发布风险提示公告，公司主营业务为冶金领域智能轧制装备及成套生产线的研发、工艺设计、生产制造、技术服务与销售，核心产品为热轧型钢、带钢、棒线材、中厚板全流程自动化轧制生产线及配套备品备件，行业归类 专用设备 制造业，报告期内公司全部营业收入均来自上述冶金智能装备主业，公司主营业务未发生变化，不涉及 机器人 及零配件的生产制造。 （文章来源：财联社）,,东方财富快讯104,http://finance.eastmoney.com/a/202606053762125238.html
NEWS_000049,news,东方财富新闻,淳中科技：业务不涉及液冷服务器的生产制造 _ 东方财富网,2026-06-05,淳中科技 (603516)公告称，公司股票于2026年6月3日、4日、5日连续三个交易日内收盘价格涨幅偏离值累计达到20%，属于股票交易异常波动情形。经公司自查并向控股股东及实际控制人核实，截至本公告披露日，不存在应披露而未披露的重大信息。公司业务不涉及液冷服务器的生产制造，仅参与了液冷老化测试平台等测试环节，受到客户产品迭代等因素影响，业务推进存在不确定性，敬请广大投资者以公司公告信息为准。 （文章来源：财联社）,,东方财富快讯104,http://finance.eastmoney.com/a/202606053762114178.html
NEWS_000050,news,东方财富新闻,大族激光：控股股东及多名高管拟合计减持不超0.6952%股份 _ 东方财富网,2026-06-05,"大族激光 (002008.SZ)公告称，控股股东大族控股计划在公告披露之日起15个交易日后的3个月内，以集中竞价或大宗交易方式减持不超过6,959,578股(占公司总股本0.6759%)。副董事长张建群等7名董事及高管合计计划减持不超过198,618股(占公司总股本0.0193%)，减持方式为集中竞价交易。 （文章来源：财联社）",,东方财富快讯104,http://finance.eastmoney.com/a/202606053762113135.html
NEWS_000051,news,东方财富新闻,华峰化学：筹划发行股份及支付现金收购华峰TPU及浙江合成树脂100%股权 _ 东方财富网,2026-06-05,华峰化学 (002064.SZ)公告称，公司正在筹划发行股份及支付现金方式购买华峰集团持有的浙江华峰热塑性 聚氨酯 有限公司100%股权，以及华峰集团、尤小平、尤金焕、尤小华共同持有的浙江华峰 合成树脂 有限公司100%股权。本次交易预计不构成重大资产重组，不构成重组上市，但构成关联交易。相关审计评估工作尚未完成，公司董事会决定暂不召开股东会审议，后续将再次审议并披露信息。交易尚需董事会、股东会批准及深交所审核、证监会注册，存在不确定性。 （文章来源：财联社）,,东方财富快讯104,http://finance.eastmoney.com/a/202606053762111385.html
NEWS_000052,news,东方财富新闻,菲林格尔：股东亚太集团及高管吉富堂拟合计减持不超2.5281%股份 _ 东方财富网,2026-06-05,"菲林格尔 (603226.SH)公告称，持股5%以上股东亚太集团拟通过集中竞价和大宗交易合计减持不超过8,887,293股(占总股本2.5%)；副总经理吉富堂因资金需求，拟通过集中竞价减持不超过100,000股(占总股本0.0281%)。减持期间为2026年6月30日至2026年9月29日。 （文章来源：财联社）",,东方财富快讯104,http://finance.eastmoney.com/a/202606053762113317.html
NEWS_000053,news,东方财富新闻,深交所：本周共对199起证券异常交易行为采取了自律监管措施 _ 东方财富网,2026-06-05,深交所发布通知，2026年6月1日至6月5日，本所共对199起证券异常交易行为采取了自律监管措施，涉及盘中拉抬打压、虚假申报等异常交易情形；共对3起上市公司重大事项进行核查，并上报证监会4起涉嫌违法违规案件线索。 （文章来源：财联社）,,东方财富快讯104,http://stock.eastmoney.com/a/202606053762109474.html
NEWS_000054,news,东方财富新闻,盛洋科技：拟定增募资不超过10.76亿元用于卫星互联网通信终端智能制造项目 _ 东方财富网,2026-06-05,6月5日， 盛洋科技 公告，公司拟向特定对象发行A股股票募集资金不超过10.76亿元，扣除发行费用后的募集资金净额将用于 卫星互联网 通信 终端智能制造项目、新型智慧显示器件智能制造项目及补充流动资金。本次发行股票数量不超过1.24亿股，发行价格不低于定价基准日前二十个交易日公司股票交易均价的百分之八十。 （文章来源：每日经济新闻）,,东方财富快讯104,http://finance.eastmoney.com/a/202606053762106630.html
NEWS_000055,news,东方财富新闻,华大海天北交所IPO过会 _ 东方财富网,2026-06-05,北交所上市审核委员会6月5日召开2026年第55次上市审核委员会审议会议，审议结果显示，杭州华大海天科技股份有限公司首发符合发行条件、上市条件和信息披露要求。 （文章来源：财联社）,,东方财富快讯104,http://finance.eastmoney.com/a/202606053762104856.html
NEWS_000056,news,东方财富新闻,外资加码投资中国硬科技 _ 东方财富网,2026-06-05,据央视财经，近期，多家国际金融机构纷纷发布中国经济积极展望，调高对中国科技企业投资比重，加快在华投资布局，硬科技成 新焦点 。 国际投行看好 人工智能 等领域投资机会。截至一季度末， 摩根士丹利 持股市值超过1亿元的A股公司达到16家，重点布局AI算力与光 通信 产业链企业。 高盛 一季度共进入A股894家上市公司的十大流通股东，持股市值在1亿元以上个股有20只，新进 商业航天 、算电协同等企业。 包括 摩根士丹利 和 德意志银行 在内的多家国际金融机构，同步上调了2026年中国GDP增速预期，认为中国经济企稳回升的态势更加明确。 （文章来源：第一财经）,,东方财富快讯104,http://finance.eastmoney.com/a/202606053762099777.html
NEWS_000057,news,东方财富新闻,韩建河山：拟10.7亿元收购兴福新材99.9978%股份 _ 东方财富网,2026-06-05,韩建河山 (603616.SH)公告称，公司拟通过发行股份及支付现金方式收购辽宁兴福 新材料 股份有限公司99.9978%股份，交易对价10.7亿元。标的公司主营芳香族产品的研发、生产和销售，主要产品包括新一代特种工程 塑料 聚醚醚酮（PEEK）中间体、 农药 及医药中间体和PEEK纯化业务等。通过本次重组，上市公司将增加新的收入和利润增长点，打造第二增长曲线。 （文章来源：财联社）,,东方财富快讯104,http://finance.eastmoney.com/a/202606053762099668.html
NEWS_000058,news,东方财富新闻,九号公司：拟以1.5亿元至3亿元回购股份 _ 东方财富网,2026-06-05,九号公司(689009.SH)公告称，公司拟以集中竞价交易方式回购股份，回购资金总额不低于1.5亿元(含)，不超过3亿元(含)，回购价格不超过60元/份，回购股份将用于减少注册资本。回购期限自股东会审议通过之日起12个月内。 （文章来源：财联社）,,东方财富快讯104,http://finance.eastmoney.com/a/202606053762099478.html
NEWS_000059,news,东方财富新闻,*ST太和：董事长吴靖因个人原因辞职 _ 东方财富网,2026-06-05,*ST太和 (605081.SH)公告称，公司董事会近日收到董事长吴靖的辞职报告，其因个人原因辞去董事、董事长、董事会战略委员会主任委员职务。吴靖未持有公司股份，不存在未履行完毕的公开承诺。其辞职自报告送达董事会时生效，不会影响公司正常运作。公司后续将尽快完成董事补选及新任董事长选举工作。 （文章来源：财联社）,,东方财富快讯104,http://finance.eastmoney.com/a/202606053762092391.html
NEWS_000060,news,东方财富新闻,江波龙：副总经理朱宇拟减持不超59.84万股 _ 东方财富网,2026-06-05,江波龙 (301308.SZ)公告称，公司副总经理朱宇计划在2026年6月30日至2026年9月29日期间，通过集中竞价及/或大宗交易方式减持公司股份不超过59.84万股，占公司总股本的0.1414%。 （文章来源：财联社）,,东方财富快讯104,http://finance.eastmoney.com/a/202606053762086156.html
NEWS_000061,news,东方财富新闻,中国上市公司协会辟谣：“重庆再升科技股票停牌1天并将更名为‘ST再生’”纯属谣言 _ 东方财富网,2026-06-05,据中国上市公司协会辟谣平台消息，2026年6月2日，有网传消息称“6月2日， 再升科技 发布公告，收到中国证监会重庆监管局《行政处罚事先告知书》。依据相关法规，公司股票将被实施其他风险警示。公司股票将6月3日停牌1天，并于6月4日起实施其他风险警示，实施后A股简称将变更为‘ST再生’”。 经向中国证监会重庆监管局核实查证，该局并未向 再升科技 （全称：重庆 再升科技 股份有限公司，股票代码：603601）下发所谓《行政处罚事先告知书》；再升科技公司股票亦未在2026年6月3日停牌，6月4日也未被实施其他风险警示，更不存在证券简称变更为“ST再升”的情况。上述网传内容均为虚假不实信息。 网络空间并非法外之地。请广大网民不信谣、不传谣、不造谣，共同营造清朗网络空间和证券市场健康良好的营商网络环境。 （文章来源：新京报）,,东方财富快讯104,http://finance.eastmoney.com/a/202606053762090198.html
NEWS_000062,news,东方财富新闻,上交所：本周对财通福鑫LOF等溢价较高的基金、泰金新能等严重异常波动股票重点监控 _ 东方财富网,2026-06-05,上市公司监管 2026年6月1日至2026年6月5日，上交所公司监管部门共发送监管工作函32份；通过事中事后监管，要求上市公司披露补充、更正类公告5份。同时，加大信息披露和股价异常的联动监管，针对公司披露敏感信息或股价发生明显异常的，提请启动内幕交易、异常交易核查27单。 市场交易监管 2026年6月1日至2026年6月5日，上交所对250起拉抬打压、虚假申报等证券异常交易行为采取了自律监管措施，对财通福鑫LOF等溢价较高的基金、 泰金新能 等严重异常波动股票以及 退市岩石 等退市整理股票进行重点监控，对20起上市公司重大事项等进行专项核查，向证监会上报涉嫌违法违规案件线索2起。 （文章来源：上交所发布）,,东方财富快讯104,http://finance.eastmoney.com/a/202606053762083474.html
NEWS_000063,news,东方财富新闻,东田微：光通信核心产品订单充足 围绕CPO相关光学配套组件开展前置性技术研发等 _ 东方财富网,2026-06-05,东田微 (301183.SZ)发布投资者关系活动记录表公告，目前公司光 通信 核心产品订单充足，整体交付工作有序推进，产能利用率维持在合理水平，能够较好匹配当前客户订单需求。CPO是光 通信 行业前沿发展方向，公司高度关注CPO技术迭代与产业发展趋势，持续跟进行业前沿技术动态。基于自身光学元器件的核心技术积累，公司围绕CPO相关光学配套组件开展前置性技术研发、工艺储备与产品适配研究，持续夯实技术基础。目前公司相关布局处于技术研发与前期储备阶段，暂未形成规模化产品与营收贡献。 （文章来源：财联社）,,东方财富快讯104,http://finance.eastmoney.com/a/202606053762084668.html
NEWS_000064,news,东方财富新闻,德宏股份：股东张宏保拟减持公司不超2%股份 _ 东方财富网,2026-06-05,德宏股份 (603701.SH)公告称，持股6.04%的股东张宏保计划15个交易日后的3个月内，通过集中竞价或大宗交易方式减持其持有的公司无限售条件流通股合计不超过522.72万股，减持比例不超过公司总股本的2%。 （文章来源：财联社）,,东方财富快讯104,http://finance.eastmoney.com/a/202606053762083970.html
NEWS_000065,news,东方财富新闻,聚飞光电：光器件产品50G PON已进入试产阶段 400G SR、800G SR8光引擎项目持续出货 _ 东方财富网,2026-06-05,聚飞光电 (300303.SZ)发布投资者关系活动记录表公告，公司光 通信 产品中的10G、25G、100G、200G SR光引擎项目持续稳定量产，光器件产品50G PON已进入试产阶段，400G SR、800G SR8光引擎项目持续出货。公司多年来布局的玻璃基产品，是采用 玻璃基板 制作的Mini/Micro LED ，目前主要应用于 半导体 显示领域。随着前沿技术的发展，公司会持续关注并推进Mini/Micro LED 在其他前瞻应用方向的布局。 （文章来源：财联社）,,东方财富快讯104,http://finance.eastmoney.com/a/202606053762083341.html
NEWS_000066,news,东方财富新闻,寒锐钴业：拟投资20.03亿元建设电积镍及电池级硫酸镍项目 _ 东方财富网,2026-06-05,寒锐钴业 (300618.SZ)公告称，公司拟通过全资子公司赣州寒锐在江西省赣州市投资建设“年产4万吨电积 镍 及4万吨( 镍 金属量) 电池 级硫酸 镍 项目”，项目总投资20.03亿元，资金来源为自有资金或自筹资金。项目建设期约24个月，建成后将新增相关产能，进一步完善公司“ 钴 — 铜 —镍”一体化产业链战略布局。 （文章来源：财联社）,,东方财富快讯104,http://finance.eastmoney.com/a/202606053762081659.html
NEWS_000067,news,东方财富新闻,中证协公布2026年第三批IPO现场检查名单 6家IPO均于5月受理 _ 东方财富网,2026-06-05,中证协于今日公布关于2026年第三批首发企业现场检查抽查名单，随机抽取结果为欧尚元、思必驰、迈科康、纽氏达特、乐聚智能、正扬科技6家拟IPO企业；保荐机构分别为 国泰海通 证券、 东吴证券 、 中金公司 、 东方证券 、 东方证券 、华泰联合证券。值得关注的是，本次被抽中现场检查的6家IPO均于今年5月获得受理，3家创业板IPO纽氏达特、乐聚智能、正扬科技已进入问询阶段。 （文章来源：财联社）,,东方财富快讯104,http://stock.eastmoney.com/a/202606053762076989.html
NEWS_000068,news,东方财富新闻,ST晨鸣：收到山东证监局行政监管措施决定书 _ 东方财富网,2026-06-05,ST晨鸣 (000488.SZ)公告称，公司收到山东证监局下发的行政监管措施决定书，因2019年至2024年向5家关联方借款未履行审议程序、未及时披露及在定期报告中披露，违反相关规定。山东证监局对公司及相关责任人陈洪国、李兴春、李伟先、李峰、陈刚、董连明、袁西坤采取出具警示函措施，并记入诚信档案。公司已结清相关业务，将加强内控管理，该事项对日常经营无重大不利影响。 （文章来源：财联社）,,东方财富快讯104,http://finance.eastmoney.com/a/202606053762076811.html
NEWS_000069,news,东方财富新闻,自然人郑盛内幕交易获利209万 被证监会没一罚三 _ 东方财富网,2026-06-05,"中国证监会发布行政处罚决定书，对郑盛内幕交易行为进行了立案调查，2024年5月19日，相关公司发布对外投资公告,该对外投资事项属于《证券法》第八十条第二款第二项规定重大事件，在公开前属于《证券法》第五十二条第二款规定的内幕信息。该内幕信息不晚于2024年4月16日形成,公开于2024年5月19日。内幕信息敏感期内，郑盛与内幕信息知情人存在多次联络接触。2024年5月6日至5月10日，郑盛控制使用他人证券账户买卖相关公司股票，共计获利2,093,268.85元。郑盛利用涉案账户交易相关公司股票的时间与内幕信息的发展过程、公开时间高度吻合,交易行为明显异常,且无正当理由和正当信息来源。证监会决定：没收郑盛违法所得2,093,268.85元，并处以6,279,806.55元罚款。 （文章来源：财联社）",,东方财富快讯104,http://finance.eastmoney.com/a/202606053762079543.html
NEWS_000070,news,东方财富新闻,自然人康春叶内幕交易获利368万 被证监会罚没1368万元 _ 东方财富网,2026-06-05,"中国证监会发布行政处罚决定书，对康春叶内幕交易行为进行了立案调查，2024年5月19日，相关公司发布对外投资公告，该对外投资事项属于《证券法》第八十条第二款第二项规定的重大事件，在公开前属于《证券法》第五十二条第二款规定的内幕信息。该内幕信息不晚于2024年4月16日形成，公开于2024年5月19日。康春叶作为内幕信息知情人的配偶，与其共同居住生活，系内幕信息知情人的密切关系人。2024年4月29日至5月16日，康春叶控制使用多个他人证券账户买卖相关公司股票，共计获利3,682,465.61元。康春叶利用涉案账户交易相关公司股票的时间与内幕信息的发展过程、公开时间高度吻合。康春叶在内幕信息敏感期内交易意愿强烈，交易行为明显异常，且无正当理由和正当信息来源。证监会决定：没收康春叶违法所得3,682,465.61元，并处以1000万元罚款。 （文章来源：财联社）",,东方财富快讯104,http://finance.eastmoney.com/a/202606053762079467.html
NEWS_000071,news,东方财富新闻,利和兴：拟投资不超过3亿元建设高端半导体及自动化设备研发生产基地 _ 东方财富网,2026-06-05,利和兴 (301013.SZ)公告称，公司拟通过联合竞买方式竞买深圳市龙华区观湖街道A912-0637号地块的国有建设用地使用权，并投资建设高端 半导体 及 自动化设备 研发生产基地项目，投资总额预计不超过3亿元(含土地出让金、建筑工程、装修款、设备购置费等)。 （文章来源：财联社）,,东方财富快讯104,http://finance.eastmoney.com/a/202606053762073165.html
NEWS_000072,news,东方财富新闻,莱伯泰科：电感耦合等离子体质谱仪系列产品在半导体领域的业务收入占比非常有限 _ 东方财富网,2026-06-05,"莱伯泰科 (688056.SH)发布股票交易异常波动暨风险提示公告，公司关注到近期市场对公司电感耦合等离子体质谱仪系列产品（包括LabMS3000ICP-MS及LabMS5000ICP-MS/MS）的相关讨论，所述内容并非公司官方发布的信息，属于市场推测性传闻。2025年上述产品销售收入总额为3,220.30万元，占公司营业收入40,108.00万元的8.03%，且上述产品销售所涉及的行业主要包括 环保 、疾控、海关商检、 半导体 、医疗、大学院校等，其中在 半导体 领域的业务收入占比仍非常有限。公司郑重提示，相关业务拓展进度、后续订单规模及盈利贡献均存在较高不确定性，请投资者勿将市场传闻等同于公司业绩承诺。 （文章来源：财联社）",,东方财富快讯104,http://finance.eastmoney.com/a/202606053762070932.html
NEWS_000073,news,东方财富新闻,伯特利：股东奇瑞科技拟减持不超3%股份 _ 东方财富网,2026-06-05,"伯特利 (603596.SH)公告称，股东芜湖奇瑞科技有限公司因自身资金需要，计划以集中竞价交易和大宗交易方式减持公司股份不超过26,929,188股，占公司总股本的3%。减持期间为2026年6月30日～2026年9月24日。 （文章来源：财联社）",,东方财富快讯104,http://finance.eastmoney.com/a/202606053762067265.html
NEWS_000074,news,东方财富新闻,广汽集团：公司无出借股票行为 _ 东方财富网,2026-06-05,广汽集团 6月5日在互动平台表示，公司无出借本公司股票行为，公司始终合法经营，严格遵守监管部门要求，全力保障投资者利益。 （文章来源：界面新闻）,,东方财富快讯104,http://finance.eastmoney.com/a/202606053762058643.html
NEWS_000075,news,东方财富新闻,佳华科技：终止发行股份及支付现金购买资产并募集配套资金 _ 东方财富网,2026-06-05,佳华科技 (688051.SH)公告称，公司董事会审议通过议案，决定终止发行股份及支付现金购买资产并募集配套资金暨关联交易事项。因市场环境变化及交易双方未能就核心条款达成一致，为维护上市公司及投资者利益，公司审慎决定终止本次交易。 （文章来源：财联社）,,东方财富快讯104,http://finance.eastmoney.com/a/202606053762062225.html
NEWS_000076,news,东方财富新闻,博腾股份：拟以8000万元至1亿元回购股份用于注销并减少注册资本 _ 东方财富网,2026-06-05,博腾股份 (300363.SZ)公告称，公司拟以自有资金不低于8000万元且不超过1亿元，通过集中竞价交易方式回购公司股份，回购价格不超过26.59元/股。回购股份将全部用于注销并减少注册资本。按回购金额上限测算，预计可回购股份约376.08万股，占公司总股本的0.69%。回购期限为自董事会审议通过之日起3个月内。 （文章来源：财联社）,,东方财富快讯104,http://finance.eastmoney.com/a/202606053762057125.html
NEWS_000077,news,东方财富新闻,禾川科技：股东晴川投资拟询价转让604.05万股股份 _ 东方财富网,2026-06-05,禾川科技 (688320.SH)公告称，公司股东晴川投资拟通过询价转让方式转让604.05万股股份，占公司总股本的4.00%。转让原因为自身资金需求，受让方为具备相应定价能力和风险承受能力的机构投资者，受让后6个月内不得转让。本次询价转让不通过集中竞价或大宗交易方式进行，不属于二级市场减持。 （文章来源：财联社）,,东方财富快讯104,http://finance.eastmoney.com/a/202606053762039850.html
NEWS_000078,news,东方财富新闻,天准科技：全资子公司拟择机出售长光辰芯不超过152.21万股股票 _ 东方财富网,2026-06-05,天准科技(688003.SH)公告称，公司全资子公司新加坡天准拟择机出售其持有的 长光辰芯 股票不超过152.21万股(占其总股本不超过0.34%)，预计交易金额约1.29亿元，账面成本为5313.80万元。 （文章来源：财联社）,,东方财富快讯104,http://finance.eastmoney.com/a/202606053762034040.html
NEWS_000079,news,东方财富新闻,沪硅产业：股东国家大基金5月6日至6月4日累计减持3%股份 减持计划已实施完毕 _ 东方财富网,2026-06-05,沪硅产业 (688126.SH)公告称，公司股东国家集成电路产业投资基金股份有限公司于2026年5月6日至6月4日期间，通过集中竞价和大宗交易方式累计减持公司股份9915.07万股，占公司总股本的3%，减持总金额约26.26亿元。减持计划已实施完毕，当前持股比例为12.49%。 （文章来源：财联社）,,东方财富快讯104,http://finance.eastmoney.com/a/202606053762033679.html
NEWS_000080,news,东方财富新闻,天洋新材：董事李铁山拟减持不超45万股股份 _ 东方财富网,2026-06-05,"天洋新材 (603330.SH)公告称，董事、副总经理李 铁山 因个人资金需求，计划自2026年6月30日至2026年9月29日，通过集中竞价方式减持不超过450,012股，占公司总股本的0.1040%，减持价格按市场价格确定。 （文章来源：财联社）",,东方财富快讯104,http://finance.eastmoney.com/a/202606053762030760.html
NEWS_000081,news,东方财富新闻,证监会就《国务院办公厅关于加强监管防范风险促进私募投资基金高质量发展的指导意见》答记者问 _ 东方财富网,2026-06-05,6月3日，国务院办公厅印发《国务院办公厅关于加强监管防范风险促进私募投资基金高质量发展的指导意见》（以下简称《指导意见》）。中国证监会新闻发言人就《指导意见》回答了记者提问。 一、本次出台《指导意见》的背景是什么？ 答：党中央、国务院高度重视私募基金监管和发展工作。二十届三中全会和“十五五”规划对优化私募基金行业监管模式，发挥私募基金在赋能科技创新、新兴产业培育与传统产业转型升级方面的作用作出战略部署。目前，我国私募基金规模达23万亿元，占国内 资产管理 业务总规模的15%，已成为我国资本市场和经济运行中的重要参与力量，在服务实体经济特别是支持新质生产力发展、满足居民财富管理需要、完善资本市场生态等方面发挥了积极作用。私募股权、 创投 基金已成为耐心资本、创新资本的重要代表，累计投资项目数量达23.7万个，形成股权资本13.7万亿元，投资新经济领域项目超10万个，投资本金4.7万亿元，近九成的科创板上市公司上市前得到私募股权、 创投 基金的支持。私募证券基金在A股成交量占比已达10%至20%，在活跃资本市场、优化投资者结构方面发挥了重要作用。 但受多方面因素影响，当前我国私募基金行业还存在一些问题，制约了私募基金更好发挥作用。行业大而不强，募资结构失衡，部分国资基金偏离功能定位，募投管退各环节均有短板。一些行业机构质量不高，个别甚至成为违法犯罪工具。行业风险仍时有发生，并与其他领域交叉传导。这些问题的产生，一方面是因为私募基金行业在我国发展时间较短，各方认识、监管理念仍处于不断调整、适应的过程中；另一方面也有法律法规体系不健全、监管手段和力度不足、部际央地监管协作不够顺畅、市场化约束机制未有效发挥作用等原因。经过较长时间的探索，顶层设计方向日益清晰。2023年，国务院出台《私募投资基金监督管理条例》，夯实了行业规范发展的法治基础。当前，按照中央金融工作会议精神，需要在政策制度层面进一步加力推进，提升各方面机制和举措的系统性。 在对私募基金行业的问题和现状进行深入评估后，国务院办公厅印发《指导意见》。《指导意见》作为私募基金领域“1+N+X”政策制度体系的纲领性文件，立足我国实际，坚持目标导向、问题导向，对下一步各项工作进行了全面系统的部署，通过完善机制、补齐短板、加强协同，实现优化增量、盘活存量、扶优限劣、提质增效，推动私募基金行业在规范中发展，在发展中提升。 二、《指导意见》的主要原则和主要内容是什么？ 答：本次印发的《指导意见》从政治性、人民性的高度，对私募基金加强监管、防范风险、促进高质量发展工作进行了全面部署，聚焦私募基金行业提质增效，着力加强部际央地监管协同，构建风险化解长效机制。包括六个部分，除总体要求、保障措施两部分外，整体框架和核心举措包括：入口端，进一步落实相关文件，发挥企业登记前 综合 研判会商和私募基金登记备案双重把关作用；持续监管端，加大行政监管力度，强化穿透监管和线索发现能力，严厉打击违法犯罪活动，推动提升行业合规内生约束，强化托管机构和中介服务机构监督制约；出口端，推动不符合要求私募基金和企业主体“双出清”。在风险处置方面，通过加强各方情况通报、央地协同化解处置，形成“组合拳”。在规则体系建设方面，重点弥补信息披露、资金募集、强制托管等方面规则短板。另外，在加强政府投资基金和国有企业投资基金管理、防范私募基金被利用为违法违规工具、私募基金领域管合法也要管非法等方面进行了具体安排。同时，进一步提出了推动私募基金规范发展的若干举措。主要如下： 一是总体要求。坚持以习近平新时代中国特色社会主义思想为指导，走好中国特色金融发展之路，明确工作的总体思路、方法和目标。 二是强化源头防控。更好发挥企业登记前 综合 研判会商和私募基金登记备案作用，严格审核把关，加强信息共享和工作衔接。 三是全面加强监管。健全制度体系，重点弥补信息披露、资金募集、托管等领域规则短板，构建完善私募基金监管体系。落实分类分级监管，强化穿透监管和线索发现能力，严厉打击违法犯罪。加强国资基金规范管理，确保国资基金坚守功能定位，防止失管失控和国有资产流失。 四是稳妥处置风险。坚决清退各种不符合要求的私募基金管理人。多措并举，防范其他机构以私募基金名义违法违规展业。加强信息共享和情况通报，做好风险研判，细化央地有关方面化解处置私募基金风险的分工，强化协作，发挥合力。 五是推动规范发展。督促私募基金管理人完善内控风控管理，促进规范运作。加强行业自律管理。积极发挥中介服务机构的市场化监督制约作用。为私募股权基金、 创投 基金落实国家战略营造良好环境，引导私募证券基金树立长期投资、价值投资理念。 六是保障措施。中国证监会做好统筹协调，地方政府和相关部门强化组织领导，细化工作措施，做好协同配合、宣传引导、培训交流。 三、如何理解加强监管与推动行业高质量发展之间的关系？ 答：中央金融工作会议强调，依法将所有金融活动全面纳入监管。对于工具属性较强的私募基金，更要突出强监管和防风险。中国证监会高度重视私募基金监管工作，持续加大对私募违法违规行为的打击力度，2023年至2026年一季度，对1805家私募基金管理人及相关主体采取行政监管措施，对97家私募基金管理人及相关主体进行行政处罚，将86条涉嫌犯罪线索移送公安机关；中国证券投资基金业协会共注销5444家私募基金管理人登记。 加强监管和防范风险并不是目的，而是手段，最终还是为了推动行业高质量发展。加强私募基金监管有利于及时清除害群之马，避免劣币驱逐良币，为私募基金行业规范发展创造良好的环境；也有利于督促私募基金管理人充分履行信义义务，保护投资者合法权益，维护投资者信心，为私募基金行业长期规范发展奠定基础。《指导意见》充分体现强监管理念，对全链条、各环节加强监管明确一系列具体举措，全方位、立体化构建私募基金 综合 监管体系，打防并举、标本兼治，着力营造风清气正的行业环境。 《指导意见》同时提出，要统筹总体布局，并在支持私募创投基金和并购基金支持新质生产力发展、引导私募证券基金树立正确投资理念角度提出了若干支持规范发展的措施。要求在登记备案、持续监管等各环节落实好文件中扶优限劣的相关要求，多措并举，一方面加大对不满足相关要求的私募基金的监管力度，另一方面加强对符合国家战略、合规运行的机构和产品的支持力度，特别是投早、投小、投长期、投硬科技的私募股权、创投基金，推动其真正成为培育新质生产力的“耐心资本”。《指导意见》与国务院办公厅《促进创业投资高质量发展的若干政策措施》、《国务院办公厅关于促进政府投资基金高质量发展的指导意见》等文件共同组成私募基金领域加强监管、防范风险、促进高质量发展的政策体系。 四、下一步，中国证监会在贯彻落实《指导意见》方面将开展哪些工作？ 答：《指导意见》是私募基金领域“1+N+X”制度体系中的方向性、基础性文件。下一步，中国证监会将坚决贯彻党中央、国务院决策部署，制定落实《指导意见》的三年行动方案，并积极会同宏观政策部门、国资及行业主管部门、金融管理部门、公安机关、地方政府等，进一步增强责任意识，密切协作形成合力，推动各项任务、工作落地见效。一是完善私募基金领域“N+X”规则体系，加强分级分类监管、穿透式监管，提升监管效能，开展专项行动从严惩处重点领域违法违规行为，推动完善行业内生约束和市场化监督制约，并加大对符合国家战略、合规运行的私募基金的支持力度。二是会同相关部门、地方政府加快构建部际央地协同联动的综合监管体系，建立常态化工作会商制度，加强信息共享，合力推进各项工作落实落地。三是加大宣传和指导力度，通过多种方式对《指导意见》进行解读和引导，积极回应市场各方关切，防止误解误读，同时加强对行业机构的培训，确保各项改革工作平稳推进。 （文章来源：证监会网站）,,东方财富快讯104,http://finance.eastmoney.com/a/202606053762027761.html
NEWS_000082,news,东方财富新闻,国办发布关于加强监管防范风险 促进私募投资基金高质量发展的指导意见 _ 东方财富网,2026-06-05,国务院办公厅关于加强监管防范风险 促进私募投资基金高质量发展的指导意见 国办函〔2026〕54号 各省、自治区、直辖市人民政府，国务院各部委、各直属机构： 为做好私募投资基金（以下简称私募基金）加强监管、防范风险工作，促进私募基金高质量发展，经国务院同意，现提出以下意见。 一、总体要求 坚持以习近平新时代中国特色社会主义思想为指导，深入贯彻党的二十大和二十届历次全会精神，落实二十届中央纪委历次全会和中央金融工作会议部署，走好中国特色金融发展之路，积极培育中国特色金融文化。坚持目标导向和问题导向，针对私募基金行业准入机制有待完善、监管不到位、制度不健全、部际央地协调配合不足、部分政府投资基金和国有企业投资基金出资人责任落实不到位以及部分私募基金成为违法犯罪、新型腐败和隐性腐败工具等问题，构建加强监管、防范风险的制度体系和长效机制，推动行业在规范中发展、在发展中提升。坚守功能定位，统筹总体布局，优化增量、盘活存量，扶优限劣、提质增效，严格禁止私募基金违规从事借贷、“名股实债”等行为。坚持分类监管，根据出资主体、产品类型等不同维度实施“一类一策”监管。坚持既管合法更管非法，对合法机构从严监管，对非法机构坚决取缔，对非法行为严厉打击。 二、强化源头防控 （一）优化私募基金登记备案规则，坚决防止不符合私募基金特征和运作规律的机构和产品作为私募基金登记备案。严控新设政府投资基金，县区原则上不得新设，确有必要新设的应当报上级人民政府批准。加强 综合 研判会商、经营主体登记、私募基金登记备案等的信息共享和工作衔接。 （二）拟办理私募基金登记备案的机构应当在通过 综合 研判会商后申请经营主体登记。国务院证券监督管理机构统一 综合 研判会商范围、标准。省级人民政府、计划单列市人民政府（以下统称省级和计划单列市人民政府）金融管理等部门与国务院证券监督管理机构派出机构共同开展综合研判会商工作，优化并公开综合研判会商程序，做好把关和政策解读，严禁下放。 （三）严格落实涉金融经营主体登记管理要求，未经国务院证券监督管理机构派出机构、省级和计划单列市人民政府金融管理部门同意，不得在经营主体名称、经营范围中使用“私募基金”、“创业投资基金”等涉及私募基金字样。 三、全面加强监管 （四）推动修订证券投资基金法。推动出台办理涉私募基金犯罪案件的司法文件。制定私募基金管理人监管、信息披露、资金募集、强制托管规则。出台规范私募基金“对赌协议”制度安排。全面构建以行政监管为主、自律管理为辅的私募基金监管体系。 （五）细化私募基金风险评价标准，提升监管强度与风险水平适配性，按照评价结果对不同私募基金管理人实施差异化监管。对重点私募基金管理人依法加大现场检查力度，加强央地和跨辖区联合检查。对异地经营的私募基金管理人加大监管力度，引导注册地与经营地相统一。对存在违规代持、通道化等情形的私募基金管理人加大规范引导力度，推动主动整改。对私募证券基金加大监测力度，强化交易行为监管。 （六）以科技赋能监管，建立私募基金风险集中监测平台，构建风险筛查指标体系，加强全流程监测，收集私募基金管理人、托管机构、服务机构等报送的信息以及经营主体登记、司法诉讼等信息，对数据和信息加强穿透式分析，提高发现风险问题能力，为完善监管、制定相关政策等提供支持。 （七）国务院财政部门履行政府投资基金出资人职责，加强预算管理、绩效管理、国有 资产管理 和信息统计，严肃财经纪律。国务院发展改革部门强化政府投资基金信用建设和信用信息登记，会同行业主管部门、企业主管部门（以下统称主管部门）加强对基金投向的指导评价。主管部门牵头加强对政府投资基金运行情况的监测，防止偏离功能定位，指导强化内部控制和风险管理，督促严格遵守私募基金监管规则。国务院证券监督管理机构进一步明确政府投资基金登记备案要求，依法依规开展监管。省级和计划单列市人民政府加强对本地区政府投资基金的统筹管理，已有同类基金的原则上不得新设，推动存量同类基金整合。县级以上地方人民政府按照“谁发起、谁批准、谁负责”的原则，切实履行管理职责，督促政府投资基金规范运作。 （八）代表国务院履行出资人职责的机构以及有关主管部门、省级和计划单列市人民政府结合国有经济布局优化、结构调整要求，统筹国有企业投资基金布局规划，督促基金聚焦主责主业、坚守功能定位，强化对国有企业投资基金投向的指导评价；严把入口关，坚决制止滥设国有企业投资基金，推动运作低效基金整合重组；压实国有企业主体责任，督促国有企业投资基金管理人切实遵守私募基金监管规则，建立健全符合国有企业投资基金规律的运营模式，防止失管失控和国有资产流失，严格选任高级管理人员，不得任用纳入私募基金行业黑名单的人员，严格执行任职回避规定。国有企业建立完善全流程信息化管理系统，加强对底层项目和资产的穿透管理，规范基金投向、退出管理等。建立健全以长期经营业绩和功能作用发挥为导向的激励约束制度。 （九）建立健全私募基金“吹哨人”制度，设置举报通道，完善配套措施，强化“吹哨人”信息保护，发挥社会监督和预警作用。地方和部门发现私募基金违规违纪违法等重大问题的，按程序及时通报国务院证券监督管理机构或其派出机构等，由国务院证券监督管理机构或其派出机构等依法打击。依托社会治安综合治理体系，发挥网格化管理作用，开展联合排查，对各种逃避金融监管、违法违规从事私募基金业务的机构和行为早发现、早处置、早打击。加强资金跨境流动审查。 （十）严厉打击违规募集、侵占挪用、自融自用、利益输送、资金违法跨境流动以及私募基金参与非法集资等行为，依法加大处理处罚力度。公安机关在当地人民政府领导下，对风险问题突出、性质恶劣、影响范围大的私募基金违法犯罪行为依法及时从严打击。公安机关与国务院证券监督管理机构及其派出机构健全完善有关打击私募基金涉嫌违法犯罪行为的工作安排。对跨地区、跨领域等重大案件，推动建立完善联合挂牌督办制度，加强办案统筹、业务指导和信息共享。 四、稳妥处置风险 （十一）对有重大违法违规行为的私募基金管理人坚决予以注销。对因经营异常、未实质开展业务等不能持续符合登记要求或者长期失联的私募基金管理人，且未按要求整改的，限期予以注销。同步做好风险揭示和投资者保护，推动省级和计划单列市人民政府稳妥化解风险。 （十二）对经营主体名称、经营范围中含有涉及私募基金字样但未办理私募基金登记备案的机构，引导其依规申请办理登记备案；对未按规定申请办理私募基金登记备案、经审核不符合私募基金登记备案要求、已注销私募基金管理人登记、已完成私募基金清算的机构等，经国务院证券监督管理机构派出机构确认后，由省级和计划单列市人民政府金融管理等部门与国务院证券监督管理机构派出机构依法稳妥有序推动经营主体申请注销登记，变更经营主体名称、经营范围，市场监管部门及时办理登记；对不依规申请注销或者变更经营主体登记的机构，市场监管部门依法通过使用统一社会信用代码代替企业名称，在国家企业信用信息公示系统中相应对经营主体进行“未办理私募基金登记备案”、“已注销私募基金管理人”、“已清算私募基金”等标注，吊销营业执照等方式予以规范清理。 （十三）及时共享私募基金重要信息、重大专项行动、重点机构以及相关人员等情况。省级和计划单列市人民政府金融管理部门、国务院证券监督管理机构派出机构共同牵头建立常态化私募基金风险防范化解工作会商制度，加强风险线索分析研判、应对处置等。 （十四）对私募基金管理人风险的处置由其注册地省级和计划单列市人民政府会同国务院证券监督管理机构等有关部门组织实施。注册地省级和计划单列市人民政府及时摸清底数，按照市场化、法治化原则，制定风险化解和处置方案，做好追赃挽损、清产核资、分配清退等工作，避免形成风险化解和处置依赖公共资源的预期。在地方相关风险处置机制下化解和处置私募基金风险。国务院证券监督管理机构及其派出机构等积极配合地方人民政府开展风险化解和处置工作，并做好处理处罚等工作。同一实际控制人跨地区控制多家私募基金管理人出现风险的，原则上按照总部企业注册地、核心企业所得税缴纳地、企业高级管理人员个人所得税缴纳地的顺序确定履行牵头责任的省级和计划单列市人民政府。不得借助私募基金违规举债化债、处置问题企业，防止形成新的风险点。 五、推动规范发展 （十五）督促私募基金管理人按照业务类型、发展阶段特点完善内控风控管理。鼓励投资者依托私募基金合同发挥制约作用，促进私募基金管理人规范运作。加强对私募基金管理人高级管理人员、核心岗位人员的资格管理和考核培训。督促私募基金行业机构和从业人员履行诚实守信、谨慎勤勉义务。加大对违法违规行为的行业自律处理力度。建立黑名单制度，公开曝光重大违法违规机构、出资人、从业人员。大力推进私募基金行业文化建设。 （十六）培育和规范私募基金托管机构和审计、销售、估值核算、法律等中介服务机构，加大监督力度，督促其依法依约履职尽责，切实发挥其在资金募集、投资运作、保障私募基金财产安全、信息披露等方面的监督制约作用，促进私募基金规范运作。 （十七）多渠道拓宽私募股权基金、 创投 基金资金来源，多维度培育和发展耐心资本，推动耐心资本与科技创新深度融合。进一步畅通多元退出渠道。在私募基金登记备案等环节重点支持投早、投小、投长期、投硬科技的私募股权基金和 创投 基金以及整合关键核心技术、战略性新兴产业的并购基金。更好落实有关法律法规和政策对 创投 基金差异化监管的要求，壮大领军创投机构。国务院证券监督管理机构与国务院发展改革部门进一步优化创投基金信息共享。 （十八）引导私募证券基金为中长期资金优化资产配置提供多元化支持。培育母基金等机构投资者。丰富投资策略和产品类型，满足居民在财富管理、资产配置等方面的需求。引导私募证券基金管理人提升治理水平和风险防控能力。 六、保障措施 国务院证券监督管理机构要会同有关单位充分发挥清理整顿各类交易场所部际联席会议等机制作用，做好统筹协调，强化行政监管效能，增强私募基金监管力量。国务院发展改革、财政、国资监管、金融管理等有关部门以及省级和计划单列市人民政府要加强组织领导，细化工作措施，做好协同配合。各有关单位要按照职责加强政策宣传引导，持续开展培训和经验交流，全面落实各项任务。 国务院办公厅 2026年6月3日 （文章来源：中国政府网）,,东方财富快讯104,http://finance.eastmoney.com/a/202606053762020631.html
NEWS_000083,news,东方财富新闻,*ST返利：撤销退市风险警示并停牌一天 证券简称变更为“返利科技” _ 东方财富网,2026-06-05,*ST返利 (600228.SH)公告称，因公司撤销退市风险警示，公司股票将于2026年6月8日停牌一天，自2026年6月9日起复牌交易，证券简称由“ *ST返利 ”变更为“返利科技”，股票日涨跌幅限制由5%变为10%。 （文章来源：财联社）,,东方财富快讯104,http://finance.eastmoney.com/a/202606053762006839.html
NEWS_000084,news,东方财富新闻,湖南发展：财务负责人李志科因工作调整辞职 _ 东方财富网,2026-06-05,湖南发展 6月5日公告，公司董事会收到财务负责人（财务总监）李志科的书面辞职报告。因工作调整，李志科申请辞去公司财务负责人（财务总监）职务，辞职后将不再担任公司任何职务，辞职报告自送达公司董事会之日起生效。公司董事长、总裁刘志刚将代行财务负责人（财务总监）职责，直至公司聘任新的财务负责人（财务总监）。 （文章来源：界面新闻）,,东方财富快讯104,http://finance.eastmoney.com/a/202606053761979664.html
NEWS_000085,news,东方财富新闻,百利天恒：取得中国银行不超过1.8亿元股票回购专项贷款承诺函 _ 东方财富网,2026-06-05,百利天恒 (688506.SH)公告称，公司近日取得 中国银行 四川省分行出具的贷款承诺函，贷款额度不超过1.8亿元，期限3年，专项用于回购公司股份。此前公司拟以1亿元至2亿元回购股份，用于员工持股计划或 股权激励 。 （文章来源：财联社）,,东方财富快讯104,http://finance.eastmoney.com/a/202606053761950573.html
NEWS_000086,news,东方财富新闻,鑫科材料：终止2026年度向特定对象发行A股股票事项并撤回申请文件 原拟募资不超3.5亿元 _ 东方财富网,2026-06-05,6月5日， 鑫科材料 公告，公司于2026年6月5日召开十届七次董事会会议，审议通过了《关于终止公司2026年度向特定对象发行A股股票事项并撤回申请文件的议案》，决定终止2026年度向特定对象发行A股股票事项，并向上海证券交易所申请撤回相关文件。公司于2026年1月12日召开十届二次董事会，并于2026年1月28日召开2026年第一次临时股东会会议，审议通过了相关议案。发行对象为公司控股股东四川融鑫弘梓科技有限公司，发行价格为3.21元/股，股票数量为不超过1.09亿股，募集资金总额不超过3.5亿元，扣除发行费用后的募集资金净额将用于偿还 银行 贷款和补充流动资金。 （文章来源：每日经济新闻）,,东方财富快讯104,http://finance.eastmoney.com/a/202606053761946024.html
NEWS_000087,news,东方财富新闻,招商证券：内需复苏与科技自立为主线 指数预计呈现慢牛特征 _ 东方财富网,2026-06-05,招商证券 最新研报提出，理解A股长期规律需构建“主线、资金、博弈、周期”四维统一框架。其中，主线决定方向，为时代产业趋势；资金决定节奏，是驱动牛熊节奏的流动性周期；博弈决定路径，是塑造波动特征的制度与市场结构；周期决定阶段，为前三者的时间坐标。报告指出，A股本质是“认知重定价”，市场交易的不是经济本身，而是对经济的认知。展望2026年，“十五五”开局叠加美国中期选举年，市场驱动力将从估值转向盈利，内需复苏与科技自立成两大主线，指数预计呈现慢牛特征。 （文章来源：财联社）,,东方财富快讯104,http://finance.eastmoney.com/a/202606053761945977.html
NEWS_000088,news,东方财富新闻,奉天电子北交所IPO终止审核 _ 东方财富网,2026-06-05,6月5日，据北交所网站披露，因上海奉天 电子 股份有限公司向北交所提交了《上海奉天 电子 股份有限公司关于撤回向不特定合格投资者公开发行股票并在北京证券交易所上市申请文件的申请》。根据有关规定，北交所决定终止其首次公开发行股票并在北交所上市的审核。 （文章来源：界面新闻）,,东方财富快讯104,http://finance.eastmoney.com/a/202606053761938914.html
NEWS_000089,news,东方财富新闻,583亿天量成交！中际旭创今日成交额跻身A股历史第四 _ 东方财富网,2026-06-05,今日，CPO板块龙头 中际旭创 放量大跌，截至收盘，该股跌幅达7.81%，创下今年2月2日以来的最大单日跌幅。与此同时，其全天成交额高达583.25亿元，不仅刷新了上市以来的历史纪录，也在今日A股成交额榜单中高居首位。纵观A股历史，这一成交额位列第四，超越了 新易盛 今年4月创下的纪录，仅次于 东方财富 、 中国石油 与 中国平安 。目前， 中际旭创 股价收报1179.99元，在全市场个股中位居第五位，再度低于 贵州茅台 。 （文章来源：财联社）,,东方财富快讯104,http://finance.eastmoney.com/a/202606053761924320.html
NEWS_000090,news,东方财富新闻,A股三大指数收跌 创业板指跌超3% 机器人概念股逆市大涨 _ 东方财富网,2026-06-05,"A股三大指数今日集体回调，截止收盘，沪指跌0.74%，收报4027.74点；深证成指跌2.21%，收报15314.70点；创业板指跌3.20%，收报3957.94点。沪深京三市成交额3.1万亿，较昨日放量逾3200亿。 行业板块涨多跌少， 机器人 、航天装备、 玻璃玻纤 、金属 新材料 、非金属材料板块涨幅居前， 电力 、 公用事业 、 核力发电 、 半导体 板块跌幅居前。 个股方面，上涨股票数量接近3300只，逾80只股票涨停。 机器人 概念股爆发， 绿的谐波 20cm涨停， 鼎智科技 、 三丰智能 涨超10%。 行业资金流向：18.20亿净流入航天装备 行业资金方面，截至收盘，航天装备、 一般零售 、 银行 等净流入排名靠前，其中航天装备净流入18.20亿。 净流出方面， 半导体 、 电力 、 通信设备 等净流出排名靠前，其中 半导体 净流出302.0亿元。 今日要闻 交易所规范交易单元 要求券商3个月内清理“特殊便利” 近期上交所向券商下发了强化参与者交易业务单元管理的通知，明确要求券商对交易单元使用情况开展自查，存在不合规情形需在3个月内完成整改。此举通过加强对交易单元的统一管理，严禁为个别投资者提供特殊便利。 利好来了！工信部部署专项行动 6G商用有望提速 6月4日，工信部发布《关于组织开展6G创新发展部省协同试点专项行动的通知》。《通知》明确提出，到2029年，通过实施6G创新发展部省协同试点专项行动，进一步激发地方和企业创新活力，形成一批自主创新的6G技术方案，培育一批前景可观的新型业务应用场景，涌现一批丰富多样的新型终端产品，为6G商用落地提供有力支撑。 算力能源装备订单突破！产能严重不足 价格看涨 《2026燃气轮机产业发展白皮书》显示，全球燃机市场的供需失衡至少延续到2030年。截至2025年底，全球燃气轮机系统的订单量已达110GW，但全球制造能力每年仅能提供60~70GW，预计到2027年底燃机市场价格将达到600美元/kW，较2019年上涨195%。 SpaceX IPO路演盛况空前！华尔街火力全开 高喊AI收入将激增百倍 随着史上规模最大的首次公开募股（IPO）正式启动路演，华尔街投行忙得热火朝天，他们正卖力向潜在投资者推介SpaceX股票。周四，华尔街各大投行开始与潜在投资者会面，推介埃隆·马斯克旗下这家集火箭、卫星和 人工智能 业务于一身的公司的股票。 机构观点 开源证券： 白酒 底部布局，大众品三条主线 开源证券发布 食品饮料 板块2026年中期投资策略称， 白酒 板块已接近周期底部，全年复苏节奏应是前低后高。建议布局强品牌、稳动销、渠道健康的高端及次高端龙头。大众品板块估值处于合理区间，叠加基本面持续改善，具备较高配置价值，建议围绕三条主线布局优质标的：一是寻找短期收入修复弹性明确的机会，二是寻找产业周期有望触底反转的机会，三是 餐饮 行业持续修复，带动 餐饮 供应链需求提升。 中信建投 ：金刚石散热持续迭代，金刚石热沉片、金刚石 铜 复合材料商业化落地最快 中信建投 研报认为，算力产业持续扩容带动芯片集成度与功率密度大幅提升，高热流密度下传统 铜 基散热材料已达瓶颈。金刚石热导率远超 铜 、银、硅、 碳化硅 等材料，是突破高端芯片散热瓶颈的关键方向。目前金刚石散热材料包括金刚石基复合材料、单晶金刚石、多晶金刚石三大路线，技术路线尚未完全定型，其中金刚石铜复合材料兼顾性能与成本，产业化节奏领先。应用上包含金刚石衬底、金刚石热沉片、金刚石微通道散热形态，金刚石热沉片、金刚石铜复合材料商业化落地最快，国内外厂商已有相关产品。金刚石正从传统磨料、 培育钻石 延展至半导体、大功率器件导热等功能性材料，AI算力增长正持续打开超高导热金刚石材料的增长空间，重点关注产业量产、客户认证进度。 华泰证券 ：保险业盈利反弹临近，重视二季报投资机会 华泰证券 研报表示，如果6月市场表现稳定，二季度或成为保险行业今年盈利表现最亮眼的一个季度。估计上市各保险公司2Q26的税前利润（中位数）有望同比增长23%-171%，相较于1Q26 30%-50%的下滑明显反弹。今年以来，保险板块受一季度市场波动和盈利下滑，以及二季度以来较为极致的结构性市场行情影响，股价普遍下行10%-30%。PB（MRQ）估值已经较年初高点有大约两成左右的下降，估值安全边际显现，对二季度可能的盈利反弹反应不多，盈利与估值反差的张力不断累积。负债端仍然保持良好增长势头，行业基本面依然坚实。随着二季度临近结束，业绩反弹有望成为市场重新审视保险行业价值的重要催化剂，建议重视二季报投资机会。 广发证券 ：权益资产下一步的变化可能来自于哪里？ 广发证券 研报称，权益资产下一步的变化可能来自于哪里？我们理解一是“海外地缘和货币政策开关”。目前临近变化窗口，若美伊协议落地、霍尔木兹海峡复航，中下游成本端将迎改善，部分前期被压制的资产存在反弹机会。此外，美联储6月利率决策应不会有太大意外，但其释放的信号将较为关键，若市场读出新框架偏“鹰派”，则可能诱发目前估值较高的部分资产调整。二是国内“六张网”政策落地。5月BCI企业投资前瞻指数创年内新高、建筑业PMI触底回升，均指向超长期特别国债与政策性金融工具的影响开始落地，对""六张网""领域的集中支持初步传导。如果固投在6月能趋于好转，则包括周期、消费在内的顺周期资产可能均会被低位带动。三是国内“通胀-增长”剪刀差初步见顶，若6-7月确认拐点，则经济广谱性顺价条件初步具备，抱团虽不至于瓦解但将大概率有所收敛。5月底A股申万二级行业的轮动速度已边际回升。简单总结，在全球较为单边的5月之后，6月存在一系列“或有线索”一定程度推动再均衡。",,东方财富快讯104,http://finance.eastmoney.com/a/202606053761914040.html
NEWS_000091,news,东方财富新闻,A股午盘｜沪指涨0.43% 6G概念活跃 _ 东方财富网,2026-06-05,上证指数报4075.31点，涨0.43%，深成指报15623.57点，跌0.24%，创业板指报4055.23点，跌0.82%，科创综指报2066.83点，跌0.41%。6G、 通信设备 、游戏板块活跃， 电力 、 培育钻石 板块下挫。 （文章来源：第一财经）,,东方财富快讯104,http://stock.eastmoney.com/a/202606053761715952.html
NEWS_000092,news,东方财富新闻,瑞银：外资配置中国资产意愿提升 仍存较大增配空间 _ 东方财富网,2026-06-05,日前， 瑞银集团 中国区总裁、瑞银证券董事长胡知鸷，瑞银证券全球投资 银行 部联席主管谌戈在媒体研讨会上表示，全球主动管理基金对中国股票的配置比例已从2024年四季度低点的约5%回升至接近7%，但与2021年约15%的历史高位相比仍有差距，中国资产在全球主动管理基金投资组合中仍处于低配状态，后续增配空间较大。 盈利改善成为瑞银看好中国资产的重要依据。瑞银的数据显示，A股一季度整体盈利增长已超过7个百分点。基于此，瑞银已将全年A股盈利增速预期上调至11%。 胡知鸷表示，近年来A股市场流动性环境持续改善，行业和主题ETF规模在过去两年内增长近3倍，从5000亿元攀升至目前的1.5万亿元，流动性环境持续改善。瑞银研究团队认为，人民币是今年全球最具基本面支撑的核心货币，对主要货币存在3%至4%的升值空间，这将为境外投资者参与A股提供额外激励。 港股市场方面，瑞银认为，今年以来港股市场保持高度活跃，结构性变化显著，硬科技与新质生产力企业已成为新股发行的绝对中坚力量。数据显示，年初至今科创企业占港股IPO发行规模的63%，较去年同期的16%大幅跃升。 融资规模亦保持快速增长。谌戈介绍，2026年前五个月港股融资额已达约430亿美元，较去年同期的280亿美元显著提升。瑞银研究部门预计，全年港股新股IPO融资额有望达到450亿至500亿美元，并对今年恒生指数突破3万点的目标保持信心。 值得关注的是，港股可转债市场今年明显升温。胡知鸷表示，港股可转债市场呈现爆发式增长，融资规模已超过传统股票配售和增发。部分优质企业已能发行零票息甚至负收益率的可转债，近乎零成本完成大规模融资。 港股IPO市场的外资参与结构也在发生变化。谌戈称，港股IPO投资者结构正在发生变化。五年前美资投资者占比约30%至40%，目前已降至约20%；而欧洲加中东投资者占比从约20%提升至30%至40%。 展望下半年，胡知鸷认为，未来中国资本市场核心动能或将由企业盈利的实质性增长主导。瑞银看好两类资产，一是受益于全球 AI应用 落地、技术自主可控的科技大市值龙头板块；二是具备结构性出海能力的中小市值企业。 （文章来源：中国证券报·中证金牛座）,,东方财富快讯104,http://stock.eastmoney.com/a/202606053761679031.html
NEWS_000093,news,东方财富新闻,A股三大股指悉数翻红 _ 东方财富网,2026-06-05,A股三大股指悉数翻红， 6G概念 、 光纤概念 等板块涨幅居前。,,东方财富快讯104,http://finance.eastmoney.com/a/202606053761523375.html
NEWS_000094,news,东方财富新闻,保险板块走高 中国人寿涨超5% _ 东方财富网,2026-06-05,保险板块走高， 中国人寿 涨超5%， 新华保险 涨超4%， 中国人保 、 中国平安 、 中国太保 跟涨。,,东方财富快讯104,http://finance.eastmoney.com/a/202606053761356583.html
NEWS_000095,news,东方财富新闻,中科信半导体启动IPO辅导 _ 东方财富网,2026-06-05,证监会网站披露，北京中科信 半导体 股份有限公司于2026年6月4日在北京证监局办理辅导备案登记，拟首次公开发行股票并上市，辅导券商为 中信建投 证券。辅导备案报告显示，该公司控股股东为中电科烁科 电子 装备（北京）有限公司，直接持有公司33.11%的股权。 （文章来源：界面新闻）,,东方财富快讯104,http://finance.eastmoney.com/a/202606053761353441.html
NEWS_000096,news,东方财富新闻,房地产板块反复活跃 大悦城直线涨停 _ 东方财富网,2026-06-05,房地产 板块反复活跃， 大悦城 直线涨停， 阳光股份 、 特发服务 、 金融街 、 万科A 、 招商蛇口 跟涨。消息面上，据杭州 贝壳 研究院发布数据，杭州已连续三个月网签单量超9000套，其中5月网签量9087套，同比提升17.8%，创近六年同期新高。,,东方财富快讯104,http://finance.eastmoney.com/a/202606053761266217.html
NEWS_000097,news,东方财富新闻,牙博士启动IPO辅导 _ 东方财富网,2026-06-05,证监会网站披露，牙博士医疗控股集团股份有限公司（简称“牙博士”）于2026年6月4日在江苏证监局办理辅导备案登记，拟首次公开发行股票并上市，辅导券商为 东吴证券 。辅导备案报告显示，牙博士共同控股股东为陈国锋、刘明非、游宗明，分别持有公司27.95%、14.46%、14.14%的股份。 （文章来源：界面新闻）,,东方财富快讯104,http://finance.eastmoney.com/a/202606053761188538.html
NEWS_000098,news,东方财富新闻,一财社论：自发回购是一个市场自立信号 _ 东方财富网,2026-06-05,回购正在从管理层倡议走向市场自觉。 最新数据显示，截至6月3日，A股市场年内共有545家上市公司实施回购，合计回购金额达557.01亿元，另有超230家上市公司抛出回购预案，拟回购资金上限合计逾1000亿元。 从2023年底回购新规落地，到去年的鼓励式回购热潮，今年A股上市公司延续的回购热情，已是不一样的风采，多是上市公司基于市场生态和自身价值判断进行的抉择。 从实施回购的上市公司看，大致有两个特征：一是实施和抛出回购方案的，主力军是现金流相对充裕、有长期业绩支撑的 行业龙头 企业，回购金额超10亿元的7家公司的最新总市值均超千亿元；二是这些 行业龙头 企业的分布结构，都离目前正方兴未艾的AI技术变革相对较远，如 白酒 、家电、有色、 物流 等行业。 当然，最具标志性意义的还是回购的自发性，这给市场传递出的显著信号是：一方面是上市公司对股债同源的认知越来越清晰。长期以来，国内资本市场有着根深蒂固的重股轻债情结，这主要是基于一个朴实的认知，即股权融资无需偿付，所以融资成本更低，属于花别人的钱办自己的事，而债券融资则在财务上具有还本付息的压力，融资成本直接突出。因此对许多国内上市公司来说，股票发行出去后除非万不得已，否则不会再想着回购。 自发回购的出现，传递的一大信息就是上市公司和控股股东，对资本市场的感知已经发生了积极的改变，上市公司更强调市场对公司价值的发现，而不光是融到资。这种基于股权与债券乃至借贷市场的有效互动，以及匹配比对等做出的自发回购行为，显然向市场传递的是上市公司和控股股东对公司价值被低估的判断。因此自发回购传达的是价值信号，是上市公司对于自身股价的自信。 另一方面，自发回购也传达出整个金融市场流动性充裕的信号。 自发回购意味着企业自由现金流充裕，而影响上市公司自由现金流的因素集中在三个领域，即经营活动现金流、筹资活动现金流和投资活动现金流。当前国内经济环境反映出，受有效需求不足等内需偏弱因素影响，传统 行业龙头 企业的经营活动现金流与过往的变化并不大，投资活动现金流则可能受投资边际偏好较低因素影响，而导致许多传统行业龙头的投资支出不大，可能对上市公司自由现金流影响更大的是筹资或融资活动现金流，由于当前国内金融市场的融资成本较低和融资便利度较高。 这在一定程度上会带来企业融资的边际成本低于企业基于库存周期产生的边际投资收益率，进而在管理会计意义上出现了债项融资的成本要更低于股权融资成本。这使得通过债项融资回购股权，将给上市公司带来更多或有收益，更能提高每股收益，更有利于原有股东。这预示着在不影响流动性的情况下，选择回购是许多上市公司的理性决策。 为此，上市公司自发回购意味着越来越多的市场参与者，不再简单地将资本市场当作一个单纯圈钱的融资市场，而越发将资本市场当作财富的配置和管理市场，风险定价和缓释市场，这本质上是市场不经意间发出的市场宣言，是真正开始对传统“政策市”的一场告别，是国内资本市场走向成熟的一个可信标识。 让自发回购形成热潮，用清晰的市场语言宣告，国内资本市场的市场机制是畅通的，内生定价信号的表达越发清晰，市场具有稳定的自调节功能。包括管理层在内的各方，应让市场在试错中完成风险定价和资源的初始配置和适应性配置，从而助推资本市场健康成长。监管部门的职责和功能，是如何更好地保护市场机制内生的自发试错交易，如何更好地保证交易秩序的公平公正公开透明，如何低成本处理可能出现的公共外部性问题等。 天不言而四时行，地不语而百物生。市场的自发回购传递出明确的信号，上市公司正将资本市场当作财富的配置和管理市场，而非单纯圈钱的融资市场；同时尊重和敬畏市场，是监管的出发点和归宿，为市场试错交易提供容错空间，资本市场才能真正自立自强，健康成长。 （文章来源：第一财经）,,东方财富快讯104,http://finance.eastmoney.com/a/202606043760642342.html
NEWS_000099,news,东方财富新闻,中信证券：建议以“AI+能化”的新杠铃结构作为兼顾降波与收益的战略解 _ 东方财富网,2026-06-05,中信证券 研报表示，当前A股资金缩圈与虹吸、个股收益率分化均已触及历史极值，头部资产与长尾资产的收益率相关系数正逼近0.5的背离临界点。复盘历史，极致缩圈见顶并不决定大盘方向，但相关性背离往往预示着前期抱团的主线步入休整，资金行为与市场情绪面临结构性切换。展望后市，市场能否从极致分化走向系统性收敛，取决于宏观基本面增长与全球流动性能否实现顺畅接力。在宏观外部靴子落地前的模糊期，单纯依赖产业微观叙事已很难打破“缩圈”僵局，建议以“AI+能化”的新杠铃结构作为兼顾降波与收益的战略解。 （文章来源：财联社）,,东方财富快讯104,http://finance.eastmoney.com/a/202606053761034015.html
NEWS_000100,news,东方财富新闻,6月5日投资避雷针：4连板人气股提示风险 光模块透镜固定用胶月营收占比不足1% _ 东方财富网,2026-06-05,"导读：近日A股及海外市场潜在风险事件如下。国内经济信息方面包括：1）去库不及预期叠加仓单压力，碳酸 锂 一度跌破16万元；2）小红书启动金融专业号治理专项行动，处置非法诱导跨境投资等违规内容；公司方面重点关注包括：1）深交所向 唯特偶 下发关注函，要求说明公司目前主营产品分别应用在光模块生产三大环节的具体情况；2）4连板 天洋新材 公告，在 电子 胶产品中涉及 半导体 业务的光模块透镜固定用胶为新开发产品，目前该产品月营收占集团月营收不足1%；海外市场重点关注包括：1）美股三大股指收盘涨跌不一， 博通 大跌超12%， 美光科技 跌近8%；2）WTI原油 期货 结算价下跌3.10%，布伦特原油 期货 结算价下跌2.84%。 经济信息 1、6月4日碳酸 锂 2609合约低开大幅下探，尾盘有小幅回升震荡收盘，最低价15.76万元，最高价16.76万元，跌幅4.62%。需求端据乘联会6月3日数据显示5月 新能源 车市场批发136.5万辆，较上月同期增长11%，零售97.4万辆，较上月同期增长15%，以及下游排产维持高位，需求保持韧性提供了一定的底部支撑；但本周最新库存数据显示小样本去库730吨，大样本去库1340吨，去库幅度或不及预期叠加当前碳酸 锂 仓单数量持续攀升给盘面带来了显著压力，市场情绪偏弱，预计短期锂价将延续低位震荡格局，关注江西矿端动向。 (中联金) 2、小红书从6月3日起，对金融领域认证专业号开展专项治理行动。依据相关法律法规及平台规则，金融类认证仅向持有合规牌照的机构发放，平台认证专业号的昵称命名须与认证主体实际业务范围严格匹配，不得以虚假、误导性信息获取认证标识。工作人员介绍，5月以来，小红书平台共处置涉金融领域违规及无金融相关资质营销账号3.1万个，包括针对非法诱导跨境投资问题，共处置非法诱导跨境投资等违规笔记539条、评论146条；针对外资投行研报低价倒卖行为，共处置相关违规笔记141篇，冻结相关商品132件。 (财联社记者王晨) 3、近日，鸡蛋价格持续上涨。“供应紧张正成为影响鸡蛋价格的核心因素。”正信 期货 农产品 分析师李莉表示，6月以来，鸡蛋现货价格涨势有所放缓，其中红蛋价格已出现回落，大小码货源价差亦呈现回升态势，上述变化反映出供应出现边际改善的迹象。 (期货日报) 4、国内独立第三方AI行业数据榜单平台AI产品榜显示，豆包5月MAU（月活跃用户）为3.3亿，环比下降1.81%，约607万用户流失。 公司预警 1、 唯特偶 ：深交所向公司下发关注函，要求说明目前主营产品分别应用在光模块生产三大环节的具体情况。 2、4连板 天洋新材 ：在 电子 胶产品中涉及 半导体 业务的光模块透镜固定用胶为新开发产品，目前该产品月营收占集团月营收不足1%。 3、 康隆达 ：股东裕昊 创投 拟减持不超3%股份。 4、 智立方 ：控股股东及实际控制人拟合计减持不超3%股份。 5、 漱玉平民 ：股东漱玉锦云拟减持不超3%股份。 6、 拓新药业 ：持股5%以上股东拟减持不超2%股份。 7、 初灵信息 ：控股股东洪爱金拟减持不超2.9973%股份。 8、呈和科技：控股股东赵文林拟减持不超2%股份。 9、 东材科技 ：董事长唐安斌拟减持不超0.2872%股份。 10、 精达股份 ：股东华安保险拟减持不超2%股份。 11、 云涌科技 ：股东拟减持不超1.16%公司股份。 12、 万通发展 ：目前PCIe6.0switch芯片处于在研阶段，尚未投片。 13、 华特气体 ：目前氦气相关产品销售价格距高位已经有明显下降的趋势。 14、2连板 华源控股 ：间接持有宇树科技的比例约0.003%，间接投资金额较小。 15、 鼎通科技 ：液冷业务处于拓展、小批量供货阶段。 16、 宏达电子 ：民用 MLCC 业务规模极小。 17、 模塑科技 ：仅获得 机器人 外覆盖件的小批量采购订单，订单金额占营业收入的比例不足0.1%。 18、 江海股份 ：目前 超级电容 器、MLPC的规模、营收占比及其在AI服务器电源上的应用都较小。 海外预警 1、美股三大股指收盘涨跌不一。道琼斯指数涨1.73%创新高，标普500指数涨0.41%， 纳斯达克 综合 指数跌0.09%。 半导体 板块表现分化， 博通 大跌超12%，Arm跌超4%， 美光科技 跌近8%； 英伟达 、 台积电 、 阿斯麦 涨近2%。太空概念股普涨，“SpaceX概念基金”Destiny Tech100涨超7%，Rocket Lab涨超4%， 回声星通信 涨3%。医疗保健板块走高， 礼来 、 诺和诺德 涨超4%， 联合健康 涨5%。 利弗莫尔中概股龙头指数收跌0.43%。成分股方面， 网易有道 涨超2%， 百度 涨超1%， 台积电 涨近2%； 文远知行 跌近9%。 2、WTI原油期货结算价下跌3.10%，报93.04美元/桶。布伦特原油期货结算价下跌2.84%，报95.03美元/桶。 3、比特币周三跌势加剧，价格一度跌至61,300美元，为今年2月以来首次触及这一水平。比特币价格较本月早些时候的高点已下跌超过25%，较年初累计跌幅超过30%。与其他主要风险资产相比，2026年堪称比特币近年来表现最为疲软的年份之一。比特币市场承压的同时，美国华盛顿的监管环境也陷入动荡。加密行业重点推动的《数字资产市场清晰法案》（CLARITY Act）目前正面临重重阻力，其在美国参议院的闯关之路举步维艰。 （文章来源：财联社）",,东方财富快讯104,http://finance.eastmoney.com/a/202606053761029552.html
NEWS_000101,news,东方财富新闻,AI算力的尽头竟是“钻石”？培育钻石概念集体暴涨却少有个股研报 杠杆资金快速增长引发警惕 _ 东方财富网,2026-06-05,钻石恒久远，散热永流传！ 近年来，钻石的硬通货光环逐渐暗淡。在天然钻石价格不断走低的同时， 培育钻石 也是“跌跌不休”，1克拉 培育钻石 价格已从此前8000元的高点跌至去年末的3500元，不及同等品质天然钻石价格的十分之一。 然而，光芒逐渐暗淡的钻石，今年来却在资本市场大放异彩。凭借芯片散热等热门题材加持，包括 四方达 、 惠丰钻石 、 黄河旋风 、 力量钻石 在内的多只 培育钻石 概念股年内的涨幅都为三位数。其中， 惠丰钻石 最近在短短两周内暴涨160%。 不过，记者注意到，在行情如火如荼之际，近一年却没有券商发布相关概念个股的研报。业内人士认为，这反映出分析师群体对这些公司基本面的谨慎态度。与此同时，杠杆资金的加速涌入也值得投资者警惕。 培育钻石板块因AI实现大逆转 培育钻石板块的上一轮周期高点出现在2021年-2022年，此后由于产能快速扩张等原因，行业陷入深度调整。 事实上，在今年这轮行情启动之前，受事件性因素驱动，培育钻石概念也曾有几次异动。 例如，2024年8月15日，商务部、海关总署决定对锑、超硬材料相关物项实施出口管制。彼时， 四方达 、 黄河旋风 等概念股短期一度大涨。但直到受到AI概念加持，板块才真正迎来拐点。 记者注意到，早在2024年12月，就有机构指出，钻石应用于GPU散热前景可期。此外，从去年三季度一些券商对于 沃尔德 、 惠丰钻石 等相关概念股的调研安排来看，市场对金刚石材料有望成为芯片散热新趋势的认知已逐渐升温。 有分析认为，随着AI、 第三代半导体 功耗大增， 铜 铝 散热到达物理极限，金刚石因极高热导率成为破解算力热管理困局的核心解法，金刚石微粉从传统切割磨料转型散热主材将是大势所趋。此外，在边际变化上，华为提出韬定律，强调“逻辑折叠”，但晶体管3D密度提升将带来更高散热需求，金刚石等散热材料落地或将加速。 未来，在高端散热材料需求驱动下，传统金刚石行业有望摆脱存量内卷，头部企业将凭借技术工艺、产能优势等率先受益。 受相关题材驱动，今年来，金刚石散热概念在A股市场异军突起。截至6月3日收盘， 沃尔德 、 四方达 、 国机精工 、 中兵红箭 、 黄河旋风 、 力量钻石 、 斯莱克 、惠丰钻石等培育钻石概念股年内的平均涨幅高达102%。 然而，反观不少热门赛道个股凭借亮眼业绩支撑股价大涨，这批培育钻石概念股近年业绩却普遍低迷。 以今年来板块中累计涨幅排名前三的四方达、惠丰钻石、黄河旋风为例。四方达最近三年归母净利润持续下滑；惠丰钻石2024年、2025年扣非净利润均为负值；黄河旋风最近三年的亏损程度都较大，今年一季报仍未扭亏。 日前，惠丰钻石发布了股票交易异常波动及风险提示公告，公告中明确指出，“近期公司股价短期涨幅较大，明显偏离市场走势，存在市场情绪过热的风险。但公司基本面没有重大变化，也不存在应披露未披露的重大信息。敬请广大投资者注意二级市场交易风险，理性决策，审慎投资。” 今日，记者致电公司方面了解到，截至今年一季度，惠丰钻石在 半导体 散热领域的收入还没有体现在财报中。从去年四季度开始，在 半导体 散热领域，公司新开了CVD金刚石散热片和金刚石复合材料两个项目，目前进度比较快的是金刚石复合材料。 股价大涨之际，券商为何不发个股研报？ 受AI概念驱动，此前沉寂多年的培育钻石概念堪称今年A股市场的一匹黑马。记者从一些三方平台看到，搜索“金刚石”等关键词，可以找到不少近段时间各券商发布的相关行业分析研报，然而却少有针对个股的研报。 据Choice数据统计，四方达、 力量钻石 、惠丰钻石等概念龙头，近一年都没有券商的研报，因此也没有投资评级和业绩预测。此外，据记者观察，近阶段发布的相关行业研报中也少有行业深度研报，大多只是行业简报。 对于当前如此炙手可热的概念股，各券商的分析师为何会对撰写研报采取谨慎态度？这可能反映了分析师怎样的心态? 对此，从记者对多家券商行业首席的采访来看，尽管金刚石散热材料有远期想象空间，但分析师群体对具体公司的基本面仍然较为谨慎。 某券商行业首席告诉记者，“分析师写简报主要是实现覆盖，表示热点我也跟了。写深度报告表示要重点推荐，之所以目前相关概念股缺乏个股研报，也许是因为目前并不构成可以重大推荐的标准，譬如报表不够好。”另有券商研究所相关负责人则坦言，“不写研报可能是因为相关公司业绩不佳，不太好写。” 值得一提的是，近日，某券商曾发布介绍金刚石作为重要 半导体 材料的深度行业报告， 在研报中推荐了 国机精工 、四方达、 沃尔德 、惠丰钻石等多只培育钻石概念股。但近阶段，该券商却没有就具体个股出具研报。对此，该券商研究所人士告诉记者，“没有发个股研报，是因为这些个股不在我们相关合规分类的范畴（研究所会给可以研究的标的规定一个范围，在这个标的池里的公司才能出具研报）里面，所以写不了。但可以在行业里面提到，不过对应的内容肯定和专门写个股有差别，不会那么细了。” 多位受访的资深业内人士表示，近期培育钻石概念股表现突出，大多是市场基于产业预期的概念炒作。 “目前来看，培育钻石行业主要是一个供应链逻辑，应该是由下游的一些变化产生的供需矛盾驱动的，所以这种机会大家一般不太倾向于把个股研究得那么深刻。”某行业首席则向记者指出。 与此同时，杠杆资金近期的加速涌入也值得投资者警惕。据Choice数据统计，今年5月以来，多只培育钻石概念股融资余额快速增长。截至6月3日，沃尔德融资余额15.63亿元，较4月末增长16.5%；四方达融资余额10.3亿元，较4月末增长85.8%； 中兵红箭 融资余额9.25亿元，较4月末增长23.8%；黄河旋风融资余额6.28亿元，较4月末增长37%；力量钻石融资余额7.56亿元，较4月末增长32%；惠丰钻石融资余额0.2亿元，较4月末增长23%。其中，截至6月3日，沃尔德、四方达等个股融资余额占流通市值的比值已超5%。 从股价表现来看，截至6月3日，惠丰钻石5月以来股价涨幅超200%，黄河旋风、四方达涨超70%，力量钻石涨幅近50%。 不过，有市场人士认为，随着市场将进入中报窗口期，一些概念股如果要走得更远，还是得有实际的经营成果和业绩表现才行。 （文章来源：每日经济新闻）,,东方财富快讯104,http://finance.eastmoney.com/a/202606043760551297.html
NEWS_000102,news,东方财富新闻,资金抱团科技龙头：是高景气共识 还是拥挤的赌注 _ 东方财富网,2026-06-05,5月的中国股市，一边是142家公司股价创下 历史新高 ，另一边是近4000家公司月线收跌——其中更有近1000家公司，股价已经跌回了2025年4月7日沪指3096.58点（2025年以来最低收盘价）时的水平之下。 一边是“小登”科技股的狂欢派对，一边是大多数“老登”股的冷冷清清。今年来巨量资金死死抱团AI产业链。Wind数据显示，6月3日，A股成交额排名前5%的个股（约276只）合计成交额占全市场比重已达51.65%。 然后，5月底，“小登”突然降温， 白酒 、地产这些低估值“老登”接棒反弹。不过，6月2日以来，科技股再度迎来上涨。 机构抱团科技股，究竟还能走多远？ 机构抱团科技股 5月的A股，极致分化。 月初，美伊局势脱敏，风险偏好回升，CPO、 半导体 这些AI算力链上的个股，赚钱效应明显。月中，主线继续聚集 半导体 ，但纯概念炒作退潮。到了月末，指数开始宽幅震荡，资金一部分继续死磕科技，一部分开始转往 公用事业 、 建筑材料 这些低位价值和防御板块避险。 “交易太拥挤了。”前海开源基金首席经济学家杨德龙一句话点破，前期领涨的AI科技板块出现大幅获利回吐，特别是前期涨幅较大的光模块、CPO、算力出现调整。“这是极致的结构分化难以持久的结果。” 有多极致？Wind数据显示，6月3日，A股成交额排名前5%的个股（约276只）合计成交额占全市场比重已达51.65%。这意味着全市场5524只个股中，仅前5%的“头部科技龙头”就吸走了一半的资金。其中，成交额排名前三的个股为： 中际旭创 438亿元、 新易盛 337亿元、 工业富联 315亿元。值得一提的是，历史上当该指标超过45%后往往伴随市场巨大反转或风格切换。 格雷资产总经理张可兴一针见血：“抱团？不是机构提前商量好了要一起买哪只股票，抱团是一个结果，说白了，就是大家都看好同一个高景气赛道，你买我也买，买着买着就‘团’起来了。” 他举例，2016～2021年，机构抱团消费；2013～2015年，抱的是“互联网+”。“每一轮行情都有自己的‘团’，这是市场自然选择。” 那这次为什么偏偏是抱团科技？ 排排网财富公募产品运营曾方芳给出两个硬核理由：第一，AI是全球具备高确定性的产业浪潮，上游硬件订单饱满、业绩真金 白银 ；第二，地产和传统消费复苏乏力，整个市场遭遇“资产荒”，科技成了少数还能讲长期增长故事的优等生。 “小登”何时退潮？ 5月底的画风突变，让很多人猝不及防。 消费——尤其是 白酒 、地产——突然弹了起来。是资金真的换阵地了，还是只是中场休息？ 杨德龙指出，本次科技股交易过于拥挤、资金过度集中是调整的主要原因，并非基本面改变。 “更像是科技AI资金挤出来，去低位防御股做短期调整。不太可能成为维持几个月以上的主线切换。”张可兴判断。 张可兴认为：“AI产业革命不是一两年，而是十年以上的长跑。从2023年算起，我们才跑了3年，还处在‘铺路’的基础设施建设阶段——离真正的物理AI落地还远得很，最多算中场。”张可兴认为，科技的高景气远未终结。 市场表现似乎在印证这一判断：6月2日，科技股开始反弹。领涨的万得光模块（CPO）指数大涨6.69%，6月3日再度上涨4.8%，次日仍持续涨势。 那消费呢？张可兴表示，便宜是便宜，调整了五年，估值十几倍，股息率三四个点。 “但便宜不是上涨的理由。”张可兴直言，消费要真反转，必须满足两个条件：房价企稳甚至上涨、居民收入预期改善。 格上基金研究员关晓敏表示，在基本面没有改善迹象的情况下，估值修复等待的时间不可知，存在时间成本和估值继续下探的风险。而基本面有改善的行业，例如 创新药 ，可以关注逐步布局。 止于至善投资总经理何理则从产业周期给出了另一个视角，“AI技术的发展是当前全球最大的产业趋势，景气先在上游爆发，算力卡、存储、 先进封装 、光芯片全都供不应求。这一轮科技行情与互联网泡沫不同，股价上涨和企业盈利同步，不是纯估值泡沫。” 但5月底为什么跌？何理拆解了两层原因：一是彼时科创板可能迎来长鑫、长存、宇树、蓝箭等大型IPO，抽走存量流动性；二是国内芯片股大多处于扭亏为盈的拐点，在“市销率估值”阶段，流动性一紧就容易被杀估值。 曾方芳把这次消费反弹定性为“资金短期避险”：“科技太挤了，半年报窗口前有人想落袋为安；消费正好在低点，成了临时避风港。但消费的基本面修复很平缓，目前没有看到资金彻底撤离科技的极端信号。” 泡沫之争 对于科技股是否存在泡沫，市场分歧一直很大。 “一部分认为AI科技革命下相关板块将逐步释放业绩，高估值会得到消化，行情仍会继续；另一部分保守投资者，如 罗杰斯 、巴菲特、达利欧等，则警示泡沫破裂风险，并以大幅减仓甚至清仓的方式表达对AI科技泡沫的担忧。”杨德龙说。 关晓敏也认为，当下科技股整体偏贵，结构分化，局部过热。其提供的6月3日的数据显示， 纳斯达克 指数PE-TTM40.86倍，处于近十年60.3%的分位点，整体偏贵但不极端。但部分股票估值极端，比如 戴尔科技 估值处于历史最高位置，COHERENT估值处于近十年90%分位点，海力士估值处于近十年80%分位点，存在高估压力。而A股方面，科创50PE-TTM160.35倍，处于近十年90%分位点，同样存在估值压力。 “在结构性极端分化的行情下，机构凭借充裕的资金储备和较低的赎回压力，可以在低位承接优质资产，起到托底市场的作用。在市场极度悲观时识别被错杀的优质资产，在市场极度狂热时识别估值泡沫，起到价格发现作用。”关晓敏说。 杨德龙建议，对于A股和港股的AI科技行情，一方面可积极把握调整带来的布局机会，另一方面要随时关注泡沫破裂风险。 他提醒AI的投资者每天早上看一眼美股：“本轮AI科技革命始于美股。如果隔夜纳指安好，便是晴天；如果纳指暴跌，可能就是泡沫破裂的信号。” “目前纳指依然强势，所以这次调整不能当成科技行情走完的信号。但要注意，后市大起大落会成为常态。”杨德龙说。 尽管市场对AI科技是否存在泡沫的分歧很大，但据21世纪经济报道记者了解，当下机构投资主线仍保持在科技，但他们也并不排斥以消费为代表的优质低估值股，部分机构在科技股大涨下在投资上做平衡。 “我们从去年开始一直在增加科技仓位，今年年初市场下跌时，我们仍在增加科技仓位，现在科技仓位已经很高。”张可兴说。 但同时，张可兴表示：“消费股里如果有‘0～1’重大发展空间的个股，我们也会积极投资。” 何理也表示：“我们一直看好AI超级周期，基金始终保持满仓。如果消费股跌出质价比，我们也会加仓消费——但那是自下而上的选择，不是赌风格切换。” 国泰基金认为，极度分化的结构有望在6月走向弥合，建议保持进攻的同时“降波”：风格偏大盘，行业分散到AI硬件、 新能源 、 工业金属 、化工、保险。 金鹰基金权益研究部策略研究员 金达莱 预测，6月A股大概率高位震荡，风格分化边际收敛。配置上建议“哑铃型”——防守端拿 煤炭 、 电力 （高股息+夏季用电支撑），消费有超跌修复机会但不是反转；进攻端仍看AI算力链，但要从“炒扩散”转向“挖核心”，只留议价权强的龙头。 曾方芳也建议做更均衡的投资：“当下别追涨杀跌，也别全仓押一个方向。AI作为中长期主线并未终结，盲目减持科技去追逐消费反弹，很可能两头挨打。” 她建议逢低分批或定投布局，一边是科技方向侧重科创50、 半导体 等宽基或细分ETF；而另一边是消费方向做灵活配置，这样可博取估值修复。 上述私募机构CEO给个人投资者支了一招：别老在个股里频繁调仓换股，借道ETF——尤其是全球ETF——分散单一市场的风险。 （文章来源：21世纪经济报道）,,东方财富快讯104,http://finance.eastmoney.com/a/202606053760814437.html
NEWS_000103,news,东方财富新闻,华泰证券：保险业盈利反弹临近 建议重视二季报投资机会 _ 东方财富网,2026-06-05,华泰证券 研报表示，如果6月市场表现稳定，二季度或成为保险行业今年盈利表现最亮眼的一个季度。估计上市各保险公司2026年二季度的税前利润（中位数）有望同比增长23%—171%，相较于2026年一季度30%—50%的下滑明显反弹。今年以来，保险板块受一季度市场波动和盈利下滑，以及二季度以来较为极致的结构性市场行情影响，股价普遍下行10%—30%。PB（MRQ）估值已经较年初高点有两成左右的下降，估值安全边际显现，对二季度可能的盈利反弹反应不多，盈利与估值反差的张力不断累积。负债端仍然保持良好增长势头，行业基本面依然坚实。随着二季度临近结束，业绩反弹有望成为市场重新审视保险行业价值的重要催化剂，建议重视二季报投资机会。 （文章来源：界面新闻）,,东方财富快讯104,http://insurance.eastmoney.com/a/202606053761027987.html
NEWS_000104,news,东方财富新闻,开源证券：白酒底部布局 大众品把握三条主线 _ 东方财富网,2026-06-05,开源证券发布 食品饮料 板块2026年中期投资策略称， 白酒 板块已接近周期底部，全年复苏节奏应是前低后高。建议布局强品牌、稳动销、渠道健康的高端及次高端龙头。大众品板块估值处于合理区间，叠加基本面持续改善，具备较高配置价值，建议围绕三条主线布局优质标的：一是寻找短期收入修复弹性明确的机会，二是寻找产业周期有望触底反转的机会，三是 餐饮 行业持续修复，带动 餐饮 供应链需求提升。 （文章来源：第一财经）,,东方财富快讯104,http://finance.eastmoney.com/a/202606053761028250.html
NEWS_000105,news,东方财富新闻,612家A股公司年内发力回购 计划上限1114亿元 _ 东方财富网,2026-06-05,上市公司回购潮再起。6月3日，约40家A股上市公司发布回购预案或进展公告。以各行业头部企业为代表的白马股，大幅从二级市场真金 白银 回购股份，对于提振市场信心、夯实长期价值起到积极作用。 根据Wind数据，截至6月3日，年内已有612家公司合计更新或新披露672项回购预案，计划回购金额区间为662亿元至1114亿元，个别公司如公牛集团年内发布三项不同回购预案。在回购目的上，395项回购用于 股权激励 注销，159项用于 股权激励 或员工持股计划，65项用于市值管理或维护公司价值及股东权益，涉及金额上限分别为33.03亿元、448.12亿元和470.09亿元，剩余则用于其他目的。 “在回购目的上，市值管理与员工激励双轮驱动，大幅占据整体计划金额，体现出上市公司兼顾长期团队绑定与短期市值修复的双重诉求，是企业自信经营、主动管理价值的直观体现。”苏商 银行 特约研究员付一夫表示。 在回购方式上，虽然仅有244项直接从二级市场集中竞价交易获得，但1074.9亿元的回购规模已基本接近上限，另有428项采用定向回购方式或其他方式，涉及金额仅为37.49亿元。资金来源方面，543项明确为自有资金，涉及金额557.66亿元超过整体上限一半，剩余129项通过自筹资金、自有资金或第三方融资筹措。 “集中竞价交易的高占比，反映出企业倾向于透明化、市场化操作，而非私下协议。自有资金占比过半，表明现金流充裕的企业正将闲置资金转化为资本回报工具。”眺远影响力研究院院长高承远表示，值得关注的是，专项再贷款工具已被头部企业大规模应用，贷款比例最高可达回购金额的90%，这不仅是融资创新，更意味着政策工具正在重塑企业资本配置逻辑——回购从“有钱才能做”变成“想回购就能做”，制度红利正在加速释放。 从实际动作看，上市公司回购潮并不止于展示意向，而是用真金 白银 维护长期价值。根据Wind数据，年内612家公司合计更新或新披露的672项预案中，135项已宣布完成，109项正在实施中。从完成度看，104项回购金额占公告金额比例达九成，其中81项方案占比达到或超过100%。 从绝对金额看，年内已实际完成回购金额343.65亿元，超过公告金额下限662亿元的一半。其中，白马股领跑榜单前列，6家公司回购金额超过10亿元，包括 顺丰控股 、 京东 方A、 美的集团 、 紫金矿业 、 歌尔股份 、 海尔智家 。 高承远表示，白马股回购“霸榜”是“有钱、有意愿、有压力”三重因素共振的结果。这些企业现金流充沛，在行业资本开支收缩期，股份回购成为比盲目扩张更理性的资金出路。同时，头部企业面临估值承压和股东回报诉求的双重压力，大额回购既是向市场传递“价值被低估”的信号，也是在履行对长期投资者的承诺。从更深层次看，白马股的示范效应正在形成——当龙头企业将回购升级为常态化资本管理工具，中小市值公司要么跟进，要么在投资者关系上陷入被动。这种“马太效应”会进一步加剧市场分化。 付一夫表示，用真金 白银 落地回购方案，可以增厚每股收益、提升股东净资产回报率，直接提升个股长期投资价值。整体来看，常态化回购能优化上市公司分红回报体系，切实提升中小投资者获得感。 （文章来源：经济参考报）,,东方财富快讯104,http://finance.eastmoney.com/a/202606053760784495.html
NEWS_000106,news,东方财富新闻,华泰证券：保险业盈利反弹临近 重视二季报投资机会 _ 东方财富网,2026-06-05,华泰证券 研报表示，如果6月市场表现稳定，二季度或成为保险行业今年盈利表现最亮眼的一个季度。估计上市各保险公司2026年二季度的税前利润（中位数）有望同比增长23%-171%，相较于2026年一季度30%-50%的下滑明显反弹。今年以来，保险板块受一季度市场波动和盈利下滑，以及二季度以来较为极致的结构性市场行情影响，股价普遍下行10%-30%。PB（MRQ）估值已经较年初高点有大约两成左右的下降，估值安全边际显现，对二季度可能的盈利反弹反应不多，盈利与估值反差的张力不断累积。负债端仍然保持良好增长势头，行业基本面依然坚实。随着二季度临近结束，业绩反弹有望成为市场重新审视保险行业价值的重要催化剂，建议重视二季报投资机会。 全文如下 华泰2026中期展望 | 保险：保险业盈利反弹临近 核心观点 重视二季报投资机会 如果6月市场表现稳定，二季度或成为保险行业今年盈利表现最亮眼的一个季度。我们估计上市各保险公司2Q26的税前利润（中位数）有望同比增长23%-171%，相较于1Q26 30%-50%的下滑明显反弹。今年以来，保险板块受一季度市场波动和盈利下滑，以及二季度以来较为极致的结构性市场行情影响，股价普遍下行10%-30%。PB（MRQ）估值已经较年初高点有大约两成左右的下降，估值安全边际显现，对Q2可能的盈利反弹反应不多，盈利与估值反差的张力不断累积。负债端仍然保持良好增长势头，行业基本面依然坚实。随着Q2临近结束，业绩反弹有望成为市场重新审视保险行业价值的重要催化剂，建议重视二季报投资机会。 二季度盈利或反弹 今年一季度受股市下跌影响，多数保险公司出现利润大幅负增长。四月以来股市逐步回暖，二季度至今上证指数上涨4.9%，若反弹趋势延续，前期投资端压力有望阶段性缓解，并带动利润修复。从二级权益配比看，1Q26虽然股市下行，但是保险业仍维持了较高的股票和基金配置比例（15.5%），并且主要以交易类科目为主，当前利润仍然对权益市场较为敏感。我们对二季度的盈利表现进行了情景测试。假设2Q26权益投资收益率为3%~5%（保守）/ 7%~9%（乐观），上市公司盈利中位数在2Q26有望增长23%-171%。 三季度或面临基数压力 2025年三季度，A股及港股市场表现强劲，上证指数/恒生指数上涨约13%/ 12%，科技板块涨幅更为突出，带动保险公司投资收益和利润显著改善。五家A股上市险企3Q25单季度净利润同比增长约68%，达到历史高位。展望3Q26，如果权益市场不能重现去年的强势表现，保险公司或将面临较大的同比基数压力。我们在2026年上半年利润测算基础上，进一步对前三季度业绩进行情景分析，假设3Q26大盘温和上涨2%~4%。在保守情形下，今年3Q26上市保险公司税前利润或均负增长，同比下跌38%至75%；在乐观情形下，大多数上市保险公司税前利润仍可能面临同比负增长压力。 险企利润进入高波动时期 在新会计准则下，保险公司利润主要来源于保险服务业绩和投资业绩，其中保险服务业绩相对稳定，投资业绩是利润波动的主要原因。2023年初实行新准则以来，上市保险公司的年度合计投资业绩最低接近零、最高超过保险服务业绩，导致公司利润呈现高波动。2025年险资大幅增加权益仓位，股票和基金配比年末上升至17.8%，其中交易类FVTPL股票和基金的平均配置比例从9.7%上升至12.5%。在二级权益仓位 历史新高 的情况下，保险公司利润对权益资产的敏感性也处于较高水平。我们估计，二级权益投资收益率变动1pcts，对应投资业绩ROE的波动为0.2~1.9pcts。 如何正确看待会计利润的高波动 当前保险公司将大部分股票计入FVTPL，导致股市的波动直接影响利润。需要注意的是，这部分利润变动在很大程度上来自未实现的“浮盈浮亏”，并不意味着保险公司的投资能力、承保能力或日常经营效率在短期内同步发生大幅变化。公司估值理论上不应完全跟随当期会计利润剧烈波动，而应更加关注长期投资回报、负债端经营质量和可持续盈利能力。但不可否认的是，盈利仍然是投资者关注的重要指标，因此盈利波动仍然会对保险公司的估值造成影响。 风险提示：寿险NBV大幅恶化，财产险承保表现恶化，投资出现大幅亏损。 （文章来源：第一财经）,,东方财富快讯104,http://insurance.eastmoney.com/a/202606053760982387.html
NEWS_000107,news,东方财富新闻,华泰证券：光模块设备或迎量升价增拐点 _ 东方财富网,2026-06-05,华泰证券 研报表示，AI算力需求持续增长驱动高速光模块加速放量，同时1.6T/3.2T高速率升级及CPO等技术迭代推动光模块封装复杂度与性能要求持续提升，带动上游设备行业进入“量增+价升”共振阶段。光模块设备市场迎增长加速拐点，看好产业链相关企业发展。 （文章来源：第一财经）,,东方财富快讯104,http://finance.eastmoney.com/a/202606053760939190.html
NEWS_000108,news,东方财富新闻,ETF座次重新洗牌 资金“换挡”重塑市场生态 _ 东方财富网,2026-06-05,今年以来，大额资金持续撤出宽基ETF，给头部基金管理人带来了不小的规模冲击。同时，这些头部机构充分利用A股的结构性行情，在相对细分的热门行业主题ETF赛道上挖掘增量机会，ETF的竞争格局同步出现变动。 6月3日，易方达基金凭借6185.19亿元的ETF管理规模问鼎市场，坐上境内ETF基金管理人的“头把交椅”。在当前ETF管理规模排名前十的基金管理人中，除易方达基金外，国泰基金、广发基金、博时基金、华安基金的最新位次相比年初均有提升。 当资金逻辑从全市场贝塔配置转向细分行业阿尔法收益挖掘，业内人士认为，境内ETF市场生态正发生全方位重构，未来前瞻布局细分赛道、提高精细化运作程度、夯实产品流动性壁垒、搭建多元化产品矩阵、完善机构定制与投顾生态等将成为ETF竞争的重要方向。 ETF规模排位生变 Wind数据显示，截至6月3日，易方达基金以6185.19亿元的ETF管理规模，新晋成为全市场ETF管理规模最大的基金管理人。 目前，全市场ETF管理规模排名前十的基金管理人分别为易方达基金、华夏基金、华泰柏瑞基金、国泰基金、广发基金、南方基金、博时基金、嘉实基金、富国基金、华安基金。对比年初来看，易方达基金、国泰基金、广发基金、博时基金、华安基金的位次有所提升，其中国泰基金、博时基金、华安基金今年以来的ETF管理规模实现正增长。 今年ETF江湖风云变幻，尤其此次ETF基金管理人“头把交椅”易主，ETF的行业竞争格局正发生潜移默化的改变。宽基ETF持续遭遇大额资金流出，给部分拥有龙头宽基ETF产品的基金管理人带来了不小的规模冲击。 1月中旬，华夏基金一度成为全市场首家ETF管理规模突破万亿元的基金管理人，当时易方达基金的ETF管理规模也在9000亿元以上，而目前两家基金管理人的ETF管理规模均回落至6000亿元区间。 截至6月3日，沪深300相关ETF今年以来合计净流出超8000亿元，中证1000、上证50、 中证500 、中证A500、科创50相关ETF今年以来均净流出1000亿元以上。 在规模指数ETF方面，华夏基金今年以来管理规模减少近4000亿元，其中沪深300ETF华夏、上证50ETF华夏规模均减少超1500亿元，中证1000ETF华夏规模也减少超400亿元。华泰柏瑞基金、易方达基金旗下规模指数ETF管理规模均减少3000亿元左右，其中沪深300ETF华泰柏瑞规模减少超2800亿元，沪深300ETF易方达规模减少超1900亿元，创业板ETF易方达、科创50ETF易方达规模合计减少超900亿元。 结构性行情催生新机遇 大额资金持续流出，导致境内ETF市场出现一定程度的出清，但在今年A股结构性行情的演绎和配合下，ETF基金管理人正朝着更精细化的方向探索新的增量空间。 尤其是行业主题类ETF凭借亮眼的业绩以及灵活便捷的特质，成为越来越多投资者参与市场的首选工具，吸引了资金的广泛关注。此类产品的规模增量一定程度上也弥补了部分头部机构在宽基ETF上的“失血”困境。 例如，华夏基金、国泰基金、易方达基金等头部机构凭借对各行业主题板块的前瞻、全面布局，在细分科技以及红利价值等热门板块已成功打造出多只明星ETF单品。 今年以来， 电网设备 ETF华夏规模新增超257亿元，成为全市场规模增量最大的ETF产品。截至6月4日， 通信 ETF国泰、 半导体 设备ETF国泰今年以来均涨超60%，排在全市场前列。截至6月3日，两只ETF规模今年以来分别新增超210亿元、120亿元。易方达基金则在红利低波ETF、红利ETF、价值ETF等方面显著吸金，三只ETF合计规模新增超150亿元。 国泰基金表示，在二季度的结构性行情下，热点轮动加快，投资者对底层指数的关注度明显提升。投资者更倾向于选择指数定位清晰、与行情主线匹配度更高的产品。以科技主题为例，跟踪 通信 、 半导体 设备等与AI算力主线强相关的行业ETF持续获得资金流入。 不仅是上述头部机构，另有部分ETF基金管理人则在差异化布局方面下足了功夫，规模累积效应已取得显著成效。 其中颇具代表性的是，海富通基金深耕债券型ETF，旗下城投债ETF、短融ETF、10年地方债ETF、可转债ETF今年以来合计规模增加超500亿元；博时基金发力债券型ETF、商品型ETF，旗下可转债ETF、 黄金 ETF、30年国债ETF今年以来合计规模增加超220亿元；永赢基金从热门板块切入，旗下卫星ETF今年以来规模增加超100亿元，旗下科创债ETF规模也增加70亿元以上。 市场格局正在发生转变 资金在宽基ETF与行业主题ETF之间的“换挡”，显示境内ETF市场格局正在发生转变。 晨星 （中国）基金研究中心高级分析师李一鸣在接受中国证券报记者采访时表示，以长线配置资金、机构底仓资金集中离场为特征的宽基ETF规模出清，推动境内ETF的资金逻辑从全市场贝塔配置转向细分行业阿尔法收益挖掘，市场生态正发生全方位重构。 具体来看，一是核心宽基持续遭遇大额净赎回，而同期科技细分、红利、中小盘等主题ETF逆势吸金，资金呈现明确的“弃大盘宽基、看好细分赛道”的迁徙特征；二是大盘权重指数震荡抬升，细分景气赛道依托ETF的持续净流入，走出独立的结构性行情，大小盘行情分化进一步拉大；三是头部ETF基金管理人开始收缩低效的宽基营销资源，而将投研、渠道资源倾斜至行业与Smart Beta ETF产品上来。 今年一季度末，境内ETF已全部完成“标的+ETF+基金管理人”的标准化更名，ETF市场正式迈向品牌化竞争的新阶段，李一鸣称：“ETF行业马太效应持续强化，逐步形成头部主导核心宽基、腰部深耕细分赛道、尾部产品加速边缘化出清的三层格局。” 伴随此轮规模出清，李一鸣认为，未来境内ETF市场竞争将聚焦以下维度，包括前瞻布局细分赛道，比拼提前锁定产业景气细分、精细化拆分指数的投研实力；提高精细化运作程度，聚焦跟踪误差管控、折溢价控制、做市生态搭建，夯实产品流动性壁垒；搭建多元化产品矩阵，覆盖权益细分、Smart Beta、固收、跨境、商品全品类，满足机构一站式配置；完善机构定制与投顾生态，依托 银行 理财、保险、 养老金 等长线资金需求，开发定制化ETF方案。 在ETF种类日益丰富的背景下，国泰基金注意到，投资者对于底层指数的认知需求大幅提升。因此，未来ETF基金管理人需要通过持续的指数科普、热点解读等投资者陪伴内容，帮助投资者真正理解产品定位，做到“看得懂、选得准、拿得住”，大力提升投资者获得感。 （文章来源：中国证券报）,,东方财富快讯104,http://stock.eastmoney.com/a/202606053760812026.html
NEWS_000109,news,东方财富新闻,高温与算电协同助力 A股电力板块投资价值升温 _ 东方财富网,2026-06-05,一边是国内高温天气持续提升 电力 需求，一边是算电协同概念越发受到市场认可，近期 电力 板块表现活跃，市场关注度不断升温。 在业内机构看来，今年气候变化导致的高温将带动迎峰度夏期间用电需求增长，与此同时，市场对 国产芯片 算力预期提升或带动用电量加速增长，催生行业投资机会。展望后市，煤电板块有望在高温天气下率先受益，沿海地区现货电价提升及算电协同加速发展等因素将进一步推动 公用事业 板块二级市场的表现，绿电、水电、核电等细分方向的投资价值同样值得关注。 高温提振 电力 板块关注度 在经历前期持续冲高后，6月4日，A股电力板块涨势暂歇，但部分个股表现仍然活跃。Wind数据显示，截至6月4日收盘，万得电力指数下跌逾1%，该指数在6月3日盘中创出近11年来新高；从个股表现看，6月4日， 豫能控股 、 梅雁吉祥 双双涨停， 华电能源 涨7%， 金开新能 、 华电辽能 、 龙源电力 、 节能风电 、 福能股份 等个股集体跟涨。 从近年来A股行业板块轮动情况看，6月前后随着全国气温逐渐升高，居民用电需求迅速增长往往带动市场对A股电力板块关注度升温。就今年而言，发生强厄尔尼诺的概率正在上升被视为推动电力板块走强的又一重要催化剂。 国信证券 公用 环保 行业首席分析师黄秀杰梳理发现，5月25日至5月27日晚间，南方电网电力负荷连续三天创出新高，今年以来，南方电网全网及广东、广西、云南、贵州、海南五省（区）电力负荷创新纪录达20次，打破了2020年至2025年年度峰值集中在六、七月的季节性规律。预计6月上旬，南方地区仍将出现阶段性高温天气，全国将陆续进入度夏用电高峰期。 结合对国家气候中心相关研判内容的分析， 招商证券 环保 及 公用事业 行业首席分析师宋盈盈预计，今年受气候影响导致的高温将带动迎峰度夏期间用电需求增长，同时长江及以南地区降水有望显著增加。从2026年二季度起，西南地区大中型水电站蓄能指标及来水量有望明显好转，水电板块“量价齐升”的业绩确定性进一步强化，与火电的峰值保供能力形成良好共振效应。 算电协同催生投资新机遇 在获得天气“助攻”的同时，今年以来AI产业的强劲发展带动了市场对算力需求的大幅增长，算电协同这一概念持续受到各方重视，也被视为电力行业又一重要投资机遇。 据 光大证券 电新行业首席分析师殷中枢介绍，算电协同是指以新型电力系统和全国一体化算力网为基础平台，通过技术创新、机制改革和产业融合，实现电力系统与算力基础设施在规划建设、运行调度、市场交易、技术创新等环节的深度协同，其功能架构本质上是驱动算力网络与电力系统深度嵌合的核心支撑体系。 从算力对电力的消耗情况看，国家能源局日前发布数据显示，2025年全国算力中心总用电量达1700亿千瓦时，占全社会用电量的1.6%。国家能源局局长王宏志预计，“十五五”时期全国算力用电量年均新增1000亿千瓦时以上，到2030年预计达8000亿千瓦时，占全社会用电量的6%左右。 在 国泰海通 公用事业 首席分析师吴杰看来，市场对 国产芯片 算力预期的提升或带动用电量加速增长，并有望推动电价上涨，催生行业投资机会。目前市场仍然聚焦算电协同，行业估值提升值得期待。 对于算电协同未来布局，殷中枢认为可从三大维度展开：一是绿电主供，算电协同驱动下， 数据中心 电量交易以清洁能源为主，行业绿色溢价逐步显现，后续有望随着电力市场改革深化、碳市场政策完善逐步提升；二是智慧调度，需重视 虚拟电厂 、 综合 能源服务、SST（固态变压器）等技术，算电协同应用场景进一步丰富有望推动其商业化进程；三是算力迁移，即把高耗能、非实时任务从东部高电价、缺绿电地区迁移到西部绿电足、电价低的枢纽节点，实现算随电走、错峰运行，既能降本减碳，又能提升电力与算力利用效率。 煤电等多个细分领域受青睐 对投资者而言，面对来自天气和产业层面的积极催化，当前电力板块有哪些细分领域值得关注？ 当下，首先有望受益的是煤电板块。 华泰证券 公用事业及 环保 行业首席分析师王玮嘉认为，煤电板块在利用小时数等多个层面有望直接受益于最大电力负荷持续创新高，尽管市场或担忧用电负荷攀升带动煤价上涨，但煤价上涨也是市场化电价上涨的重要支撑，电价上涨可以逐步传导成本上涨带来的压力。 对于公用事业板块， 东方证券 公用事业行业首席分析师孙辉贤认为，在国际秩序重构及AI用能需求高增背景下，公用事业板块作为重要实体资产，价值有望迎来重估；此外，为服务 新能源 电量消纳，我国需进一步推动电力市场化改革，叠加地缘冲突背景下全球能源价格中枢上移，预计我国电价及 天然气 价格将逐步进入新一轮上行周期，沿海地区现货电价提升及算电协同加速发展等因素仍将进一步催化公用事业板块二级市场表现。 就算电协同对电力板块的催化而言，孙辉贤判断，算力用电量快速提升有望带动算力网络八大枢纽节点所在省份用电需求超预期增长，为枢纽节点省份电源上网电价及 新能源 消纳提供有力支撑，枢纽节点省份电力企业也有望率先受益于算电协同行业高速发展。 在电力体制改革持续深化的背景下， 东吴证券 环保公用行业首席分析师袁理看好绿电等方向机遇：随着消纳受限、电价承压等压制因素逐步缓解，市场化改革将引领 新能源 产业高质量发展；就水电而言，其度电成本在各类发电模式中最低，相关标的现金流稳健、分红能力强，折旧期满后盈利空间将持续释放；对于核电板块，相关标的成长性突出、远期盈利及分红水平有望提升，这构成了板块投资价值的重要依据。 （文章来源：中国证券报）,,东方财富快讯104,http://finance.eastmoney.com/a/202606053760811261.html
NEWS_000110,news,东方财富新闻,中信建投：港股正式进入牛市中后段 _ 东方财富网,2026-06-05,6月5日， 中信建投 黄文涛、何盛团队一份研报指出，港股本轮主升浪正在确立。 自3月底， 中信建投 提出港股阶段性配置机会以来，港股已逐步完成阶段性探底，并在4月TACO交易后构筑中期底部。 中信建投 认为，港股行情正由前期估值和情绪修复，转向盈利验证与风险偏好改善共同驱动的新阶段。 过去一个多月港股表现相对落后，主要源于全球资金优先流入AI算力敞口更高的市场，而港股权重更多集中于互联网平台、金融、消费、红利及 AI应用 侧，对算力产业链的直接敞口相对有限。此前市场主要认为算力环节最具确定基本面，港股因算力成分有限而不被重视。后续若AI交易从纯算力向算力 租赁 、云服务、 AI应用 、 网络安全 、数据平台和企业软件扩散，港股科技资产的结构劣势有望逐步转化为结构优势。 中信建投认为，当前驱动港股行情的中短期因素正在重新排序。一是海外风险仍有扰动，过去一两周美国长债利率抬升、美元偏强和地缘风险反复，对港股估值弹性和外资风险偏好仍有压制。二是国内宏观修复仍然一般，但国内流动性边际改善，对风险资产形成一定对冲。三是产业基本面更为关键，互联网平台、云服务、AI 应用、本地生活等方向业绩表现好于此前悲观预期。港股当前的核心不是宏观强复苏，而是产业基本面较好、流动性改善和盈利预期修复共同作用。 从大周期看，港股已经走出去年以来的低位估值修复阶段， 正式进入牛市中后段 。本阶段不会再是指数普涨行情，而是由盈利、景气度和产业兑现共同驱动的结构性主升。流动性和估值修复已经兑现较多，后续决定超额收益的核心变量将转向业绩验证。互联 网龙 头一季报已经出现结构性改善，市场对港股盈利修复的预期正在重建。 配置上，互联网与AI平台仍是第一主线，高流动性科技龙头适合作为主升阶段核心仓位； 创新药 和 新消费 继续提供弹性，但都需要从主题交易转向业绩兑现，精选龙头和高景气标的；红利资产回归底仓属性，重在分红可持续性和现金流质量；港股新股则关注AI、 机器人 、智能 汽车 、 创新药 和 新消费 等稀缺方向。 （文章来源：大河财立方）,,东方财富快讯104,http://finance.eastmoney.com/a/202606053760864861.html
NEWS_000111,news,东方财富新闻,警惕并购重组中的非理性溢价 _ 东方财富网,2026-06-05,近日，一家主营光 通信 领域的A股上市公司发布公告称，终止筹划以“发行股份+现金”方式收购同业细分标的企业股权的资产重组事项。深究背后原因，系双方在标的资产估值上分歧过大，难以调和，一场有望实现双向增益的产业链并购就此作罢。 据笔者不完全统计，年内因同样原因终止的重组项目还有5单。在产业并购热情持续升温的背景下，部分细分热门赛道标的估值脱离基本面、溢价居高不下，已成为一些并购项目半路夭折的重要诱因。 究其非理性估值溢价原因，笔者认为，主要有以下三类：一是机构将行业短期景气、临时大额订单带来的阶段性业绩激增视作长期可持续增长，无视行业周期与订单落地的不确定性，依托热门赛道盲目抬升标的估值；二是部分轻资产科创企业借助赛道概念与非核心专利、在研技术包装变现预期，将尚未落地的研发成果折算为实际收益，人为虚增无形资产与估值；三是二级市场板块股价大幅波动扰动并购换股定价基准，买卖双方因股价异动产生估值分歧，最终导致项目终止。 结合市场成熟实操经验，笔者认为可通过以下四招挤压非理性估值溢价、引导并购定价回归基本面。 第一招，立足长远战略，锚定并购核心边界。企业可围绕自身在产品线、销售渠道、核心技术等领域的实际短板搭建标的储备，对意向项目保持长期跟踪研判，围绕主业审慎拓展产业布局，从投资决策源头避开依靠题材概念刻意抬升估值的标的，杜绝盲目在热门赛道“囤货式”收购。 第二招，深化穿透尽调，甄别标的真实底色。尽调不能仅局限于财报纸面数据，还可通过核验上下游合作、终端客户等外围信息核实订单与收入真实性，细致甄别 知识产权 含金量，剥离无法产业化落地的虚增无形资产；同时重点核查在手长期订单、核心团队稳定性、历史 股权转让 作价等，对短期内估值异常暴涨的标的进行重点排查，及时发现突击增资、财务包装等估值注水隐患。 第三招，创新交易机制，约束短期天价溢价。改变过往全额现款交割的定价模式，合理采用分期支付、定向可转债等交易设计，将部分交易对价与未来经营业绩、技术研发落地情况绑定，倒逼标的通过后续经营兑现估值；同时，优化业绩约束条款，减少“一刀切”式财务对赌，增设产能投产、技术转化等非财务考核条件，防范标的为完成短期业绩指标而牺牲长期研发投入。 第四招，完善估值标尺，弱化赛道单一定价。遵循差异化估值管控思路，结合收购方经营合规水平区分溢价审核尺度，严控频繁蹭热点、盲目跨界主体的高额并购定价；对科创类标的定价锚定在手订单、硬核技术壁垒、同行业可比交易、历史 股权转让 价等多重参考依据，压缩资产估值虚增空间。 并购重组的核心价值在于产业整合、赋能实业发展，而非追逐赛道风口、炒作资产溢价。当前A股市场产业并购持续深化，修复定价逻辑，是资本市场服务实体经济的必然要求。对上市公司而言，唯有摒弃短期逐利思维，依托理性战略、深度尽调、科学机制、公允标尺开展并购交易，才能精准剥离估值水分、规避交易博弈风险，让并购重组真正回归资源整合、提质增效的本源，助力并购市场实现健康、有序发展。 （文章来源：证券日报）,,东方财富快讯104,http://finance.eastmoney.com/a/202606053760772243.html
NEWS_000112,news,东方财富新闻,A股限售股解禁一览：241.97亿元市值限售股今日解禁 _ 东方财富网,2026-06-05,Wind数据显示，周五（6月5日），共有16家公司限售股解禁，合计解禁量为4.8亿股，按最新收盘价计算，合计解禁市值为241.97亿元。 从解禁量来看， 中策橡胶 、 中科仪 、 昆仑万维 解禁量居前，解禁股数分别为4.18亿股、2154.53万股、1838.69万股。从解禁市值来看， 中策橡胶 、 中科仪 、 优优绿能 解禁市值居前，解禁市值分别为191.94亿元、19.7亿元、15.32亿元。从解禁股数占总股本比例来看， 中策橡胶 、 优优绿能 、 中科仪 解禁比例居前，解禁比例分别为47.75%、20.94%、9.63%。 （文章来源：每日经济新闻）,,东方财富快讯104,http://finance.eastmoney.com/a/202606053760818590.html
NEWS_000113,news,东方财富新闻,半导体行业景气度攀升 产业链公司受益明显 _ 东方财富网,2026-06-05,世界 半导体 贸易统计组织近日发布的预测报告称，2026年全球 半导体 市场规模将较2025年增长近90%，达到1.511万亿美元，约合人民币10.2万亿元。 南开大学金融学教授田利辉在接受《证券日报》记者采访时表示：“AI技术的快速发展，是本轮全球 半导体 市场规模高速增长的核心引擎。AI大模型的训练和推理，促使算力需求呈指数级扩张，直接导致全球半导体市场需求井喷。” 上述报告显示，2026年全球半导体市场规模同比增幅将创下 历史新高 。预计2027年全球半导体市场规模将同比增长26.6%，市场规模进一步升至1.914万亿美元，约合人民币12.9万亿元。2027年全球所有主要地区的半导体市场都将延续增长势头，其中美洲和亚太地区是引领增长的两大核心引擎。 对此，苏商 银行 特约研究员武泽伟在接受《证券日报》记者采访时表示，2026年是AI基础设施大规模部署的初期，需求集中爆发，而2027年市场基数增大，增速自然放缓。 “半导体产业链包括上游材料和设备，中游制造和封装测试，下游终端应用包括 消费电子 、 汽车 电子 、 通信设备 等。在全球半导体产业格局中，我国企业在部分环节已建立一定优势，一批A股上市公司是其中的杰出代表。”北京智帆海岸营销顾问有限责任公司首席顾问梁振鹏向《证券日报》记者表示。 在全球半导体市场景气度攀升的背景下，我国半导体企业紧抓机遇，实现加速发展。今年第一季度，半导体行业A股上市公司整体迎来业绩高增长。 Wind数据显示，A股半导体行业169家上市公司一季度归属于上市公司股东的净利润合计同比增长124.83%。其中，深圳市 德明利 技术股份有限公司、深圳 佰维存储 科技股份有限公司（以下简称“ 佰维存储 ”）、 北方华创 科技集团股份有限公司、 兆易创新 科技集团股份有限公司、 中芯国际 集成电路制造 有限公司（以下简称“ 中芯国际 ”）、中科 寒武纪 科技股份有限公司一季度归属于上市公司股东的净利润均超10亿元，分别为33.46亿元、28.99亿元、16.35亿元、14.61亿元、13.61亿元、10.13亿元。 中芯国际 方面在公告中表示：“基于客户需求和在手订单情况，相较于上个季度，我们对于今年的整体运营情况更加乐观。公司将紧密跟踪客户需求，灵活调配资源，加快产品响应速度，确保在复杂环境中依然能保持高质量的交付。” “本轮存储涨价由AI算力需求爆发引起，供需缺口在短期内难以缓解，存储市场有望持续景气。公司将持续跟踪未来存储行业的发展趋势。” 佰维存储 相关负责人近期在公司2026年第二次临时股东会上表示，“当前公司毛利率水平处于较高位置，后续毛利率水平和盈利能力需要持续关注价格传导和成本变动。从市场预期看，受益于 AI应用 及词元调用需求爆发，后续产品价格仍有一定上升空间，公司也将持续关注价格走势。” 田利辉表示：“我国已是全球最大的半导体消费市场，也是产业链配套最完整的国家之一。企业要构建区域性的安全供应链体系，通过深度整合产业链，提升效率和韧性。此外，企业必须坚持长期主义，在核心技术攻关上保持战略定力，既要投入足够的资本，更要沉淀出顶尖的人才，最终实现从成本效率优势向技术引领的全面突围。” （文章来源：证券日报）,,东方财富快讯104,http://finance.eastmoney.com/a/202606053760769922.html
NEWS_000114,news,东方财富新闻,交易所强化交易业务单元监管 严禁为个别投资者提供特殊便利 券商启动全面自查整改 _ 东方财富网,2026-06-05,上海证券报记者获悉，交易所近日修订了交易业务单元管理要求，并向券商下发了关于强化参与者交易业务单元管理的通知。通知要求券商针对参与者交易业务单元使用情况开展自查，如有不符合相关规定的情形，应在三个月内完成整改，同时应确保清理整改工作平稳有序开展，将已清理的部分交易单元优先用于改善普通投资者的交易体验。 通知提到，券商应当做好交易单元内部分配，公平对待投资者，保护投资者特别是中小投资者合法权益，严禁为个别投资者提供特殊便利。同时，券商申请新增普通经纪和两融专用交易单元前，应确保已申请的交易单元数量与其自身的经纪业务规模相互匹配，并做好已申请交易单元的充分使用。 近年来A股交易生态发生明显变化，专属独立交易单元逐步演变为部分资金的差异化套利工具，成为本次整改的直接诱因。 此前，不少券商将专属独立交易单元作为高净值客户的核心营销卖点，依靠特殊通道服务留存大额资金、赚取高额服务费。针对行业乱象，此次交易所收紧交易业务单元监管，着重强调交易资源公平分配原则，维护证券市场秩序和交易公平，保护投资者合法权益。 交易所要求券商：应当切实发挥监督职能，加强对交易单元的统一管理和交易单元使用情况的监控，严禁通过使用交易单元建立交易通道等方式为个别投资者提供特殊便利。应当加强交易单元使用情况管理，不得使用状态异常或者已经停用的交易单元建立交易通道。应当准确设置交易单元清算路径，并确保交易单元具备相应交易权限，避免出现大量无效申报等影响正常交易结算秩序的情形。交易所表示，根据申请时间顺序受理会员交易单元相关业务申请，并按照公平、合理的原则分配交易单元。 （文章来源：上海证券报）,,东方财富快讯104,http://stock.eastmoney.com/a/202606053760780190.html
NEWS_000115,news,东方财富新闻,工业机器人核心零部件“小巨人”今日上市丨打新早知道 _ 东方财富网,2026-06-05,5日，有一只新股上市，为北交所的 新睿电子 （920211.BJ）。该公司是国家级 专精特新 “小巨人”企业，主营业务为工业 机器人 控制系统及部件、伺服系统及部件的研发、生产和销售。 招股书显示，控制系统、伺服系统被称为工业 机器人 的“大脑”和“肌肉”，是工业 机器人 三大核心零部件之二，决定了 机器人 的反应速度、部署效率和运行稳定性，是工业 机器人 性能评价的主要因素。 新睿电子 于2010年开始研发工业 机器人 控制系统，是国内较早开展工业机器人控制系统研发的企业之一。经过十几年的技术创新与产品迭代，公司形成了工业机器人成套控制系统、驱控一体控制系统、控制系统单机、伺服系统等软、硬件相结合的解决方案和产品体系，在直角坐标工业机器人细分市场积累了较高的知名度、美誉度。 市场方面，2023年、2024年和2025年全国规模以上机器人制造企业工业机器人产量分别为42.95万套、55.60万套和77.31万套， 新睿电子 同期工业机器人控制系统销售数量为3.87万套、6.78万套和8.44万套。 客户方面，新睿 电子 已在注塑机机械手、水晶 自动化设备 、金属抛光 自动化设备 、数控机床以及纺织机械等领域积累了品牌优势。目前，公司与海迈克、东莞信易电热机械有限公司、广东统一机器人智能股份有限公司、广东顶巨智能科技股份有限公司等多家行业知名客户建立了长期合作关系。 新睿 电子 提醒，公司存在原材料价格波动的风险。公司的原材料主要为IC芯片、 PCB 、电机及 电子 元器件等，其价格容易受到市场供需的影响。如果主要原材料价格未来持续大幅上涨，或者公司产品售价未能随着原材料成本变动作相应调整，公司成本将显著增加，导致毛利率下滑，进而对公司盈利能力产生不利影响。 （文章来源：21世纪经济报道）,,东方财富快讯104,http://finance.eastmoney.com/a/202606053760807855.html
NEWS_000116,news,东方财富新闻,6月5日国内四大证券报纸、重要财经媒体头版头条内容精华摘要 _ 东方财富网,2026-06-05,6月5日(星期五)，今日报刊头条主要内容精华如下： 中国证券报 多只热门牛股 密集提示风险 6月4日晚间， 华特气体 、 江海股份 、 鼎通科技 等多只热门股密集发布股票交易异常波动公告说明相关情况，并提示风险。 4倍大牛股又涨停！交易所发函追问 6月4日晚间，4倍大牛股 唯特偶 收到深交所关注函。关注函显示，近期，公司股价涨幅较大，4月25日至5月21日，公司路演频繁，共计发布7份投资者关系记录表，并多次在问答环节提及光模块、 先进封装 等热点领域相关业务，深交所对此高度关注。 不只是“光”“芯” 公募淘金AI材料端 当 英伟达 单柜 MLCC （片式多层陶瓷电容器）用量从1.5万颗升至9万颗，当 电子 布从绝缘基材成为功能性材料，AI算力浪潮正在影响整个 电子 产业链的成本构成与价值分布。在这轮行情中，一批公募基金经理没有只盯着GPU（图形处理器）和光模块，而是将投资范围扩展到更上游的被动 元件 和基础材料。 多家民营银行下架3年期、5年期存款 继五年期大额存单“隐退”后，整存整取的三年期及五年期定期存款也面临调整。近日，多家民营 银行 宣布下架或暂停销售相关产品，另有 银行 下调中长期限存款利率。曾经利率普遍高于2%的长期存款产品，如今多数已回落至“1字头”。 上海证券报 厄尔尼诺带来丰水预期 南方水电公司迎景气行情 今年5月至7月厄尔尼诺形成概率为82%；今年12月至明年2月，北半球冬季厄尔尼诺持续概率高达96%。历史统计表明，在厄尔尼诺发展背景下，我国容易出现“南涝北旱+暖冬”的典型气候格局。 多地以旧换新政策扩围 持续释放消费动能 商务部等七部门发布的《关于提质增效实施2026年消费品以旧换新政策的通知》明确 汽车 报废和置换更新、6类家电以旧换新、4类数码和智能产品购新等四个领域执行全国统一补贴标准，同时给予地方更多自主空间，支持各地将 智能家居 、适老化家居产品纳入补贴目录。目前，全国多地围绕扩品类、增投放、优流程等方向落地本地化细则，政策落地呈现差异化、便民化特征。 多路增量资金加码A股 主动权益类基金加仓科技成长 尽管市场波动加剧，多路增量资金却积极加码A股。数据显示，主动权益类公募基金仓位连续四周提升，股票主观多头策略型私募基金平均仓位增至近八成，两融交易活跃度有所回升，海外资金也为A股加持。业内人士认为，A股存在修复基础，且有望进一步吸引各类资金配置，未来一段时间市场或仍较为活跃，会有较明显的结构性机会。 前5个月基金新开户数近160万 基金经理对后市普遍持乐观态度 随着公募基金赚钱效应的持续显现，投资者对基金的关注度也在不断升温。上交所数据显示，今年前5个月基金新开户数近160万，同比增长超过20%。从近期基金发行情况看，权益与“固收+”产品均接连出现爆款。站在当前时点，机构对后市普遍持乐观态度。 证券时报 “对市场具有历史意义” SpaceX推进全球最大IPO 备受关注的美国太空探索技术公司（SpaceX）上市进程正在稳步推进，将于6月12日正式上市交易。公司更新后的招股书显示，SpaceX此次上市募集金额有望创下全球IPO募资纪录，同时公司有望成为全美第七大市值公司。 不拼网速拼覆盖 6G将带来三大产业机遇 6月4日，工业和信息化部发文开展6G创新发展部省协同试点专项行动，通知要求加强新型终端、芯片器件、操作系统、 商业航天 等6G关联产业培育。此前，5月8日，工业和信息化部批复6GHz频段（6425—7125MHz）作为6G试验频率，我国6G开始走进真实场景。 “理财特种兵”热衷博取净值脉冲 警惕“爆金币”式行情击鼓传花 继跨城寻觅高息的“存款特种兵”走红之后，属于财富管理市场的新兵种——“理财特种兵”也在崛起。证券时报记者注意到，部分投资者正将目光锁定在新发行、小规模的 银行 理财产品上，试图通过短线快进快出，捕捉净值突然拉升的“爆金币”行情。这类被“理财特种兵”盯上的产品，往往是中低风险的新发固收理财产品，在特定条件下产生的收益均摊到较小的初始份额上，会让年化收益率短期内出现明显冲高。 资产划转税务处理口径存争议 业内建议出台可量化细则与指引 一则看似不起眼的所得税批注，再度引发市场对资产（股权）划转是否适用特殊性税务处理的关注。上海国投公司日前发布的2025年审计报告显示，其提交的居民企业资产（股权）划转特殊性税务处理申报成功，被上海长宁区税务局退回9.63亿元所得税。而在此之前， 山东黄金 、 柳工 集团、浙能集团等公司均因类似划转事项被税务机关认为不符合特殊性税务处理，最终补缴巨额企业所得税及滞纳金。 证券日报 前5个月私募证券产品备案量同比增长近50% 指数增强策略热度攀升 今年以来，私募证券产品备案数量显著增长。私募排排网最新统计数据显示，前5个月，全市场累计备案私募证券产品6530只（含自主发行及投顾产品，下同），较去年同期的4378只增长49.15%。股票策略继续担当备案主力。伴随A股市场交易活跃度稳步抬升，前5个月，全市场合计备案的股票策略私募产品达4222只，同比增长51.11%，占全部备案私募证券产品的比重接近65%。其中，指数增强策略成为股票策略私募产品中的增长亮点，备案热度持续走高。前5个月，全市场合计备案指数增强私募产品1603只，同比大增73.30%，占股票策略备案总量的37.97%。 多地前瞻布局太空算力领域 人工智能 算力需求激增与 商业航天 加速爆发正催生“太空算力”新赛道，一场围绕太空算力的产业竞争悄然展开。近期，多地密集落子，频频加码这一新赛道。 车企频繁跨界具身智能 比亚迪宣布入局人形机器人赛道 又一家车企入局人形 机器人 赛道。近日， 比亚迪 股份有限公司（以下简称“ 比亚迪 ”）执行副总裁李柯公开表示， 比亚迪 正在开发人形 机器人 。“ 机器人 的竞争在于谁有最强的制造能力、软件能力和硬件能力，而 汽车 相关AI能力可以移植到 机器人 上。” 半导体行业景气度攀升 产业链公司受益明显 世界 半导体 贸易统计组织近日发布的预测报告称，2026年全球 半导体 市场规模将较2025年增长近90%，达到1.511万亿美元，约合人民币10.2万亿元。南开大学金融学教授田利辉在接受《证券日报》记者采访时表示：“AI技术的快速发展，是本轮全球 半导体 市场规模高速增长的核心引擎。AI大模型的训练和推理，促使算力需求呈指数级扩张，直接导致全球半导体市场需求井喷。” 人民日报 数据标注员、无人驾驶集控员、新型创业主体……新质生产力孕育就业新机遇（经济新方位·新质生产力创造就业新空间） 新质生产力蓬勃发展，一大批新技术、新业态、新场景推广应用，在对现有就业影响加深的同时，也在持续释放新的就业带动力。如何抓住新质生产力里的就业机会？传统岗位从业者如何转型？记者采访了有关专家和多地企业、劳动者。 为中美关系行稳致远注入青春活力（钟声） 新时代的中美民间友好，正以更加鲜活多元的形式焕发新生。从传承“乒乓外交”精神的“篮球外交”“匹克球外交”，到互联网上刷屏出圈的“烟火中国”“现代中国”，美国年轻网友自发分享所见所闻，用真实镜头讲述鲜活中国故事，让跨洋文明对话愈发生动温暖。无论是“成为中国人”还是“极致中国化”，都是中美两国人民不断走近、增进了解的鲜活见证。近期美国民调显示，美国涉华民意稳步改善，支持对华接触与合作成为主流，年轻一代正成为人民友好事业的生力军。这充分说明中美人民相知相近的愿望不可阻挡，终将汇聚成推动中美关系稳定健康可持续发展的磅礴力量。 经济日报 锻造实体经济的坚实底盘 对我国而言，坚守实体经济更具特殊意义。14亿多人口的大国，不能走脱实向虚、泡沫扩张的路子，也走不通依赖外部、空心发展的路子。锻造实体经济的坚实底盘不是可选项，而是必答题；不是权宜之计，而是长久之策。 莫让儿童成为盲盒“提款机” 眼下，盲盒卡牌等走俏市场。与此同时，诱导儿童盲目消费现象时有发生，家长饱受其扰。儿童属限制民事行为能力人，我国已出台相关规定，不得向未满8周岁的未成年人销售盲盒。相关部门要落实监管责任，加大校园周边巡查整治和市场监管力度，避免儿童成为盲盒“提款机”。 央广网 不产棉花，祁阳何以“织”就百亿纺织产业？ 从单家企业起步，集聚起147家产业链企业；从低端来料加工，实现“纺、织、印、染、整”全流程贯通。如今，祁阳生产的雨伞布市占率超六成，打造了百亿级纺织产业集群。这条突围之路，并非简单的产业复制，而是一场“从零到一、从散到聚”的系统性培育。 商务部：美滥用出口管制严重冲击全球半导体产供链稳定 商务部今日举行例行新闻发布会，新闻发言人介绍近期商务领域重点工作有关情况，并答记者问。新闻发言人何咏前在回答美国商务部封堵所谓芯片“监管漏洞”的有关提问时表示，近年来美方不断以国家安全为由滥用出口管制，严重损害中国企业正当权益，严重破坏国际经贸秩序，严重冲击全球半导体产业链供应链稳定，中方对此一贯反对。中方敦促美方尽快纠正错误做法，停止对华歧视性措施，维护全球产业链供应链稳定。 21世纪经济报道 央行开展5000亿买断式逆回购 引导主要市场利率回归合理水平 近期市场流动性颇为充裕，3个月期买断式逆回购连续四月缩量续作。4日，央行公告，6月5日将以固定数量、利率招标、多重价位中标方式开展5000亿元买断式逆回购操作，期限为3个月（92天），到期日为2026年9月5日（遇节假日顺延）。 20CM涨停大牛股唯特偶 收深交所关注函！股价2个月暴涨近4倍 6月4日，深交所发布《关于对深圳市 唯特偶 新材料 股份有限公司的关注函》，其中指出，近期， 唯特偶 股价涨幅较大，5月20日触及严重异常波动，6月4日触及涨停。4月25日至5月21日，唯特偶路演频繁，共计发布7份投资者关系记录表，并多次在问答环节提及光模块、 先进封装 等热点领域相关业务。 第一财经 制度红利持续释放 “A+H”双向潮涌 近日，大模型明星港股 智谱 （02513.HK）和MiniMax（00100.HK）启动回A股上市程序，引发市场关注。在A股公司赴港上市热潮之下，港股公司“回A”的热情也持续升温。第一财经记者采访企业、投行及审计机构发现，在科创板第五套标准与创业板第四套标准相继落地、两地上市规则包容性大幅提升后，“A+H”已成为更多企业结合自身特点、利用两个市场寻求更快发展的共同选择。 一财社论：自发回购是一个市场自立信号 回购正在从管理层倡议走向市场自觉。最新数据显示，截至6月3日，A股市场年内共有545家上市公司实施回购，合计回购金额达557.01亿元，另有超230家上市公司抛出回购预案，拟回购资金上限合计逾1000亿元。 经济参考报 支撑商用落地 6G创新发展部省协同试点启动 记者6月4日获悉，工业和信息化部日前印发通知，组织开展6G创新发展部省协同试点专项行动，提出到2029年，进一步激发地方和企业创新活力，形成一批自主创新的6G技术方案，培育一批前景可观的新型业务应用场景，涌现一批丰富多样的新型终端产品，为6G商用落地提供有力支撑。 SpaceX上市募资规模料创纪录 有望提振商业航天板块 近日，埃隆·马斯克旗下SpaceX向美国证券交易委员会（SEC）最新提交的招股书显示，SpaceX将IPO发行规模定为5.556亿股，预计发行价为135美元/股。预计净募资额在基础发行后约750亿美元，超额配售后有望超过850亿美元。 （文章来源： 东方财富 研究中心）,,东方财富快讯104,http://finance.eastmoney.com/a/202606053760785288.html
NEWS_000117,news,东方财富新闻,东方财富财经早餐 6月5日周五 _ 东方财富网,2026-06-05,"每日精选 券商交易单元整改 ： 记者获悉，三大交易所近日修订了交易业务单元管理要求，并向券商下发通知，强化交易业务单元管理。交易所明确，券商即刻启动交易单元全面自查，存量不合规配置须在3个月内整改完毕；交易所要求，应当做好交易单元内部分配，公平对待投资者， 保护投资者特别是中小投资者合法权益，严禁为个别投资者提供特殊便利 ；会员应当为投资者公平分配交易网关，原则上不得为单一投资者分配单独使用的交易网关。 商务部回应 ： 商务部6月4日举行例行新闻发布会，新闻发言人何咏前在回答美国商务部封堵所谓芯片“监管漏洞”的有关提问时表示，近年来美方不断以国家安全为由滥用出口管制，严重损害中国企业正当权益， 严重破坏国际经贸秩序，严重冲击全球 半导体 产业链供应链稳定 ，中方对此一贯反对。中方敦促美方尽快纠正错误做法，停止对华歧视性措施，维护全球产业链供应链稳定。 物理AI ： 在2026中国台北GTC大会上， 英伟达 正式官宣重磅产品——NVIDIA Cosmos 3，这款面向物理AI的开放世界基础模型 ，凭借全新混合Transformer架构，打通视觉推理、世界生成、动作预测三大核心能力，成为全球首款完全开放的全模态物理AI模型。与此同时， 英伟达 牵头成立全球开发者协作联盟，正式拉起物理AI生态阵营，宣告物理AI规模化落地时代加速到来。 央行逆回购 ： 央行公告，为保持 银行 体系流动性充裕，2026年6月5日，中国人民 银行 将以固定数量、利率招标、多重价位中标方式 开展5000亿元买断式逆回购操作，期限为3个月（92天） ，到期日为2026年9月5日（遇节假日顺延）。 光纤预制棒 ： 据央视财经报道，业内人士表示，光纤预制棒作为光缆产品的上游材料，占行业利润分配的70%。目前最抢手的光棒产品是“A2类光纤预制棒”，这类光棒拉出来的光纤抗弯曲能力强，在AI算力基建与入户 通信 场景中广泛应用。数据显示， A2类预制棒报价由2025年初的22元至30元/等效芯公里涨至2026年的160元/等效芯公里，涨幅近550% 。业内人士表示，光棒的扩产周期一般需要18至24个月，短期内，光棒供给紧缺的情况仍会阶段性固化，拥有光棒产能的企业将成为本轮行情的最大受益方，中小厂商可能会面临供应不足、接受代工、利润挤压等情况。 富途控股 公告 ： 富途控股 发布关于对存量投资者在中国内地服务调整的公告，自2026年6月12日(北京时间)起：投资账户将有如下调整：1.在中国内地交易服务： 暂停股票等所有品种的买入(开仓)交易，卖出(平仓)不受影响 。2.在中国内地资金划转服务：暂停资金转入服务。 SpaceX启动IPO路演 ： SpaceX已启动首次公开募股（IPO）路演，拟向公众发行555,555,555股A类普通股。散户投资者将能够以与大型机构相同的价格参与， 预计SpaceX每股价格为135美元。拟授予承销商30天期权 ，可额外购买最多83,333,333股A类普通股。已申请将其A类普通股在 纳斯达克 全球精选市场和 纳斯达克 德克萨斯上市，股票代码为“SPCX”。 国内成品油价将下调 ： 国内成品油价今晚迎来2026年内第二次下调。6月4日，国家发改委发布消息称，自24时起，国内汽油价格和柴油价格分别下调525元/吨、505元/吨。折合升价，92号汽油下调0.40元，95号汽油下调0.42元，0号柴油下调0.43元。消费者用油成本将明显减少。以油箱容量为50升的小型私家车为例， 加满一箱92号汽油将比之前少花20元左右 。 热点题材 6G ： 工业和信息化部办公厅发布关于组织开展6G创新发展部省协同试点专项行动的通知，到2029年，通过实施6G创新发展部省协同试点专项行动，进一步激发地方和企业创新活力，形成一批自主创新的6G技术方案，培育一批前景可观的新型业务应用场景， 涌现一批丰富多样的新型终端产品，为6G商用落地提供有力支撑 。 先进封装 ： 在6月4日的股东会上， 台积电 董事长兼总裁魏哲家透露， 台积电 目前已建设CoPoS试产线，预计2-3年产量才能达到相当大的规模 。 台积电 的CoPoS技术与关注度高涨的 玻璃基板 紧密相关。其采用方形 面板 设计，以 玻璃基板 取代部分传统材料，意在支持更大尺寸AI与HPC芯片封装需求。 工业气体 ： 据媒体报道，海关出口数据显示，今年4月，国内六氟化 钨 出口均价达到149.79美元/千克， 同比上涨28.33%，环比暴涨203.83% ，涨价幅度超预期。这一价格信号，直接印证了该领域供需关系的急剧变化。而六氟化 钨 是 半导体 制造中不可或缺的关键 电子 特种气体。 电力 ： 记者从国家电网了解到，据测算， 今夏国家电网经营区最大用电负荷将超过13亿千瓦，比去年同期增长约6% 。为全力保障电网安全运行和 电力 可靠供应，国家电网加快保供能力建设，持续完善 电力 市场化交易，促进清洁能源高效利用，目前，168项迎峰度夏重点工程正在加快建设。 燃气轮机 ： 《2026燃气轮机产业发展白皮书》显示，2025年全球燃气轮机需求量约为90-100GW，但年产能仅为55-60GW，供需缺口高达30-40GW。《白皮书》预测，全球市场的供需失衡至少延续到2030年。而 中金公司 日前研报称， 测算 数据中心 所需燃气轮机产量缺口将从2025年的4.3GW提升至2030年的15.1GW ，产能缺口长期存在。 3D 打印 ： 据央视新闻报道，当前，随着技术进步、出口增长以及应用场景的不断扩大，我国 3D打印 正加快从实验室走向工业生产和大众消费市场，产业进入快速发展新阶段。数据显示，今年前四个月， 我国 3D打印 设备产量同比增长50.9%，出口量同比增长100.3% 。目前，中国企业已占据全球消费级 3D打印 设备约90%的市场份额。 算力 ： 为深入贯彻落实国家关于推动 人工智能 高质量发展的战略部署，推动产业加快高质量Token服务能力建设，中国信息 通信 研究院 人工智能 研究所、 人工智能 大模型与软硬件评测工业和信息化部重点实验室、中国人工智能产业发展联盟（AIIA）模型服务（MaaS） 工作组将于6月16日在北京联合召开“高质量Token服务研讨会” 。 公司新闻 中际旭创 ：公司第三期限制性股票激励计划预留部分第一个归属期归属条件已成就，本次归属股票数量为32.4万股，占公司总股本的0.03%，归属人数为69人，归属价格为35.16元/股，募集资金约1140.77万元用于补充流动资金， 股份于2026年6月8日上市流通 。 致尚科技 ：公司自2026年1月1日至本公告披露日，持续收到美国某光纤连接解决方案提供商的采购订单，累积订单金额约6,640.04万美元， 折合人民币约4.6亿元(不含税) 。订单内容为光纤连接器(MPO光纤跳线等光 通信 产品)。 洁美科技 ：目前公司 电子 封装材料经营情况稳定， 电子 级薄 膜材料 处于放量期，2025年度电子级薄 膜材料 营业收入为2.60亿元， 营业收入占比为12.37% 。 通鼎互联 ：公司建设年产600吨光棒及2000万芯公里光纤的对外投资项目取得进展，设立的项目公司通鼎光学(韶关)有限公司及全资运营公司通鼎信息通信(韶关)有限公司 已完成工商登记并领取营业执照。项目公司注册资本8亿元 ，运营公司注册资本1亿元。 中国能建 ：公司所属子公司组建的联营体作为总承包方，与项目公司签署了阿布扎比特维拉C燃气联合循环电站项目EPC合同， 合同金额16.87亿美元，折合人民币114.20亿元 。该项目位于阿联酋阿布扎比酋长国，工程内容为建设一座净出力为2600MW的双燃料燃气联合循环电站。 江海股份 ：公司目前 超级电容 器、MLPC的规模、营收占比及其在AI服务器电源上的应用都较小。另外， 公司没有片式多层陶瓷电容器（ MLCC ）业务 ，也没有投产 MLCC 的计划。 天洋新材 ：在电子胶产品中，涉及 半导体 业务的光模块透镜固定用胶为新开发产品， 目前该产品月营收占集团月营收不足1% ，不会对公司业绩造成重大影响且存在未来供货的不确定性。 新华网 ：公司拟投资建设“新华语典”项目， 总投入预算为11.22亿元，其中募集资金变更投入预算为7.41亿元 ，不足部分以自有资金补足。项目静态投资回收期4.17年，内部收益率20.35%。 博杰股份 ：公司董事会审议通过向特定对象发行A股股票预案， 拟募集资金总额不超过15.03亿元，用于服务器检测设备及散热模组零部件产能建设项目 、先进研发中心及平台建设项目及补充流动资金。发行对象不超过35名，发行数量不超过6243.92万股。 万通发展 ：公司发现e互动有投资者关注PCIe6.0switch芯片的投片进度等相关信息，目前PCIe6.0switch芯片 处于在研阶段，尚未投片 。 点击查看更多上市公司重大公告>> 环球市场 Anthropic呼吁全球放缓前沿AI研发： 美国人工智能公司Anthropic呼吁全球顶级AI实验室考虑放缓开发步伐，理由是AI系统正以如此迅猛的速度进步，以至于它们可能很快能够在无需人工干预的情况下自我改进，从而对社会构成重大风险。该公司周四在一篇博客文章中披露了内部关于模型能力提升速度的数据，并表示，能够放缓全球AI开发速度""可能是一件有利于全世界的事情""。 加拿大推出国家人工智能战略： 加拿大政府在周四公布的人工智能国家战略中提及，为了推动本土AI企业加速壮大并留在本国发展，该国准备选择一批最有前途的本土人工智能公司入股，打造所谓的加拿大本土AI“冠军企业”。在卡尼政府周四公布的“全民AI”（AI for All）战略文件中，加拿大政府表示，该国有完善的科研机构和人才培养体系，近年来也诞生过一批具有全球影响力的初创企业，但“毗邻全球最大科技市场”，使得这些本土公司往往会为了客户和资本出走到他国。 Coinbase推出SpaceX上市前永续合约： 借着SpaceX上市的东风，加密货币交易所Coinbase周四宣布推出Pre-IPO永续 期货 ——允许投资者在知名IPO落地前，提前开始下注它们上市后的表现。根据官网公告，新产品与近些日子受到投资者关注的“链上原油、 黄金 ”类似，均为7x24小时交易的永续合约。近几个月来，面对瞬息万变的国际地缘博弈，这些链上资产开始在传统金融市场休市期间承担起部分价格发现的作用。待SpaceX上市后，该合约将自动转化为SpaceX永续合约。 交易提示 点击立即参与申购>> 债市纵览 Shibor ： 6月4日，隔夜shibor报1.3160%，与上日持平；7天shibor报1.3480%，上涨0.1个基点；3个月shibor报1.4015%，下跌0.2个基点。 欧债： 欧市尾盘，英国10年期国债收益率跌3.3个基点，报4.898%。德国10年期国债收益率跌1.3个基点，报3.023%。法国10年期国债收益率跌0.5个基点，意大利10年期国债收益率跌0.8个基点，西班牙10年期国债收益率跌0.8个基点，希腊10年期国债收益率跌0.8个基点。 美债： 纽约尾盘，美国10年期国债收益率跌2.17个基点，报4.4729%。两年期美债收益率跌3.51个基点，报4.0472%；30年期美债收益率跌1.71个基点，报4.9746%。2/10年期美债收益率利差涨1.340个基点，报+42.358个基点。10年期通胀保值国债（TIPS）收益率跌1.36个基点，至2.0876%；两年期TIPS收益率涨1.30个基点，至1.3906%；30年期TIPS收益率跌1.85个基点，至2.7156%。 商品 期货 国内 期货 ： 6月4日，国内商品期货多数收跌，碳酸 锂 、沪锡跌超4%，钯跌近4%，多晶硅、沪 镍 跌超3%，瓶片、沪银、红枣、不锈钢、氧化 铝 跌超2%。涨幅方面， 焦煤 涨超4%，焦炭涨超2%，菜油、原木、沥青涨超1%。 国际 黄金 ： COMEX 黄金 期货当月连续合约上涨35.50美元，涨幅0.79%，报4502.4美元/盎司。COMEX 白银 期货当月连续合约上涨0.43美元，涨幅0.58%，报74.125美元/盎司。现货黄金上涨40.91美元，涨幅0.92%，报4475.41美元/盎司。现货 白银 上涨1.15美元，涨幅1.58%，报73.89美元/盎司。 国际原油： 国际油价06月04日下跌。截至当天收盘，纽约商品交易所WTI原油期货当月连续合约下跌3.11美元，收于每桶92.91美元，跌幅为3.24%。 国际金属： LME期 铜 收涨107美元，报13932美元/吨。LME期 铝 收跌38美元，报3666美元/吨。LME期锌收跌22美元，报3588美元/吨。LME期铅收跌6美元，报2017美元/吨。LME期 镍 收跌182美元，报18689美元/吨。LME期锡收跌1664美元，报55744美元/吨。LME期 钴 收平，报56290美元/吨。 国际 农产品 ： 纽约尾盘，彭博谷物分类指数跌1.54%，报29.6347点。CBOT玉米期货跌1.80%，报4.2375美元/蒲式耳。CBOT小麦期货跌0.94%，报5.8175美元/蒲式耳。CBOT大豆期货跌2.19%，报11.2875美元/蒲式耳；豆粕期货跌2.28%，豆油期货跌2.92%。CBOT瘦肉猪期货跌0.37%，活牛期货涨1.61%，饲牛期货涨3.14%——将近一半的时间处于涨停状态。 外汇市场 人民币： 6月4日，在岸人民币北京时间16:30收报6.77680，较上一交易日下跌48点。离岸人民币北京时间18:00报6.77358，较上一交易日下跌114.4点。在岸/离岸人民币北京时间18:00价差为-5.8。 人民币外汇掉期： 6月4日，截至北京时间16:30，美元兑人民币6个月掉期报-872.2点，美元兑人民币1年掉期报-1731点。 美元： 美元指数4日下跌。衡量美元对六种主要货币的美元指数当天下跌0.11%，在汇市尾市收于99.419。截至纽约汇市尾市，1欧元兑换1.1614美元，高于前一交易日的1.1598美元；1英镑兑换1.3425美元，高于前一交易日的1.3416美元。1美元兑换160.02日元，低于前一交易日的160.03日元；1美元兑换0.7892瑞士法郎，低于前一交易日的0.7924瑞士法郎；1美元兑换1.3899加元，高于前一交易日的1.3895加元；1美元兑换9.3737瑞典克朗，低于前一交易日的9.4065瑞典克朗。 财经日历",,东方财富快讯104,http://finance.eastmoney.com/a/202606043760755463.html
NEWS_000118,news,东方财富新闻,中交地产“摘帽”次日董事长辞职 轻资产之路指向何方？ _ 东方财富网,2026-06-05,4日晚间， 中交地产 公告称，公司董事会收到董事长王尧提交的辞职报告。因个人原因，王尧申请辞去公司董事、董事长及公司其他所有职务。辞职后，王尧将不再担任公司任何职务。 这一人事巨变发生在公司战略转型的关键节点，引发市场对 中交地产 未来治理结构稳定性的高度关注。4日， 中交地产 在资本市场表现欠佳，股票跌停收盘。 值得注意的是，就在前一天（6月3日），公司股票撤销退市风险警示，证券简称由“*ST中地”恢复为“中交地产”。 刚“脱险”即换帅 公告称，根据《中华人民共和国公司法》《公司章程》等有关规定，王尧的辞职报告自送达董事会之日起生效，其原定任期本应至2028年4月17日。截至6月4日，王尧未持有公司股票。 现年42岁的王尧是中交地产史上最年轻的董事长。在接任董事长之前，王尧历任中交一公局办公室主任、副总法律顾问，中交地产非独立董事、副总裁等职。在接任董事长后，兼任中交 房地产 集团党委常委、中交物业服务集团董事长等职。 王尧的辞职时机颇为特殊。2025年9月，在前任董事长郭主龙离任后，王尧接任董事长。彼时，公司正处于“披星戴帽”的退市边缘。在其任内，公司完成了从重资产地产开发向轻资产运营的艰难转型，并最终在2026年6月3日成功“摘帽”。（注：2025年8月31日，中交地产完成重大资产重组；2026年5月，中交地产正式更名为“中交城市发展控股集团股份有限公司”。） 据此，王尧在中交地产董事长职位的任期仅约9个月。不过，王尧是中交体系内培养的复合型人才，履历显示其核心优势在于轻资产运营，而非传统 房地产开发 。 中交地产近年来的高层人事变更非常频繁。 据《每日经济新闻》此前报道，2024年9月13日晚，中交地产公告称，已收到李永前书面辞职报告，由于工作变动原因，他申请辞去董事长、董事会战略与执行委员会委员、提名委员会委员职务。同年9月30日，郭主龙全票当选为中交地产董事长以及董事会战略与执行委员会召集人、董事会提名委员会委员。 2025年9月5日，郭主龙辞去中交地产董事长、董事、董事会战略与执行委员会成员、董事会提名委员会成员职务，其董事长任期还不满一年。彼时，管理层人事变更还包括徐爱国申请辞去公司总裁、董事、董事会战略与执行委员会成员职务，汪剑平申请辞去公司执行总裁职务，杨光泽申请辞去公司董事、董事会战略与执行委员会成员、副总裁兼总法律顾问职务，孙卫东申请辞去公司副总裁职务，陈玲申请辞去公司董事会薪酬与考核委员会成员、副总裁职务，梅瑰申请辞去公司财务总监职务。 公司董事会选举叶朝锋、曾益明为中交地产第十届董事会非独立董事候选人。同时，聘任曾益明为公司总裁，李进军为公司副总裁，田玉利为公司副总裁兼总法律顾问、首席合规官，何海洪为公司财务总监。 根据最新公告，中交地产聘任葛玺、冯锐为公司副总裁，二人均出自龙湖系。从简历看，葛玺2023年9月加入中交服务，2026年3月至今任中交地产总裁助理兼运营管理部总经理、中交服务董事、总经理；冯锐2023年8月加入中交服务，2025年11月至今任中交地产总裁助理兼商管事业部总经理。 做大轻资产业务是当务之急 中交地产近年业绩始终处于较大波动状态。 根据年报，中交地产2025年实现营业收入147.07亿元，同比下降19.64%；归属于上市公司股东的净利润为-17.1亿元，亏损同比收窄66.99%。经营活动产生的现金流量净额为-2.78亿元，同比减少108.75%。截至2025年12月31日，公司总资产23.77亿元，较上年末下降97.79%；归属于上市公司股东的净资产12.08亿元。 对于业绩变化，中交地产在6月2日回复深交所问询时表示，公司报告期 房地产 销售业务收入133.33亿元，同比下降22.40%，主要系公司于2025年8月31日完成重大资产重组，不再从事 房地产开发 业务，由于重组交割， 房地产开发 业务在9月至12月的收入不再纳入公司合并报表范围，导致报告期营业收入较上年同期减少。 对于地产业务毛利率大幅下滑并转负，中交地产给出的理由是核心结转项目属于限价房，售价受限导致毛利空间被极大压缩，无法对冲其他项目的亏损。报告期内，公司 房地产 收入主要来源于北京区域“奥森春晓”及“北清云际”两个项目的集中交付，两个项目合计确认收入93.43亿元，占地产总收入比重极高。 项目开发周期内，受宏观市场环境影响，建安及各项配套成本呈上升趋势，但项目终端备案售价必须严格执行政府限价标准，无法随成本上升而动态调整，“奥森春晓”与“北清云际”项目的毛利率被极度压缩至0.21%和2.35%。 2026年第一季度，中交地产实现营业收入3.48亿元，同比下降97.04%；归属于上市公司股东的净利润为343.49万元，实现扭亏为盈。 虽然归母净利润实现扭亏为盈，但盈利规模较小，如何快速做大轻资产业务体量是中交地产的当务之急。 （文章来源：每日经济新闻）,,东方财富快讯104,http://finance.eastmoney.com/a/202606053760772866.html
NEWS_000119,news,东方财富新闻,周五复牌！嘉美包装易主 追觅科技俞浩成实控人 _ 东方财富网,2026-06-05,4日， 嘉美包装 （002969）发布公告称，苏州逐越 鸿智科技 发展合伙企业（有限合伙）（以下简称“逐越鸿智”）发起的部分要约收购已完成全部股份清算过户手续。收购方持股比例升至45.01%，正式成为公司控股股东，公司股票将于6月5日开市起复牌。逐越鸿智于2025年9月注册设立，实际控制人为追觅科技创始人俞浩。 逐越鸿智要约收购完成持股升至45.01% 本次部分要约收购方案于今年4月29日披露，逐越鸿智以4.45元/股的现金对价，向除自身外的全体 嘉美包装 股东发起收购。本次计划收购2.3349亿股股份，对应要约报告书摘要披露日剔除回购专户股份后总股本的25%、报告书签署日总股本的21.26%，要约申报时间为4月30日至5月29日。 此次收购为逐越鸿智主动发起，不触发法定要约收购义务，核心目的为夯实上市公司控制权、优化股权结构，全程无终止公司上市地位的相关安排。截至5月29日要约期限届满，据中国结算深圳分公司数据，本次收购共36户股东提交预受要约申请，累计预受股份2.1521亿股，占公司总股本的19.59%，完成原定收购规模的92.17%。 本次预受股份主要来自公司三大老牌股东，其中中包香港出让1.0291亿股，占总股本9.37%；富新投资转让8899.19万股，占总股本8.10%；中凯投资出让2327.91万股，占总股本2.12%，三方股份转让构成本次收购核心标的。过户完成后，逐越鸿智合计持有 嘉美包装 4.9445亿股，持股比例45.01%，成为公司控股股东。同时公司确认，本次股权变更后社会公众股东持股比例满足上市规则要求，公司上市地位不受影响。 两阶段收购落地俞浩正式成实控人 本次要约交割办结，标志逐越鸿智自2025年末启动的嘉美包装控制权收购全流程落地。 资料显示，逐越鸿智2025年9月注册设立，实际控制人为追觅科技创始人俞浩。2025年12月，收购方先行通过协议转让，从中包香港受让对应总股本25.42%（原协议约定29.90%口径为剔除回购股份后占比）股权，该笔协议转让已于2026年3月27日完成过户登记。协议转让叠加本次要约收购后，逐越鸿智实际持股45.01%；此前交易预案规划两笔交易落地后合计持股54.90%，整体交易预案对应总对价约22.82亿元。 本次交易附带业绩约束条款，原股东承诺2026至2030年，嘉美包装原有主业每年归母净利润底线不低于1.2亿元。据悉，嘉美包装主营 食品饮料 包装容器研发、生产及饮料灌装配套业务，合作客户涵盖王老吉、 养元饮品 、银鹭等行业头部企业。 公司2025年经营承压，全年实现营收28.15亿元，同比下滑12.03%；归母净利润8660万元，同比下降52.75%，业绩下滑主要受饮料行业小年、春节旺季较短、礼品消费疲软影响。2026年一季度行业景气度回升，公司业绩大幅回暖，当期营收8.57亿元，同比增长42.31%；归母净利润6693.96万元，同比大增432.41%，增长得益于行业旺季订单扩容及可转债转股后财务费用下降。截至5月29日收盘，嘉美包装报18.65元/股，跌幅2.71%，成交额10.49亿元，主力资金净流出203.29万元。 要约收购价与二级市场现价差超三倍 自2025年末俞浩敲定入主意向以来，二级市场始终预期追觅科技与嘉美包装落地产业协同，但截至当前，两家主体尚未落地任何实质性业务合作。在2026年5月12日的业绩说明会上，针对投资者关切的产线改造、资产注入、订单导入等事项，上市公司全部予以否认；俞浩同步出具书面承诺：取得上市公司控制权后36个月内不向嘉美包装注入任何资产，短期上市公司持续聚焦 食品饮料 包装主业，不切入追觅科技主营扫地 机器人 、智能家电赛道。 资本端，追觅科技自2025年9月启动IPO筹备工作，尚未敲定A股或港股上市路径，若其上市进程延后，资产注入上市公司仅为远期备选方案。二级市场层面，本次4.45元/股要约收购价，对比5月29日18.65元的二级市场现价，价差超3倍，成为市场关注焦点。 此前二级市场投资者普遍博弈追觅科技入主带来的资产整合红利，但公司一季度业绩高增完全依托行业周期回暖与财务优化，和追觅科技产业赋能无关，市场炒作预期逐步回归理性，同步扰动盘面。较大的价格差距使得中小股东预受要约意愿偏弱，本次要约预受筹码高度集中在三大原始股东，普通投资者普遍观望。 业内分析认为，本次要约顺利完成过户，打消了市场关于公司股权结构不达标、存在退市风险的疑虑；后续上市公司基本面改善进度、实控人中长期产业落地规划，将成为左右股价的关键变量，投资者应审慎参与交易。 （文章来源：上海证券报）,,东方财富快讯104,http://finance.eastmoney.com/a/202606043760761561.html
NEWS_000120,news,东方财富新闻,深度绑定英伟达、谷歌 算力核心设备龙头博杰股份加速扩产 _ 东方财富网,2026-06-05,随着全球算力基础设施的快速扩张，算力核心设备龙头 博杰股份 加速扩产。 4日晚间， 博杰股份 公告称，公司董事会审议通过向特定对象发行A股股票预案，拟募集资金总额不超过15.03亿元，用于服务器检测设备及散热模组零部件产能建设项目、先进研发中心及平台建设项目及补充流动资金。 本次向特定对象发行股票的发行对象为不超过35名（含）的特定投资者，发行数量不超过6243.92万股。发行的定价基准日为发行期首日，发行价格不低于定价基准日前20个交易日公司股票交易均价的80% 。本次发行不会导致公司控制权发生变化。 深度绑定 英伟达 、谷歌 现有产能“告急” 公告显示，此次募资大头主要用于服务器检测设备及散热模组零部件产能建设项目，项目总投资9.78亿元。本项目通过厂房升级与设备更新，全面提升服务器测试设备与散热零部件规模化、柔性化生产能力，实现小批量、多批次订单的快速换线与高效交付。 博杰股份 表示，受益于全球算力基础设施的快速扩张，公司服务器检测设备业务已进入高速增长期，订单规模持续扩大。目前已与 英伟达 、谷歌等建立稳定的长期合作关系，订单确定性持续增强。现有产线难以完全适配交付需求，已成为制约业务规模扩张的核心瓶颈。 上述项目建成后，公司将有效突破产能约束，进一步提升核心客户市场份额，巩固竞争优势，深度把握全球算力基础设施建设的战略机遇。 另外，公司拟使用募资1.69亿元用于“先进研发中心及平台建设项目”，主要是聚焦散热核心零部件、服务器测试设备及智能制造适配技术等方向，重点突破多学科融合的算力适配测试、热管理、精密制造协同等核心技术瓶颈同时，拟使用募集资金4.5亿元用于补充流动资金。 MLCC 设备打破海外垄断 积极推进批量交付 公开资料显示，博杰股份主营业务是工业自动化测试与组装设备，覆盖 消费电子 、 新能源 车、 半导体 、服务器及 机器人 领域。公司表示，其已深度切入 英伟达 、谷歌、 亚马逊 、 微软 等供应链，是其自动化测试设备的核心供应商。 在液冷散热检测领域，公司已重点布局UQD测试设备，且自研的液冷解决方案已应用在测试设备中。公司表示，2026年将在该领域积极部署规模化的供给准备。 此外，受益于AI服务器、 新能源 汽车 电子 等下游领域的需求拉动， MLCC （即多层片式陶瓷电容器）需求持续旺盛，这为国产设备厂商带来市场窗口。 博杰股份日前接受机构调研时表示，公司控股子公司深耕 MLCC 设备领域近十年，目前公司已覆盖超过50%价值量的MLCC核心制程设备，多款设备已持续批量出货。全自动高速叠层设备于2025年已打破了海外垄断局面，今年公司正在积极推进批量交付。 在光 通信 领域，公司通过两条路径进行布局：一是通过参股珠海鼎泰芯源晶体有限公司，参与以磷化铟（InP）为主的Ⅲ-Ⅴ族化合物 半导体 单晶及衬底材料的国产化事业；二是子公司博捷芯（深圳） 半导体 有限公司的划片机具备用于磷化铟衬底切割的技术能力。 业绩方面，博杰股份2025年实现营收18.36亿元，同比增长48.92%；归母净利润1.46亿元，同比增长557.51%。今年一季度公司实现营收4.68亿元，同比增长127.21%；归母净利润6590.28万元，同比扭亏。 二级市场方面，公司股价自4月起一路走强不断刷新阶段高点。截至今日收盘，公司股价为143.6元，区间累计涨幅近110%，最新市值约300亿元。 （文章来源：上海证券报）,,东方财富快讯104,http://finance.eastmoney.com/a/202606043760761396.html
NEWS_000121,news,东方财富新闻,董明珠一致行动人减持格力电器4279万股 套现超16亿元 _ 东方财富网,2026-06-05,董明珠一致行动人减持触及1%整数倍。 6月4日晚间，珠海 格力电器 股份有限公司（下称“ 格力电器 ”，000651）发布公告称，公司收到持股5%以上股东珠海明骏投资合伙企业（有限合伙）（下称“珠海明骏”）发来的《减持股份实施进展告知函》，珠海明骏于2026年6月4日通过大宗交易方式减持公司股份4279.31万股，占公司总股本的0.7640%，占剔除回购股份后公司总股本的0.7662%。 “本次变动前，珠海明骏及其一致行动人董明珠合计持有10.15亿股，占公司总股本比例为18.1177%，占剔除回购股份后公司总股本比例为18.1705%。” 格力电器 指出。 格力电器进一步指出，本次变动后，珠海明骏及其一致行动人董明珠合计持有9.72亿股，占公司总股本比例为17.3537%，占剔除回购股份后公司总股本比例为17.4043%，其权益变动触及1%的整数倍。 公告显示，本次减持后，珠海明骏对格力电器的持股比例降为15.3456%，董明珠的持股比例仍保持在2.0082%。 格力电器公告还指出，公司于2026年2月26日披露《关于大股东减持股份的预披露公告》，公司第一大股东珠海明骏自公告披露之日起15个交易日后的3个月内以大宗交易方式减持公司股份不超过1.12亿股（不超过公司剔除回购专用账户股份后的总股本的2%）。本次减持股份数量在已披露减持计划的范围内，不存在违反已披露的减持计划及相关承诺的情形。 格力电器2月26日披露的《关于大股东减持股份的预披露公告》显示，珠海明骏本次减持的原因为偿还 银行 贷款。减持方式为大宗交易；减持价格区间根据减持时市场价格确定。 截至6月4日收盘，格力电器收报38.88元/股。按此收盘价测算，珠海明骏本次减持套现资金规模达到了16.64亿元。 天眼查资料显示，珠海明骏投资合伙企业 (有限合伙) 是一家以私募基金形式运作的有限合伙企业，核心业务涵盖股权投资、投资管理及 资产管理 活动。 珠海明骏的合伙人包括深圳高瓴瀚盈投资咨询中心（有限合伙）、珠海贤盈股权投资合伙企业（有限合伙）、珠海格臻投资合伙企业（有限合伙）、珠海熠辉投资管理合伙企业（有限合伙），其中格力电器董事长董明珠在珠海格臻中出资比例为95.4815%。 据2019年12月格力电器发布的公告，珠海明骏以46.17元/股的价格受让格力集团持有的格力电器约902359632股股份，当时占格力电器总股本的15%，合计转让价款为416.62亿元。2020年1月21日，格力电器发布了《详式权益变动报告书（修订稿）》，珠海明骏承诺：因本次受让而取得的公司股份在本次交易完成过户登记时全部锁定，自股份过户登记完成之日起36个月不转让。 4月29日，格力电器披露了2025年全年业绩以及2026年第一季度业绩。其中，2025年全年实现营业收入1704.47亿元，同比下降9.89%；归属于上市公司股东的净利润290.03亿元，同比下降9.89%；经营活动产生的现金流量净额463.83亿元，同比增长57.93%。 2026年第一季度，格力电器营收和利润增长转正，营业收入429.66亿元，同比增长3.52%；归属于上市公司股东的净利润为60.82亿元，同比增长3.01%。 按照产品类别来划分，2025年格力电器消费电器总营收为1330亿元，占公司总营收的78.06%，营收较上年同期下滑10.44%；工业制品及绿色能源营收为173.8亿元，占比为10.20%，营收较上年同期略增长0.78%。不过，好在两块业务毛利率均保持稳定，其中，消费电器业务毛利率为35.28%，增长了0.37个百分点。工业制品及绿色能源业务毛利率为15.53%，较上年下降了0.18个百分点。 分红方面，格力电器2025年度利润分配预案为向全体股东每10股派发现金红利 20 元（含税），不送红股，不以公积金转增股本，共计派发现金股利111.7亿元。之前，格力电器中期分红方案为向全体股东每10股派发现金红利10元。 （文章来源：澎湃新闻）,,东方财富快讯104,http://finance.eastmoney.com/a/202606043760751953.html
NEWS_000122,news,东方财富新闻,频繁提及光模块领域应用情况 4倍牛股唯特偶收深交所关注函 _ 东方财富网,2026-06-05,自4月7日启动上涨以来，截至目前， 唯特偶 （301319）股价涨幅已达392.02%。截至4日收盘， 唯特偶 股价报137.57元/股，总市值超250亿元。 4日晚间， 唯特偶 收到深交所下发的关注函。 当日，深交所创业板公司管理部就唯特偶股价异动及路演期间密集提及光模块、 先进封装 等热点领域相关业务一事，正式下发关注函（创业板关注函〔2026〕第11号），要求公司详细说明相关业务的实际销售金额、主要客户、在手订单及毛利率等关键经营数据，并对是否存在违反信息披露公平性原则的情形作出说明。 据深交所关注函披露，唯特偶股价于2026年5月20日触及严重异常波动，6月4日触及涨停。 与股价大幅上扬相伴的，是公司密集的投资者沟通节奏。2026年4月25日至5月21日期间，唯特偶路演极为频繁，不到一个月的时间内，共计发布了7份投资者关系活动记录表，在问答环节中多次提及光模块、 先进封装 等市场热点领域相关业务。 唯特偶在投资者关系记录表中称：在光模块及其部件的生产过程中，锡膏主要应用于三大环节：一是光器件的SMT贴装，二是光芯片封装中的高精度倒装焊，三是 PCB A（ 印制电路板 组件）上其他无源 元件 的表面贴装，公司的微 电子 焊接材料等产品可应用于上述应用场景。 深交所在关注函中逐项追问。在光模块方面，深交所要求公司说明各环节所需使用锡膏的含量、对应单价及金额、占光模块产品价格的比例；并进一步披露公司主营产品分别应用在光模块生产三大环节的具体情况，包括各环节对应的主要客户名称、最近一年及一期已实现的销售金额、毛利率及在手订单金额。 在 先进封装 方面，监管同样要求公司披露 半导体 封装过程中各环节锡膏使用情况、销售金额、毛利率及在手订单等核心经营数据。 从唯特偶在过往调研中的回应来看，唯特偶在光模块具体客户问题上给出了“暂不披露”的答复。2026年4月27日和5月20日的投资者关系活动记录表均显示，针对“有哪些比较重要的客户”的提问，唯特偶方面表示“基于保护客户商业秘密的原则，在符合信息披露监管要求的前提下，公司不单独披露具体客户的业务数据”。 资料显示，唯特偶的主营业务为微 电子 焊接材料的研发、生产与销售，核心产品主要包括锡膏、焊锡条、焊锡丝及助焊剂等，在行业类别上属 电子 新材料 领域。 2025年，唯特偶实现营业收入15.04亿元，同比增长24.07%；但归母净利润仅为7879.32万元，同比下降11.82%。2026年一季度，唯特偶实现营收、净利润双增：营收3.94亿元，同比增长27.44%；归母净利润2975.32万元，同比增长36.72% 深交所在关注函中还特别问及唯特偶近期密集开展投资者关系活动的合规性问题。监管要求公司自查并列示近期接受媒体采访、机构和投资者调研、回复投资者咨询等情况，说明是否存在违反信息披露公平性原则的情形，并进一步说明较此前次数、频率显著增加的原因及合理性，同时要求公司披露光模块应用、先进封装领域应用的“提问人员”。 此外，深交所还要求唯特偶说明近期经营情况及内外部经营环境是否发生重大变化，核实是否存在筹划中的重大事项，是否存在其他应披露未披露信息，是否存在其他对公司股票交易价格可能产生较大影响的市场传闻、热点概念等，前期信息披露是否存在需补充或更正情形。 （文章来源：上海证券报）,,东方财富快讯104,http://finance.eastmoney.com/a/202606043760684250.html
NEWS_000123,news,东方财富新闻,股价短期波动较大 12只牛股提示风险！ _ 东方财富网,2026-06-05,密集提示风险。 华源控股 （002787）6月4日晚间公告，公司于6月3日、6月4日连续两个交易日股票收盘价格涨幅偏离值累计超过20%。公司股票价格短期波动较大，存在下跌风险。请广大投资者理性投资，注意风险。 公司主营业务目前仍然是金属及 塑料 包装产品的生产与销售。公司于2025年12月收购的无锡暖芯 半导体 科技有限公司（无锡暖芯）主营业务为温控设备，2026年2月收购的寰鼎集成电路（上海）有限公司（上海寰鼎）主营业务为 半导体 设备及相关耗材的研发、销售与技术服务。无锡暖芯和上海寰鼎的主营产品为 半导体 设备的辅助设备，相比半导体主设备而言市场规模较小。公司2026年一季度半导体业务并表营业收入约1000万元，占公司整体营业收入比例较低，对公司整体经营业绩贡献有限。上述收购的公司可能存在业绩波动风险、收购整合风险以及商誉减值风险等，且鉴于半导体温控设备及耗材设备的发展受技术迭代、市场竞争、客户认证周期等多种因素影响，未来业务发展存在不确定性，短期内对公司整体经营业绩贡献有限。 此外，公司子公司苏州华源创业投资合伙企业（有限合伙）间接参投的天津君万弘毅企业管理咨询合伙企业（有限合伙）投资了宇树科技股份有限公司（简称“宇树科技”），股权穿透后，公司间接持有宇树科技的比例约0.003%。公司间接投资金额较小，投资占比低，无法对其决策产生影响，上述投资对公司业绩不产生重要影响。 华特气体 （688268）6月4日晚间公告，公司股票于6月3日、6月4日连续2个交易日内日收盘价格涨幅偏离值累计超过30%。根据有关规定，属于股票交易异常波动。公告提到，根据俄罗斯联邦政府相关法令，氦气已被纳入特定商品清单，清单明确规定，向欧亚经济联盟以外地区出口氦气，必须获得俄罗斯高级政府官员的特别许可。截至目前，公司了解到上述许可需按月进行申请，2026年5月公司在该地的氦气采购取得相关许可，6月的特别许可还在申请中，未来可能持续存在按月申请的情形，审批结果仍具有不确定性，若后续政策未得到改善或未能取得相关特别许可与通关手续，不排除公司相关气体原料供应受限、生产排期调整、成本大幅上升等风险，进而影响公司经营业绩。截至本公告披露日，公司关注到市场出现关于氦气产品价格调整的传闻，经公司核实，截至目前，氦气相关产品销售价格距高位已经有明显下降的趋势，价格受地缘政治、全球供应等因素影响波动较大，未来价格仍存在回落的可能，提请投资者理性看待相关市场传闻，勿过度放大单一产品价格波动对公司业绩的影响。 万通发展 （600246）6月4日晚间公告，公司股票于6月3日、6月4日连续两个交易日内日收盘价格涨幅偏离值累计达到20%，根据有关规定，属于股票交易异常波动的情形。公司发现e互动有投资者关注PCIe6.0switch芯片的投片进度等相关信息，目前PCIe6.0switch芯片处于在研阶段，尚未投片。请广大投资者注意投资风险。 鼎通科技 （688668）6月4日晚间公告，公司股票交易连续3个交易日内（6月2日、6月3日和6月4日）日收盘价格涨幅偏离值累计达到30%以上，根据有关规定，属于股票交易异常波动的情况。公司股价短期涨幅较大，敬请投资者注意二级市场股票交易风险。公告指出，近期二级市场对AI服务器、算力液冷散热等概念关注度较高，部分市场传闻对公司液冷业务规模、订单落地、业绩贡献存在过度乐观解读。现就公司相关业务情况澄清如下：公司主营业务为高速 通信 连接器及其组件、 汽车 精密连接器及精密结构件，上述业务经营稳定，未发生突发重大变化。公司液冷业务处于拓展、小批量供货阶段，未来能否持续获取订单、实现大规模量产及业绩增长，存在高度不确定性。 宏达电子 （300726）6月4日晚间公告，公司股票交易价格连续3个交易日（6月2日至6月4日）收盘价格涨幅偏离值累计达到31.22%。根据有关规定，属于股票交易异常波动的情况。公司关注到市场对公司民用 电子 元器件业务较为关注，现就相关情况说明如下：公司民用 电子 元器件主要为钽电容器、陶瓷薄膜电路及SLC产品，民用 MLCC 业务规模极小。截至2025年底，公司民用产品业务收入占公司营业总收入的比例约为18.04%，在相关民用市场的业务尚处于开拓期，对公司业绩影响有限，相关业务推广存在不确定性。同时公司的高可靠业务也易受宏观环境与政策影响，需求存在不及预期的可能，公司特此郑重提醒广大投资者，短期市场热点受多种复杂因素影响，务必保持理性投资，注意风险。 鑫科材料 （600255）6月4日晚间公告，公司股票于6月1日、6月2日和6月3日连续3个交易日内日收盘价格涨幅偏离值累计达到20%，根据有关规定，属于股票交易异常波动情况。经核查，公司发现市场对公司高速 铜 连接和高速 铜 缆项目关注度较高。截至本公告披露日，公司全资子公司四川鑫梓能科材料科技有限公司之高速 铜 连接用铜缆项目尚未投产，暂未产生收入。公司参股子公司拓鑫智连（三台）科技有限公司之高速铜连接项目，因参股公司不纳入公司合并报表范围，对公司经营业绩不构成重大影响，敬请广大投资者注意投资风险。 模塑科技 （000700）6月4日晚间公告，公司股票于6月2日、6月3日、6月4日连续3个交易日收盘价格涨幅偏离值累计超过20%。根据有关规定，属于股票交易异常波动的情况。现阶段，公司主营业务为塑化 汽车 外饰件，未发生重大变化，公司目前仅获得 机器人 外覆盖件的小批量采购订单，订单金额占营业收入的比例不足0.1%，对公司经营业绩影响极小。敬请投资者理性投资，注意投资风险。 天洋新材 （603330）6月4日晚间公告，公司股票于6月3日、4日连续两个交易日收盘价格涨幅偏离值累计超20%，属于股票交易异常波动。公告指出，在 电子 胶产品中，涉及半导体业务的光模块透镜固定用胶为新开发产品，目前该产品月营收占集团月营收不足1%，不会对公司业绩造成重大影响且存在未来供货的不确定性。 江海股份 （002484）6月4日晚间公告，公司股票交易价格连续3个交易日（6月2日、6月3日、6月4日）收盘价格涨幅偏离值累计超过20%，根据有关规定，属于股票交易异常波动的情况。公告指出，公司目前 超级电容 器、MLPC的规模、营收占比及其在AI服务器电源上的应用都较小。另外，公司没有片式多层陶瓷电容器（ MLCC ）业务，也没有投产 MLCC 的计划。敬请广大投资者理性投资，注意投资风险。 上海石化 （600688）6月4日晚间公告，公司A股股票在6月2日、6月3日和6月4日连续3个交易日内收盘价格涨幅偏离值累计超过20%。根据有关规定，属于股票交易异常波动。公司关注到市场对公司T1000级高性能 碳纤维 的相关媒体报道较为关注，现就相关情况说明如下：本次报道的T1000级高性能 碳纤维 是12K小丝束，本批次产品尚未形成销售收入，预计后续销售收入占公司整体营收、利润比重较低，不会对公司主营业务与盈利水平构成重大影响。 洁美科技 （002859）6月4日晚间公告，公司股票于6月2日、6月3日、6月4日连续3个交易日收盘价格涨幅偏离值累计超过20%，根据有关规定，属于股票交易异常波动的情况。公司主营业务为电子封装材料（纸质载带、 塑料 载带、电子胶带、芯片承载盘）、电子级薄 膜材料 （离型膜、流延膜等）、 复合集流体 即复合 铝 箔（PET 铝 箔）、复合铜箔（X基材-铜箔）、涂碳复合 铝 箔等。目前公司电子封装材料经营情况稳定，电子级薄 膜材料 处于放量期，2025年度电子级薄 膜材料 营业收入为2.60亿元，营业收入占比为12.37%。 东山精密 （002384）6月4日晚间公告，公司股票连续3个交易日收盘价格涨幅偏离值累计超过20%，根据相关规定，属于股票交易异常波动的情况。公告指出，索尔思光电自2025年10月起纳入公司合并报表范围，目前索尔思光电各项生产经营平稳有序、一切正常；2025年度、2026年第一季度，索尔思光电并表后收入分别占公司合并营业收入的3.58%、16.02%，利润分别占公司合并利润的22.69%、52.92%。受行业景气度以及下游客户需求变化等多重因素影响，索尔思光电后续经营业绩存在不确定性，敬请各位投资者理性投资、注意投资风险。 （文章来源：证券时报）,,东方财富快讯104,http://finance.eastmoney.com/a/202606043760669840.html
NEWS_000124,news,东方财富新闻,五洋自控拟6.81亿元收购柯斯宇液冷51%股权 切入数据中心液冷赛道 _ 东方财富网,2026-06-05,"6月4日晚间， 五洋自控 （300420.SZ）发布公告，公司拟以现金方式收购东莞市柯斯宇液冷技术有限公司（以下简称“柯斯宇液冷”）51%股权，交易对价合计6.81亿元。本次交易不构成重大资产重组，不构成重组上市。 公开资料显示，柯斯宇液冷成立于2022年，专注于服务器液冷核心部件的研发、生产与销售，产品涵盖不锈钢波纹管、分水器、冷板及QD接头等，为 数据中心 液冷系统提供关键零部件支持。 五洋自控 表示，本次收购是立足现有发展战略，培育拓展业务的举措之一。目前， 五洋自控 主营智能装备的研发、生产、销售及相关服务，若后续将柯斯宇液冷纳入合并报表，公司将涉足液冷领域。 随着AI算力需求指数级增长，传统风冷散热已逼近物理极限，液冷技术从""可选方案""升级为""刚需标配""。 从业绩来看，本次并购的标的资产柯斯宇液冷盈利能力较好。2025年及2026年一季度，公司营收分别为1.05亿元、4735.53万元，净利润分别为4427.05万元、2111.38万元，经营性净现金流分别为1197.86万元、3260.85万元。 值得一提的是，柯斯宇液冷客户集中度较高，前五大客户的销售收入占比超过90%，存在大客户依赖风险。 评估结果显示，柯斯宇液冷估值为13.57亿元，增值率达1969.09%。经协商，双方确认本次交易按照13.35亿元的整体估值作价，五洋自控收购的柯斯宇液冷51%对应价格为6.81亿元。 为对应高估值，本次交易设定了相应的业绩承诺：柯斯宇液冷2026年实际净利润不得低于0.9亿元，且2027年及2028年累计实际净利润不得低于2.7亿元。 五洋自控表示，本次收购将增加上市公司整体营业收入与利润规模，后续公司将推进双方业务、管理等全方位整合，稳固标的公司市场竞争实力。 五洋自控主要产品包括智能停车设施、自动化装备与智能 物流 仓储系统、散料智能搬运装备及管控系统等，广泛应用于 智慧城市 建设、商业与产业园区配套、智能家电制造、 消费电子 及智能终端制造、矿山开采、 港口 码头、 电力 等领域。2025年年报显示，公司全年实现营业收入8.49亿元，同比下降15.93%；净利润4712.55万元，实现扭亏为盈。公司表示，业绩改善主要得益于自动化装备与智能 物流 仓储系统业务收入同比增长31.83%，以及信用减值损失转回和商誉减值损失减少。 从业务结构看，智能停车设施是公司收入核心，2025年实现收入3.81亿元，占总营收的44.9%，但同比下降31.07%；自动化装备与智能 物流 仓储系统收入2.12亿元，占比25.0%，同比增长31.83%；散料智能搬运装备及管控系统收入1.60亿元，占比18.8%，同比下降6.3%。 （文章来源：证券时报网）",,东方财富快讯104,http://finance.eastmoney.com/a/202606043760733171.html
NEWS_000125,news,东方财富新闻,格力电器：董明珠的一致行动人减持总股本的0.76% _ 东方财富网,2026-06-04,格力电器 (000651.SZ)公告称，公司收到持股5%以上股东珠海明骏发来的《减持股份实施进展告知函》，珠海明骏于2026年6月4日通过大宗交易方式减持公司股份4279万股，占公司总股本的0.7640%。本次变动后，珠海明骏及其一致行动人董明珠合计持有9.72亿股，占公司总股本比例为17.3537%，其权益变动触及1%的整数倍。本次减持在已披露的减持计划范围内，不会对公司治理结构及持续经营产生重大影响。 （文章来源：财联社）,,东方财富快讯104,http://finance.eastmoney.com/a/202606043760638688.html
NEWS_000126,news,东方财富新闻,拓山重工：控股股东及一致行动人拟减持公司不超2.81%股份 _ 东方财富网,2026-06-04,拓山重工 公告，控股股东、实际控制人徐杨顺及一致行动人徐建风、游亦云计划15个交易日后的3个月内，通过集中竞价方式及大宗交易方式减持公司股份不超过210万股（占公司总股本的2.81%）。 （文章来源：第一财经）,,东方财富快讯104,http://finance.eastmoney.com/a/202606043760629363.html
NEWS_000127,news,东方财富新闻,合肥城建：多位股东计划减持股份 _ 东方财富网,2026-06-04,合肥城建 公告，持股5%以上股东工投控股及董事、总经理王庆生拟减持公司股份。其中，工投控股拟减持不超过公司总股本的1%；王庆生拟减持不超过公司总股本的0.0014%。减持期间为2026年6月29日至2026年9月28日，减持方式为集中竞价。 （文章来源：南方财经网）,,东方财富快讯104,http://finance.eastmoney.com/a/202606043760618715.html
NEWS_000128,news,东方财富新闻,通富微电：向特定对象发行股票提交募集说明书注册稿 _ 东方财富网,2026-06-04,通富微电 (002156.SZ)公告称，公司向特定对象发行股票申请已于2026年6月3日获深交所审核通过。根据项目实际情况及审核要求，公司会同中介机构对募集说明书等申请文件进行了更新，并提交注册稿。该事项尚需获得证监会同意注册后方可实施，存在不确定性。 （文章来源：财联社）,,东方财富快讯104,http://finance.eastmoney.com/a/202606043760615930.html
NEWS_000129,news,东方财富新闻,深交所向唯特偶下发关注函 _ 东方财富网,2026-06-04,深交所发布《关于对深圳市 唯特偶 新材料 股份有限公司的关注函》，其中指出，近期，公司股价涨幅较大，5月20日触及严重异常波动，6月4日触及涨停。4月25日至5月21日，公司路演频繁，共计发布7份投资者关系记录表，并多次在问答环节提及光模块、 先进封装 等热点领域相关业务。要求公司说明光模块生产商在光模块及其部件生产过程中各环节所需使用锡膏的含量，对应单价及金额、占光模块产品价格的比例；说明公司目前主营产品分别应用在光模块生产三大环节的具体情况，包括各环节对应的主要客户名称、最近一年及一期已实现的销售金额、毛利率、在手订单金额。请公司自查并列示近期接受媒体采访、机构和投资者调研、回复投资者咨询等情况，说明是否存在违反信息披露公平性原则的情形；并进一步说明公司在上述期间多次开展特定对象调研、路演活动等投资者关系活动的具体考虑、方案设计的具体职能部门，履行的内部程序、审批人员，较此前次数、频率均显著增加的原因及合理性，光模块应用、 先进封装 领域应用的提问人员。 （文章来源：财联社）,,东方财富快讯104,http://finance.eastmoney.com/a/202606043760609425.html
NEWS_000130,news,东方财富新闻,三博脑科：股东TBP拟减持公司不超405.98万股股份 _ 东方财富网,2026-06-04,三博脑科 公告，股东TBP 3Doctors (HK) Limited（简称“TBP”）计划十五个交易日后的三个月内，以集中竞价和大宗交易方式减持公司股份不超过405.98万股（占剔除公司回购专用账户股份数量后总股本的2%）。 （文章来源：第一财经）,,东方财富快讯104,http://finance.eastmoney.com/a/202606043760600473.html
NEWS_000131,news,东方财富新闻,日联科技：拟9.36亿元收购菲莱测试100%股权 _ 东方财富网,2026-06-04,日联科技 (688531.SH)公告称，公司拟通过发行股份、可转换公司债券及支付现金方式购买上海菲莱测试技术有限公司100%股权，交易价格9.36亿元，并拟募集配套资金不超过3.06亿元。标的公司业绩承诺期为2026-2028年，承诺净利润分别为4000万元、6000万元、8000万元。本次交易不构成重大资产重组及关联交易。 （文章来源：财联社）,,东方财富快讯104,http://finance.eastmoney.com/a/202606043760603442.html
NEWS_000132,news,东方财富新闻,德福科技：股东拓阵基金及其一致行动人减持公司股份50万股股份 _ 东方财富网,2026-06-04,德福科技 (301511.SZ)公告称，公司持股5%以上股东拓阵基金及其一致行动人瑞潇芃泰于2026年6月4日通过大宗交易累计减持公司股份50万股，占公司总股本的0.08%。本次权益变动后，合计持股比例由7.05%减少至6.97%，达到1%整数倍。减持计划尚未完成。 （文章来源：财联社）,,东方财富快讯104,http://finance.eastmoney.com/a/202606043760603072.html
NEWS_000133,news,东方财富新闻,博杰股份：拟定增募资不超过15.03亿元 用于服务器检测设备及散热模组零部件产能建设等项目 _ 东方财富网,2026-06-04,博杰股份 (002975.SZ)公告称，公司董事会审议通过向特定对象发行A股股票预案，拟募集资金总额不超过15.03亿元，用于服务器检测设备及散热模组零部件产能建设项目、先进研发中心及平台建设项目及补充流动资金。发行对象不超过35名，发行数量不超过6243.92万股。目前，公司已与 英伟达 、谷歌等全球核心算力厂商建立稳定的长期合作关系，订单确定性持续增强。公司现有产线难以完全适配交付需求，已成为制约业务规模扩张的核心瓶颈。本项目通过厂房升级与设备更新，全面提升服务器测试设备与散热零部件规模化、柔性化生产能力，实现小批量、多批次订单的快速换线与高效交付。项目建成后，公司将有效突破产能约束，进一步提升核心客户市场份额，巩固竞争优势，深度把握全球算力基础设施建设的战略机遇。 （文章来源：财联社）,,东方财富快讯104,http://finance.eastmoney.com/a/202606043760597135.html
NEWS_000134,news,东方财富新闻,日月明：国金产业拟减持公司不超1%股份 _ 东方财富网,2026-06-04,日月明 公告，持股1.75%的股东南昌市国金产业投资有限公司（简称“国金产业”）计划3个交易日后的3个月内，以集中竞价交易方式减持不超80万股公司股份（占公司总股本的1%）。 （文章来源：第一财经）,,东方财富快讯104,http://finance.eastmoney.com/a/202606043760596260.html
NEWS_000135,news,东方财富新闻,拓新药业：持股5%以上股东拟减持不超2%股份 _ 东方财富网,2026-06-04,拓新药业 (301089.SZ)公告称，持股5%以上股东1461565安大略省公司计划自2026年6月29日至2026年9月28日，以大宗交易方式减持公司股份不超过253.09万股，占公司总股本的2%。减持原因为自身资金需求。 （文章来源：财联社）,,东方财富快讯104,http://finance.eastmoney.com/a/202606043760591535.html
NEWS_000136,news,东方财富新闻,初灵信息：控股股东洪爱金拟减持不超2.9973%股份 _ 东方财富网,2026-06-04,初灵信息 (300250.SZ)公告称，控股股东洪爱金计划自可减持之日起三个月内，以集中竞价、大宗交易方式减持公司股份不超过634万股，占公司总股本的2.9973%，减持原因为自身资金需求。 （文章来源：财联社）,,东方财富快讯104,http://finance.eastmoney.com/a/202606043760591861.html
NEWS_000137,news,东方财富新闻,瑞联新材：部分股东、董事及高管拟合计减持不超1.9454%公司股份 _ 东方财富网,2026-06-04,瑞联新材 公告，公司于近日收到股东刘晓春、王小伟、王银彬、袁江波、钱晓波、胡湛、胡宗学出具的减持股份计划告知函，因股东自身资金需求，股东计划减持公司股份，具体情况如下：刘晓春计划以大宗交易方式进行减持，减持股份不超过270万股（占公司总股本的1.5531%）；王小伟、王银彬、袁江波、钱晓波、胡湛、胡宗学计划以集中竞价方式进行减持，减持股份分别不超过38.72万股（占公司总股本的0.2227%）、不超过14.58万股（占公司总股本的0.0839%）、不超过7.12万股（占公司总股本的0.0410%）、不超过3.25万股（占公司总股本的0.0187%）、不超过2.11万股（占公司总股本的0.0121%）、不超过2.42万股（占公司总股本的0.0139%）。以上合计减持股份不超公司总股本的1.9454%。 （文章来源：第一财经）,,东方财富快讯104,http://finance.eastmoney.com/a/202606043760589933.html
NEWS_000138,news,东方财富新闻,万通发展：目前PCIe6.0switch芯片处于在研阶段 尚未投片 _ 东方财富网,2026-06-04,万通发展 (600246)发布股票交易异常波动公告，公司发现e互动有投资者关注PCIe6.0switch芯片的投片进度等相关信息，目前PCIe6.0switch芯片处于在研阶段，尚未投片。 （文章来源：财联社）,,东方财富快讯104,http://finance.eastmoney.com/a/202606043760582126.html
NEWS_000139,news,东方财富新闻,五洋自控：拟约6.81亿元收购柯斯宇51%股份 _ 东方财富网,2026-06-04,"五洋自控 6月4日公告，公司与东莞市柯斯宇液冷技术有限公司股东时培培、王伟、刘松签署了《江苏 五洋自控 技术股份有限公司与时培培、王伟、刘松及东莞市柯斯宇液冷技术有限公司关于东莞市柯斯宇液冷技术有限公司的股权收购协议》，拟以现金方式收购柯斯宇51%的股权，交易对价合计为68,085.00万元。 （文章来源：界面新闻）",,东方财富快讯104,http://finance.eastmoney.com/a/202606043760579025.html
NEWS_000140,news,东方财富新闻,泰恩康：控股股东提议1亿至2亿元回购公司股份 _ 东方财富网,2026-06-04,泰恩康 (301263.SZ)公告称，公司收到控股股东、实际控制人、董事长郑汉杰提议，拟使用自有资金和自筹资金以集中竞价交易方式回购公司股份，回购资金总额不低于1亿元且不超过2亿元，回购价格上限不高于董事会审议通过前三十个交易日股票交易均价的150%，回购期限为董事会审议通过后三个月内。回购股份将用于维护公司价值及股东权益，并在披露结果后12个月后出售或三年内未使用部分予以注销。 （文章来源：财联社）,,东方财富快讯104,http://finance.eastmoney.com/a/202606043760579566.html
NEWS_000141,news,东方财富新闻,上交所向券商下发通知 强化交易业务单元管理 _ 东方财富网,2026-06-04,今日，记者获悉，上交所向券商下发通知，强化交易业务单元管理。 上交所明确，券商即刻启动交易单元全面自查，存量不合规配置须在3个月内整改完毕。交易所要求，应当做好交易单元内部分配，公平对待投资者，保护投资者特别是中小投资者合法权益，严禁为个别投资者提供特殊便利。券商应当确保清理整改工作平稳有序开展，同时应将已清理的部分交易单元优先用于改善普通投资者的交易体验。 有券商人士向记者解释称，此举主要针对那些量化的客户，不给独立的交易通道，减少交易的不公平。理论上就是要将自营交易单元、散户交易单元和高频量化交易单元一碗水端平，不让散户吃速度的亏。据悉，此前少数机构通过专属机位、独立交易单元获得千倍级微秒速度优势，导致普通投资者订单可能被插队、截胡。 （文章来源：人民财讯）,,东方财富快讯104,http://finance.eastmoney.com/a/202606043760574631.html
NEWS_000142,news,东方财富新闻,5月A股两融新开15.33万户 同比大增72.83% _ 东方财富网,2026-06-04,中证数据最新披露，2026年5月全市场两融新开账户15.33万户，同比大增72.83%，环比增加2.33%。从累计数据来看，2026年前5个月两融新开户数合计78.16万户，较2025年同期的51.07万户增长53.06%。截至2026年5月末，两融总账户数1630.88万户，全市场平均担保比例285.77%。 （文章来源：南方财经网）,,东方财富快讯104,http://stock.eastmoney.com/a/202606043760577984.html
NEWS_000143,news,东方财富新闻,华特气体：目前氦气相关产品销售价格距高位已经有明显下降的趋势 _ 东方财富网,2026-06-04,华特气体 (688268.SH)发布股票交易异常波动、“华特转债”交易异常波动及风险提示的公告，根据俄罗斯联邦政府相关法令，氦气已被纳入特定商品清单，清单明确规定，向欧亚经济联盟以外地区出口氦气，必须获得俄罗斯高级政府官员的特别许可。截至目前，公司了解到上述许可需按月进行申请，2026年5月公司在该地的氦气采购取得相关许可，6月的特别许可还在申请中，未来可能持续存在按月申请的情形，审批结果仍具有不确定性，若后续政策未得到改善或未能取得相关特别许可与通关手续，不排除公司相关气体原料供应受限、生产排期调整、成本大幅上升等风险，进而影响公司经营业绩。 截至本公告披露日，公司关注到市场出现关于氦气产品价格调整的传闻，经公司核实，截至目前，氦气相关产品销售价格距高位已经有明显下降的趋势，价格受地缘政治、全球供应等因素影响波动较大，未来价格仍存在回落的可能，提请投资者理性看待相关市场传闻，勿过度放大单一产品价格波动对公司业绩的影响。 （文章来源：财联社）,,东方财富快讯104,http://finance.eastmoney.com/a/202606043760573685.html
NEWS_000144,news,东方财富新闻,*ST中迪：拟收购北京天微49%股权 _ 东方财富网,2026-06-04,*ST中迪 6月4日公告，目前，经各方协商一致，公司拟收购公司关联方深圳 天微电子 持有的北京天微49%的股权(对应认缴出资额为490万元，实缴出资额为0元)，收购价格为0元。若本次收购完成，公司将持有北京天微100%股权，北京天微成为公司全资子公司。 （文章来源：界面新闻）,,东方财富快讯104,http://finance.eastmoney.com/a/202606043760563219.html
NEWS_000145,news,东方财富新闻,上峰水泥：6月5日起证券简称变更为“上峰材料” _ 东方财富网,2026-06-04,上峰水泥 (000672.SZ)公告称，公司已提前向深圳证券交易所提交变更公司名称及证券简称事项的书面申请，深圳证券交易所对公司本次变更名称及证券简称事项无异议。自2026年6月5日起，公司全称由“甘肃 上峰水泥 股份有限公司”变更为“甘肃上峰材料股份有限公司”，公司证券简称由“ 上峰水泥 ”变更为“上峰材料”，证券代码保持不变。 （文章来源：财联社）,,东方财富快讯104,http://finance.eastmoney.com/a/202606043760560339.html
NEWS_000146,news,东方财富新闻,2连板华源控股：间接持有宇树科技的比例约0.003% 间接投资金额较小 _ 东方财富网,2026-06-04,"华源控股 (002787)公告称，公司股票于6月3日、4日连续两个交易日收盘价格涨幅偏离值累计超过20%。公司主营业务目前仍然是金属及 塑料 包装产品的生产与销售。公司于2025年12月收购的无锡暖芯 半导体 科技有限公司主营业务为温控设备，2026年2月收购的寰鼎集成电路（上海）有限公司主营业务为 半导体 设备及相关耗材的研发、销售与技术服务。无锡暖芯和上海寰鼎的主营产品为 半导体 设备的辅助设备，相比半导体主设备而言市场规模较小。公司2026年一季度半导体业务并表营业收入约1,000万，占公司整体营业收入比例较低，对公司整体经营业绩贡献有限。上述收购的公司可能存在业绩波动风险、收购整合风险以及商誉减值风险等，且鉴于半导体温控设备及耗材设备的发展受技术迭代、市场竞争、客户认证周期等多种因素影响，未来业务发展存在不确定性，短期内对公司整体经营业绩贡献有限。公司子公司苏州华源创业投资合伙企业（有限合伙）间接参投的天津君万弘毅企业管理咨询合伙企业（有限合伙）投资了宇树科技股份有限公司（以下简称“宇树科技”），股权穿透后，公司间接持有宇树科技的比例约0.003%。公司间接投资金额较小，投资占比低，无法对其决策产生影响，上述投资对公司业绩不产生重要影响。 （文章来源：财联社）",,东方财富快讯104,http://finance.eastmoney.com/a/202606043760558248.html
NEWS_000147,news,东方财富新闻,悦心健康：拟与上海斯米克有限公司共同收购斯米克健康科技75%股权 _ 东方财富网,2026-06-04,悦心健康 6月4日公告，公司拟联合斯米克健康科技（上海）有限公司现有股东上海斯米克有限公司，共同受让标的公司股东上海 悦心健康 科技发展有限公司持有的标的公司75%全部股权：本次拆分受让比例为公司受让36%标的公司股权，上海斯米克有限公司受让39%标的公司股权。本次交易完成后，上海斯米克有限公司叠加其原持有的25%标的公司股权，合计持有标的公司64%股权，为标的公司控股股东；公司持有标的公司36%股权。标的公司将成为公司参股公司，不纳入公司合并报表范围。 （文章来源：界面新闻）,,东方财富快讯104,http://finance.eastmoney.com/a/202606043760552960.html
NEWS_000148,news,东方财富新闻,呈和科技：控股股东赵文林拟减持不超2%股份 _ 东方财富网,2026-06-04,"呈和科技(688625.SH)公告称，控股股东、实际控制人赵文林因自身资金需求，计划通过大宗交易方式减持不超过5,250,230股，占公司总股本的2.00%，减持期间为2026年6月29日至2026年9月28日。 （文章来源：财联社）",,东方财富快讯104,http://finance.eastmoney.com/a/202606043760552463.html
NEWS_000149,news,东方财富新闻,东材科技：股票异动期间 高管李文权、梁倩倩存在减持公司股票的情形 _ 东方财富网,2026-06-04,"东材科技 (601208)发布股票交易异常波动公告，公司于2026年5月7日在上海证券交易所披露了《部分董事、高级管理人员减持股份计划公告》，公司部分董事、高级管理人员计划自2026年5月29日起3个月内，通过集中竞价交易方式减持其所持有的公司股份，减持主体拟减持的股份数量合计不超过607,000股，占公司当前总股本的0.0601%。经公司自查，本次公司股票异常波动期间，公司高级管理人员李文权、梁倩倩存在减持公司股票的情形，其减持行为与此前披露的减持计划一致，亦不存在违规减持的情形。 （文章来源：财联社）",,东方财富快讯104,http://finance.eastmoney.com/a/202606043760552826.html
NEWS_000150,news,东方财富新闻,东材科技：董事唐安斌拟减持不超0.2872%股份 _ 东方财富网,2026-06-04,"东材科技 (601208.SH)公告称，董事长唐安斌因个人资金需求，计划自2026年6月30日起3个月内，通过集中竞价交易方式减持不超过2,901,200股，占公司总股本的0.2872%。 （文章来源：财联社）",,东方财富快讯104,http://finance.eastmoney.com/a/202606043760550224.html
NEWS_000151,news,东方财富新闻,瑞银证券董事长胡知鸷：年内科创企业已占港股IPO发行规模的63% _ 东方财富网,2026-06-04,瑞银证券董事长、瑞银全球投资 银行 部中国区主席胡知鸷表示，过去一年港股IPO市场很大程度上由A股上市公司的H股发行推动，但今年以来科创创新企业已成为绝对主角。随着新质生产力相关科创企业的发展，投资者对其关注度与认可度显著提升。 从发行数据来看，今年年初至今，科创企业在港股IPO发行规模中的占比已达63%，定增和可转债规模分别占21%和6%。对比去年科技企业在港股IPO发行数量中仅占16%，且定增、可转债等融资工具较少（除部分大型企业外），今年资本市场呈现出“满天星”的布局态势，各类企业均有更多机会通过资本市场进行多元化融资发行。 （文章来源：财联社）,,东方财富快讯104,http://finance.eastmoney.com/a/202606043760549356.html
NEWS_000152,news,东方财富新闻,美诺华：拟定增募资不超21.09亿元 _ 东方财富网,2026-06-04,美诺华 (603538.SH)公告称，公司拟向不超过35名特定对象发行A股股票，募集资金总额不超过21.09亿元，扣除发行费用后用于高端口服固体制剂和复杂注射剂全球化产业基地项目、高活性制剂及难溶性药物高端研发项目及补充流动资金。 （文章来源：财联社）,,东方财富快讯104,http://finance.eastmoney.com/a/202606043760545852.html
NEWS_000153,news,东方财富新闻,精达股份：持股5%以上股东华安财产保险拟减持不超2%公司股份 _ 东方财富网,2026-06-04,精达股份 6月4日公告，公司持股5%以上股东华安财产保险计划自2026年6月29日至2026年9月28日，通过集中竞价和大宗交易方式合计减持公司股份不超过4302.18万股，即不超过公司总股本的2%。 （文章来源：界面新闻）,,东方财富快讯104,http://finance.eastmoney.com/a/202606043760544881.html
NEWS_000154,news,东方财富新闻,鼎通科技：液冷业务处于拓展、小批量供货阶段 _ 东方财富网,2026-06-04,鼎通科技 (688668)发布股票交易异常波动公告，近期二级市场对AI服务器、算力液冷散热等概念关注度较高，部分市场传闻对公司液冷业务规模、订单落地、业绩贡献存在过度乐观解读。现就公司相关业务情况澄清如下：公司主营业务为高速 通信 连接器及其组件、 汽车 精密连接器及精密结构件，上述业务经营稳定，未发生突发重大变化。公司液冷业务处于拓展、小批量供货阶段，未来能否持续获取订单、实现大规模量产及业绩增长，存在高度不确定性。 （文章来源：财联社）,,东方财富快讯104,http://finance.eastmoney.com/a/202606043760543290.html
NEWS_000155,news,东方财富新闻,东山精密：不涉及未披露重大事项 索尔思光电业绩存不确定性 _ 东方财富网,2026-06-04,东山精密 (002384)公告称，公司股票连续3个交易日收盘价格涨幅偏离值累计超过20%，属于股票交易异常波动。经自查，公司前期披露信息无需更正补充，未发现影响股价的未公开重大信息，经营情况正常。公司控股股东、实控人在异常波动期间未买卖公司股票。公司表示，索尔思光电自2025年10月起并表，2025年度、2026年第一季度收入分别占合并营收的3.58%、16.02%，利润分别占22.69%、52.92%，但受行业景气度及下游需求变化影响，其后续经营业绩存在不确定性，敬请投资者注意风险。 （文章来源：财联社）,,东方财富快讯104,http://finance.eastmoney.com/a/202606043760541632.html
NEWS_000156,news,东方财富新闻,精达股份：华安保险拟减持公司不超2%股份 _ 东方财富网,2026-06-04,精达股份 公告，持股9.08%的股东华安财产保险股份有限公司（简称“华安保险”）拟通过集中竞价和大宗交易方式减持公司股份不超过4302.18万股，即不超过公司总股本的2%。 （文章来源：第一财经）,,东方财富快讯104,http://finance.eastmoney.com/a/202606043760539637.html
NEWS_000157,news,东方财富新闻,共达电声：拟取得浙江镝嘉不低于51%实际控制权 _ 东方财富网,2026-06-04,共达电声 (002655.SZ)公告称，公司拟以自筹资金对浙江镝嘉精密科技有限公司增资不超过2亿元，并通过对股东增资及委派董事等方式，取得标的公司合计不低于51%的实际控制权。标的公司整体估值暂定不超过4.5亿元，相对账面净资产增值率535.33%。本次交易尚处筹划阶段，存在不确定性。 （文章来源：财联社）,,东方财富快讯104,http://finance.eastmoney.com/a/202606043760539935.html
NEWS_000158,news,东方财富新闻,69名员工 超4亿元股票“奖励”即将到账！万亿巨头最新公告 _ 东方财富网,2026-06-04,最新公告。 中际旭创 （300308）6月4日晚间公告，公司第三期限制性股票激励计划预留部分第一个归属期归属条件已成就，本次归属股票数量为32.445万股，占公司总股本的0.03%，归属人数为69人，归属价格为35.16元/股，募集资金约1140.77万元用于补充流动资金，股份于2026年6月8日上市流通。激励对象包括公司在美国、马来西亚、新加坡、泰国等全球各地的核心业务、技术人员，以及中层管理人员等。 以 中际旭创 目前的股价（1280元/股）计算，上述限制性股票的市值约为4.15亿元。 而在日前，公司第四期限制性股票激励计划预留部分第一个归属期归属条件也已成就，本次归属股票数量为130.97万股，占公司总股本的0.12%，归属人数为734人，归属价格为52.10元/股，募集资金约6823.31万元用于补充流动资金，股份于2026年6月1日上市流通。 以 中际旭创 6月1日收盘价（1130元/股）计算，上述限制性股票的市值约为14.8亿元。 值得一提的是，今年以来，中际旭创股价已累计上涨超110%，最新总市值为1.43万亿元。 业绩方面，中际旭创2026年一季度实现营业收入194.96亿元，同比增长192.12%；归属于上市公司股东的净利润为57.35亿元，同比增长262.28%。 综合 自：公司公告 （文章来源：证券时报）,,东方财富快讯104,http://finance.eastmoney.com/a/202606043760535723.html
NEWS_000159,news,东方财富新闻,镇海股份：控股股东拟公开征集转让15％公司股份 _ 东方财富网,2026-06-04,镇海股份 6月4日发布公告，股票于2026年6月2日、6月3日、6月4日连续三个交易日内日收盘价格跌幅偏离值累计超过20％，根据《上海证券交易所交易规则》的有关规定，属于股票交易异常波动情形。公司控股股东宁波舜通集团有限公司拟通过公开征集转让方式协议转让其所持有的公司部分股份，转让比例为总股本的15％。控股股东拟通过公开征集转让方式协议转让公司部分股份事项正在有序推进中，公司将根据后续进展情况，严格按照相关法律法规的规定，及时履行信息披露义务。 （文章来源：界面新闻）,,东方财富快讯104,http://finance.eastmoney.com/a/202606043760536866.html
NEWS_000160,news,东方财富新闻,中核科技：控股股东拟增持2000万元—4000万元公司股份 _ 东方财富网,2026-06-04,中核科技 公告，控股股东 中国核电 工程有限公司（简称“中核工程”）于今日以集中竞价交易的方式增持公司股份100.51万股，占总股本的约0.26%，中核工程拟自今日起的6个月内，通过深圳证券交易所允许的方式（包括但不限于集中竞价交易、大宗交易等）增持公司股份，拟增持股份金额不低于2000万元且不高于4000万元，拟增持比例合计不超过公司总股本的1%。 （文章来源：第一财经）,,东方财富快讯104,http://finance.eastmoney.com/a/202606043760536093.html
NEWS_000161,news,东方财富新闻,宏达电子：民用MLCC业务规模极小 _ 东方财富网,2026-06-04,宏达电子 (300726)发布股票交易异常波动公告，公司关注到市场对公司民用 电子 元器件业务较为关注，现就相关情况说明如下：公司民用 电子 元器件主要为钽电容器、陶瓷薄膜电路及SLC产品，民用 MLCC 业务规模极小。截至2025年底，公司民用产品业务收入占公司营业总收入的比例约为18.04%，在相关民用市场的业务尚处于开拓期，对公司业绩影响有限，相关业务推广存在不确定性。同时公司的高可靠业务也易受宏观环境与政策影响，需求存在不及预期的可能，公司特此郑重提醒广大投资者，短期市场热点受多种复杂因素影响，务必保持理性投资，注意风险。 （文章来源：财联社）,,东方财富快讯104,http://finance.eastmoney.com/a/202606043760535658.html
NEWS_000162,news,东方财富新闻,嘉美包装：逐越鸿智要约收购完成 股票6月5日复牌 _ 东方财富网,2026-06-04,嘉美包装 (002969.SZ)公告称，苏州逐越 鸿智科技 发展合伙企业(有限合伙)要约收购结果已确认，截至2026年5月29日，预受要约股份合计2.15亿股，占公司总股本的19.59%。收购完成后，逐越鸿智持有公司4.94亿股，占总股本45.01%，公司股权分布仍符合上市条件。公司股票将于2026年6月5日开市起复牌。 （文章来源：财联社）,,东方财富快讯104,http://finance.eastmoney.com/a/202606043760533494.html
NEWS_000163,news,东方财富新闻,康隆达：股东裕昊创投拟减持不超3%公司股份 _ 东方财富网,2026-06-04,"康隆达 6月4日公告，公司持股5%以上股东海南裕昊创业投资合伙企业（有限合伙）因自身资金需求，计划自本公告披露之日起15个交易日后的90日内，通过集中竞价、大宗交易方式合计减持不超过4,805,031股，即不超过公司总股本的3.00%。其中，通过集中竞价减持公司股份不超过1,601,677股，即不超过公司总股本的1.00%；通过大宗交易减持不超过3,203,354股，即不超过公司总股本的2.00%。若在减持计划实施期间，公司有送股、资本公积金转增股本、配股等股份变动事项，本次减持股份数量将相应进行调整。 （文章来源：界面新闻）",,东方财富快讯104,http://finance.eastmoney.com/a/202606043760529766.html
NEWS_000164,news,东方财富新闻,新华网：拟投资11.22亿元建设“新华语典”项目 _ 东方财富网,2026-06-04,"新华网 6月4日公告，公司拟投资建设“新华语典”项目。本次投资项目总投入预算为112,171万元，其中：募集资金变更投入预算为74,100万元，不足部分以自有资金补足，自有资金投入预算为38,071万元。 （文章来源：界面新闻）",,东方财富快讯104,http://finance.eastmoney.com/a/202606043760525014.html
NEWS_000165,news,东方财富新闻,京东方A：2026年行业内第8.6代OLED产线陆续开始量产 _ 东方财富网,2026-06-04,京东 方Ａ(000725.SZ)发布投资者关系活动记录表公告， OLED 产品方面，伴随2025年以来存储涨价影响，根据咨询机构预计，2026年终端需求承压，柔性AM OLED 在手机领域增长节奏放缓。与此同时行业内LTPO、折叠等高端产品出货占比预计在海外高端品牌的带动下持续上涨。此外，2026年行业内第8.6代 OLED 产线陆续开始量产，受此催化，O LED 车载与IT渗透率预计均呈现提升。 （文章来源：财联社）,,东方财富快讯104,http://finance.eastmoney.com/a/202606043760524279.html
NEWS_000166,news,东方财富新闻,ST人福：拟不低于10.56亿元挂牌转让乐福思16.34%股权 _ 东方财富网,2026-06-04,ST人福 (600079.SH)公告称，公司全资子公司RFSWHoldingPte.Ltd.拟在产权交易所公开挂牌转让乐福思健康产业股份公司16.34%股权，挂牌转让价格拟不低于评估值10.56亿元。本次交易不影响公司合并报表范围，交易完成后公司不再持有乐福思股权。若按评估值测算，预计影响当期损益约5亿元。 （文章来源：财联社）,,东方财富快讯104,http://finance.eastmoney.com/a/202606043760522916.html
NEWS_000167,news,东方财富新闻,艾德生物：控制权变更事项取得进展 股票复牌 _ 东方财富网,2026-06-04,"艾德生物 (300685.SZ)公告称，公司控股股东前瞻投资(香港)有限公司及公司实际控制人、董事长LI- MOU ZHENG（郑立谋）与国药集团(北京)科技创新研究院有限公司签署《股份收购协议》，拟以21.20元/股转让其持有的公司20%股份(78,021,034股)，转让价款总计16.54亿元。本次权益变动完成后，国药集团(北京)科技创新研究院有限公司将成为公司控股股东，实际控制人将变更为 中国医药 集团有限公司。公司股票于2026年6月5日开市起复牌。本次交易尚需国有资产监督管理机构、反垄断局等审批，存在不确定性。 （文章来源：财联社）",,东方财富快讯104,http://finance.eastmoney.com/a/202606043760518578.html
NEWS_000168,news,东方财富新闻,模塑科技：仅获得机器人外覆盖件的小批量采购订单 订单金额占营业收入的比例不足0.1% _ 东方财富网,2026-06-04,模塑科技 6月4日公告，现阶段，公司主营业务为塑化 汽车 外饰件，未发生重大变化，公司目前仅获得 机器人 外覆盖件的小批量采购订单，订单金额占营业收入的比例不足0.1%，对公司经营业绩影响极小。敬请投资者理性投资，注意投资风险。 （文章来源：界面新闻）,,东方财富快讯104,http://finance.eastmoney.com/a/202606043760517122.html
NEWS_000169,news,东方财富新闻,2连板中重科技：主营业务未发生变化 营业收入均来自冶金智能装备主业 _ 东方财富网,2026-06-04,中重科技 (603135)发布异动公告，公司主营业务为冶金领域智能轧制装备及成套生产线的研发、工艺设计、生产制造、技术服务与销售，核心产品为热轧型钢、带钢、棒线材、中厚板全流程自动化轧制生产线及配套备品备件，行业归类 专用设备 制造业，报告期内公司全部营业收入均来自上述冶金智能装备主业。公司主营业务未发生变化。 （文章来源：财联社）,,东方财富快讯104,http://finance.eastmoney.com/a/202606043760514770.html
NEWS_000170,news,东方财富新闻,3连板鑫科材料：全资子公司之高速铜连接用铜缆项目尚未投产 暂未产生收入 _ 东方财富网,2026-06-04,鑫科材料 (600255.SH)公告称，公司股票于2026年6月1日、6月2日和6月3日连续3个交易日内日收盘价格涨幅偏离值累计达到20%，属于股票交易异常波动。公司专注高性能、高精密度 铜 合金板带、合金箔、 汽车 用电线的研发、生产和销售。主导产品有高精密度黄 铜 、高 铜 、青铜、锌白铜带材等；产品广泛应用于 新能源 汽车 、 消费电子 等行业领域。截至目前，公司的主营业务未发生变化，内部生产经营活动秩序正常，所处的市场环境及行业政策也未发生重大调整。经核查，公司发现市场对公司高速铜连接和高速铜缆项目关注度较高。截至本公告披露日，公司全资子公司四川鑫梓能科材料科技有限公司之高速铜连接用铜缆项目尚未投产，暂未产生收入。公司参股子公司拓鑫智连（三台）科技有限公司之高速铜连接项目，因参股公司不纳入公司合并报表范围，对公司经营业绩不构成重大影响，敬请广大投资者注意投资风险。 （文章来源：财联社）,,东方财富快讯104,http://finance.eastmoney.com/a/202606043760515919.html
NEWS_000171,news,东方财富新闻,华大智造：控股股东提议公司以2.5亿元至5亿元回购股份 _ 东方财富网,2026-06-04,华大智造 (688114.SH)公告称，控股股东华大科技控股提议公司以自有资金和自筹资金通过集中竞价交易方式回购公司股份，回购资金总额不低于2.5亿元(含)，不超过5亿元(含)，回购股份将用于员工持股计划或 股权激励 。 （文章来源：财联社）,,东方财富快讯104,http://finance.eastmoney.com/a/202606043760507171.html
NEWS_000172,news,东方财富新闻,4连板天洋新材：在电子胶产品中涉及半导体业务的光模块透镜固定用胶为新开发产品 目前该产品月营收占集团月营收不足1% _ 东方财富网,2026-06-04,天洋新材 (603330)公告称，公司股票于2026年6月3日、4日连续两个交易日收盘价格涨幅偏离值累计超20%，属于股票交易异常波动。在 电子 胶产品中，涉及 半导体 业务的光模块透镜固定用胶为新开发产品，目前该产品月营收占集团月营收不足1%，不会对公司业绩造成重大影响且存在未来供货的不确定性。 （文章来源：财联社）,,东方财富快讯104,http://finance.eastmoney.com/a/202606043760507387.html
NEWS_000173,news,东方财富新闻,江海股份：没有片式多层陶瓷电容器（MLCC）业务 _ 东方财富网,2026-06-04,江海股份 (002484)发布股票交易异常波动公告称，公司目前 超级电容 器、MLPC的规模、营收占比及其在AI服务器电源上的应用都较小。另外，公司没有片式多层陶瓷电容器（ MLCC ）业务，也没有投产 MLCC 的计划。敬请广大投资者理性投资，注意投资风险。公司产品在下游服务器电源等应用领域景气度易受宏观环境与政策影响，需求存在不及预期的可能，同时行业竞争也可能会加剧、易出现产能与需求不匹配的情况；此外新兴市场客户认证周期较长，现有及新增订单落地进度也存在不确定性。 （文章来源：财联社）,,东方财富快讯104,http://finance.eastmoney.com/a/202606043760506030.html
NEWS_000174,news,东方财富新闻,先锋精科：向不特定对象发行可转换公司债券申请获通过 _ 东方财富网,2026-06-04,先锋精科 公告，上海证券交易所上市审核委员会于今日召开2026年第33次审议会议对公司向不特定对象发行可转换公司债券的申请进行了审议，根据会议审议结果，公司本次向不特定对象发行可转换公司债券的申请符合发行条件、上市条件和信息披露要求。 （文章来源：第一财经）,,东方财富快讯104,http://finance.eastmoney.com/a/202606043760498874.html
NEWS_000175,news,东方财富新闻,上海石化：T1000级高性能碳纤维尚未形成销售收入 _ 东方财富网,2026-06-04,上海石化 (600688)发布异动公告，公司关注到市场对公司T1000级高性能 碳纤维 的相关媒体报道较为关注，现就相关情况说明如下：本次报道的T1000级高性能 碳纤维 是12K小丝束，本批次产品尚未形成销售收入，预计后续销售收入占公司整体营收、利润比重较低，不会对公司主营业务与盈利水平构成重大影响。 （文章来源：财联社）,,东方财富快讯104,http://finance.eastmoney.com/a/202606043760498619.html
NEWS_000176,news,东方财富新闻,永鼎股份：当前全球光纤光缆行业市场环境正常 产品单价波动对公司影响需综合判断 _ 东方财富网,2026-06-04,4日， 永鼎股份 (600105)发布异动公告，公司注意到近期市场对算力 数据中心 相关新型光纤光缆产品需求的增长及光纤光缆价格的波动关注度较高。当前全球光纤光缆行业市场环境正常，产品单价波动对公司未来业绩的影响需结合未来市场环境及公司业务情况进行 综合 判断。敬请广大投资者注意交易风险，审慎决策、理性投资。 （文章来源：每日经济新闻）,,东方财富快讯104,http://finance.eastmoney.com/a/202606043760497198.html
NEWS_000177,news,东方财富新闻,云涌科技：股东拟减持不超1.16%公司股份 _ 东方财富网,2026-06-04,云涌科技 (688060.SH)公告称，持股6.05%的股东张奎计划以集中竞价及大宗交易的方式进行减持，预计减持股份合计不超过70万股，占公司总股本比例不超过1.16%。 （文章来源：财联社）,,东方财富快讯104,http://finance.eastmoney.com/a/202606043760496386.html
NEWS_000178,news,东方财富新闻,长飞光纤：不涉及应披露而未披露重大事项 _ 东方财富网,2026-06-04,长飞光纤 (601869)公告称，公司股票于2026年6月2日至6月4日连续三个交易日收盘价格涨幅偏离值累计超过20%，属于股票交易异常波动。经公司自查并向第一大股东征询，截至公告日，不存在应披露而未披露的重大信息。公司注意到近期市场对光纤光缆产品价格波动及 数据中心 相关需求关注度较高，但部分产品价格波动幅度存在不确定性，对公司业绩的影响需结合市场环境和业务结构 综合 判断。敬请投资者注意投资风险。 （文章来源：财联社）,,东方财富快讯104,http://finance.eastmoney.com/a/202606043760495580.html
NEWS_000179,news,东方财富新闻,江苏有线：拟追加投资常熟银行至不超过4.5%股份 总投资金额不超过12亿元 _ 东方财富网,2026-06-04,江苏有线 (600959.SH)公告称，公司拟将购买 常熟银行 股份比例由不超过3.5%(含)追加至不超过4.5%，总投资金额由不超过9亿元追加至不超过12亿元。本次投资为战略性投资，资金来源为公司自有资金，旨在优化资产配置结构，深化银企合作。该事项已获董事会审议通过，尚需提交股东会审议。 （文章来源：财联社）,,东方财富快讯104,http://finance.eastmoney.com/a/202606043760488218.html
NEWS_000180,news,东方财富新闻,通鼎互联：年产600吨光棒及2000万芯公里光纤项目公司及运营公司完成工商登记 _ 东方财富网,2026-06-04,通鼎互联 (002491.SZ)公告称，公司建设年产600吨光棒及2000万芯公里光纤的对外投资项目取得进展，设立的项目公司通鼎光学(韶关)有限公司及全资运营公司通鼎信息 通信 (韶关)有限公司已完成工商登记并领取营业执照。项目公司注册资本8亿元，运营公司注册资本1亿元。 （文章来源：财联社）,,东方财富快讯104,http://finance.eastmoney.com/a/202606043760455965.html
NEWS_000181,news,东方财富新闻,证监会同意泰诺麦博科创板IPO注册 _ 东方财富网,2026-06-04,6月4日消息，证监会日前下发关于同意珠海泰诺麦博制药股份有限公司首次公开发行股票注册的批复，同意该公司首次公开发行股票并在科创板上市的注册申请。 （文章来源：界面新闻）,,东方财富快讯104,http://finance.eastmoney.com/a/202606043760453860.html
NEWS_000182,news,东方财富新闻,亨通光电张建峰：谁拥有光棒产能 谁就掌握了发展主动权 _ 东方财富网,2026-06-04,光纤光缆的价格从未像今天这样引人注目。 G.652.D裸光纤从2025年初不足20元/芯公里，一路飙升至2026年3月的83.4元/芯公里，累计涨幅超400%；G.657.A2特种光纤涨幅更达650%，创近七年新高。 背后推手既非 电信运营商 的集采放量，也非传统基建周期，而是AI 数据中心 的海量互联需求。 在苏州 亨通光电 总部，公司总裁张建峰对21世纪经济报道记者分析：“需求端的变化是根本 驱动力 。AI 数据中心 带来的爆发式增长，是这一轮产业爆发的关键变量。” 面对这场结构性拐点， 亨通光电 已将目光锁定在全产业链上最硬的骨头——光棒（光纤预制棒）。 （图片来源：公司调研拍摄） AI强劲需求与产业最短板 AI 数据中心 对互联带宽的渴求，正重塑整个光 通信 产业链的价值分配。光纤光缆正从传统 通信 传输介质，演变为智算中心内部高密度、低时延互联的关键部件。 光纤是一种传输光束的介质，由芯层、包层和涂覆层构成，上游主要包括光纤预制棒、光纤 涂料 、增强材料等环节。 根据行业数据，单个数万张GPU卡的AI算力集群内部互联光纤用量是传统数据中心的5至10倍，预计AI相关光纤需求占比将从2024年的5%激增至2027年的30%。CRU则统计，2025年全球数据中心光纤光缆需求同比增速高达75.9%，2026年行业供需缺口率约16.4%。 中国是光纤产能主力，去年出货量已超全球一半。据中国海关总署的统计数据，今年3月，中国光纤光缆出口额为2.45亿美元，同比增长263.84%，光纤光缆出口均价为76.11美元/千克，同比增长204.32%。 从各环节紧缺程度来说，光棒是整个产业链中扩产周期最长、供给刚性最强的环节，一套成熟产线从规划到产能爬坡通常需要2年以上，技术门槛极高。 “光棒是上游核心材料，技术壁垒最高。本轮光纤价格大幅上涨，根本原因就是光棒供给弹性不足。”张建峰判断，“谁拥有光棒产能，谁就掌握了发展的主动权。” 据悉， 亨通光电 在此前已构建起超强产能，国内市场份额约25%。面对需求强劲的市场，其扩产决心也十分明确。 张建峰对记者表示：“关于扩产，既有基于已有订单的被动响应，更有基于行业景气度判断的主动布局。近期，公司正全力抢抓行业发展新机遇，加快内蒙古基地光棒产能提升，启动二期扩产项目，产能在内蒙古一期的基础上提升1.5倍。”同时，亨通光电也在加快海外产业基地的布局，通过“国内扩产+海外布局”双管齐下的方式，在全球市场上实现跨越式发展。 据了解，目前亨通光电光纤在手订单充足，已和全球多家头部AI数据中心客户签署长协订单。结合扩产周期，张建峰认为，以目前AI基础设施投入的力度和持续性判断，保守估计未来几年都将保持良好的上升局面。 算力网络+能源互联双引擎 AI爆发给亨通光电带来的增长机遇远不止光 通信 用量提升这一项。张建峰在采访中将公司未来三年战略归结为“以AI算力网络和全球能源互联为双引擎”。 “AI的爆发式增长直接带来两个巨大需求——算力中心内部及之间的 海量数据 传输，以及背后支撑算力的 电力 供应。”他解释道。亨通恰好同时布局了光通信（光纤、光模块、空芯光纤等）和能源互联（海底电缆、超高压陆缆等）两大赛道，既做AI数据中心的“血管”，又做 电力 调度的“动脉”。一季度亨通光电营收同比增长34.09%，净利润同比增长98.53%，增幅印证了双引擎的加速态势。 此外，技术创新层面，公司在行业内最先启动推进空芯光纤商用化进程。 2025年亨通光电已与 中国移动 联合启动S+C+L波段超低损大有效面积多芯光纤项目，标志着全球首条“三波段”多芯光纤进入实际应用场景。在智算中心集群互联等场景，多芯光纤可大幅提升光纤传输容量，是解决AI训练集群节点互联带宽瓶颈的理想方案。 不过，空芯光纤从实验室到商业化规模部署，涉及多环节工艺突破，产业链配套的完善和单位成本的下降仍然需要时间。当前阶段大规模部署的核心瓶颈，主要还是成本控制和产业链成熟度的 综合 问题。 张建峰表示：“关于未来3—5年空芯光纤收入占比，坦率说这个市场仍处于放量初期，现在给出精确占比为时尚早，但我们在空芯光纤的技术及生产上已经掌握了主动权，相当于‘钥匙’在自己手里，未来随着AI算力网络对超低时延传输需求的持续释放，一旦空芯光纤真正规模化，它完全有潜力成为公司营收中的重要增量。” 更大的战略布局在海外。 作为中国唯一具有万公里级超长距海底光缆系统项目交付经验、覆盖全球海洋光纤通信全产业链的企业，亨通已为全球七十多个国家建设了超100多条国际海洋光纤通信网络，已进入光纤通信、海洋通信、超高压海缆等领域的全球行业前三强。在“2025年全球线缆最具竞争力企业10强”“2025年全球海缆最具竞争力企业10强”和“2025年全球光纤光缆最具竞争力企业10强”榜单中，亨通位列全球线缆第二位，全球海缆、全球光纤光缆前三强。 而在海洋能源领域，2025年以来，亨通光电持续中标国内外海上风电和海洋油气等海洋能源项目，在手订单充足。其实现了海底电缆领域的产品全覆盖和应用场景全覆盖，除了海上风电和海洋油气领域，海上光伏全系列产品、中海油动态缆系统也实现了中标和业绩突破，并获取国内首个高电压大截面深水 铜 丝铠装海缆项目。 张建峰解释，亨通光电的几大领域，底层逻辑都是“连接”——信息连接和能源连接，产品背后的材料科学、工业制造、系统集成等核心技术都有相同之处。此外，亨通光电也踩准了AI时代“信息+能源”的双轮协同。 张建峰表示：“亨通恰好在这两条赛道上都有深厚布局——既能提供AI数据中心所需的光通信产品，又能提供能源互联解决方案。这也是未来亨通发展的核心战略：以AI算力网络和全球能源互联为双引擎，打造世界一流的信息与能源互联解决方案服务商。” （文章来源：21世纪经济报道）,,东方财富快讯104,http://finance.eastmoney.com/a/202606043760446395.html
NEWS_000183,news,东方财富新闻,中交地产：董事长王尧因个人原因辞职 _ 东方财富网,2026-06-04,中交地产 (000736.SZ)公告称，公司董事会收到董事长王尧的辞职报告，其因个人原因申请辞去董事、董事长及公司其他所有职务，辞职后将不再担任公司任何职务。 （文章来源：财联社）,,东方财富快讯104,http://finance.eastmoney.com/a/202606043760442976.html
NEWS_000184,news,东方财富新闻,交易所最新通知！券商即刻启动交易单元全面自查 严禁为个别投资者提供特殊便利 _ 东方财富网,2026-06-04,今日，记者获悉，上交所向券商下发通知，强化交易业务单元管理。 上交所明确，券商即刻启动交易单元全面自查，存量不合规配置须在3个月内整改完毕。交易所要求，应当做好交易单元内部分配，公平对待投资者，保护投资者特别是中小投资者合法权益，严禁为个别投资者提供特殊便利。券商应当确保清理整改工作平稳有序开展，同时应将已清理的部分交易单元优先用于改善普通投资者的交易体验。 有券商人士向记者解释称，此举主要针对那些量化的客户，不给独立的交易通道，减少交易的不公平。理论上就是要将自营交易单元、散户交易单元和高频量化交易单元一碗水端平，不让散户吃速度的亏。据悉，此前少数机构通过专属机位、独立交易单元获得千倍级微秒速度优势，导致普通投资者订单可能被插队、截胡。 严禁为个别投资者提供特殊便利 近日，上交所发布了《关于强化参与者交易业务单元管理的通知》（下称《通知》）。《通知》称，为落实资本市场政治性、人民性要求，维护证券市场秩序和交易公平，保护投资者合法权益，根据中国证监会《关于加强资本市场中小投资者保护的若干意见》，上交所制定了《上海证券交易所会员管理规则适用指引第6号——参与者交易业务单元管理》（下称《指引》）。 上交所要求，会员应当针对参与者交易业务单元使用情况开展自查，如存在不符合《指引》规定的情形，应当于本通知发布之日起3个月内完成整改。会员应当加强交易单元内部管理，从事证券经纪、证券自营和 资产管理 等不同业务的，应当使用对应性质的交易单元。 上交所表示，会员应当做好交易单元内部分配，公平对待投资者，保护投资者特别是中小投资者合法权益，严禁为个别投资者提供特殊便利。会员向本所申请新增普通经纪和两融专用交易单元前，应当确保已申请的交易单元数量与其自身的经纪业务规模相互匹配，并做好已申请交易单元的充分使用。 上交所称，会员应当确保清理整改工作平稳有序开展，切实做好终止服务客户的解释 教育 工作，同时应将已清理的部分交易单元优先用于改善普通投资者的交易体验。会员整改期满后，交易商将结合日常监管情况开展《指引》落实情况的现场核查。 据悉，2025年10月证监会发布施行的《关于加强资本市场中小投资者保护的若干意见》划定了监管红线，督促券商加强交易单元统一管理，严禁为个别投资者提供特殊便利。 维护交易秩序和市场公平 据悉，为了加强上交所交易单元管理，保障交易及相关系统安全稳定运行，防范交易风险，维护交易秩序和市场公平，保护投资者合法权益，根据《上海证券交易所会员管理规则》《上海证券交易所交易规则》等有关规定，制定了《指引》。 《指引》表示，会员从事本所股票、债券等交易的，应当申请相应产品类型的交易单元。会员从事证券经纪、证券自营和 资产管理 等不同业务的，应当申请相应业务性质的交易单元。本所另有规定的除外。 根据会员申请及市场风险控制相关规定，本所可以对会员的交易单元设置以下限制：买入与卖出的交易方向限制；特定品种的买入与卖出的交易方向限制；与市场风险控制相关的其他行为限制。 《指引》称，会员应当建立健全交易单元的管理制度和操作流程，制定完善的日常管理、内部分配、应急处置及风险防范等制度。会员应当切实发挥监督职能，加强对交易单元的统一管理和交易单元使用情况的监控，严禁通过使用交易单元建立交易通道等方式为个别投资者提供特殊便利。会员应当加强交易单元使用情况管理，不得使用状态异常或者已经停用的交易单元建立交易通道。 《指引》规定，会员应当准确设置交易单元清算路径，并确保交易单元具备相应交易权限，避免出现大量无效申报等影响正常交易结算秩序的情形。本所根据申请时间顺序受理会员交易单元相关业务申请，并按照公平、合理的原则分配交易单元。 《指引》称，本所对会员使用交易单元建立交易通道的情况开展监测，依据会员相关业务份额和订单申报数据变动等情况，定期对会员交易通道管理质效进行评估并采取相应管理措施。 《指引》明确，会员违反本指引规定的，本所可以视情节轻重采取相关监管措施或纪律处分。会员通过交易单元为个别投资者提供特殊便利或者故意规避本指引相关规定，影响证券市场交易公平的，本所可以从重采取相关监管措施或纪律处分，并依法依规报告中国证监会严肃处理。 （文章来源：券商中国）,,东方财富快讯104,http://finance.eastmoney.com/a/202606043760426563.html
NEWS_000185,news,东方财富新闻,洁美科技：电子封装材料经营情况稳定 电子级薄膜材料处于放量期 _ 东方财富网,2026-06-04,洁美科技 (002859)发布异动公告，公司主营业务为 电子 封装材料（纸质载带、 塑料 载带、 电子 胶带、芯片承载盘）、 电子 级薄 膜材料 （离型膜、流延膜等）、 复合集流体 即复合 铝 箔（PET 铝 箔）、复合 铜 箔（X基材- 铜 箔）、涂碳复合 铝 箔等。目前公司电子封装材料经营情况稳定，电子级薄 膜材料 处于放量期，2025年度电子级薄 膜材料 营业收入为2.60亿元，营业收入占比为12.37%。 （文章来源：财联社）,,东方财富快讯104,http://finance.eastmoney.com/a/202606043760421887.html
NEWS_000186,news,东方财富新闻,湖北宜化：向不特定对象发行可转债申请获证监会同意注册批复 _ 东方财富网,2026-06-04,湖北宜化 6月4日公告，公司于近日收到中国证监会批复，同意公司向不特定对象发行可转换公司债券的注册申请。 （文章来源：界面新闻）,,东方财富快讯104,http://finance.eastmoney.com/a/202606043760381228.html
NEWS_000187,news,东方财富新闻,鲁信创投：子公司及参股基金合计持有MLCC公司宏科电子3.16%股份 _ 东方财富网,2026-06-04,有投资者问 鲁信创投 ，请问公司投资 MLCC 公司宏科 电子 ，总共持股多少？ 鲁信创投 在互动平台表示，截至目前，公司全资子公司四川省鲁信投资有限公司、控股子公司深圳市华 信创 业投资有限公司及参股基金成都鲁信菁蓉创业投资中心(有限合伙)对成都宏科 电子 科技有限公司的持股比例分别为2.20%、0.8%、0.16%。 （文章来源：财联社）,,东方财富快讯104,http://finance.eastmoney.com/a/202606043760380838.html
NEWS_000188,news,东方财富新闻,鼎通科技：今年共规划5条液冷产线 目前有序扩产中 _ 东方财富网,2026-06-04,鼎通科技 在互动平台表示，目前公司液冷产线已有2条正在运行中，另外根据市场需求及客户预测等信息，对于液冷产品今年共规划5条产线，目前正在有序地进行扩产中。 （文章来源：财联社）,,东方财富快讯104,http://finance.eastmoney.com/a/202606043760380111.html
NEWS_000189,news,东方财富新闻,直线拉涨！2千亿巨头盘中涨停 沪电股份回应：2027年前订单量充足 _ 东方财富网,2026-06-04,今日， PCB （ 印制电路板 ）龙头 沪电股份 （002463.SZ）午后直线拉涨，盘中触及涨停，股价创 历史新高 。截至收盘， 沪电股份 报140.82元/股，涨幅达8.49%，总市值达2710亿元。受龙头带动， PCB 板块盘中集体走强， 芯碁微装 、 世运电路 等多只个股同步大涨。 消息面上，今日有市场传言称， 沪电股份 斩获海外某AI巨头旗下服务器高份额订单。 对此，21快讯记者以投资者身份致电沪电股份，接线工作人员表示， 涉及具体客户订单信息，公司无法回复。但公司现有生产经营平稳有序，相关项目正常推进，预测到2027年，订单量都是比较充足的。 该工作人员表示， 产品与产能端，公司1.6T交换机主板等产品已实现量产落地，3.2T相关产品稳步推进；海外泰国工厂产能利用率已经攀升至90%以上，海外产能布局持续兑现。对于全年营收指引，投资者可依托一季度经营数据作为全年业绩参考。 从基本面看，受益于高速运算服务器、 人工智能 等新兴计算场景对 印制电路板 的结构性需求，沪电股份正处于业绩高速增长通道，其营收和净利已连续多个季度创下新高。2026年一季度，公司实现营业收入62.14亿元，同比增长53.91%；归母净利润12.42亿元，同比增长62.90%。 公开资料显示，沪电股份成立于1992年，自成立以来一直立足于 印制电路板 的研发设计和生产制造，主导产品广泛应用于通讯设备、 汽车 、工业设备、 数据中心 、网通、微波射频、 半导体 芯片测试等多个领域。受益业绩表现，今年以来，沪电股份股价涨幅已超90%，接近翻倍。 （文章来源：21世纪经济报道）,,东方财富快讯104,http://finance.eastmoney.com/a/202606043760377330.html
NEWS_000190,news,东方财富新闻,金马游乐增资至约2.2亿 增幅40% _ 东方财富网,2026-06-08,天眼查App显示，近日， 金马游乐 发生工商变更，注册资本由约1.6亿人民币增至约2.2亿人民币，增幅40%。该公司成立于2007年11月，法定代表人为邓志毅，经营范围包括大型游乐设施制造、特种设备设计、特种设备制造等，由邓志毅、李勇、蓝海荣等共同持股。 （文章来源：界面新闻）,,东方财富快讯102,http://finance.eastmoney.com/a/202606083763498195.html
NEWS_000191,news,东方财富新闻,欣旺达在海南成立能源服务公司 _ 东方财富网,2026-06-08,企查查APP显示，近日，海南欣加电能源服务有限公司成立，法定代表人为黄娟，经营范围包含：发电业务、输电业务、供（配）电业务；集中式快速充电站；机动车充电销售； 充电桩 销售等。企查查股权穿透显示，该公司由 欣旺达 旗下深圳市欣加电能源服务有限公司全资持股。 （文章来源：人民财讯）,,东方财富快讯102,http://finance.eastmoney.com/a/202606083763495152.html
NEWS_000192,news,东方财富新闻,瑞典北欧斯安银行：欧洲央行可能在本周四的会议上将政策利率上调25个基点 _ 东方财富网,2026-06-08,瑞典北欧斯安 银行 表示，欧洲央行可能在本周四的会议上将政策利率上调25个基点；能源价格上涨带来的通胀风险将导致央行采取先发制人的加息措施，因为间接和第二轮通胀效应尚未在数据中显现；预计欧洲央行行长拉加德将在新闻发布会上花费大量时间讨论最新的工作人员预测和风险评估。 （文章来源：财联社）,,东方财富快讯102,http://finance.eastmoney.com/a/202606083763495281.html
NEWS_000193,news,东方财富新闻,国际航协：2026年全球SAF产量依旧令人失望 _ 东方财富网,2026-06-08,国际 航空运输 协会（IATA）发布最新估算数据显示，2026年全球SAF（可持续航空燃料）产量预计将达到约240万吨，仅占航空燃料总用量的0.8%，航空公司支出成本为43亿美元。 国际航协理事长威利·沃尔什（Willie Walsh）表示：“对于SAF生产而言，又是令人失望的一年。由于政策缺乏有效统筹，加之石油公司缺乏兴趣，实现2050年SAF满足65%燃料需求目标的难度正逐年增加。当前的能源危机本应进一步凸显发展可再生能源，包括SAF的紧迫性。然而，无论是能源危机、实现能源独立与创造就业的需求，还是缓解气候变化的紧迫性，都尚未转化为建立成熟SAF市场所需的市场激励措施。” （文章来源：界面新闻）,,东方财富快讯102,http://finance.eastmoney.com/a/202606083763493787.html
NEWS_000194,news,东方财富新闻,奇瑞汽车副总裁戚士龙一行访问保隆科技欧洲制造中心 _ 东方财富网,2026-06-08,近日， 奇瑞汽车 股份有限公司执行副总裁戚士龙带队，一行四人访问位于匈牙利的保隆欧洲制造中心。双方就 保隆科技 欧洲园区生产的TPMS、 传感器 、Busbar及空气悬架等产品供应奇瑞欧洲工厂的可行性，以及保隆欧洲制造中心的产品产能建设规划，做了初步交流与沟通，深入探讨了合规性等议题。双方都期待依托国内良好的合作态势与经验，尽快推动欧洲本土合作早日达成。 （文章来源：人民财讯）,,东方财富快讯102,http://finance.eastmoney.com/a/202606083763488711.html
NEWS_000195,news,东方财富新闻,韩国KOSDAQ市场已恢复交易 _ 东方财富网,2026-06-08,韩国KOSDAQ市场已恢复交易，此前因触发熔断机制而暂停。 （文章来源：财联社）,,东方财富快讯102,http://finance.eastmoney.com/a/202606083763477790.html
NEWS_000196,news,东方财富新闻,供应链巨头怡亚通紧急补发公告 此前发布与英特尔合作消息后股票涨停 _ 东方财富网,2026-06-08,"6月8日早间，供应链巨头 怡亚通 （002183.SZ）紧急补发一份《说明公告》，就6月4日 怡亚通 正式成为 英特尔 2026解决方案聚合商的消息发布补充说明并做出风险提示，称公司目前与 英特尔 没有业务合作，公司后续开展分销相关业务仍存在一定的不确定性。 公告称，公司本次获“ 英特尔 2026官方解决方案聚合商”并非独家聚合商。公司业务涉及分销品类较多，预计上述事项占营业收入的影响较小，不会对公司经营业绩产生重大影响。根据公司此前披露的2025年年度报告，公司分销和营销业务收入为572.21亿元，同比减少125.6亿元，同比下滑17.74%，毛利率为4%。 此外，国际政治等因素可能影响合作的推进，如地缘政治冲突等可能导致合作暂停或终止。敬请广大投资者注意有关风险。 此前，6月4日， 怡亚通 在其微信公众号发布了一篇《重磅｜怡亚通正式成为英特尔2026解决方案聚合商》快讯，主要内容为公司获评“英特尔2026官方解决方案聚合商”,依托合作资质，公司分销英特尔芯片及英特尔体系下OEM、ODM定制成品。 消息发布后，6月5日怡亚通股票强势涨停。对此，今日新发的公告中提醒广大投资者，公司股价波动较大，注意二级市场交易风险，理性决策，审慎投资。 6月8日，截至界面新闻发稿，怡亚通大跌8.42%，报每股6.42元，总市值约166.7亿元。 天眼查App显示，怡亚通全称为深圳市怡亚通供应链股份有限公司，成立于1997年11月1日，注册资本约25.97亿人民币，法定代表人陈伟民，主营业务为 综合 供应链服务、跨境和 物流 服务、算力产业链等，以B端供应链见长。2007年11月怡亚通在深交所上市。 怡亚通最初以IT产品供应链起家，核心能力在于分销与渠道整合。2008年前后，怡亚通开始进入酒水领域，通过设立专门子公司切入葡萄酒供应链，尝试将其在3C领域积累的渠道能力复制到酒类流通环节。从2012年开始，酒饮板块成为公司增长的重要支撑。2015年至2018年，酒饮相关收入规模一度逼近百亿。此后其酒饮板块业务出现明显回落。2019年至2023年，公司酒饮板块的分销与营销收入从约71亿元逐步下降至27亿元，累计跌幅超过六成。2024年、2025年怡亚通不再单独披露该板块业绩。 最新年报显示员工人数为4120人，实际控制人为深圳市人民政府国有资产监督管理委员会(持有怡亚通23.17%的股权)。相关对外投资信息显示，公司参股控股公司538家，包括怡辉科技有限公司、怡雅荟有限公司、深圳市怡亚通母婴有限公司等。 在业绩方面，2025年怡亚通业绩由盈转亏，这也是公司上市以来首次出现亏损。具体业绩数据方面，公司2023年、2024年、2025年营业收入分别为944.22亿、776.16亿和681.94亿，同比分别增长10.57%、-17.80%和-12.14%；归属净利润分别为1.41亿、1.06亿和-3.19亿，同比分别增长-44.95%、-24.92%和-401.43%。同期，公司资产负债率分别为80.51%、81.87%和82.39%。 图片来自2025年怡亚通财报 6月3日，有投资者在投资互动环节提问怡亚通，关于公司降低负债方面的工作情况。据怡亚通的回答，截至2026年一季度末，公司降负债取得阶段性进展，公司资产负债率回落。公司主要通过收缩低毛利传统业务、聚焦高价值赛道提升盈利，处置低效资产回笼资金，调整债务结构、强化现金流管理等方式推进降负债工作。 5月29日，据怡亚通官方发布的消息，5月25日，怡亚通控股子公司北京卓优云智科技有限公司成功中标中国科学院 计算机 网络信息中心人机物融合信息基础设施创新与试验平台存储备份云服务系统软硬件采购项目，中标总金额9488.63万元。项目依托人机物融合信息基础设施创新与试验平台，旨在建设分布全国的数据存储备份云服务平台。 （文章来源：界面新闻）",,东方财富快讯102,http://finance.eastmoney.com/a/202606083763473821.html
NEWS_000197,news,东方财富新闻,石油概念港股逆势走强 山东墨龙一度涨超30% _ 东方财富网,2026-06-08,石油概念港股午后逆势走强。截至发稿， 山东墨龙 (00568.HK)涨28%， 百勤油服 (02178.HK)涨9%， 中国海洋石油 (00883.HK)涨2%。相关市场上，布伦特原油 期货 涨超5%，报97.5美元/桶，WTI原油 期货 现涨4.5%。此前伊朗一石化公司遭以军空袭。,,东方财富快讯102,http://finance.eastmoney.com/a/202606083763474554.html
NEWS_000198,news,东方财富新闻,山东墨龙成立石油科技公司 含海洋石油开采业务 _ 东方财富网,2026-06-08,企查查APP显示，近日， 山东墨龙 石油科技有限公司成立，注册资本1000万元，经营范围包含：海洋石油开采；海洋 天然气 开采；测绘服务；特种设备安装改造修理；金属与非金属矿产资源地质勘探等。企查查股权穿透显示，该公司由 山东墨龙 全资持股。 （文章来源：人民财讯）,,东方财富快讯102,http://finance.eastmoney.com/a/202606083763421528.html
NEWS_000199,news,东方财富新闻,韩国KOSDAQ指数暴跌8% 触发熔断 _ 东方财富网,2026-06-08,韩国KOSDAQ指数暴跌8%，触发熔断。 （文章来源：财联社）,,东方财富快讯102,http://stock.eastmoney.com/a/202606083763377157.html
NEWS_000200,news,东方财富新闻,凯瑞德等成立科技新公司 含AI及卫星相关业务 _ 东方财富网,2026-06-08,企查查APP显示，近日，中科智寻开矿科技（喀什）有限公司成立，经营范围包含： 人工智能 应用 软件开发 ；卫星遥感应用系统集成；卫星导航服务；地理遥感 信息服务 ；卫星遥感数据处理等。企查查股权穿透显示，该公司由 凯瑞德 等共同持股。 （文章来源：人民财讯）,,东方财富快讯102,http://finance.eastmoney.com/a/202606083763360087.html
