record_id,source_type,source,title,event_date,content,mentioned_entity,channel,url
NEWS_000001,news,新华健康-首页,北大肿瘤沈琳：深耕胃癌四十载 以中国智慧改写全球治疗格局,,北大肿瘤沈琳：深耕胃癌四十载 以中国智慧改写全球治疗格局,,医疗健康新闻,https://www.news.cn/health/20260615/e560b8a3848347b58dba7984df32e54b/c.html
NEWS_000002,news,新华健康-首页,当近视管理走向长期主义：7年循证数据带来的新启示,,当近视管理走向长期主义：7年循证数据带来的新启示,,医疗健康新闻,https://www.news.cn/health/20260605/570665341e4941619ad243bd2b9ef564/c.html
NEWS_000003,news,新华健康-首页,蛀牙反复难防？抗糖防蛀是关键，舒客宝贝三重抗糖酸守护儿童牙齿健康,,蛀牙反复难防？抗糖防蛀是关键，舒客宝贝三重抗糖酸守护儿童牙齿健康,,医疗健康新闻,https://www.news.cn/health/20260601/e1afd422a60143e6acc92a776d4bee13/c.html
NEWS_000004,news,新华健康-首页,海思科1类静脉麻醉创新药环泊酚获美国FDA批准上市,,海思科1类静脉麻醉创新药环泊酚获美国FDA批准上市,,医疗健康新闻,https://www.news.cn/health/20260601/42c4560493f043b5bc54a7da9cd218c9/c.html
NEWS_000005,news,新华健康-首页,外企在中国丨默沙东全球首席医学官兼临床开发负责人白立夫博士：研发向新，合作向深——连接中国创新生态，共创全球健康价值,,外企在中国丨默沙东全球首席医学官兼临床开发负责人白立夫博士：研发向新，合作向深——连接中国创新生态，共创全球健康价值,,医疗健康新闻,https://www.news.cn/health/20260526/dd46941b76a341fc94d558923c16fb2a/c.html
NEWS_000006,news,新华健康-首页,全民血压关爱计划第二季启动：从“知晓”到“识别”，筑牢家庭血压防线,,全民血压关爱计划第二季启动：从“知晓”到“识别”，筑牢家庭血压防线,,医疗健康新闻,https://www.news.cn/health/20260516/db4156ad13a34ab392318b438af99049/c.html
NEWS_000007,news,新华健康-首页,上海天佑医院创新发展实践入选行业蓝皮书,,上海天佑医院创新发展实践入选行业蓝皮书,,医疗健康新闻,https://www.news.cn/health/20260616/4254444df4d446e9ac34e161b2aca434/c.html
NEWS_000008,news,新华健康-首页,苁蓉“花”开在荒漠！,,苁蓉“花”开在荒漠！,,医疗健康新闻,https://www.news.cn/health/20260616/b90479600b6a4223945077a0f032494e/c.html
NEWS_000009,news,新华健康-首页,AI赋能千行百业一线观察│AI诊疗（下）：AI看病，还有几道坎要过？,,AI赋能千行百业一线观察│AI诊疗（下）：AI看病，还有几道坎要过？,,医疗健康新闻,https://www.news.cn/health/20260616/b21ee1ef64f5405994e112fec597e347/c.html
NEWS_000010,news,新华健康-首页,AI赋能千行百业一线观察│AI诊疗（上）：当医院来了“AI新同事”,,AI赋能千行百业一线观察│AI诊疗（上）：当医院来了“AI新同事”,,医疗健康新闻,https://www.news.cn/health/20260616/4c5359f5e9ae46d7892cc7300d6fc842/c.html
NEWS_000011,news,新华健康-首页,默沙东呼吸道合胞病毒（RSV）预防单抗获批，为中国婴儿RSV预防带来新选择,,默沙东呼吸道合胞病毒（RSV）预防单抗获批，为中国婴儿RSV预防带来新选择,,医疗健康新闻,https://www.news.cn/health/20260615/374dfed46dd64a198fd59cd1a4f3dd70/c.html
NEWS_000012,news,新华健康-首页,第七届肺癌多学科鹭岛大会TCE前沿论坛举办,,第七届肺癌多学科鹭岛大会TCE前沿论坛举办,,医疗健康新闻,https://www.news.cn/health/20260615/aef3a71dc1a14a858213add6625f70cc/c.html
NEWS_000013,news,新华健康-首页,一支药膏如何破解婴幼儿湿疹治疗困局？,,一支药膏如何破解婴幼儿湿疹治疗困局？,,医疗健康新闻,https://www.news.cn/health/20260615/053c898879d44447923cd877e97ef42b/c.html
NEWS_000014,news,新华健康-首页,放下睡眠焦虑，睡个安稳觉！,,放下睡眠焦虑，睡个安稳觉！,,医疗健康新闻,https://www.news.cn/health/20260615/f57ededbc59b4c3a96dafbc8c60b1266/c.html
NEWS_000015,news,新华健康-首页,世界献血者日丨从心存顾虑到挽起衣袖，献血其实是件寻常小事,,世界献血者日丨从心存顾虑到挽起衣袖，献血其实是件寻常小事,,医疗健康新闻,https://www.news.cn/health/20260615/3004bbb6690c42faa76f37e7695ab293/c.html
NEWS_000016,news,新华健康-首页,“一滴热血，一份爱心；无偿献血，挽救生命”在线访谈,,“一滴热血，一份爱心；无偿献血，挽救生命”在线访谈,,医疗健康新闻,https://www.news.cn/health/20260615/60d1740f0bd64e41943ee0e9d7ae860a/c.html
NEWS_000017,news,新华健康-首页,世界献血者日丨解放军总医院第五医学中心胡亮钉：一袋热血背后的生命守护,,世界献血者日丨解放军总医院第五医学中心胡亮钉：一袋热血背后的生命守护,,医疗健康新闻,https://www.news.cn/health/20260614/1cde9bc664bb400d932366003767e2ae/c.html
NEWS_000018,news,新华健康-首页,华泰制药盐酸胺碘酮注射液存在严重缺陷，被取消集采资格,,华泰制药盐酸胺碘酮注射液存在严重缺陷，被取消集采资格,,医疗健康新闻,https://www.news.cn/health/20260612/518d1d4380934946a510b590f7616a6f/c.html
NEWS_000019,news,新华健康-首页,首都儿童医学中心开设腹痛与消化不良两个专病门诊,,首都儿童医学中心开设腹痛与消化不良两个专病门诊,,医疗健康新闻,https://www.news.cn/health/20260609/641e6b1cab924819b35a1b4c88e58952/c.html
NEWS_000020,news,新华健康-首页,国家卫生健康委办公厅关于进一步健全城市社区卫生服务体系 提升服务能力的通知,,国家卫生健康委办公厅关于进一步健全城市社区卫生服务体系 提升服务能力的通知,,医疗健康新闻,https://www.news.cn/health/20260602/5b29002303d84b0e96144734cbfcd3e4/c.html
NEWS_000021,news,新华健康-首页,《处方药网络零售合规指南》政策解读,,《处方药网络零售合规指南》政策解读,,医疗健康新闻,https://www.news.cn/health/20260525/38ffedf264c5449dafd6c2506c663f96/c.html
NEWS_000022,news,新华健康-首页,国家药监局等七部门发布《医药代表管理办法》,,国家药监局等七部门发布《医药代表管理办法》,,医疗健康新闻,https://www.news.cn/health/20260509/c8fe5e9c02e84bf18959baf8a5024611/c.html
NEWS_000023,news,新华健康-首页,秒懂健康｜慢性鼻窦炎伴鼻息肉总复发？针对炎症治疗，减少手术与复发,,秒懂健康｜慢性鼻窦炎伴鼻息肉总复发？针对炎症治疗，减少手术与复发,,医疗健康新闻,https://www.news.cn/health/20260409/df1ef33ec16e41e88c2968ed7c979a94/c.html
NEWS_000024,news,新华健康-首页,秒懂健康丨海淘购药有风险，三高用药需谨慎,,秒懂健康丨海淘购药有风险，三高用药需谨慎,,医疗健康新闻,https://www.news.cn/health/20260330/cf391f1f696e432b9de11affd1b20a12/c.html
NEWS_000025,news,新华健康-首页,北京积水潭医院何达：守护人体“中轴支撑”，从日常细节做起,,北京积水潭医院何达：守护人体“中轴支撑”，从日常细节做起,,医疗健康新闻,https://www.news.cn/health/20260521/e80bf86cee2d4ab7baf855b9847962ed/c.html
NEWS_000026,news,新华健康-首页,北京医院心内科主任医师李康：心脏骤停怎么办？,,北京医院心内科主任医师李康：心脏骤停怎么办？,,医疗健康新闻,https://www.news.cn/health/20260327/7b4cf8f6c58f4ba79e1c84a6aa4fb049/c.html
NEWS_000027,news,新华健康-首页,一图读懂丨长护险谁能享受？有哪些保障？如何申请？,,一图读懂丨长护险谁能享受？有哪些保障？如何申请？,,医疗健康新闻,https://www.news.cn/health/20260327/2207afa43e5a45e3b0b0f8585e103f13/c.html
NEWS_000028,news,新华健康-首页,内脏脂肪才是导致肥胖的元凶？专家支招如何科学减腰围,,内脏脂肪才是导致肥胖的元凶？专家支招如何科学减腰围,,医疗健康新闻,https://www.news.cn/health/20260325/4fcc9e55261c458fa45a64ddc6a62108/c.html
NEWS_000029,news,新华健康-首页,警惕心血管疾病用药误区，这些原则要遵守——访北京安贞医院心脏内科中心主任马长生,,警惕心血管疾病用药误区，这些原则要遵守——访北京安贞医院心脏内科中心主任马长生,,医疗健康新闻,https://www.news.cn/health/20260325/41fac46114854c9f9cb570be80c52dac/c.html
NEWS_000030,news,新华健康-首页,别搞错了！减肥不是戒碳水 关键在“适量”+“搭配”,,别搞错了！减肥不是戒碳水 关键在“适量”+“搭配”,,医疗健康新闻,https://www.news.cn/health/20260319/ff33d5197d1b41f1b2ecb374baa9f6e9/c.html
NEWS_000031,news,新华健康-大健康,中国医药物资协会第七届第二次理事会议在长沙召开,,中国医药物资协会第七届第二次理事会议在长沙召开,,医疗健康新闻,https://www.news.cn/health/20260616/93974c3417184e32a7acaac36f171c77/c.html
NEWS_000032,news,新华健康-大健康,人民同泰“健康驿站”在哈尔滨启动运营,,人民同泰“健康驿站”在哈尔滨启动运营,,医疗健康新闻,https://www.news.cn/health/20260616/424594221afb452abbeca0a4b685dafd/c.html
NEWS_000033,news,新华健康-大健康,“慢病服务到家”：方舟健客深化全周期健康服务，让长效陪伴触手可及,,“慢病服务到家”：方舟健客深化全周期健康服务，让长效陪伴触手可及,,医疗健康新闻,https://www.news.cn/health/20260615/d29e2db4ba09436cbbe87a46510cf998/c.html
NEWS_000034,news,新华健康-大健康,锚定慢病管理刚需：方舟健客借AI探索健康服务新路径,,锚定慢病管理刚需：方舟健客借AI探索健康服务新路径,,医疗健康新闻,https://www.news.cn/health/20260615/7d904b5838d04f11a95bfaddb34ebda3/c.html
NEWS_000035,news,新华健康-大健康,方舟健客亮相“腾讯云AI产业应用大会”：以数智化领跑慢病管理,,方舟健客亮相“腾讯云AI产业应用大会”：以数智化领跑慢病管理,,医疗健康新闻,https://www.news.cn/health/20260615/8ff0f355ed3d43588b47cf072e6e04cb/c.html
NEWS_000036,news,新华健康-大健康,立足全周期陪伴，方舟健客重塑慢病服务新格局,,立足全周期陪伴，方舟健客重塑慢病服务新格局,,医疗健康新闻,https://www.news.cn/health/20260615/fad55164d31245818c736dab340645f4/c.html
NEWS_000037,news,新华健康-大健康,怀孕体重超标，孩子哮喘过敏风险翻倍,,怀孕体重超标，孩子哮喘过敏风险翻倍,,医疗健康新闻,https://www.news.cn/health/20260615/9f3f3787c70b4b4f859a1a16955151c5/c.html
NEWS_000038,news,新华健康-大健康,同样是咳喘：典型哮喘和不典型哮喘怎么区分？,,同样是咳喘：典型哮喘和不典型哮喘怎么区分？,,医疗健康新闻,https://www.news.cn/health/20260615/82a7c229a2ab4659b7f9bda175f8a06c/c.html
NEWS_000039,news,新华健康-大健康,DePuy Synthes加码布局运动医学创新赛道,,DePuy Synthes加码布局运动医学创新赛道,,医疗健康新闻,https://www.news.cn/health/20260615/39fd99984d764f5bbf20c8ae847171fc/c.html
NEWS_000040,news,新华健康-大健康,科学家精神传播活动暨《AI抗癌精准实战手册》新书发布在京举行,,科学家精神传播活动暨《AI抗癌精准实战手册》新书发布在京举行,,医疗健康新闻,https://www.news.cn/health/20260615/eb7f5dae8df548859a6f2fd2357db612/c.html
NEWS_000041,news,新华健康-大健康,参半打造香氛牙膏系列，探索口腔护理香氛体验新路径,,参半打造香氛牙膏系列，探索口腔护理香氛体验新路径,,医疗健康新闻,https://www.news.cn/health/20260612/d44a8a7660d34a38b34757944c806200/c.html
NEWS_000042,news,新华健康-大健康,北京华康公益基金会助学公益活动走进昌平区辛庄村向上学校,,北京华康公益基金会助学公益活动走进昌平区辛庄村向上学校,,医疗健康新闻,https://www.news.cn/health/20260612/29ab15fdf91c4a3cb586a34ec2f1a261/c.html
NEWS_000043,news,新华健康-大健康,2026个体化体检科技创新大会召开,,2026个体化体检科技创新大会召开,,医疗健康新闻,https://www.news.cn/health/20260610/93681743a6d342e2bf1cb893dcdc45ea/c.html
NEWS_000044,news,新华健康-大健康,口服小分子GLP-1受体激动剂（GLP-1 RA）elecoglipron进入III期临床研究，开启阿斯利康心血管代谢及肾脏疾病产品组合新篇章,,口服小分子GLP-1受体激动剂（GLP-1 RA）elecoglipron进入III期临床研究，开启阿斯利康心血管代谢及肾脏疾病产品组合新篇章,,医疗健康新闻,https://www.news.cn/health/20260609/b1774ea9aa55497f83255d714f4b45c3/c.html
NEWS_000045,news,新华健康-科普汇,北京协和医院沈敏：点亮希望，携手共助2000万罕见病患者,,北京协和医院沈敏：点亮希望，携手共助2000万罕见病患者,,医疗健康新闻,https://www.news.cn/health/20260228/cffd1986f5f3433394c7ab20d6fee876/c.html
NEWS_000046,news,新华健康-科普汇,北大肿瘤医院周军：艾托组合抗体在新型免疫调控机制探索上展现“领跑”潜力,,北大肿瘤医院周军：艾托组合抗体在新型免疫调控机制探索上展现“领跑”潜力,,医疗健康新闻,https://www.news.cn/health/20260226/5cb665ee68a342508080dc7f616bea7e/c.html
NEWS_000047,news,新华健康-科普汇,国家卫生健康委立春日发声：警惕“轻医美”乱象，切勿轻信“速成班”,,国家卫生健康委立春日发声：警惕“轻医美”乱象，切勿轻信“速成班”,,医疗健康新闻,https://www.news.cn/health/20260211/65b0f2015ebd438a90573df1f87ea690/c.html
NEWS_000048,news,新华健康-科普汇,年轻化、误区多、风险藏得深——北京协和医院吴炜详解冠心病,,年轻化、误区多、风险藏得深——北京协和医院吴炜详解冠心病,,医疗健康新闻,https://www.news.cn/health/20251021/cd42ac8378e242109371cea557fd965a/c.html
NEWS_000049,news,新华健康-科普汇,北京协和医院陈太波：房颤可治也可防，最可怕的是不知道自己在房颤,,北京协和医院陈太波：房颤可治也可防，最可怕的是不知道自己在房颤,,医疗健康新闻,https://www.news.cn/health/20250930/9bab190f78f440709323d72586251c31/c.html
NEWS_000050,news,新华健康-科普汇,健康科普进行时｜不忍、不拖、不怕问：这些妇科信号千万别忽视！,,健康科普进行时｜不忍、不拖、不怕问：这些妇科信号千万别忽视！,,医疗健康新闻,https://www.news.cn/health/20250603/f10c3dc06dde498a8551d840a9614270/c.html
NEWS_000051,news,新华健康-科普汇,为什么儿童几分钟排一次尿，婴幼儿发烧需要查尿常规吗？,,为什么儿童几分钟排一次尿，婴幼儿发烧需要查尿常规吗？,,医疗健康新闻,https://www.news.cn/health/20250527/7629f49faad84f44b471fabaab2bcc79/c.html
NEWS_000052,news,新华健康-科普汇,北京协和医院李宏教授：食物过敏≠不耐受，需精准诊断科学管理,,北京协和医院李宏教授：食物过敏≠不耐受，需精准诊断科学管理,,医疗健康新闻,https://www.news.cn/health/20250506/a47cd2966ee64181b9606b201a99aae9/c.html
NEWS_000053,news,新华健康-科普汇,协和医院孙劲旅：频发哮喘鼻炎，可能是家里需要大扫除了,,协和医院孙劲旅：频发哮喘鼻炎，可能是家里需要大扫除了,,医疗健康新闻,https://www.news.cn/health/20250421/bef57a20a7874d54af2797cca5e13b57/c.html
NEWS_000054,news,新华健康-视屏区,大国医声｜北京地坛医院张明：在精准诊疗与微创技术中探寻肝硬化治疗新路径,,大国医声｜北京地坛医院张明：在精准诊疗与微创技术中探寻肝硬化治疗新路径,,医疗健康新闻,https://www.news.cn/health/20260213/1a052a44ad6a432b90490bb5c489b291/c.html
NEWS_000055,news,新华健康-视屏区,减重不再难，医生指导+胃转流支架开辟减重新路线,,减重不再难，医生指导+胃转流支架开辟减重新路线,,医疗健康新闻,https://www.news.cn/health/20251204/083eadd953bc4815b480f1eb9e38ac57/c.html
NEWS_000056,news,新华健康-视屏区,健康消费学一点儿 | 科学选用牙线、间隙刷与漱口水,,健康消费学一点儿 | 科学选用牙线、间隙刷与漱口水,,医疗健康新闻,https://www.news.cn/health/20251119/c5f2b4b687474d018ac8a3851ad206c7/c.html
NEWS_000057,news,新华健康-视屏区,秒懂健康 | 全国高血压日，如何管理“不听话”的高血压长辈,,秒懂健康 | 全国高血压日，如何管理“不听话”的高血压长辈,,医疗健康新闻,https://www.news.cn/health/20250928/4e6841ee072446afb46c36fea8afe6e8/c.html
NEWS_000058,news,新华健康-视屏区,杨跃进：中西医结合在治疗冠心病方面发挥何种作用？,,杨跃进：中西医结合在治疗冠心病方面发挥何种作用？,,医疗健康新闻,https://www.news.cn/health/20250910/c581ff9aaabf4ad7a1664bb9609fe87e/c.html
NEWS_000059,news,新华健康-视屏区,廖玉华：日常生活中哪些信号预示着心衰风险？,,廖玉华：日常生活中哪些信号预示着心衰风险？,,医疗健康新闻,https://www.news.cn/health/20250910/3b92a7a89d4a48508a22462eebcdab37/c.html
NEWS_000060,news,新华健康-视屏区,谢立科：糖尿病视网膜病变发病率高 危害大,,谢立科：糖尿病视网膜病变发病率高 危害大,,医疗健康新闻,https://www.news.cn/health/20250910/6db5c9a1d1434e3abc8850f85e8b8ab5/c.html
NEWS_000061,news,新华健康-视屏区,董强：中西医结合治疗心脑血管病更具优势,,董强：中西医结合治疗心脑血管病更具优势,,医疗健康新闻,https://www.news.cn/health/20250910/93af722926b94107862f8eadcb980edc/c.html
NEWS_000062,news,新华健康-视屏区,健康科普进行时｜朱学骏解读夏季皮肤病：精准辨症 科学用好激素药膏,,健康科普进行时｜朱学骏解读夏季皮肤病：精准辨症 科学用好激素药膏,,医疗健康新闻,https://www.news.cn/health/20250820/31f153d198184ac99cc87e1deb6873b0/c.html
NEWS_000063,news,新华健康-视屏区,秒懂健康丨高血压患者夏日运动小贴士,,秒懂健康丨高血压患者夏日运动小贴士,,医疗健康新闻,https://www.news.cn/health/20250808/2bcacd46896744caaffc65db00c3604d/c.html
NEWS_000064,news,新华健康-视屏区,健康科普进行时|老年人应该如何预防常见的老年眼病？,,健康科普进行时|老年人应该如何预防常见的老年眼病？,,医疗健康新闻,https://www.news.cn/health/20250709/eaa5d5e7e1a0471faa9e19b0e6b6f7c4/c.html
NEWS_000065,news,新华健康-视屏区,健康科普进行时|守护孩子清晰视界 儿童近视防控家长指南,,健康科普进行时|守护孩子清晰视界 儿童近视防控家长指南,,医疗健康新闻,https://www.news.cn/health/20250707/5f7b9dbc7765446aaa574b2e24e3a560/c.html
NEWS_000066,news,新华健康-视屏区,健康科普进行时|眼睛干，你的眼睛“沙漠化”了吗？快来查查是不是干眼症,,健康科普进行时|眼睛干，你的眼睛“沙漠化”了吗？快来查查是不是干眼症,,医疗健康新闻,https://www.news.cn/health/20250704/4b2c03477cc44d8798e13aecc1af91a3/c.html
NEWS_000067,news,新华健康-权威发布,国家药监局发布《关于“人工智能+药品监管”的实施意见》,,国家药监局发布《关于“人工智能+药品监管”的实施意见》,,医疗健康新闻,https://www.news.cn/health/20260403/40cd881c489a41dc8aec59a34ca1e7c6/c.html
NEWS_000068,news,新华健康-权威发布,覆盖全民！“长护险”，来了！,,覆盖全民！“长护险”，来了！,,医疗健康新闻,https://www.news.cn/health/20260326/9a23d31608544574ba0cab34e7da304a/c.html
NEWS_000069,news,新华健康-权威发布,打造“健康驿站”！9部门发文促进药品零售行业高质量发展,,打造“健康驿站”！9部门发文促进药品零售行业高质量发展,,医疗健康新闻,https://www.news.cn/health/20260122/5d75ac43720f4d70bea22922fac887ff/c.html
NEWS_000070,news,新华健康-权威发布,中医体质分类与判定国家标准首次制定发布,,中医体质分类与判定国家标准首次制定发布,,医疗健康新闻,https://www.news.cn/health/20260119/c9523147bc064d8d837749007514ca30/c.html
NEWS_000071,news,新华健康-权威发布,国家卫生健康委发布新版三级医院评审标准,,国家卫生健康委发布新版三级医院评审标准,,医疗健康新闻,https://www.news.cn/health/20250611/a500f6a5d78146a6bbfff94f7b1c8bc6/c.html
NEWS_000072,news,新华健康-权威发布,国家药监局将5种牙膏检验方法纳入安全技术规范,,国家药监局将5种牙膏检验方法纳入安全技术规范,,医疗健康新闻,https://www.news.cn/health/20250508/af01f5eeeed5428db56f8bbdde6d3216/c.html
NEWS_000073,news,新华健康-权威发布,国家药监局通报江阴天宇、上海乐仓医疗等4起医疗器械网络销售违法违规案件,,国家药监局通报江阴天宇、上海乐仓医疗等4起医疗器械网络销售违法违规案件,,医疗健康新闻,https://www.news.cn/health/20250416/0c66f53b1b894536952d4c35e4cfe6be/c.html
NEWS_000074,news,新华健康-权威发布,追溯码时代，医保购药的六要六不要,,追溯码时代，医保购药的六要六不要,,医疗健康新闻,https://www.news.cn/health/20250402/fd26eff1cb394d4e82ffd6a05177f733/c.html
NEWS_000075,news,新华健康-权威发布,两部门发布新食品安全国家标准 不允许再使用“不添加”“零添加”等用语,,两部门发布新食品安全国家标准 不允许再使用“不添加”“零添加”等用语,,医疗健康新闻,https://www.news.cn/health/20250327/52924d6966e14bd4b74bb9c1dc7d0696/c.html
NEWS_000076,news,新华健康-权威发布,2025年版《中华人民共和国药典》10月1日实施,,2025年版《中华人民共和国药典》10月1日实施,,医疗健康新闻,https://www.news.cn/health/20250326/06784315451047d8a2cf878db202b250/c.html
NEWS_000077,news,新华健康-权威发布,国务院办公厅印发《关于全面深化药品医疗器械监管改革促进医药产业高质量发展的意见》,,国务院办公厅印发《关于全面深化药品医疗器械监管改革促进医药产业高质量发展的意见》,,医疗健康新闻,https://www.news.cn/health/20250103/4fe1589df39f4e70af7e8ef5b1f62455/c.html
NEWS_000078,news,新华健康-权威发布,新华社权威快报|91种新药进医保 新版国家医保药品目录发布,,新华社权威快报|91种新药进医保 新版国家医保药品目录发布,,医疗健康新闻,https://www.news.cn/health/20241128/6a623c4b62ac4ffcbc177b246eb17cd5/c.html
NEWS_000079,news,新华健康-重要资讯,“一次挂号查五项” 首都儿童医学中心开设五健一站式筛查门诊,,“一次挂号查五项” 首都儿童医学中心开设五健一站式筛查门诊,,医疗健康新闻,https://www.news.cn/health/20260609/3978958d197843ae82f33ec0eb9983b7/c.html
NEWS_000080,news,新华健康-重要资讯,京都儿童医院院长孙媛：以孩子为中心 深耕儿科满足患者需求,,京都儿童医院院长孙媛：以孩子为中心 深耕儿科满足患者需求,,医疗健康新闻,https://www.news.cn/health/20260601/dada7b11c1d84c4ca04ea4faf4daf0b3/c.html
NEWS_000081,news,新华健康-重要资讯,养脾胃、强筋骨、调情志，中医专家为儿童青少年健康成长“划重点”,,养脾胃、强筋骨、调情志，中医专家为儿童青少年健康成长“划重点”,,医疗健康新闻,https://www.news.cn/health/20260601/4ad68ffabdad4a56b357f2e772ee58b7/c.html
NEWS_000082,news,新华健康-重要资讯,从全球共识到中国方案——北京协和医院院长张抒扬谈罕见病诊疗之道,,从全球共识到中国方案——北京协和医院院长张抒扬谈罕见病诊疗之道,,医疗健康新闻,https://www.news.cn/health/20260531/eb26c37b8ec445f7bba6d3f3384e12a7/c.html
NEWS_000083,news,新华健康-重要资讯,罗莫索珠单抗注射液开出首张处方 助力骨质疏松症患者改善骨骼健康,,罗莫索珠单抗注射液开出首张处方 助力骨质疏松症患者改善骨骼健康,,医疗健康新闻,https://www.news.cn/health/20260528/c121a99587fe4efb9030ba53dbe6ed86/c.html
NEWS_000084,news,新华健康-重要资讯,世界脊柱健康日｜首都医科大学附属北京积水潭医院何达：守护人体“中轴支撑”，从日常细节做起,,世界脊柱健康日｜首都医科大学附属北京积水潭医院何达：守护人体“中轴支撑”，从日常细节做起,,医疗健康新闻,https://www.news.cn/health/20260521/e80bf86cee2d4ab7baf855b9847962ed/c.html
NEWS_000085,news,新华健康-重要资讯,钟宇新：参与临床试验是为生命续航，不是当“小白鼠”,,钟宇新：参与临床试验是为生命续航，不是当“小白鼠”,,医疗健康新闻,https://www.news.cn/health/20260521/2656031949f44dfb80eacede16302215/c.html
NEWS_000086,news,新华健康-重要资讯,中药现代化三十年：从探索到引领，AI赋能新跨越,,中药现代化三十年：从探索到引领，AI赋能新跨越,,医疗健康新闻,https://www.news.cn/health/20260519/97b6b111eb5a470cba86917432ed72ca/c.html
NEWS_000087,news,新华健康-重要资讯,《低GI食品与健康白皮书》科普研讨会在京举办 产业亟待破解标准、检测、传播“三重乱象”,,《低GI食品与健康白皮书》科普研讨会在京举办 产业亟待破解标准、检测、传播“三重乱象”,,医疗健康新闻,https://www.news.cn/health/20260519/44738503ee444a2aa1bc8174334ae5f8/c.html
NEWS_000088,news,新华健康-重要资讯,多项重磅成果集中发布 第五届中医药高质量发展大会举行,,多项重磅成果集中发布 第五届中医药高质量发展大会举行,,医疗健康新闻,https://www.news.cn/health/20260518/c8aa1d79acd14cf8931bcfc083973ee7/c.html
NEWS_000089,news,央广网健康-央广,野生菌好吃但命更重要！ 近日，昆明一男子因食用见手青导致中毒，产生“修仙渡劫”幻觉，从27楼窗户顺着水管向下爬，该消息一出引发网民关注。那么，如何吃菌更安全？又如何预防菌中毒呢？一组图读懂。 2026-06-16 11:43,2026-06-16,野生菌好吃但命更重要！ 近日，昆明一男子因食用见手青导致中毒，产生“修仙渡劫”幻觉，从27楼窗户顺着水管向下爬，该消息一出引发网民关注。那么，如何吃菌更安全？又如何预防菌中毒呢？一组图读懂。 2026-06-16 11:43,,医疗健康新闻,https://www.cnr.cn/2014jkpd/yg/20260616/t20260616_527662807.shtml
NEWS_000090,news,央广网健康-央广,早上起来没胃口？几招轻松缓解 早上起来没胃口，是很多人都遇到过的困扰。这不仅影响一天的精气神，还可能打乱日常饮食节奏。 2026-06-15 10:40,2026-06-15,早上起来没胃口？几招轻松缓解 早上起来没胃口，是很多人都遇到过的困扰。这不仅影响一天的精气神，还可能打乱日常饮食节奏。 2026-06-15 10:40,,医疗健康新闻,https://www.cnr.cn/2014jkpd/yg/20260615/t20260615_527661270.shtml
NEWS_000091,news,央广网健康-央广,野生菌中毒病例增多 专家：通过颜色、生蛆生虫等方法鉴别不可靠 云南红河出现食用野生菌致幻中毒案例，当地进入野生菌食用旺季，中毒病例渐增，七八月份将迎高峰。云南省卫生健康委员会发布科普提示，讲解中毒常识与急救方法，普及安全吃菌知识。 2026,2026-06-11,野生菌中毒病例增多 专家：通过颜色、生蛆生虫等方法鉴别不可靠 云南红河出现食用野生菌致幻中毒案例，当地进入野生菌食用旺季，中毒病例渐增，七八月份将迎高峰。云南省卫生健康委员会发布科普提示，讲解中毒常识与急救方法，普及安全吃菌知识。 2026-06-11 07:39,,医疗健康新闻,https://www.cnr.cn/2014jkpd/yg/20260611/t20260611_527656233.shtml
NEWS_000092,news,央广网健康-央广,医生提示：血常规正常≠完全健康 血常规结果正常是否等同于无病呢？对于这一问题，近日，清华大学北京清华长庚医院血液内科副主任医师王燕婴做客央广网《中华名医号》节目，并进行了解答。 2026-06-10 10:46,2026-06-10,医生提示：血常规正常≠完全健康 血常规结果正常是否等同于无病呢？对于这一问题，近日，清华大学北京清华长庚医院血液内科副主任医师王燕婴做客央广网《中华名医号》节目，并进行了解答。 2026-06-10 10:46,,医疗健康新闻,https://www.cnr.cn/2014jkpd/yg/20260610/t20260610_527655443.shtml
NEWS_000093,news,央广网健康-央广,世界杯开赛在即，别让高尿酸趁机“破门” 观赛狂欢正当时，啤酒、炸鸡、海鲜、烧烤、熬夜成为不少球迷的“标配”，殊不知，高尿酸则有可能趁机“破门”。 2026-06-10 09:00,2026-06-10,世界杯开赛在即，别让高尿酸趁机“破门” 观赛狂欢正当时，啤酒、炸鸡、海鲜、烧烤、熬夜成为不少球迷的“标配”，殊不知，高尿酸则有可能趁机“破门”。 2026-06-10 09:00,,医疗健康新闻,https://www.cnr.cn/2014jkpd/yg/20260610/t20260610_527655260.shtml
NEWS_000094,news,央广网健康-央广,新版《药物临床试验质量管理规范》发布 新增数据治理章节 药物临床试验是药物研发的关键环节。我国《药物临床试验质量管理规范》（GCP）是指导药物研发科学合规、监管执法符合国际标准的重要规范性文件。 2026-06-08 17:43,2026-06-08,新版《药物临床试验质量管理规范》发布 新增数据治理章节 药物临床试验是药物研发的关键环节。我国《药物临床试验质量管理规范》（GCP）是指导药物研发科学合规、监管执法符合国际标准的重要规范性文件。 2026-06-08 17:43,,医疗健康新闻,https://www.cnr.cn/2014jkpd/yg/20260608/t20260608_527653525.shtml
NEWS_000095,news,央广网健康-央广,医工融合聚智，创新护佑心健康――2026中国生物医学工程大会心血管工程创新论坛在苏州成功举办 5月30日，2026中国生物医学工程大会暨创新医疗峰会・心血管工程创新论坛在苏州金鸡湖国际会议中心隆重召开。本届论坛由中国生物医学工程学会主办，是,2026-06-08,医工融合聚智，创新护佑心健康――2026中国生物医学工程大会心血管工程创新论坛在苏州成功举办 5月30日，2026中国生物医学工程大会暨创新医疗峰会・心血管工程创新论坛在苏州金鸡湖国际会议中心隆重召开。本届论坛由中国生物医学工程学会主办，是大会核心年度主题论坛之一，并同步举办中国生物医学工程学会机械循环支持分会第七届学术年会与第一届中国人工心脏管理师培训班。 2026-06-08 15:08,,医疗健康新闻,https://www.cnr.cn/2014jkpd/yg/20260608/t20260608_527653256.shtml
NEWS_000096,news,央广网健康-央广,我国已批准注册特医食品330个 基本满足临床营养需求 目前，我国已批准注册特殊医学用途配方食品330个，覆盖所有产品大类和全年龄段人群，基本满足临床营养需求。 2026-06-08 14:30,2026-06-08,我国已批准注册特医食品330个 基本满足临床营养需求 目前，我国已批准注册特殊医学用途配方食品330个，覆盖所有产品大类和全年龄段人群，基本满足临床营养需求。 2026-06-08 14:30,,医疗健康新闻,https://www.cnr.cn/2014jkpd/yg/20260608/t20260608_527653196.shtml
NEWS_000097,news,央广网健康-央广,我的高考 | 高考当天，千万别让孩子吃错早餐！ 早餐搭配得当，能让考生头脑清醒、临场状态平稳；倘若饮食不合理，则极易出现困倦乏力、注意力难以集中，甚至心慌手抖等状况。东莞市松山湖中心医院临床营养科蔡俊秀博士依托专业科研数据，为家长科普科学配,2026-06-06,我的高考 | 高考当天，千万别让孩子吃错早餐！ 早餐搭配得当，能让考生头脑清醒、临场状态平稳；倘若饮食不合理，则极易出现困倦乏力、注意力难以集中，甚至心慌手抖等状况。东莞市松山湖中心医院临床营养科蔡俊秀博士依托专业科研数据，为家长科普科学配餐方案，教大家搭配高考早餐，助力孩子开考稳状态、从容应考。 2026-06-06 16:22,,医疗健康新闻,https://www.cnr.cn/2014jkpd/yg/20260606/t20260606_527650763.shtml
NEWS_000098,news,央广网健康-央广,我的高考｜考前睡不好、吃不下？试试这几个简单易上手的按摩方法 高考在即，专家支招：头部按摩助眠、按揉内关穴缓解胃肠不适，紧张时做腹式呼吸，考后原地小跑激活大脑，注意清淡饮食、充足睡眠，平常心应考。 2026-06-06 09:10,2026-06-06,我的高考｜考前睡不好、吃不下？试试这几个简单易上手的按摩方法 高考在即，专家支招：头部按摩助眠、按揉内关穴缓解胃肠不适，紧张时做腹式呼吸，考后原地小跑激活大脑，注意清淡饮食、充足睡眠，平常心应考。 2026-06-06 09:10,,医疗健康新闻,https://www.cnr.cn/2014jkpd/yg/20260606/t20260606_527650264.shtml
NEWS_000099,news,央广网健康-央广,万万没想到，小伙咳嗽半年不见好，竟是肺“长错了”！ 咳了半年，药也吃了，就是不见好。男子怎么也没想到，让他夜不能寐的“老咳嗽”，不是普通肺炎，竟是一种与生俱来的肺部畸形…… 2026-06-06 09:06,2026-06-06,万万没想到，小伙咳嗽半年不见好，竟是肺“长错了”！ 咳了半年，药也吃了，就是不见好。男子怎么也没想到，让他夜不能寐的“老咳嗽”，不是普通肺炎，竟是一种与生俱来的肺部畸形…… 2026-06-06 09:06,,医疗健康新闻,https://www.cnr.cn/2014jkpd/yg/20260606/t20260606_527650252.shtml
NEWS_000100,news,央广网健康-央广,如何判断自身是否贫血？医生：这些症状需注意 清华大学北京清华长庚医院血液内科副主任医师王燕婴在央广网《中华名医号》节目中表示，贫血不是一个疾病的名称，而是多种疾病或病理状态的共同表现。 2026-06-04 11:03,2026-06-04,如何判断自身是否贫血？医生：这些症状需注意 清华大学北京清华长庚医院血液内科副主任医师王燕婴在央广网《中华名医号》节目中表示，贫血不是一个疾病的名称，而是多种疾病或病理状态的共同表现。 2026-06-04 11:03,,医疗健康新闻,https://www.cnr.cn/2014jkpd/yg/20260604/t20260604_527647537.shtml
NEWS_000101,news,央广网健康-央广,这么吹空调，纳凉又防病 入夏高温天气频发，不当吹空调易引发空调病，甚至诱发心脑血管疾病。专家指出无需杜绝空调，科学控温、勤通风、避开冷风直吹、适当日晒，可有效预防空调病。 2026-06-03 14:55,2026-06-03,这么吹空调，纳凉又防病 入夏高温天气频发，不当吹空调易引发空调病，甚至诱发心脑血管疾病。专家指出无需杜绝空调，科学控温、勤通风、避开冷风直吹、适当日晒，可有效预防空调病。 2026-06-03 14:55,,医疗健康新闻,https://www.cnr.cn/2014jkpd/yg/20260603/t20260603_527646178.shtml
NEWS_000102,news,央广网健康-央广,鹦鹉热大揭秘｜藏在飞羽里的隐形健康风险 近期多地出现鹦鹉热病例，其为由鹦鹉热衣原体引发的人畜共患病，易被误诊。多通过接触禽类、吸入带菌气溶胶感染，高危人群为禽类接触从业者，经规范治疗预后良好，做好防护可有效预防。 2026-06-02 17,2026-06-02,鹦鹉热大揭秘｜藏在飞羽里的隐形健康风险 近期多地出现鹦鹉热病例，其为由鹦鹉热衣原体引发的人畜共患病，易被误诊。多通过接触禽类、吸入带菌气溶胶感染，高危人群为禽类接触从业者，经规范治疗预后良好，做好防护可有效预防。 2026-06-02 17:26,,医疗健康新闻,https://www.cnr.cn/2014jkpd/yg/20260602/t20260602_527644906.shtml
NEWS_000103,news,央广网健康-央广,南北出行身体不适？这些小妙招助你快速适应气候变化 中国中医科学院广安门医院老年（综合）科副主任医师高琳在央广网《中华名医号》节目中表示，掌握这几个简单实用的小妙招，便能让身体在气候转换中实现平稳过渡。 2026-06-02 13:46,2026-06-02,南北出行身体不适？这些小妙招助你快速适应气候变化 中国中医科学院广安门医院老年（综合）科副主任医师高琳在央广网《中华名医号》节目中表示，掌握这几个简单实用的小妙招，便能让身体在气候转换中实现平稳过渡。 2026-06-02 13:46,,医疗健康新闻,https://www.cnr.cn/2014jkpd/yg/20260602/t20260602_527644575.shtml
NEWS_000104,news,央广网健康-央广,孩子近视悄悄加重！这几个护眼误区，很多家长都中招了 恰逢六一儿童节，央广网《中华名医号》特别邀请苏州市眼视光医院主任医师杜军辉、北京理工大学教授程德文两位专家，围绕儿童近视防控展开专业答疑，分享干货满满的护眼知识。 2026-06-02 1,2026-06-02,孩子近视悄悄加重！这几个护眼误区，很多家长都中招了 恰逢六一儿童节，央广网《中华名医号》特别邀请苏州市眼视光医院主任医师杜军辉、北京理工大学教授程德文两位专家，围绕儿童近视防控展开专业答疑，分享干货满满的护眼知识。 2026-06-02 11:26,,医疗健康新闻,https://www.cnr.cn/2014jkpd/yg/20260602/t20260602_527644436.shtml
NEWS_000105,news,央广网健康-央广,儿童正畸，越早越好？北京儿童医院院长：有些情况急不得 儿童的牙齿矫正，主要是为了在发育期不要影响颌骨的发育，但是有的时候，家长会在网络上去看一些信息，认为越早弄越好，实际上不是这个概念。 2026-06-01 17:50,2026-06-01,儿童正畸，越早越好？北京儿童医院院长：有些情况急不得 儿童的牙齿矫正，主要是为了在发育期不要影响颌骨的发育，但是有的时候，家长会在网络上去看一些信息，认为越早弄越好，实际上不是这个概念。 2026-06-01 17:50,,医疗健康新闻,https://www.cnr.cn/2014jkpd/yg/20260601/t20260601_527643614.shtml
NEWS_000106,news,央广网健康-央广,西瓜、冷饮孩子到底能不能吃？国家卫健委发布会上给出解答 夏季炎热，西瓜、冷饮是不少人的消暑“神器”。相对成人，儿童脾胃更加娇嫩，很多家长担心这些消暑方式会损伤孩子脾胃。真的如此吗？ 2026-06-01 17:08,2026-06-01,西瓜、冷饮孩子到底能不能吃？国家卫健委发布会上给出解答 夏季炎热，西瓜、冷饮是不少人的消暑“神器”。相对成人，儿童脾胃更加娇嫩，很多家长担心这些消暑方式会损伤孩子脾胃。真的如此吗？ 2026-06-01 17:08,,医疗健康新闻,https://www.cnr.cn/2014jkpd/yg/20260601/t20260601_527643524.shtml
NEWS_000107,news,央广网健康-央广,如何让孩子“生得安、育得好、长得健”？国家卫健委给出路径 坚持健康优先发展战略，强化儿童健康“防、筛、诊、治、康、管”系统连续服务，围绕着“生得安、育得好、长得健”，强化从出生到青春期的全过程健康服务。 2026-06-01 17:08,2026-06-01,如何让孩子“生得安、育得好、长得健”？国家卫健委给出路径 坚持健康优先发展战略，强化儿童健康“防、筛、诊、治、康、管”系统连续服务，围绕着“生得安、育得好、长得健”，强化从出生到青春期的全过程健康服务。 2026-06-01 17:08,,医疗健康新闻,https://www.cnr.cn/2014jkpd/yg/20260601/t20260601_527643523.shtml
NEWS_000108,news,央广网健康-央广,戒烟能靠意志力硬扛吗？专家呼吁：科学戒烟才是正确方式 近日，央广网《中华名医号》推出戒烟专场《啪一下 把烟戒了》直播，邀请首都医科大学附属北京朝阳医院循证医学中心主任梁立荣、中国医学科学院北京协和医院心血管内科主任医师丁荣晶两位嘉宾，权威解,2026-06-01,戒烟能靠意志力硬扛吗？专家呼吁：科学戒烟才是正确方式 近日，央广网《中华名医号》推出戒烟专场《啪一下 把烟戒了》直播，邀请首都医科大学附属北京朝阳医院循证医学中心主任梁立荣、中国医学科学院北京协和医院心血管内科主任医师丁荣晶两位嘉宾，权威解读科学戒烟方法。 2026-06-01 14:17,,医疗健康新闻,https://www.cnr.cn/2014jkpd/yg/20260601/t20260601_527643206.shtml
NEWS_000109,news,央广网健康-央广,“六一”特辑｜不被手机屏幕绑架 守护孩子纯真童年 孩子沉迷手机危害身心、社交与学习。文中列出成瘾信号，建议家长分年龄科学管控、做好陪伴并共建规则，情况严重需及时寻求专业帮助。 2026-06-01 09:11,2026-06-01,“六一”特辑｜不被手机屏幕绑架 守护孩子纯真童年 孩子沉迷手机危害身心、社交与学习。文中列出成瘾信号，建议家长分年龄科学管控、做好陪伴并共建规则，情况严重需及时寻求专业帮助。 2026-06-01 09:11,,医疗健康新闻,https://www.cnr.cn/2014jkpd/yg/20260601/t20260601_527642835.shtml
NEWS_000110,news,央广网健康-央广,湿气重的人身体会出现这三个明显信号 中国中医科学院西苑医院风湿病科副主任医师杜丽研在央广网《中华名医号》节目中介绍，当体内湿气过重时，消化系统、精神状态和排泄情况都会出现异常信号。 2026-05-29 15:24,2026-05-29,湿气重的人身体会出现这三个明显信号 中国中医科学院西苑医院风湿病科副主任医师杜丽研在央广网《中华名医号》节目中介绍，当体内湿气过重时，消化系统、精神状态和排泄情况都会出现异常信号。 2026-05-29 15:24,,医疗健康新闻,https://www.cnr.cn/2014jkpd/yg/20260529/t20260529_527640096.shtml
NEWS_000111,news,央广网健康-央广,选对洗发水能“防脱发”？毛发科医生：大概率是智商税 洗发水属于化妆品，无法治疗脱发，仅能清洁舒缓头皮。洗头需手法轻柔、洗净吹干。我国脱发人群众多，有相关困扰建议前往正规医院就诊。 2026-05-28 14:19,2026-05-28,选对洗发水能“防脱发”？毛发科医生：大概率是智商税 洗发水属于化妆品，无法治疗脱发，仅能清洁舒缓头皮。洗头需手法轻柔、洗净吹干。我国脱发人群众多，有相关困扰建议前往正规医院就诊。 2026-05-28 14:19,,医疗健康新闻,https://www.cnr.cn/2014jkpd/yg/20260528/t20260528_527638707.shtml
NEWS_000112,news,央广网健康-央广,“1粒=1万根发”“强过米诺地尔”……热销防脱产品真能生发？ 脱发，已成为现代社会普遍关注的健康议题，人们期待能有一款产品帮助解决自己的“头顶焦虑”，“防脱经济”也应运而生。 2026-05-28 10:53,2026-05-28,“1粒=1万根发”“强过米诺地尔”……热销防脱产品真能生发？ 脱发，已成为现代社会普遍关注的健康议题，人们期待能有一款产品帮助解决自己的“头顶焦虑”，“防脱经济”也应运而生。 2026-05-28 10:53,,医疗健康新闻,https://www.cnr.cn/2014jkpd/yg/20260528/t20260528_527638540.shtml
NEWS_000113,news,央广网健康-央广,剪网线对抗检查、护肤品变“医保药”……多家药店被曝光 自2026年5月14日起，国家医保局在全国范围内开展定点零售药店违法违规使用医保基金专项飞检。 2026-05-27 14:39,2026-05-14,剪网线对抗检查、护肤品变“医保药”……多家药店被曝光 自2026年5月14日起，国家医保局在全国范围内开展定点零售药店违法违规使用医保基金专项飞检。 2026-05-27 14:39,,医疗健康新闻,https://www.cnr.cn/2014jkpd/yg/20260527/t20260527_527637369.shtml
NEWS_000114,news,央广网健康-央广,痛风发作时应如何科学止痛？ 北京大学首钢医院风湿免疫科主任医师石连杰在央广网《中华名医号》节目中介绍，痛风急性发作时，通常可使用一些消炎止痛药物以缓解疼痛，例如“布洛芬”。 2026-05-27 11:05,2026-05-27,痛风发作时应如何科学止痛？ 北京大学首钢医院风湿免疫科主任医师石连杰在央广网《中华名医号》节目中介绍，痛风急性发作时，通常可使用一些消炎止痛药物以缓解疼痛，例如“布洛芬”。 2026-05-27 11:05,,医疗健康新闻,https://www.cnr.cn/2014jkpd/yg/20260527/t20260527_527637176.shtml
NEWS_000115,news,央广网健康-央广,远离脂肪肝，这4个饮食习惯趁早改掉！ 网传多吃水果致脂肪肝并不科学，不良饮食、作息等才是主因。脂肪肝可逆转，科学控重、调整饮食与生活方式，能改善甚至消除病症。 2026-05-27 09:07,2026-05-27,远离脂肪肝，这4个饮食习惯趁早改掉！ 网传多吃水果致脂肪肝并不科学，不良饮食、作息等才是主因。脂肪肝可逆转，科学控重、调整饮食与生活方式，能改善甚至消除病症。 2026-05-27 09:07,,医疗健康新闻,https://www.cnr.cn/2014jkpd/yg/20260527/t20260527_527636968.shtml
NEWS_000116,news,央广网健康-央广,外卖怎么吃更健康？记住三个关键词 5月25日，国家卫生健康委召开新闻发布会。会上，国家食品安全风险评估中心研究员方海琴答央广网记者。 2026-05-25 17:10,2026-05-25,外卖怎么吃更健康？记住三个关键词 5月25日，国家卫生健康委召开新闻发布会。会上，国家食品安全风险评估中心研究员方海琴答央广网记者。 2026-05-25 17:10,,医疗健康新闻,https://www.cnr.cn/2014jkpd/yg/20260525/t20260525_527635125.shtml
NEWS_000117,news,央广网健康-央广,世界甲状腺日｜备孕前，甲状腺准备好了吗？ 世界甲状腺日，专家提醒备孕女性需提前3-6个月筛查甲状腺五项指标。备孕期促甲状腺激素理想值为0.5-2.5，甲状腺异常并非不能受孕，需先评估干预。甲减、甲亢、甲状腺结节及碘-131治疗后，均有对应的,2026-05-25,世界甲状腺日｜备孕前，甲状腺准备好了吗？ 世界甲状腺日，专家提醒备孕女性需提前3-6个月筛查甲状腺五项指标。备孕期促甲状腺激素理想值为0.5-2.5，甲状腺异常并非不能受孕，需先评估干预。甲减、甲亢、甲状腺结节及碘-131治疗后，均有对应的科学备孕规范。 2026-05-25 15:16,,医疗健康新闻,https://www.cnr.cn/2014jkpd/yg/20260525/t20260525_527634936.shtml
NEWS_000118,news,央广网健康-央广,尿频尿急、小便发红？出现这些症状，需及时就医 尿频尿急到底是炎症还是肿瘤？小便发红是血尿吗？泡沫尿久不散去代表哪里出了问题？ 2026-05-25 15:08,2026-05-25,尿频尿急、小便发红？出现这些症状，需及时就医 尿频尿急到底是炎症还是肿瘤？小便发红是血尿吗？泡沫尿久不散去代表哪里出了问题？ 2026-05-25 15:08,,医疗健康新闻,https://www.cnr.cn/2014jkpd/yg/20260525/t20260525_527634929.shtml
NEWS_000119,news,央广网健康-央广,第十一批药品集采落地 到手实惠千万别错过 目前，第十一批国家组织药品集中带量采购中标结果已在各地各级公立医院陆续落地实施，也将带动民营医院和零售药店相关药品售价作出相应调整。 2026-05-25 14:43,2026-05-25,第十一批药品集采落地 到手实惠千万别错过 目前，第十一批国家组织药品集中带量采购中标结果已在各地各级公立医院陆续落地实施，也将带动民营医院和零售药店相关药品售价作出相应调整。 2026-05-25 14:43,,医疗健康新闻,https://www.cnr.cn/2014jkpd/yg/20260525/t20260525_527634904.shtml
NEWS_000120,news,央广网健康-央广,协和、积水潭等四家国家级医院驰援山西沁源矿难 全力救治伤员 5月22日，山西省长治市沁源县通洲集团留神峪煤业发生井下瓦斯爆炸事故。事故发生后，国家、省、市三级卫健部门迅速联动，全力开展伤员医疗救治与保障工作。 2026-05-24 12:4,2026-05-24,协和、积水潭等四家国家级医院驰援山西沁源矿难 全力救治伤员 5月22日，山西省长治市沁源县通洲集团留神峪煤业发生井下瓦斯爆炸事故。事故发生后，国家、省、市三级卫健部门迅速联动，全力开展伤员医疗救治与保障工作。 2026-05-24 12:49,,医疗健康新闻,https://www.cnr.cn/2014jkpd/yg/20260524/t20260524_527633537.shtml
NEWS_000121,news,央广网健康-央广,胃不好只吃流食、吃辣胃难受？听听医生怎么说 养胃的吃法其实藏着很多学问，胃不好为什么不能只吃流食？吃了辣的食物喝点啥才能保护胃黏膜？口臭成因不在嘴里而在胃里？5月22日，央广网《中华名医号》栏目邀请中山大学肿瘤防治中心胃外科主任医师王玮、厦,2026-05-24,胃不好只吃流食、吃辣胃难受？听听医生怎么说 养胃的吃法其实藏着很多学问，胃不好为什么不能只吃流食？吃了辣的食物喝点啥才能保护胃黏膜？口臭成因不在嘴里而在胃里？5月22日，央广网《中华名医号》栏目邀请中山大学肿瘤防治中心胃外科主任医师王玮、厦门大学附属第一医院肿瘤内科主任医师赵鑫、北京大学肿瘤医院胃肠中心一病区副主任医师吴舟桥三位嘉宾围绕我们日常生活中的肠胃困惑，现场答疑解惑，分享实用的胃部养护知识。 2026-05-24 09:45,,医疗健康新闻,https://www.cnr.cn/2014jkpd/yg/20260524/t20260524_527633296.shtml
NEWS_000122,news,央广网健康-央广,医保个账支付白名单制度将释放哪些利好？专家解读 医保局等发文要求9月底前出台医保个人账户购药支付白名单，严控非医药类消费。新规划定支付范围，可付流感疫苗费用，能守护医保基金，便民购药并促药店规范经营。 2026-05-21 15:22,2026-05-21,医保个账支付白名单制度将释放哪些利好？专家解读 医保局等发文要求9月底前出台医保个人账户购药支付白名单，严控非医药类消费。新规划定支付范围，可付流感疫苗费用，能守护医保基金，便民购药并促药店规范经营。 2026-05-21 15:22,,医疗健康新闻,https://www.cnr.cn/2014jkpd/yg/20260521/t20260521_527629502.shtml
NEWS_000123,news,央广网健康-央广,别让“谈辐色变”耽误了治疗 放疗在肿瘤治疗中的价值不容忽视。据统计，全球约70%的癌症患者在治疗过程中需要用到放疗。它既可以作为早期癌症的根治性治疗手段，也能为晚期癌症患者改善生活质量、延长生存期。 2026-05-21 14:44,2026-05-21,别让“谈辐色变”耽误了治疗 放疗在肿瘤治疗中的价值不容忽视。据统计，全球约70%的癌症患者在治疗过程中需要用到放疗。它既可以作为早期癌症的根治性治疗手段，也能为晚期癌症患者改善生活质量、延长生存期。 2026-05-21 14:44,,医疗健康新闻,https://www.cnr.cn/2014jkpd/yg/20260521/t20260521_527629450.shtml
NEWS_000124,news,央广网健康-央广,骨痛、贫血、泡沫尿，警惕多发性骨髓瘤 经常乏力、头晕，总以为是气血不足；长期腰背痛、全身酸痛，只当是骨质疏松、腰椎病；小便泡沫多、浮肿，就觉得是普通肾病……这些被当成“小毛病”的症状，很可能是多发性骨髓瘤悄悄发出的预警信号。 2026-05,2026-05-21,骨痛、贫血、泡沫尿，警惕多发性骨髓瘤 经常乏力、头晕，总以为是气血不足；长期腰背痛、全身酸痛，只当是骨质疏松、腰椎病；小便泡沫多、浮肿，就觉得是普通肾病……这些被当成“小毛病”的症状，很可能是多发性骨髓瘤悄悄发出的预警信号。 2026-05-21 14:37,,医疗健康新闻,https://www.cnr.cn/2014jkpd/yg/20260521/t20260521_527629444.shtml
NEWS_000125,news,央广网健康-央广,便血≠痔疮，食欲骤降体重暴跌 警惕这个病找上门 经常腹痛、腹胀、排便不规律，很多人当肠炎忍，哪些情况绝对不能忍，必须马上查？没有刻意节食运动，却出现食欲变差、体重持续下降，为什么也建议去查一查？大便带血就一定是痔疮吗？出现哪些血便、排便改变,2026-05-20,便血≠痔疮，食欲骤降体重暴跌 警惕这个病找上门 经常腹痛、腹胀、排便不规律，很多人当肠炎忍，哪些情况绝对不能忍，必须马上查？没有刻意节食运动，却出现食欲变差、体重持续下降，为什么也建议去查一查？大便带血就一定是痔疮吗？出现哪些血便、排便改变，要高度警惕结直肠癌？ 5月19日晚，央广网《中华名医号》栏目邀请来自北京协和医院肿瘤医学中心科室副主任、主任医师王晰程、天津医科大学肿瘤医院消化内科科室主任、主任医师邓婷、大连医科大学附属第一医院肿瘤日间化疗门诊副主任、主任医师张洁三位嘉宾，手把手教大家从排便状态、身体变化里辨清隐患，分清普通肠胃不适和肠癌早期征兆，提醒大家别再大意忽视，早发现早守肠道健康。 2026-05-20 16:42,,医疗健康新闻,https://www.cnr.cn/2014jkpd/yg/20260520/t20260520_527628140.shtml
NEWS_000126,news,央广网健康-央广,防控“神器”逆转近视？王宁利院士：“现在来说不可能” 王宁利介绍，到目前为止，防蓝光的眼镜对近视眼可以说没有科学证据说它有作用，对眼的防护来说，也没有直接证据说它有作用。 2026-05-19 17:56,2026-05-19,防控“神器”逆转近视？王宁利院士：“现在来说不可能” 王宁利介绍，到目前为止，防蓝光的眼镜对近视眼可以说没有科学证据说它有作用，对眼的防护来说，也没有直接证据说它有作用。 2026-05-19 17:56,,医疗健康新闻,https://www.cnr.cn/2014jkpd/yg/20260519/t20260519_527626667.shtml
NEWS_000127,news,央广网健康-央广,阜外医院专家：血脂报告重点要看四项，控血脂不能只靠少吃肉 在饮食方面可以少吃肥肉、动物油、油炸食品，少喝含糖饮料，要规律运动、控制体重，尤其是甘油三酯增高的人更应该注意控糖和限酒。 2026-05-19 17:48,2026-05-19,阜外医院专家：血脂报告重点要看四项，控血脂不能只靠少吃肉 在饮食方面可以少吃肥肉、动物油、油炸食品，少喝含糖饮料，要规律运动、控制体重，尤其是甘油三酯增高的人更应该注意控糖和限酒。 2026-05-19 17:48,,医疗健康新闻,https://www.cnr.cn/2014jkpd/yg/20260519/t20260519_527626647.shtml
NEWS_000128,news,央广网健康-央广,焯水会“洗掉”蔬菜营养？真相没那么简单 焯水到底会不会流失营养，以及如何正确焯水才能既避风险又保住营养，守护日常饮食健康。北京儿童医院顺义妇儿医院临床营养科主任医师李永进对此进行详细解读。 2026-05-18 11:40,2026-05-18,焯水会“洗掉”蔬菜营养？真相没那么简单 焯水到底会不会流失营养，以及如何正确焯水才能既避风险又保住营养，守护日常饮食健康。北京儿童医院顺义妇儿医院临床营养科主任医师李永进对此进行详细解读。 2026-05-18 11:40,,医疗健康新闻,https://www.cnr.cn/2014jkpd/yg/20260518/t20260518_527624753.shtml
NEWS_000129,news,央广网健康-央广,正确认识高血压，这些知识要知道！ “高血压能停药吗”“听说吃钾盐能降压，靠谱吗”……恰逢世界高血压日，针对高血压相关的几个热门问题，北京市海淀医院心血管内科副主任医师周淋给出了答案。 2026-05-17 09:31,2026-05-17,正确认识高血压，这些知识要知道！ “高血压能停药吗”“听说吃钾盐能降压，靠谱吗”……恰逢世界高血压日，针对高血压相关的几个热门问题，北京市海淀医院心血管内科副主任医师周淋给出了答案。 2026-05-17 09:31,,医疗健康新闻,https://www.cnr.cn/2014jkpd/yg/20260517/t20260517_527623450.shtml
NEWS_000130,news,央广网健康-央广,时代出卷，我们以爱作答｜齐鲁制药2025年度可持续发展报告正式发布 《齐鲁制药集团2025年度可持续发展报告》正式发布。这是齐鲁制药集团首份可持续发展报告，也是在连续三年社会责任报告基础上的全面升级。 2026-05-20 15:07,2026-05-20,时代出卷，我们以爱作答｜齐鲁制药2025年度可持续发展报告正式发布 《齐鲁制药集团2025年度可持续发展报告》正式发布。这是齐鲁制药集团首份可持续发展报告，也是在连续三年社会责任报告基础上的全面升级。 2026-05-20 15:07,,医疗健康新闻,https://www.cnr.cn/2014jkpd/yg/20260520/t20260520_527627960.shtml
NEWS_000131,news,央广网健康-央广,高血压患者怎么运动更安全？记住这几点就够了 5月17日是世界高血压日，今年的主题是“携手同行，控制血压”。控制血压不只靠药物，也离不开准确测量、健康饮食和规律运动。运动时血压升高正常吗？高血压患者怎么运动更安全？记者采访了清华大学北京清华长,2026-05-17,高血压患者怎么运动更安全？记住这几点就够了 5月17日是世界高血压日，今年的主题是“携手同行，控制血压”。控制血压不只靠药物，也离不开准确测量、健康饮食和规律运动。运动时血压升高正常吗？高血压患者怎么运动更安全？记者采访了清华大学北京清华长庚医院心血管内科主治医师李思源。 2026-05-17 09:31,,医疗健康新闻,https://www.cnr.cn/2014jkpd/yg/20260517/t20260517_527623452.shtml
NEWS_000132,news,央广网健康-央广,这四类人群慎吃菠菜 菠菜富含维生素、矿物质和膳食纤维，被誉为“营养模范生”，是很多人餐桌上的常客。但很多人不知道，菠菜并非人人皆宜，有4类人群食用时需格外慎重，否则可能损伤身体健康。今天，北京儿童医院顺义妇儿医院临床营养科主任医师李永进详细,2026-05-16,这四类人群慎吃菠菜 菠菜富含维生素、矿物质和膳食纤维，被誉为“营养模范生”，是很多人餐桌上的常客。但很多人不知道，菠菜并非人人皆宜，有4类人群食用时需格外慎重，否则可能损伤身体健康。今天，北京儿童医院顺义妇儿医院临床营养科主任医师李永进详细解读这4类需慎吃菠菜的人群，以及食用菠菜的关键注意事项，帮大家正确吃菠菜、护好身体健康。 2026-05-16 09:37,,医疗健康新闻,https://www.cnr.cn/2014jkpd/yg/20260516/t20260516_527622455.shtml
NEWS_000133,news,央广网健康-央广,久咳痰多，可能和这些环境因素有关 首都医科大学肺癌诊疗中心主任支修益在央广网《中华名医号》节目中表示，如果长期咳嗽并伴有痰液增多，通常意味着支气管及肺部已出现炎症。而长期吸烟、空气污染、厨房油烟以及装修材料不够环保等环境因素，都会持续刺激呼,2026-05-16,久咳痰多，可能和这些环境因素有关 首都医科大学肺癌诊疗中心主任支修益在央广网《中华名医号》节目中表示，如果长期咳嗽并伴有痰液增多，通常意味着支气管及肺部已出现炎症。而长期吸烟、空气污染、厨房油烟以及装修材料不够环保等环境因素，都会持续刺激呼吸道，导致黏液分泌异常，使咳嗽反复难愈。 2026-05-16 09:31,,医疗健康新闻,https://www.cnr.cn/2014jkpd/yg/20260516/t20260516_527622453.shtml
NEWS_000134,news,央广网健康-央广,检测幽门螺杆菌的5种方法，你了解几种？ 北京大学首钢医院消化内科张娟副主任医师介绍了五种检测幽门螺杆菌感染的方法，以帮助降低感染风险，保护胃肠健康。 2026-05-15 10:38,2026-05-15,检测幽门螺杆菌的5种方法，你了解几种？ 北京大学首钢医院消化内科张娟副主任医师介绍了五种检测幽门螺杆菌感染的方法，以帮助降低感染风险，保护胃肠健康。 2026-05-15 10:38,,医疗健康新闻,https://www.cnr.cn/2014jkpd/yg/20260515/t20260515_527621039.shtml
NEWS_000135,news,央广网健康-央广,这五个生活习惯最伤胰腺，赶紧自查！ 清华大学北京清华长庚医院肝胆胰中心副主任医师王鹏飞在央广网《中华名医号》节目中介绍，吸烟和饮酒会显著增加胰腺发生肿瘤的风险。 2026-05-13 10:22,2026-05-13,这五个生活习惯最伤胰腺，赶紧自查！ 清华大学北京清华长庚医院肝胆胰中心副主任医师王鹏飞在央广网《中华名医号》节目中介绍，吸烟和饮酒会显著增加胰腺发生肿瘤的风险。 2026-05-13 10:22,,医疗健康新闻,https://www.cnr.cn/2014jkpd/yg/20260513/t20260513_527618543.shtml
NEWS_000136,news,央广网健康-央广,与她同行，不让乳腺癌偷走年轻的光芒 对医生来说，在门诊上是不是发现年轻的乳腺癌患者变多了？与年长的患者相比，年轻患者的疾病类型有什么特别之处？ 2026-05-12 10:31,2026-05-12,与她同行，不让乳腺癌偷走年轻的光芒 对医生来说，在门诊上是不是发现年轻的乳腺癌患者变多了？与年长的患者相比，年轻患者的疾病类型有什么特别之处？ 2026-05-12 10:31,,医疗健康新闻,https://www.cnr.cn/2014jkpd/yg/20260512/t20260512_527617338.shtml
NEWS_000137,news,央广网健康-央广,国际护士节｜两位护士长把最实用的家庭护理方法，说给你听 家庭共用物品、洗护习惯里，藏着哪些容易交叉感染的盲区？孩子的日常用品是否需要高频消毒？还是适度粗放养护更好？失能老人难以言说的痛苦――便秘，有什么解决办法？针对长期卧床患者，隔多久需要,2026-05-12,国际护士节｜两位护士长把最实用的家庭护理方法，说给你听 家庭共用物品、洗护习惯里，藏着哪些容易交叉感染的盲区？孩子的日常用品是否需要高频消毒？还是适度粗放养护更好？失能老人难以言说的痛苦――便秘，有什么解决办法？针对长期卧床患者，隔多久需要帮助他翻身一次？应该怎么对他床边环境进行适老化改造？5月11日晚，央广网《中华名医号》栏目“国际护士节”专场，特别邀请来自首都医科大学附属北京佑安医院感染综合科护士长李玉华、心血管内科护士长苗文静两位嘉宾，围绕失能老人居家照护与家庭健康防护两大热点，带来通俗易懂、可直接落地的家庭护理实用指南。 2026-05-12 10:30,,医疗健康新闻,https://www.cnr.cn/2014jkpd/yg/20260512/t20260512_527617332.shtml
NEWS_000138,news,央广网健康-央广,夏季健身别跟风猛练 小心横纹肌溶解伤肾 近日，浙江杭州一女子为健身塑形，在健身房猛骑动感单车，没承想运动次日双腿剧烈酸胀，到了第三天早上尿液深得发红，到医院检查被诊断为横纹肌溶解综合征。究竟什么是横纹肌溶解？其常见诱因和危害有哪些？记者采访,2026-05-11,夏季健身别跟风猛练 小心横纹肌溶解伤肾 近日，浙江杭州一女子为健身塑形，在健身房猛骑动感单车，没承想运动次日双腿剧烈酸胀，到了第三天早上尿液深得发红，到医院检查被诊断为横纹肌溶解综合征。究竟什么是横纹肌溶解？其常见诱因和危害有哪些？记者采访了清华大学北京清华长庚医院急诊科副主任医师吴圣。 2026-05-11 14:45,,医疗健康新闻,https://www.cnr.cn/2014jkpd/yg/20260511/t20260511_527616434.shtml
NEWS_000139,news,央广网健康-央广,医见 | 肥胖是一种病，而全国一半以上成年人超重肥胖 廉东波提示，要健康变瘦、瘦得健康，“胖友门”一定不能心急，也不要迷信所谓的“网红减重法”，可到医院进行相关评估，找到适合自己的方法，在医生指导下科学减重。 2026-05-11 09:4,2026-05-11,医见 | 肥胖是一种病，而全国一半以上成年人超重肥胖 廉东波提示，要健康变瘦、瘦得健康，“胖友门”一定不能心急，也不要迷信所谓的“网红减重法”，可到医院进行相关评估，找到适合自己的方法，在医生指导下科学减重。 2026-05-11 09:42,,医疗健康新闻,https://www.cnr.cn/2014jkpd/yg/20260511/t20260511_527616199.shtml
NEWS_000140,news,央广网健康-央广,儿童青少年肥胖不是小事！这份科学控重攻略请收好 5月11日是世界防治肥胖日。根据世界肥胖联盟发布的《2026年世界肥胖报告》，若不采取有效干预，到2040年，全球5～19岁肥胖儿童人数将从2025年的1.77亿增至2.28亿，届时全球超过四,2026-05-11,儿童青少年肥胖不是小事！这份科学控重攻略请收好 5月11日是世界防治肥胖日。根据世界肥胖联盟发布的《2026年世界肥胖报告》，若不采取有效干预，到2040年，全球5～19岁肥胖儿童人数将从2025年的1.77亿增至2.28亿，届时全球超过四分之一的儿童将面临高BMI问题――这不仅是儿童的危机，更是全球80亿人共同面临的健康挑战。儿童青少年肥胖究竟有何危害？又该如何科学控重？记者采访了清华大学北京清华长庚医院儿童中心主任医师李晓惠。 2026-05-11 09:10,,医疗健康新闻,https://www.cnr.cn/2014jkpd/yg/20260511/t20260511_527616127.shtml
NEWS_000141,news,央广网健康-央广,帕金森病干细胞治疗学术交流会在京举行 帕金森病是继阿尔茨海默病之后全球第二大神经退行性疾病。5月9日，“帕金森病干细胞治疗学术交流会”在人民日报社举行，会议由人民日报健康客户端主办。来自国内神经科学、功能神经外科、干细胞转化研究等领域的专家,2026-05-09,帕金森病干细胞治疗学术交流会在京举行 帕金森病是继阿尔茨海默病之后全球第二大神经退行性疾病。5月9日，“帕金森病干细胞治疗学术交流会”在人民日报社举行，会议由人民日报健康客户端主办。来自国内神经科学、功能神经外科、干细胞转化研究等领域的专家学者汇聚一堂，共同见证这场聚焦帕金森病治疗前沿突破的学术对话。 2026-05-09 17:34,,医疗健康新闻,https://www.cnr.cn/2014jkpd/yg/20260509/t20260509_527615003.shtml
NEWS_000142,news,央广网健康-央广,胰腺在求救！留意这几个身体信号 清华大学北京清华长庚医院肝胆胰中心副主任医师王鹏飞在央广网《中华名医号》节目中指出，胰腺相关疾病早期的信号并不典型，其早期症状常被误认为胃病而延误治疗。 2026-05-09 10:32,2026-05-09,胰腺在求救！留意这几个身体信号 清华大学北京清华长庚医院肝胆胰中心副主任医师王鹏飞在央广网《中华名医号》节目中指出，胰腺相关疾病早期的信号并不典型，其早期症状常被误认为胃病而延误治疗。 2026-05-09 10:32,,医疗健康新闻,https://www.cnr.cn/2014jkpd/yg/20260509/t20260509_527614649.shtml
NEWS_000143,news,央广网健康-央广,七部门联合发布新版《医药代表管理办法》 8月1日起施行 2026年5月7日，国家药监局、公安部、卫健委、医保局等七部门，联合正式发布新版《医药代表管理办法》，8月1日起全国正式施行。 2026-05-08 11:16,2026-05-07,七部门联合发布新版《医药代表管理办法》 8月1日起施行 2026年5月7日，国家药监局、公安部、卫健委、医保局等七部门，联合正式发布新版《医药代表管理办法》，8月1日起全国正式施行。 2026-05-08 11:16,,医疗健康新闻,https://www.cnr.cn/2014jkpd/yg/20260508/t20260508_527613603.shtml
NEWS_000144,news,央广网健康-央广,女性必看！卵巢癌的6个高危预警信号，千万别忽视 5月8日是世界卵巢癌日。卵巢癌病死率居我国女性生殖道恶性肿瘤首位，被称为“沉默的杀手”。《2023中国卵巢癌诊疗现状白皮书》显示，我国上皮性卵巢癌患者中，约70%确诊时已处于晚期（Ⅲ期及Ⅳ期）,2026-05-08,女性必看！卵巢癌的6个高危预警信号，千万别忽视 5月8日是世界卵巢癌日。卵巢癌病死率居我国女性生殖道恶性肿瘤首位，被称为“沉默的杀手”。《2023中国卵巢癌诊疗现状白皮书》显示，我国上皮性卵巢癌患者中，约70%确诊时已处于晚期（Ⅲ期及Ⅳ期）。卵巢癌的早期症状缺乏特异性，易被忽视，如何识别高危预警信号并科学预防？记者采访了清华大学北京清华长庚医院妇产科副主任医师刘瑛。 2026-05-08 09:07,,医疗健康新闻,https://www.cnr.cn/2014jkpd/yg/20260508/t20260508_527613395.shtml
NEWS_000145,news,央广网健康-央广,破解儿童用药难 八部门发文改革完善儿童用药供应保障机制 《实施意见》还对创新儿童中医药研发机制、强化质量监管、加强知识产权保护、加大儿科药学服务供给和加强儿童用药宣传等方面提出明确要求。 2026-05-07 17:33,2026-05-07,破解儿童用药难 八部门发文改革完善儿童用药供应保障机制 《实施意见》还对创新儿童中医药研发机制、强化质量监管、加强知识产权保护、加大儿科药学服务供给和加强儿童用药宣传等方面提出明确要求。 2026-05-07 17:33,,医疗健康新闻,https://www.cnr.cn/2014jkpd/yg/20260507/t20260507_527612829.shtml
NEWS_000146,news,央广网健康-央广,安徽省公共卫生临床中心狂犬病暴露预防处置及破伤风预防接种门诊开诊 5月10日，安徽省公共卫生临床中心狂犬病暴露预防处置及破伤风预防接种门诊正式开诊。这标志着医院在狂犬病暴露规范处置、破伤风主动免疫、迈出多病共防的重要一步。同日，新一代吸附破,2026-05-11,安徽省公共卫生临床中心狂犬病暴露预防处置及破伤风预防接种门诊开诊 5月10日，安徽省公共卫生临床中心狂犬病暴露预防处置及破伤风预防接种门诊正式开诊。这标志着医院在狂犬病暴露规范处置、破伤风主动免疫、迈出多病共防的重要一步。同日，新一代吸附破伤风疫苗在该院完成首针接种；破伤风科普义诊活动顺利举行。 2026-05-11 15:30,,医疗健康新闻,https://www.cnr.cn/2014jkpd/yg/20260511/t20260511_527616474.shtml
NEWS_000147,news,央广网健康-央广,国家药监局发布药品批准证明文件信息 多款新药或新适应证获批 5月6日，国家药品监督管理局发布2026年5月6日药品批准证明文件送达信息，本批次共有100个受理号，涉及多款新药或新适应证。 2026-05-06 17:25,2026-05-06,国家药监局发布药品批准证明文件信息 多款新药或新适应证获批 5月6日，国家药品监督管理局发布2026年5月6日药品批准证明文件送达信息，本批次共有100个受理号，涉及多款新药或新适应证。 2026-05-06 17:25,,医疗健康新闻,https://www.cnr.cn/2014jkpd/yg/20260506/t20260506_527611643.shtml
NEWS_000148,news,央广网健康-央广,赏花后满脸红疹？医生提醒：赏花归来的第一件事千万别做错 近日，各类花卉次第绽放，恰逢“五一”假期，不少人纷纷走出家门游园赏花，可这份美好，却让一部分人遭遇了恼人的“小麻烦”――接触花粉后回家，面部突然泛红发痒、冒出红疹，严重时还会脱屑、刺痛,2026-05-05,赏花后满脸红疹？医生提醒：赏花归来的第一件事千万别做错 近日，各类花卉次第绽放，恰逢“五一”假期，不少人纷纷走出家门游园赏花，可这份美好，却让一部分人遭遇了恼人的“小麻烦”――接触花粉后回家，面部突然泛红发痒、冒出红疹，严重时还会脱屑、刺痛，原本愉悦的心情瞬间被浇灭。同样是接触花粉，为何有人安然无恙，有人却频频“中招”？接触花粉时该如何科学防护，不慎过敏后又该如何快速缓解？对此，记者采访了中国中医科学院西苑医院山西医院（山西中医药大学附属医院）皮肤科副主任医师郝彦慧。 2026-05-05 10:01,,医疗健康新闻,https://www.cnr.cn/2014jkpd/yg/20260505/t20260505_527610541.shtml
NEWS_000149,news,央广网健康-央广,脾虚但食欲旺，应如何调理？ 春天正是阳气生发的时节，钟医生建议，这类人群在日常生活中要注意控制食量，同时减少食用油腻刺激及不易消化的食物。 2026-05-04 09:10,2026-05-04,脾虚但食欲旺，应如何调理？ 春天正是阳气生发的时节，钟医生建议，这类人群在日常生活中要注意控制食量，同时减少食用油腻刺激及不易消化的食物。 2026-05-04 09:10,,医疗健康新闻,https://www.cnr.cn/2014jkpd/yg/20260504/t20260504_527609724.shtml
NEWS_000150,news,央广网健康-央广,“上火”时，身体里到底在发生什么？ “上火”是身体一套精密的报警语言，要学会倾听身体的反馈，实现真正的自我关照。如果“上火”症状反复发作、迁延不愈，可能是身体发出的重要警报，务必寻求医生帮助，排除其他潜在疾病。 2026-05-03 08:,2026-05-03,“上火”时，身体里到底在发生什么？ “上火”是身体一套精密的报警语言，要学会倾听身体的反馈，实现真正的自我关照。如果“上火”症状反复发作、迁延不愈，可能是身体发出的重要警报，务必寻求医生帮助，排除其他潜在疾病。 2026-05-03 08:45,,医疗健康新闻,https://www.cnr.cn/2014jkpd/yg/20260503/t20260503_527608784.shtml
NEWS_000151,news,央广网健康-央广,腹泻和便秘交替出现该怎么办？ 平时经常便秘，一吃点刺激性的食物就容易腹泻？中国中医科学院西苑医院脾胃病科副主任医师钟民在央广网《中华名医号》节目中介绍，对于此类患者，临床上需采用中药进行调理，应同时兼顾健脾利湿与润肠通便。 2026-05-,2026-05-02,腹泻和便秘交替出现该怎么办？ 平时经常便秘，一吃点刺激性的食物就容易腹泻？中国中医科学院西苑医院脾胃病科副主任医师钟民在央广网《中华名医号》节目中介绍，对于此类患者，临床上需采用中药进行调理，应同时兼顾健脾利湿与润肠通便。 2026-05-02 09:24,,医疗健康新闻,https://www.cnr.cn/2014jkpd/yg/20260502/t20260502_527608015.shtml
NEWS_000152,news,央广网健康-央广,世界强直日 ：腰背疼痛别硬扛！专家：早诊早治改变疾病轨迹 强直性脊柱炎患者常常受腰背疼痛、走路困难、难以入眠等问题折磨。时值世界强直性脊柱炎日，北京大学第一医院风湿免疫科主任、中华医学会风湿病学分会候任主委张卓莉教授为大家科普了强直性脊柱炎,2026-05-02,世界强直日 ：腰背疼痛别硬扛！专家：早诊早治改变疾病轨迹 强直性脊柱炎患者常常受腰背疼痛、走路困难、难以入眠等问题折磨。时值世界强直性脊柱炎日，北京大学第一医院风湿免疫科主任、中华医学会风湿病学分会候任主委张卓莉教授为大家科普了强直性脊柱炎相关内容。 2026-05-02 09:03,,医疗健康新闻,https://www.cnr.cn/2014jkpd/yg/20260502/t20260502_527607992.shtml
NEWS_000153,news,央广网健康-央广,每逢假期作息乱？医生：靠安眠药“哄睡”靠咖啡“叫醒”可能加重睡眠问题 正值假期，不少人因熬夜、倒班、出游打乱作息，开始了“靠安眠药入睡、靠咖啡提神”的循环。长期靠安眠药入睡会有什么影响？脑部疾病引发的情绪问题，该挂神经科还是精神科？近日，北,2026-05-01,每逢假期作息乱？医生：靠安眠药“哄睡”靠咖啡“叫醒”可能加重睡眠问题 正值假期，不少人因熬夜、倒班、出游打乱作息，开始了“靠安眠药入睡、靠咖啡提神”的循环。长期靠安眠药入睡会有什么影响？脑部疾病引发的情绪问题，该挂神经科还是精神科？近日，北京大学第六医院神经内科主任袁俊亮做客央广网《中华名医号》节目，并对以上问题进行了解答。 2026-05-01 09:30,,医疗健康新闻,https://www.cnr.cn/2014jkpd/yg/20260501/t20260501_527607268.shtml
NEWS_000154,news,央广网健康-央广,齐鲁制药集团科学技术协会成立 打造民营企业科创融合新篇章 4月29日，齐鲁制药集团科学技术协会成立大会暨首届“科协大讲堂”在山东济南齐鲁制药生物医药产业园举行。 2026-04-30 15:39,2026-04-30,齐鲁制药集团科学技术协会成立 打造民营企业科创融合新篇章 4月29日，齐鲁制药集团科学技术协会成立大会暨首届“科协大讲堂”在山东济南齐鲁制药生物医药产业园举行。 2026-04-30 15:39,,医疗健康新闻,https://www.cnr.cn/2014jkpd/yg/20260430/t20260430_527606427.shtml
NEWS_000155,news,央广网健康-央广,为何幽门螺杆菌感染率居高不下？ 北京大学首钢医院消化内科副主任医师张娟在央广网《中华名医号》节目中指出，幽门螺杆菌具有传染性，可在人与人之间传播。共餐时不使用公筷、对幼儿进行咀嚼喂食以及餐具消毒不彻底，均为其传播提供了便利条件。 2026-,2026-04-29,为何幽门螺杆菌感染率居高不下？ 北京大学首钢医院消化内科副主任医师张娟在央广网《中华名医号》节目中指出，幽门螺杆菌具有传染性，可在人与人之间传播。共餐时不使用公筷、对幼儿进行咀嚼喂食以及餐具消毒不彻底，均为其传播提供了便利条件。 2026-04-29 12:05,,医疗健康新闻,https://www.cnr.cn/2014jkpd/yg/20260429/t20260429_527604931.shtml
NEWS_000156,news,央广网健康-央广,长期干咳、痰中带血、胸闷气短，警惕肺部病变 正值春夏交替，很多人会频繁干咳。如何区分这些症状是季节性的还是肺部出现了问题？近日，中国医学科学院肿瘤医院内科主任医师林琳、广西医科大学附属肿瘤医院呼吸肿瘤内科主任医师周韶璋、同济大学附属东方医院,2026-04-28,长期干咳、痰中带血、胸闷气短，警惕肺部病变 正值春夏交替，很多人会频繁干咳。如何区分这些症状是季节性的还是肺部出现了问题？近日，中国医学科学院肿瘤医院内科主任医师林琳、广西医科大学附属肿瘤医院呼吸肿瘤内科主任医师周韶璋、同济大学附属东方医院肿瘤科副主任医师熊安稳做客央广网《中华名医号》，围绕肺部健康进行科普。 2026-04-28 16:43,,医疗健康新闻,https://www.cnr.cn/2014jkpd/yg/20260428/t20260428_527603575.shtml
NEWS_000157,news,央广网健康-央广,国家卫生健康委：农村自来水普及率达到96% 2026年4月27日下午，国家卫健委召开新闻发布会，介绍共建健康城镇，共筑健康防线有关情况。 2026-04-27 17:22,2026-04-27,国家卫生健康委：农村自来水普及率达到96% 2026年4月27日下午，国家卫健委召开新闻发布会，介绍共建健康城镇，共筑健康防线有关情况。 2026-04-27 17:22,,医疗健康新闻,https://www.cnr.cn/2014jkpd/yg/20260427/t20260427_527602139.shtml
NEWS_000158,news,央广网健康-央广,警惕无症状消化疾病 专家：定期体检很重要 北京大学首钢医院消化内科副主任医师张娟在央广网《中华名医号》节目中介绍，消化系统相关疾病的临床表现有时可能与检查结果不一致。 2026-04-27 10:50,2026-04-27,警惕无症状消化疾病 专家：定期体检很重要 北京大学首钢医院消化内科副主任医师张娟在央广网《中华名医号》节目中介绍，消化系统相关疾病的临床表现有时可能与检查结果不一致。 2026-04-27 10:50,,医疗健康新闻,https://www.cnr.cn/2014jkpd/yg/20260427/t20260427_527601685.shtml
NEWS_000159,news,央广网健康-央广,旅行归来高热别硬扛！医生提醒：不想受“疟”及时就医 随着旅游旺季到来，非洲、东南亚等疟疾高发区也成了热门目的地。疟疾究竟有多凶险？又该如何科学应对？恰逢世界防治疟疾日，记者采访了清华大学北京清华长庚医院感染性疾病科主治医师王丽丽。 2026,2026-04-25,旅行归来高热别硬扛！医生提醒：不想受“疟”及时就医 随着旅游旺季到来，非洲、东南亚等疟疾高发区也成了热门目的地。疟疾究竟有多凶险？又该如何科学应对？恰逢世界防治疟疾日，记者采访了清华大学北京清华长庚医院感染性疾病科主治医师王丽丽。 2026-04-25 10:05,,医疗健康新闻,https://www.cnr.cn/2014jkpd/yg/20260425/t20260425_527599487.shtml
NEWS_000160,news,央广网健康-央广,赋能全民健康 央广网与齐鲁制药签署战略合作协议 健康，事关民生福祉，也事关国家发展全局。为建设健康中国，社会各界正共同努力，积极贡献智慧和力量。4月21日，中央广播电视总台央广网与齐鲁制药集团在济南签署战略协议，双方将通过开展权威健康科普节,2026-04-22,赋能全民健康 央广网与齐鲁制药签署战略合作协议 健康，事关民生福祉，也事关国家发展全局。为建设健康中国，社会各界正共同努力，积极贡献智慧和力量。4月21日，中央广播电视总台央广网与齐鲁制药集团在济南签署战略协议，双方将通过开展权威健康科普节目制作及健康科普基地共建等工作，深度联动，为提升全民健康素养、助力健康中国建设注入强劲动力。 2026-04-22 17:08,,医疗健康新闻,https://www.cnr.cn/2014jkpd/yg/20260422/t20260422_527595330.shtml
NEWS_000161,news,央广网健康-央广,年轻人如何远离胃出血？医生提醒：别踩这四颗“雷” 近日，《我在故宫修文物》导演叶君因急性胃出血不幸离世，享年43岁，引起广泛关注。胃出血常被称为上消化道出血，医学上指的是食管、胃、十二指肠等部位发生病变导致血管破裂，血液流入消化道。生活中究,2026-04-22,年轻人如何远离胃出血？医生提醒：别踩这四颗“雷” 近日，《我在故宫修文物》导演叶君因急性胃出血不幸离世，享年43岁，引起广泛关注。胃出血常被称为上消化道出血，医学上指的是食管、胃、十二指肠等部位发生病变导致血管破裂，血液流入消化道。生活中究竟有哪些不良习惯，正一点一点地给胃里埋下“出血的雷”？清华大学北京清华长庚医院消化中心主治医师王瑞刚给出了答案。 2026-04-22 16:02,,医疗健康新闻,https://www.cnr.cn/2014jkpd/yg/20260422/t20260422_527595252.shtml
NEWS_000162,news,央广网健康-央广,早产、缺氧、难产、黄疸，小心脑瘫风险！ 缺氧、难产、新生儿黄疸等为何会引发脑瘫？脑瘫还能治好吗？近日，壹博医院功能神经外科首席专家、医学博士孙成彦做客央广网《中华名医号》，解读脑瘫的早期识别与规范治疗。 2026-04-22 14:14,2026-04-22,早产、缺氧、难产、黄疸，小心脑瘫风险！ 缺氧、难产、新生儿黄疸等为何会引发脑瘫？脑瘫还能治好吗？近日，壹博医院功能神经外科首席专家、医学博士孙成彦做客央广网《中华名医号》，解读脑瘫的早期识别与规范治疗。 2026-04-22 14:14,,医疗健康新闻,https://www.cnr.cn/2014jkpd/yg/20260422/t20260422_527595154.shtml
NEWS_000163,news,央广网健康-央广,穿刺会导致肿瘤扩散？医生：这是老观念了 通过CT、核磁共振已经查出肿瘤，为什么还要“扎一下”，做个穿刺？穿刺会不会导致肿瘤扩散？天津医科大学肿瘤医院介入科医生于海鹏给出答案。 2026-04-21 10:51,2026-04-21,穿刺会导致肿瘤扩散？医生：这是老观念了 通过CT、核磁共振已经查出肿瘤，为什么还要“扎一下”，做个穿刺？穿刺会不会导致肿瘤扩散？天津医科大学肿瘤医院介入科医生于海鹏给出答案。 2026-04-21 10:51,,医疗健康新闻,https://www.cnr.cn/2014jkpd/yg/20260421/t20260421_527593779.shtml
NEWS_000164,news,央广网健康-央广,疼疼疼！痛风患者必看，这些食物不可与药物同服 一提到痛风，很多人首先想到的可能是“关节疼痛难忍”“不能吃海鲜、喝啤酒”。那么，究竟什么是痛风？痛风发作又是由什么原因引起的呢？ 2026-04-20 10:41,2026-04-20,疼疼疼！痛风患者必看，这些食物不可与药物同服 一提到痛风，很多人首先想到的可能是“关节疼痛难忍”“不能吃海鲜、喝啤酒”。那么，究竟什么是痛风？痛风发作又是由什么原因引起的呢？ 2026-04-20 10:41,,医疗健康新闻,https://www.cnr.cn/2014jkpd/yg/20260420/t20260420_527592452.shtml
NEWS_000165,news,央广网健康-央广,副流感病毒阳性率连续四周上升！专家提醒：这类情况立即就医 针对本轮副流感病毒高发态势，如何辨别感染症状、及时识别重症预警信号，怎样做好居家科学护理、日常有效防护，以及是否存在特效治疗药物等问题，央广网记者采访了北京佑安医院感染综合科主任医师,2026-04-19,副流感病毒阳性率连续四周上升！专家提醒：这类情况立即就医 针对本轮副流感病毒高发态势，如何辨别感染症状、及时识别重症预警信号，怎样做好居家科学护理、日常有效防护，以及是否存在特效治疗药物等问题，央广网记者采访了北京佑安医院感染综合科主任医师李侗曾。 2026-04-19 16:21,,医疗健康新闻,https://www.cnr.cn/2014jkpd/yg/20260419/t20260419_527591484.shtml
NEWS_000166,news,央广网健康-央广,AI如何赋能医改、优化医疗服务？上海市卫健委分享经验 人工智能正在深刻改变医疗的未来和人民群众看病就医体验。人工智能如何赋能医改、优化医疗服务？上海市卫生健康委主任闻大翔在4月17日召开的国家卫生健康委新闻发布会上分享了“上海经验”。 20,2026-04-17,AI如何赋能医改、优化医疗服务？上海市卫健委分享经验 人工智能正在深刻改变医疗的未来和人民群众看病就医体验。人工智能如何赋能医改、优化医疗服务？上海市卫生健康委主任闻大翔在4月17日召开的国家卫生健康委新闻发布会上分享了“上海经验”。 2026-04-17 18:08,,医疗健康新闻,https://www.cnr.cn/2014jkpd/yg/20260417/t20260417_527589189.shtml
NEWS_000167,news,央广网健康-央广,如何促进优质医疗资源下沉？瑞金医院党委书记答央广网记者问 瑞金医院在发挥优质医疗资源辐射带动作用、促进资源下沉方面有哪些具体举措？在4月17日召开的国家卫生健康委新闻发布会上，瑞金医院党委书记胡伟国就央广网记者提问进行了解答。 2026-0,2026-04-17,如何促进优质医疗资源下沉？瑞金医院党委书记答央广网记者问 瑞金医院在发挥优质医疗资源辐射带动作用、促进资源下沉方面有哪些具体举措？在4月17日召开的国家卫生健康委新闻发布会上，瑞金医院党委书记胡伟国就央广网记者提问进行了解答。 2026-04-17 16:19,,医疗健康新闻,https://www.cnr.cn/2014jkpd/yg/20260417/t20260417_527588965.shtml
NEWS_000168,news,央广网健康-央广,后天血友病，你真的了解吗？ 众所周知，血友病是一种遗传性凝血功能障碍的出血性疾病，不过，关于后天形成的血友病，你又了解多少呢？ 2026-04-17 15:25,2026-04-17,后天血友病，你真的了解吗？ 众所周知，血友病是一种遗传性凝血功能障碍的出血性疾病，不过，关于后天形成的血友病，你又了解多少呢？ 2026-04-17 15:25,,医疗健康新闻,https://www.cnr.cn/2014jkpd/yg/20260417/t20260417_527588856.shtml
NEWS_000169,news,央广网健康-央广,2026全国肿瘤防治宣传周暨中国抗癌日正式启动 4月15日，2026年全国肿瘤防治宣传周暨中国抗癌日启动仪式在深圳前海举行，活动以“肿瘤防治 赢在整合”为核心主题，由中国抗癌协会主办，联动政府部门、社会组织、医疗机构、电影机构、保险企业等多,2026-04-17,2026全国肿瘤防治宣传周暨中国抗癌日正式启动 4月15日，2026年全国肿瘤防治宣传周暨中国抗癌日启动仪式在深圳前海举行，活动以“肿瘤防治 赢在整合”为核心主题，由中国抗癌协会主办，联动政府部门、社会组织、医疗机构、电影机构、保险企业等多方力量，通过启动仪式、电影首映、科普赠书、公益义诊等丰富形式，向全社会传递科学抗癌理念，推动肿瘤防治事业高质量发展。 2026-04-17 13:40,,医疗健康新闻,https://www.cnr.cn/2014jkpd/yg/20260417/t20260417_527588707.shtml
NEWS_000170,news,央广网健康-央广,能做手术的肺癌，医生为什么建议先吃药？ 肺癌手术前先吃药被称为“新辅助治疗”，可缩小肿瘤、清除微转移灶，为手术创造有利条件，规范治疗不会耽误手术或加重病情。 2026-04-17 10:21,2026-04-17,能做手术的肺癌，医生为什么建议先吃药？ 肺癌手术前先吃药被称为“新辅助治疗”，可缩小肿瘤、清除微转移灶，为手术创造有利条件，规范治疗不会耽误手术或加重病情。 2026-04-17 10:21,,医疗健康新闻,https://www.cnr.cn/2014jkpd/yg/20260417/t20260417_527588488.shtml
NEWS_000171,news,央广网健康-央广,PFAS究竟对健康有何影响？一图读懂 PFAS到底是什么？它对人体有何危害？央广网带您一图读懂↓↓↓ 2026-04-16 16:11,2026-04-16,PFAS究竟对健康有何影响？一图读懂 PFAS到底是什么？它对人体有何危害？央广网带您一图读懂↓↓↓ 2026-04-16 16:11,,医疗健康新闻,https://www.cnr.cn/2014jkpd/yg/20260416/t20260416_527587099.shtml
NEWS_000172,news,央广网健康-央广,免费临床试验=不靠谱或最后的尝试？ 肿瘤治疗中，患者对治疗方法存在认知误区：多质疑免费临床试验，认为其不靠谱，却青睐昂贵且未被指南推荐的收费特殊治疗。专家解释，免费临床试验是推动医学进步的关键，由多方买单，并非 “小白鼠” 试验。 2026,2026-04-16,免费临床试验=不靠谱或最后的尝试？ 肿瘤治疗中，患者对治疗方法存在认知误区：多质疑免费临床试验，认为其不靠谱，却青睐昂贵且未被指南推荐的收费特殊治疗。专家解释，免费临床试验是推动医学进步的关键，由多方买单，并非 “小白鼠” 试验。 2026-04-16 10:14,,医疗健康新闻,https://www.cnr.cn/2014jkpd/yg/20260416/t20260416_527586766.shtml
NEWS_000173,news,央广网健康-央广,工信部：让每一位患者都能用上更好、更优、更便宜的药 工业和信息化部消费品工业司司长何亚琼介绍，目前我们国家药品批准文号一共约16万件，可以生产提供全类型医药产品，可以说基本满足老百姓日常用药需求。特别是“十四五”期间，获批上市的创新药有20,2026-04-15,工信部：让每一位患者都能用上更好、更优、更便宜的药 工业和信息化部消费品工业司司长何亚琼介绍，目前我们国家药品批准文号一共约16万件，可以生产提供全类型医药产品，可以说基本满足老百姓日常用药需求。特别是“十四五”期间，获批上市的创新药有200多个，获批上市的创新医疗器械近300个，医药工业展现出强大的韧性和活力，在药品价格方面发生了一场“看得见”的民生变革。从研发生产到审评审批上市，到最后顺利进入医院、纳入医保，产品能够快速抵达每位患者的身边，惠及千家万户，得益于各个部门的共同努力。 2026-04-15 16:13,,医疗健康新闻,https://www.cnr.cn/2014jkpd/yg/20260415/t20260415_527585814.shtml
NEWS_000174,news,央广网健康-央广,市场监管总局：严厉打击药品领域价格和垄断违法行为 市场监管总局价格监督检查和反不正当竞争局局长姚雷介绍，市场监管总局高度重视药品领域价格和反垄断执法工作，坚决贯彻落实党中央、国务院决策部署，积极支持配合国家医保局健全药品价格形成机制，划出了,2026-04-15,市场监管总局：严厉打击药品领域价格和垄断违法行为 市场监管总局价格监督检查和反不正当竞争局局长姚雷介绍，市场监管总局高度重视药品领域价格和反垄断执法工作，坚决贯彻落实党中央、国务院决策部署，积极支持配合国家医保局健全药品价格形成机制，划出了监管的红线和底线，严厉打击药品领域价格和垄断违法行为，依法惩治违规经营主体，保护好诚信守法经营主体的合法利益，切实维护药品领域市场秩序和群众用药合法权益，促进行业持续健康发展。重点做好两方面工作。 2026-04-15 14:58,,医疗健康新闻,https://www.cnr.cn/2014jkpd/yg/20260415/t20260415_527585702.shtml
NEWS_000175,news,央广网健康-央广,国家药监局：高度重视国家集采中选药品的质量监管，对风险问题“零容忍” 国家药监局药品监督管理司司长李江宁介绍，国家药监局高度重视国家集采中选药品的质量监管，坚持中选企业的检查和中选品种的抽检“两个全覆盖”，对风险问题“零容忍”。 2026-,2026-04-15,国家药监局：高度重视国家集采中选药品的质量监管，对风险问题“零容忍” 国家药监局药品监督管理司司长李江宁介绍，国家药监局高度重视国家集采中选药品的质量监管，坚持中选企业的检查和中选品种的抽检“两个全覆盖”，对风险问题“零容忍”。 2026-04-15 14:57,,医疗健康新闻,https://www.cnr.cn/2014jkpd/yg/20260415/t20260415_527585699.shtml
NEWS_000176,news,央广网健康-央广,国家卫生健康委：我国药品短缺现象得到极大缓解 国家卫生健康委药物政策与基本药物制度司司长龚向光介绍，近年来，党中央、国务院高度重视药品短缺问题，采取一系列政策措施，使我国药品短缺现象得到极大缓解，患者临床急需用药得到基本保障。 2026-0,2026-04-15,国家卫生健康委：我国药品短缺现象得到极大缓解 国家卫生健康委药物政策与基本药物制度司司长龚向光介绍，近年来，党中央、国务院高度重视药品短缺问题，采取一系列政策措施，使我国药品短缺现象得到极大缓解，患者临床急需用药得到基本保障。 2026-04-15 14:44,,医疗健康新闻,https://www.cnr.cn/2014jkpd/yg/20260415/t20260415_527585691.shtml
NEWS_000177,news,央广网健康-央广,国家医保局：支持创新药发展，优化首发价格机制 国家医保局医药价格和招标采购司司长王小宁表示，鼓励创新药发展是提升临床用药质量层次、增进人民群众健康福祉的重要举措。国家医保局始终旗帜鲜明支持医药创新，连续8年开展医保目录谈判，累计将199种创,2026-04-15,国家医保局：支持创新药发展，优化首发价格机制 国家医保局医药价格和招标采购司司长王小宁表示，鼓励创新药发展是提升临床用药质量层次、增进人民群众健康福祉的重要举措。国家医保局始终旗帜鲜明支持医药创新，连续8年开展医保目录谈判，累计将199种创新药纳入到医保报销范围。医保基金战略性购买为促进创新药发展发挥了关键性作用，截至今年2月份，医保基金累计为协议期内谈判药品支出5048亿元，带动销售7400亿元，惠及11.7亿人次。这是对创新药真金白银的支持。 2026-04-15 11:35,,医疗健康新闻,https://www.cnr.cn/2014jkpd/yg/20260415/t20260415_527585575.shtml
NEWS_000178,news,央广网健康-央广,国家医保局：药品价格形成坚持有效市场和有为政府相结合原则 近日，国务院办公厅印发了《关于健全药品价格形成机制的若干意见》，今天上午，国务院新闻办公室举行政策例行吹风会，国家医保局、工业和信息化部、国家卫生健康委、市场监管总局、国家药监局有关,2026-04-15,国家医保局：药品价格形成坚持有效市场和有为政府相结合原则 近日，国务院办公厅印发了《关于健全药品价格形成机制的若干意见》，今天上午，国务院新闻办公室举行政策例行吹风会，国家医保局、工业和信息化部、国家卫生健康委、市场监管总局、国家药监局有关负责人，介绍健全全周期全渠道的药品价格形成机制有关情况。 2026-04-15 11:06,,医疗健康新闻,https://www.cnr.cn/2014jkpd/yg/20260415/t20260415_527585540.shtml
NEWS_000179,news,央广网健康-央广,不开刀、不流血 新技术助力早期肺癌治疗 肺癌治疗不必只靠开刀，立体定向放疗让无创治癌成为现实。这项技术通过射线精准瞄准肿瘤，不开刀、不流血，短短一周就能完成疗程，适合老年伴基础病、肿瘤位置特殊的患者，治疗效果和传统手术相当，术后生存质量也更,2026-04-15,不开刀、不流血 新技术助力早期肺癌治疗 肺癌治疗不必只靠开刀，立体定向放疗让无创治癌成为现实。这项技术通过射线精准瞄准肿瘤，不开刀、不流血，短短一周就能完成疗程，适合老年伴基础病、肿瘤位置特殊的患者，治疗效果和传统手术相当，术后生存质量也更高。 2026-04-15 11:02,,医疗健康新闻,https://www.cnr.cn/2014jkpd/yg/20260415/t20260415_527585538.shtml
NEWS_000180,news,央广网健康-央广,健全药品价格形成机制 国务院办公厅公布14条举措 国务院办公厅4月14日发布《关于健全药品价格形成机制的若干意见》，从4个方面提出14条举措。 2026-04-14 18:03,2026-04-14,健全药品价格形成机制 国务院办公厅公布14条举措 国务院办公厅4月14日发布《关于健全药品价格形成机制的若干意见》，从4个方面提出14条举措。 2026-04-14 18:03,,医疗健康新闻,https://www.cnr.cn/2014jkpd/yg/20260414/t20260414_527584730.shtml
NEWS_000181,news,央广网健康-央广,国家医保局：进一步将口腔等3个领域纳入自查自纠范围 近日，国家医保局在全国范围内组织开展2026年定点医药机构违法违规使用医保基金自查自纠工作。 2026-04-14 15:25,2026-04-14,国家医保局：进一步将口腔等3个领域纳入自查自纠范围 近日，国家医保局在全国范围内组织开展2026年定点医药机构违法违规使用医保基金自查自纠工作。 2026-04-14 15:25,,医疗健康新闻,https://www.cnr.cn/2014jkpd/yg/20260414/t20260414_527584473.shtml
NEWS_000182,news,央广网健康-央广,“酸枣仁汤”治失眠效果显著？专家：并非人人适用 首都医科大学附属北京中医医院心身医学科主任医师卢伟在央广网《中华名医号》节目中提醒：酸枣仁汤主要针对肝血不足、心阴不足所致的失眠，并非所有人都适合服用。 2026-04-14 10:36,2026-04-14,“酸枣仁汤”治失眠效果显著？专家：并非人人适用 首都医科大学附属北京中医医院心身医学科主任医师卢伟在央广网《中华名医号》节目中提醒：酸枣仁汤主要针对肝血不足、心阴不足所致的失眠，并非所有人都适合服用。 2026-04-14 10:36,,医疗健康新闻,https://www.cnr.cn/2014jkpd/yg/20260414/t20260414_527584229.shtml
NEWS_000183,news,央广网健康-央广,广东妈妈辅导娃作业“引爆”脑瘤 医生提醒：生气真会要命 近日，广东一位妈妈在辅导孩子写作业时，因情绪过于激动突发剧烈头痛、视物模糊，诱发脑瘤相关急症，经紧急手术脱险后坦言“再也不因‘鸡娃’累垮自己”，该事件引发众多网友热议。这类突发脑部疾病,2026-04-14,广东妈妈辅导娃作业“引爆”脑瘤 医生提醒：生气真会要命 近日，广东一位妈妈在辅导孩子写作业时，因情绪过于激动突发剧烈头痛、视物模糊，诱发脑瘤相关急症，经紧急手术脱险后坦言“再也不因‘鸡娃’累垮自己”，该事件引发众多网友热议。这类突发脑部疾病发病前是否存在明显前兆？脑瘤是什么病？情绪“过山车”可能会引发哪些急症？央广网记者采访了清华大学北京清华长庚医院神经内科副主任医师王也，并得到了解答。 2026-04-14 10:34,,医疗健康新闻,https://www.cnr.cn/2014jkpd/yg/20260414/t20260414_527584221.shtml
NEWS_000184,news,央广网健康-央广,“趁热吃”是食管癌的关键诱因 长辈总说 “趁热吃才香”，但这看似暖心的习惯，却在悄悄伤害食管！我国食管癌多发生在胸上段、胸中段，长期吃滚烫食物，再加上酸菜、坚硬食物的双重刺激，食管黏膜反复受损，癌变风险大幅飙升，这些细节一定要警惕！ 202,2026-04-14,“趁热吃”是食管癌的关键诱因 长辈总说 “趁热吃才香”，但这看似暖心的习惯，却在悄悄伤害食管！我国食管癌多发生在胸上段、胸中段，长期吃滚烫食物，再加上酸菜、坚硬食物的双重刺激，食管黏膜反复受损，癌变风险大幅飙升，这些细节一定要警惕！ 2026-04-14 10:16,,医疗健康新闻,https://www.cnr.cn/2014jkpd/yg/20260414/t20260414_527584205.shtml
NEWS_000185,news,央广网健康-央广,《2026版CSCO BC指南》正式发布 中国创新药物赋能临床实践 2026全国乳腺癌大会在京召开，本届大会汇聚国内外肿瘤领域顶尖学者，共探学术前沿、共商临床规范、共促学科发展。会议期间，《中国临床肿瘤学会（CSCO）乳腺癌诊疗指南 202,2026-04-13,《2026版CSCO BC指南》正式发布 中国创新药物赋能临床实践 2026全国乳腺癌大会在京召开，本届大会汇聚国内外肿瘤领域顶尖学者，共探学术前沿、共商临床规范、共促学科发展。会议期间，《中国临床肿瘤学会（CSCO）乳腺癌诊疗指南 2026 版》正式发布，以循证更新锚定诊疗方向，以本土创新赋能临床实践，成为本次大会的核心学术亮点。 2026-04-13 17:49,,医疗健康新闻,https://www.cnr.cn/2014jkpd/yg/20260413/t20260413_527583513.shtml
NEWS_000186,news,央广网健康-央广,国家版防癌指南出炉！15条守则，过半都和吃有关 国家卫生健康委近日发布《中国防癌健康生活方式守则》，一共15条，覆盖生活的方方面面，其中有8条和吃有关。 2026-04-13 16:22,2026-04-13,国家版防癌指南出炉！15条守则，过半都和吃有关 国家卫生健康委近日发布《中国防癌健康生活方式守则》，一共15条，覆盖生活的方方面面，其中有8条和吃有关。 2026-04-13 16:22,,医疗健康新闻,https://www.cnr.cn/2014jkpd/yg/20260413/t20260413_527583400.shtml
NEWS_000187,news,央广网健康-央广,降脂针真的管用吗？专家详解 据《中国血脂管理指南（2023年）》数据显示，我国血脂异常人数已超4亿，成年人血脂异常总体患病率高达35.6%。今年1月1日起，新版国家医保药品目录正式实施，包括英克司兰钠注射液在内的多款降脂针被纳入医保报销范围,2026-04-13,降脂针真的管用吗？专家详解 据《中国血脂管理指南（2023年）》数据显示，我国血脂异常人数已超4亿，成年人血脂异常总体患病率高达35.6%。今年1月1日起，新版国家医保药品目录正式实施，包括英克司兰钠注射液在内的多款降脂针被纳入医保报销范围，为患者带来福音。 2026-04-13 12:09,,医疗健康新闻,https://www.cnr.cn/2014jkpd/yg/20260413/t20260413_527583159.shtml
NEWS_000188,news,央广网健康-央广,在鼻腔内涂抹凡士林，可以阻隔杨絮的“攻击”吗？有哪些办法可以防杨絮？ 北方多地飘絮季已上线，风一吹全是白毛毛。大家走路眯着眼、骑车捂着脸，连呼吸都小心翼翼……这恼人的杨絮，又准时来“捣乱”了，脸痒、鼻痒、眼睛痒成了日常。那么，杨絮带给我们的,2026-04-12,在鼻腔内涂抹凡士林，可以阻隔杨絮的“攻击”吗？有哪些办法可以防杨絮？ 北方多地飘絮季已上线，风一吹全是白毛毛。大家走路眯着眼、骑车捂着脸，连呼吸都小心翼翼……这恼人的杨絮，又准时来“捣乱”了，脸痒、鼻痒、眼睛痒成了日常。那么，杨絮带给我们的，只有“痒”吗？和花粉过敏有什么区别？“杨絮+尘螨+花粉+紫外线”四重打击，为什么比单纯过敏更猛？杨絮本身不带毒，为什么有些人没过敏史也突然皮肤红肿？在鼻腔内涂抹凡士林，真的可以阻隔杨絮的“攻击”吗？针对以上问题，央广网记者采访了华中科技大学同济医学院附属协和医院皮肤科副主任医师朱今巾，并得到了解答。 2026-04-12 09:48,,医疗健康新闻,https://www.cnr.cn/2014jkpd/yg/20260412/t20260412_527582290.shtml
NEWS_000189,news,央广网健康-央广,乳腺增生、乳腺结节严重了，会发展成乳腺癌吗？ 乳腺增生、乳腺结节是很多女性体检中的“常客”，结节会不会恶变、增生要不要治疗，成为大家关心的话题。近日，河南省肿瘤医院乳腺科、河南省乳腺病诊疗中心副主任闫敏，天津市肿瘤医院空港医院乳腺内科主任郝,2026-04-12,乳腺增生、乳腺结节严重了，会发展成乳腺癌吗？ 乳腺增生、乳腺结节是很多女性体检中的“常客”，结节会不会恶变、增生要不要治疗，成为大家关心的话题。近日，河南省肿瘤医院乳腺科、河南省乳腺病诊疗中心副主任闫敏，天津市肿瘤医院空港医院乳腺内科主任郝春芳，复旦大学附属华东医院乳甲外科主任葛睿，做客央广网《中华名医号》，解读乳腺健康热点。 2026-04-12 07:47,,医疗健康新闻,https://www.cnr.cn/2014jkpd/yg/20260412/t20260412_527582165.shtml
NEWS_000190,news,央广网健康-央广,总做噩梦、说梦话、梦游……可能是患上了这种病 今天（4月11日）是世界帕金森病日。帕金森病是中老年人高发的神经系统退行性疾病，大众对它的认知多停留在动作迟缓、静止性震颤、肌强直等典型运动症状上，却鲜少有人关注到睡眠障碍这一高频非运动症状。有,2026-04-11,总做噩梦、说梦话、梦游……可能是患上了这种病 今天（4月11日）是世界帕金森病日。帕金森病是中老年人高发的神经系统退行性疾病，大众对它的认知多停留在动作迟缓、静止性震颤、肌强直等典型运动症状上，却鲜少有人关注到睡眠障碍这一高频非运动症状。有研究数据显示，帕金森病患者睡眠障碍的发生率高达60%～98%，部分患者甚至将其作为疾病首发表现，且随病情进展愈发严重，严重影响生活质量。针对这一问题，中国中医科学院西苑医院山西医院（山西中医药大学附属医院）脑病科副主任赵敏为大家详细科普。 2026-04-11 09:50,,医疗健康新闻,https://www.cnr.cn/2014jkpd/yg/20260411/t20260411_527581483.shtml
NEWS_000191,news,央广网健康-央广,排尿异常，憋尿、多喝水、自己吃点药就能恢复吗？ 当你出现尿频尿急、排尿不畅的情况时，你会选择直接上厕所还是先憋一会儿？不少人觉得憋尿是小事，出现排尿异常情况时，会选择多喝水、认为随便吃点药就能“扛过去”。但你有没有发现，明明平时喝了不少水，,2026-04-10,排尿异常，憋尿、多喝水、自己吃点药就能恢复吗？ 当你出现尿频尿急、排尿不畅的情况时，你会选择直接上厕所还是先憋一会儿？不少人觉得憋尿是小事，出现排尿异常情况时，会选择多喝水、认为随便吃点药就能“扛过去”。但你有没有发现，明明平时喝了不少水，排尿时却总觉得不畅快、尿不尽。那么，多喝水能治好排尿问题吗？出现排尿异常的情况，第一步该做什么？近日，陆军军医大学第二附属医院泌尿外科中心主任郑霁、北京大学肿瘤医院泌尿外科主任医师王硕、天津医科大学第二医院泌尿外科副主任医师温思萌做客央广网《中华名医号》节目，并给出了解答。 2026-04-10 15:48,,医疗健康新闻,https://www.cnr.cn/2014jkpd/yg/20260410/t20260410_527580356.shtml
NEWS_000192,news,央广网健康-央广,不同梦境暗示身体可能出现哪些健康状况？ 中国中医科学院西苑医院脑病科副主任医师陈冬在央广网《中华名医号》节目中介绍，心脏、肝脏及肾脏问题、睡眠呼吸暂停等症状，都可能通过特定的梦境情节表现出来。 2026-04-10 14:10,2026-04-10,不同梦境暗示身体可能出现哪些健康状况？ 中国中医科学院西苑医院脑病科副主任医师陈冬在央广网《中华名医号》节目中介绍，心脏、肝脏及肾脏问题、睡眠呼吸暂停等症状，都可能通过特定的梦境情节表现出来。 2026-04-10 14:10,,医疗健康新闻,https://www.cnr.cn/2014jkpd/yg/20260410/t20260410_527580224.shtml
NEWS_000193,news,央广网健康-央广,国家卫健委通报部分科研失信行为 根据《加强医学科研诚信专项治理的工作方案》相关工作部署，国家卫生健康委对各级卫生健康行政部门所属医疗卫生机构按照《科研失信行为调查处理规则》（国科发监〔2022〕221号）查实的部分涉及“论文工厂”科研诚信案,2026-04-10,国家卫健委通报部分科研失信行为 根据《加强医学科研诚信专项治理的工作方案》相关工作部署，国家卫生健康委对各级卫生健康行政部门所属医疗卫生机构按照《科研失信行为调查处理规则》（国科发监〔2022〕221号）查实的部分涉及“论文工厂”科研诚信案件调查处理结果予以公开通报。 2026-04-10 10:51,,医疗健康新闻,https://www.cnr.cn/2014jkpd/yg/20260410/t20260410_527580050.shtml
NEWS_000194,news,央广网健康-央广,国务院办公厅印发《关于加快建设分级诊疗体系的若干措施》 为进一步推动医疗卫生服务资源高效配置，满足群众就近就便看病就医需求，国务院办公厅日前印发《关于加快建设分级诊疗体系的若干措施》，提出4个方面13项针对性举措。 2026-04-09 2,2026-04-09,国务院办公厅印发《关于加快建设分级诊疗体系的若干措施》 为进一步推动医疗卫生服务资源高效配置，满足群众就近就便看病就医需求，国务院办公厅日前印发《关于加快建设分级诊疗体系的若干措施》，提出4个方面13项针对性举措。 2026-04-09 21:00,,医疗健康新闻,https://www.cnr.cn/2014jkpd/yg/20260409/t20260409_527579303.shtml
NEWS_000195,news,央广网健康-央广,网传他克莫司滴眼液缺货涨价 这款眼药水真有那么“神”？专家提醒 近日，有媒体报道称，一款名为“他克莫司”的滴眼液在多地医院出现缺货，网络售价也一路走高，原价700多元一支的滴眼液，在部分电商平台已涨至3000多元。相关话题在社交平台持续引发,2026-04-09,网传他克莫司滴眼液缺货涨价 这款眼药水真有那么“神”？专家提醒 近日，有媒体报道称，一款名为“他克莫司”的滴眼液在多地医院出现缺货，网络售价也一路走高，原价700多元一支的滴眼液，在部分电商平台已涨至3000多元。相关话题在社交平台持续引发关注，这款被热捧的滴眼液真有那么“神”吗？它究竟适用于哪些病症？没有医生指导能否自行使用？对此，央广网记者采访了天津医科大学眼科医院屈光与角膜科主任、主任医师黄悦。 2026-04-09 15:55,,医疗健康新闻,https://www.cnr.cn/2014jkpd/yg/20260409/t20260409_527578792.shtml
NEWS_000196,news,央广网健康-央广,全国电视频道全面清除虚假宣传医药广告 针对广播电视医药广告一度存在的虚假宣传、夸张夸大、用疗效作证明、宣传治愈率有效率等损害人民群众权益问题，国家广播电视总局自2025年8月起在全国范围内开展集中整治，会同省级广电行政部门制定专门工作方案，,2026-04-09,全国电视频道全面清除虚假宣传医药广告 针对广播电视医药广告一度存在的虚假宣传、夸张夸大、用疗效作证明、宣传治愈率有效率等损害人民群众权益问题，国家广播电视总局自2025年8月起在全国范围内开展集中整治，会同省级广电行政部门制定专门工作方案，采取投诉受理、监测排查、研判认定、督促整改等措施，加大处置力度，加强协同治理，确保对违规广告及时发现、准确识别、有效处理。 2026-04-09 15:29,,医疗健康新闻,https://www.cnr.cn/2014jkpd/yg/20260409/t20260409_527578741.shtml
NEWS_000197,news,央广网健康-央广,李博士牙膏被检出菌落总数是标准限值的600倍 广东药监局通报 菌落总数属于微生物指标，微生物对化妆品的污染，不仅影响产品本身的质量，且危及消费者的健康和安全。 2026-04-09 11:59,2026-04-09,李博士牙膏被检出菌落总数是标准限值的600倍 广东药监局通报 菌落总数属于微生物指标，微生物对化妆品的污染，不仅影响产品本身的质量，且危及消费者的健康和安全。 2026-04-09 11:59,,医疗健康新闻,https://www.cnr.cn/2014jkpd/yg/20260409/t20260409_527578557.shtml
NEWS_000198,news,央广网健康-央广,“高枕无忧”真的对吗？ 中国中医科学院广安门医院(南区)骨科主任医师毕春强在央广网《中华名医号》节目中表示，枕头过高会导致颈部肌肉无法放松，长此以往颈椎生理曲度被迫改变，落枕、增生等问题可能接踵而至。 2026-04-09 10:34,2026-04-09,“高枕无忧”真的对吗？ 中国中医科学院广安门医院(南区)骨科主任医师毕春强在央广网《中华名医号》节目中表示，枕头过高会导致颈部肌肉无法放松，长此以往颈椎生理曲度被迫改变，落枕、增生等问题可能接踵而至。 2026-04-09 10:34,,医疗健康新闻,https://www.cnr.cn/2014jkpd/yg/20260409/t20260409_527578472.shtml
NEWS_000199,news,央广网健康-央广,吃不上“莫氏鸡煲”？自己在家也能做同款（教程来了） 最近，广东佛山“莫氏鸡煲”因其食材新鲜和药食同源的做法，全网爆火。不少顾客从东莞、深圳，甚至东北慕名而来，清明假期早上6点就有人开始排队。莫老板在接受其他媒体采访时表示：“鸡煲的汤底一年四,2026-04-09,吃不上“莫氏鸡煲”？自己在家也能做同款（教程来了） 最近，广东佛山“莫氏鸡煲”因其食材新鲜和药食同源的做法，全网爆火。不少顾客从东莞、深圳，甚至东北慕名而来，清明假期早上6点就有人开始排队。莫老板在接受其他媒体采访时表示：“鸡煲的汤底一年四季都不同。”让屏幕前不少食客馋得流口水。其实，同款“莫氏鸡煲”，我们自己在家也能做！广东省中医院副院长、广东省名中医、岐黄学者杨志敏为大家推荐三道药食同源、居家简易版鸡煲。食材在楼下菜市场就能买，做法简单，一学就会。 2026-04-09 10:26,,医疗健康新闻,https://www.cnr.cn/2014jkpd/yg/20260409/t20260409_527578461.shtml
NEWS_000200,news,央广网健康-央广,飞絮季提前上线！@过敏星人，这份防护指南请收好 飞絮季提前上线，过敏星人如何做好健康防护？记者采访了清华大学北京清华长庚医院的多位医生。 2026-04-08 14:49,2026-04-08,飞絮季提前上线！@过敏星人，这份防护指南请收好 飞絮季提前上线，过敏星人如何做好健康防护？记者采访了清华大学北京清华长庚医院的多位医生。 2026-04-08 14:49,,医疗健康新闻,https://www.cnr.cn/2014jkpd/yg/20260408/t20260408_527577382.shtml
NEWS_000201,news,央广网健康-央广,终止与涉事经销商的直播合作 海河乳品致歉 天津海河乳品有限公司官方微博发布致歉声明表示，4月7日“海河牛奶旗舰店”直播间相关视频内容给消费者带来不良影响，并引发舆论热议，深感自责并致以诚挚歉意。经核查，“海河牛奶旗舰店”直播间运营方为“天津,2026-04-08,终止与涉事经销商的直播合作 海河乳品致歉 天津海河乳品有限公司官方微博发布致歉声明表示，4月7日“海河牛奶旗舰店”直播间相关视频内容给消费者带来不良影响，并引发舆论热议，深感自责并致以诚挚歉意。经核查，“海河牛奶旗舰店”直播间运营方为“天津市佰意电子商务有限责任公司”，系公司合作经销商，公司已立即终止与涉事经销商的直播合作，撤销其“海河牛奶旗舰店”的官方授权资质，并追究法律责任，启动法律程序。从严追责问责。 2026-04-08 11:27,,医疗健康新闻,https://www.cnr.cn/2014jkpd/yg/20260408/t20260408_527577214.shtml
NEWS_000202,news,央广网健康-央广,国家卫生健康委举行世界卫生日宣传活动 “十五五”时期中国将加快突破一批关键核心技术和高端药械产品，以卫生健康科技自立自强，夯实健康中国创新根基。 2026-04-08 10:49,2026-04-08,国家卫生健康委举行世界卫生日宣传活动 “十五五”时期中国将加快突破一批关键核心技术和高端药械产品，以卫生健康科技自立自强，夯实健康中国创新根基。 2026-04-08 10:49,,医疗健康新闻,https://www.cnr.cn/2014jkpd/yg/20260408/t20260408_527577170.shtml
NEWS_000203,news,央广网健康-央广,秒睡不是睡得好，而是累到“强制关机”了 你身边有没有那种“倒头就睡”的人？很多人追求“沾床就睡”，以为是睡眠好的表现，但实际真的如此吗？睡不着闭目养神，能算休息吗？近日，中国医学科学院阜外医院神经内科主任、主任医师李淑娟做客央广网《中华名医,2026-04-08,秒睡不是睡得好，而是累到“强制关机”了 你身边有没有那种“倒头就睡”的人？很多人追求“沾床就睡”，以为是睡眠好的表现，但实际真的如此吗？睡不着闭目养神，能算休息吗？近日，中国医学科学院阜外医院神经内科主任、主任医师李淑娟做客央广网《中华名医号》节目，并给出了解答。 2026-04-08 10:33,,医疗健康新闻,https://www.cnr.cn/2014jkpd/yg/20260408/t20260408_527577158.shtml
NEWS_000204,news,央广网健康-央广,国家药监局发布5项化妆品行业标准 自2027年5月1日起实施 国家药监局组织起草的《化妆品用生物技术来源原料技术要求通则》等5项化妆品行业标准，经国家药监局化妆品标准化技术委员会主任会议审查通过，现予以发布。新标准将于2027年5月1日起实,2027-05-01,国家药监局发布5项化妆品行业标准 自2027年5月1日起实施 国家药监局组织起草的《化妆品用生物技术来源原料技术要求通则》等5项化妆品行业标准，经国家药监局化妆品标准化技术委员会主任会议审查通过，现予以发布。新标准将于2027年5月1日起实施。 2026-04-08 10:27,,医疗健康新闻,https://www.cnr.cn/2014jkpd/yg/20260408/t20260408_527577146.shtml
NEWS_000205,news,央广网健康-央广,国家医保局公布首批医保便捷支付地区名单 为切实解决群众看病缴费“多次排队”“排长队”等堵点痛点，国家医保局部署推进刷脸支付、一码支付、移动支付、信用支付等便捷支付工作，选择119个统筹地区作为首批推进地区，力争大幅压减排队缴费时长，有效缓解,2026-04-08,国家医保局公布首批医保便捷支付地区名单 为切实解决群众看病缴费“多次排队”“排长队”等堵点痛点，国家医保局部署推进刷脸支付、一码支付、移动支付、信用支付等便捷支付工作，选择119个统筹地区作为首批推进地区，力争大幅压减排队缴费时长，有效缓解参保群众排队奔波。 2026-04-08 09:45,,医疗健康新闻,https://www.cnr.cn/2014jkpd/yg/20260408/t20260408_527577081.shtml
NEWS_000206,news,央广网健康-央广,一集采药品存在严重缺陷 广州合和医药、成都天台山制药被列入违规名单 国家组织药品联合采购办公室近日发布公告，取消广州合和医药有限公司美索巴莫注射液中选资格，并将该企业及受托生产企业成都天台山制药股份有限公司列入违规名单。 2026-04-0,2026-04-07,一集采药品存在严重缺陷 广州合和医药、成都天台山制药被列入违规名单 国家组织药品联合采购办公室近日发布公告，取消广州合和医药有限公司美索巴莫注射液中选资格，并将该企业及受托生产企业成都天台山制药股份有限公司列入违规名单。 2026-04-07 11:21,,医疗健康新闻,https://www.cnr.cn/2014jkpd/yg/20260407/t20260407_527576098.shtml
NEWS_000207,news,央广网健康-央广,清明扫墓后被“鬼压床”？医生提醒：不是“撞邪”！ 清明祭扫寄托哀思，但不少人扫墓后出现夜不能寐、甚至“鬼压床”的困扰，民间种种迷信说法更添恐慌……那么，“鬼压床”的真相是？清明扫墓之后睡不好应该怎么办？近日，中国医学科学院阜外医院神经内科主,2026-04-07,清明扫墓后被“鬼压床”？医生提醒：不是“撞邪”！ 清明祭扫寄托哀思，但不少人扫墓后出现夜不能寐、甚至“鬼压床”的困扰，民间种种迷信说法更添恐慌……那么，“鬼压床”的真相是？清明扫墓之后睡不好应该怎么办？近日，中国医学科学院阜外医院神经内科主任、主任医师李淑娟做客央广网《中华名医号》，并给出了解答。 2026-04-07 10:49,,医疗健康新闻,https://www.cnr.cn/2014jkpd/yg/20260407/t20260407_527576049.shtml
NEWS_000208,news,央广网健康-央广,野菜，春天里的“营养宝藏” 为什么一到春天就惦记“这个味”？挖野菜、吃野菜到底有没有好处？有哪些风险？北京儿童医院顺义妇儿医院临床营养科主任医师李永进详细解读。 2026-04-05 09:22,2026-04-05,野菜，春天里的“营养宝藏” 为什么一到春天就惦记“这个味”？挖野菜、吃野菜到底有没有好处？有哪些风险？北京儿童医院顺义妇儿医院临床营养科主任医师李永进详细解读。 2026-04-05 09:22,,医疗健康新闻,https://www.cnr.cn/2014jkpd/yg/20260405/t20260405_527574230.shtml
NEWS_000209,news,央广网健康-央广,身体出现哪些异常信号，必须尽快排查肺癌？ 持续干咳、出气费力……你以为是感冒没好利索，也可能是肺部健康出了问题。4月3日，中国医学科学院肿瘤医院内科主任医师李峻岭、复旦大学附属肿瘤医院放疗科主任医师朱正飞、南京大学医学院附属鼓楼医院肿瘤中心,2026-04-04,身体出现哪些异常信号，必须尽快排查肺癌？ 持续干咳、出气费力……你以为是感冒没好利索，也可能是肺部健康出了问题。4月3日，中国医学科学院肿瘤医院内科主任医师李峻岭、复旦大学附属肿瘤医院放疗科主任医师朱正飞、南京大学医学院附属鼓楼医院肿瘤中心主任医师王立峰做客央广网《中华名医号》，围绕肺癌防治展开科普。 2026-04-04 10:27,,医疗健康新闻,https://www.cnr.cn/2014jkpd/yg/20260404/t20260404_527573562.shtml
NEWS_000210,news,央广网健康-央广,40批次化妆品不符合规定 防晒类成问题“重灾区” 国家药监局通报2025年抽检40批次不合格化妆品，防晒类占16批次，主因成分不符、含量不足、擅加防晒剂，药监部门已立案查处。 2026-04-03 13:28,2026-04-03,40批次化妆品不符合规定 防晒类成问题“重灾区” 国家药监局通报2025年抽检40批次不合格化妆品，防晒类占16批次，主因成分不符、含量不足、擅加防晒剂，药监部门已立案查处。 2026-04-03 13:28,,医疗健康新闻,https://www.cnr.cn/2014jkpd/yg/20260403/t20260403_527572429.shtml
NEWS_000211,news,央广网健康-央广,湿气重、疲乏无力……脾虚的危害你知道多少？ 中国中医科学院西苑医院脾胃病科副主任医师张北华在央广网《中华名医号》节目中表示，脾为后天之本，主运化、统气血，一旦虚弱，不仅影响消化吸收，更会牵连全身。 2026-04-03 10:51,2026-04-03,湿气重、疲乏无力……脾虚的危害你知道多少？ 中国中医科学院西苑医院脾胃病科副主任医师张北华在央广网《中华名医号》节目中表示，脾为后天之本，主运化、统气血，一旦虚弱，不仅影响消化吸收，更会牵连全身。 2026-04-03 10:51,,医疗健康新闻,https://www.cnr.cn/2014jkpd/yg/20260403/t20260403_527572286.shtml
NEWS_000212,news,央广网健康-央广,国家药监局发布《关于“人工智能+药品监管”的实施意见》 4月2日消息，国家药监局已建成全国一体化药品智慧监管体系，将出台《意见》，明确七大重点方向，推进“人工智能+药品监管”现代化建设。 2026-04-02 14:36,2026-04-02,国家药监局发布《关于“人工智能+药品监管”的实施意见》 4月2日消息，国家药监局已建成全国一体化药品智慧监管体系，将出台《意见》，明确七大重点方向，推进“人工智能+药品监管”现代化建设。 2026-04-02 14:36,,医疗健康新闻,https://www.cnr.cn/2014jkpd/yg/20260402/t20260402_527571041.shtml
NEWS_000213,news,央广网健康-央广,世界孤独症日｜停止误解，给 “星星的孩子” 一点光 有这样一群孩子，目光清澈却对人视而不见，听觉灵敏却对呼唤充耳不闻，他们被称为“星星的孩子”，医学上称为孤独症谱系障碍（神经多样性）。今天（4月2日）是世界孤独症日，如何早期辨别孤独症？孩子,2026-04-02,世界孤独症日｜停止误解，给 “星星的孩子” 一点光 有这样一群孩子，目光清澈却对人视而不见，听觉灵敏却对呼唤充耳不闻，他们被称为“星星的孩子”，医学上称为孤独症谱系障碍（神经多样性）。今天（4月2日）是世界孤独症日，如何早期辨别孤独症？孩子确诊后家长该如何应对？怎样帮“星星的孩子”更好融入生活？带着这些问题，央广网记者采访了东莞市松山湖中心医院临床心理科负责人温丹博士。 2026-04-02 14:01,,医疗健康新闻,https://www.cnr.cn/2014jkpd/yg/20260402/t20260402_527570991.shtml
NEWS_000214,news,央广网健康-央广,世界孤独症日 | 早识别早干预，让 “星星的孩子” 被看见、被温暖 “孤独症早已不是罕见病，而是需要家庭、专业机构与社会共同面对的公共议题。”近日，北京大学第六医院儿童精神科主任医师贾美香结合一线接诊与干预经验，直面家长最焦虑、网络最热议的,2026-04-02,世界孤独症日 | 早识别早干预，让 “星星的孩子” 被看见、被温暖 “孤独症早已不是罕见病，而是需要家庭、专业机构与社会共同面对的公共议题。”近日，北京大学第六医院儿童精神科主任医师贾美香结合一线接诊与干预经验，直面家长最焦虑、网络最热议的话题，清晰解读孤独症的识别、干预与照护。 2026-04-02 09:14,,医疗健康新闻,https://www.cnr.cn/2014jkpd/yg/20260402/t20260402_527570688.shtml
NEWS_000215,news,央广网健康-央广,关于孤独症，这4个常见误区要认清！ 孤独症为儿童早期神经发育障碍，文章澄清其与抑郁症不同、患者并非都安静、有情感且暂无法治愈四大误区，呼吁尊重关爱孤独症儿童。 2026-04-02 09:02,2026-04-02,关于孤独症，这4个常见误区要认清！ 孤独症为儿童早期神经发育障碍，文章澄清其与抑郁症不同、患者并非都安静、有情感且暂无法治愈四大误区，呼吁尊重关爱孤独症儿童。 2026-04-02 09:02,,医疗健康新闻,https://www.cnr.cn/2014jkpd/yg/20260402/t20260402_527570648.shtml
NEWS_000216,news,央广网健康-央广,这种“填充针”千万别打！京津冀三地消协联合提醒 医美消费升温，部分机构违规将骨科、口腔科羟基磷灰石跨界用于面部注射，极易引发硬结、感染等严重问题。京津冀三地消协发布告诫，提醒消费者核验资质、警惕营销话术，遇问题依法维权。 2026-04-0,2026-04-01,这种“填充针”千万别打！京津冀三地消协联合提醒 医美消费升温，部分机构违规将骨科、口腔科羟基磷灰石跨界用于面部注射，极易引发硬结、感染等严重问题。京津冀三地消协发布告诫，提醒消费者核验资质、警惕营销话术，遇问题依法维权。 2026-04-01 16:28,,医疗健康新闻,https://www.cnr.cn/2014jkpd/yg/20260401/t20260401_527569915.shtml
NEWS_000217,news,央广网健康-央广,冷冻消融仪、一次性使用球囊型冷冻消融导管获批上市 2026年4月1日，国家药监局批准心诺普两款冷冻消融产品上市，用于成人阵发性房颤治疗，该产品为国内首创，后续将加强上市后监管。 2026-04-01 10:56,2026-04-01,冷冻消融仪、一次性使用球囊型冷冻消融导管获批上市 2026年4月1日，国家药监局批准心诺普两款冷冻消融产品上市，用于成人阵发性房颤治疗，该产品为国内首创，后续将加强上市后监管。 2026-04-01 10:56,,医疗健康新闻,https://www.cnr.cn/2014jkpd/yg/20260401/t20260401_527569616.shtml
NEWS_000218,news,央广网健康-央广,医保新规4月起施行 重点打击两大类骗保行为 3月31日，国家医保局召开新闻发布会，对4月1日起正式施行的《医疗保障基金使用监督管理条例实施细则》（下面简称《实施细则》）进行解读。 2026-03-31 21:24,2026-03-31,医保新规4月起施行 重点打击两大类骗保行为 3月31日，国家医保局召开新闻发布会，对4月1日起正式施行的《医疗保障基金使用监督管理条例实施细则》（下面简称《实施细则》）进行解读。 2026-03-31 21:24,,医疗健康新闻,https://www.cnr.cn/2014jkpd/yg/20260331/t20260331_527568998.shtml
NEWS_000219,news,央广网健康-央广,近视又老花？眨眼少也伤眼？眼前蚊子飞不停？眼科医院院长教你正确应对 日常用眼越来越多，近视老花叠加、飞蚊症困扰、眨眼习惯不当……正悄悄影响我们的视觉健康。针对这些有关眼健康的疑问，天津医科大学眼科医院院长魏瑞华近日做客央广网《中华名医号》节,2026-03-31,近视又老花？眨眼少也伤眼？眼前蚊子飞不停？眼科医院院长教你正确应对 日常用眼越来越多，近视老花叠加、飞蚊症困扰、眨眼习惯不当……正悄悄影响我们的视觉健康。针对这些有关眼健康的疑问，天津医科大学眼科医院院长魏瑞华近日做客央广网《中华名医号》节目，并给出了解答。 2026-03-31 10:43,,医疗健康新闻,https://www.cnr.cn/2014jkpd/yg/20260331/t20260331_527568372.shtml
NEWS_000220,news,央广网健康-央广,不是叛逆不是矫情！青少年双相障碍，早识别才是真守护 3月30日是世界双相情感障碍日，这一天恰逢天才画家梵高的生日，他也被认为是双相情感障碍的典型代表――既像燃烧的星空般绚烂，也因无尽的深渊而陨落。近年来，双相情感障碍发病趋势呈现显著“年轻化,2026-03-30,不是叛逆不是矫情！青少年双相障碍，早识别才是真守护 3月30日是世界双相情感障碍日，这一天恰逢天才画家梵高的生日，他也被认为是双相情感障碍的典型代表――既像燃烧的星空般绚烂，也因无尽的深渊而陨落。近年来，双相情感障碍发病趋势呈现显著“年轻化”，据《2025年国民心理健康发展报告》显示，双相的首发年龄高峰集中在15至25岁之间，约70%的患者在20岁前出现首次情绪发作。 2026-03-30 13:25,,医疗健康新闻,https://www.cnr.cn/2014jkpd/yg/20260330/t20260330_527567417.shtml
NEWS_000221,news,央广网健康-央广,医创聚能守健康 协同赋能向新行 近日，记者走进昌平多个健康特色创新园区，探寻其背后的协同发展逻辑与成果转化密码。 2026-03-26 15:32,2026-03-26,医创聚能守健康 协同赋能向新行 近日，记者走进昌平多个健康特色创新园区，探寻其背后的协同发展逻辑与成果转化密码。 2026-03-26 15:32,,医疗健康新闻,https://www.cnr.cn/2014jkpd/yg/20260326/t20260326_527563367.shtml
NEWS_000222,news,央广网健康-央广,基层卫生健康综合试验区在做什么？国家卫健委发布会上给出答案 综合试验区在强化政府主导、优化资源配置、提升服务能力、创新管理模式等方面积极探索，取得了阶段性成效，形成了一批具有地方特色的改革路径。 2026-03-26 13:56,2026-03-26,基层卫生健康综合试验区在做什么？国家卫健委发布会上给出答案 综合试验区在强化政府主导、优化资源配置、提升服务能力、创新管理模式等方面积极探索，取得了阶段性成效，形成了一批具有地方特色的改革路径。 2026-03-26 13:56,,医疗健康新闻,https://www.cnr.cn/2014jkpd/yg/20260326/t20260326_527563305.shtml
NEWS_000223,news,央广网健康-央广,国家医保局：长护险制度覆盖全民、不区分城乡 《关于加快建立长期护理保险制度的意见》明确要求用3年左右的时间基本建立适应我国基本国情的长期护理保险制度，这标志着制度建立从局部试点走向全国推开，具有重大意义。 2026-03-26 11:57,2026-03-26,国家医保局：长护险制度覆盖全民、不区分城乡 《关于加快建立长期护理保险制度的意见》明确要求用3年左右的时间基本建立适应我国基本国情的长期护理保险制度，这标志着制度建立从局部试点走向全国推开，具有重大意义。 2026-03-26 11:57,,医疗健康新闻,https://www.cnr.cn/2014jkpd/yg/20260326/t20260326_527563260.shtml
NEWS_000224,news,央广网健康-央广,剧烈运动，竟会让心脏“罢工”？ 3月24日，苏州峰学蔚来教育科技有限公司发布讣告称，张雪峰因突发疾病，不幸去世。据悉，事发当日中午12点26分，张雪峰在公司跑步后出现不适，被紧急送医，最终抢救无效离世，年仅41岁。医院诊断死亡原因为心源性猝,2026-03-25,剧烈运动，竟会让心脏“罢工”？ 3月24日，苏州峰学蔚来教育科技有限公司发布讣告称，张雪峰因突发疾病，不幸去世。据悉，事发当日中午12点26分，张雪峰在公司跑步后出现不适，被紧急送医，最终抢救无效离世，年仅41岁。医院诊断死亡原因为心源性猝死。该事件引发公众对“运动与心脏健康”的广泛关注。为此，记者采访了东莞市松山湖中心医院心血管内科主任医师颜利求。 2026-03-25 15:20,,医疗健康新闻,https://www.cnr.cn/2014jkpd/yg/20260325/t20260325_527562261.shtml
NEWS_000225,news,央广网健康-央广,长期骨痛、腰背痛……可能不是骨病，也有可能得了骨髓瘤 长期骨痛、腰背痛，不少中老年人会将其归为骨质疏松、风湿等骨病，耽误了多发性骨髓瘤的最佳诊疗时机。今日，华中科技大学同济医学院附属同济医院血液内科主任医师李春蕊做客央广网《中华名医号》直播,2026-03-26,长期骨痛、腰背痛……可能不是骨病，也有可能得了骨髓瘤 长期骨痛、腰背痛，不少中老年人会将其归为骨质疏松、风湿等骨病，耽误了多发性骨髓瘤的最佳诊疗时机。今日，华中科技大学同济医学院附属同济医院血液内科主任医师李春蕊做客央广网《中华名医号》直播间，提醒中老年朋友若出现长期骨痛、不明原因贫血、反复感染、肾功能异常，尤其伴有轻微外伤后骨折，有可能得了多发性骨髓瘤，一定要及时到正规医院进一步检查。 2026-03-26 19:07,,医疗健康新闻,https://www.cnr.cn/2014jkpd/yg/20260326/t20260326_527563601.shtml
NEWS_000226,news,央广网健康-央广,健康出问题都是因为缺少锻炼？中医提醒：愿大家都懂得放慢脚步，学会温柔养心 2026年3月24日，知名教育从业者张雪峰在公司跑步后突发身体不适，经紧急送医抢救无效，不幸因心源性猝死离世，年仅41岁。令人唏嘘的是，他生前热爱运动，就在事发前两天,2026-03-24,健康出问题都是因为缺少锻炼？中医提醒：愿大家都懂得放慢脚步，学会温柔养心 2026年3月24日，知名教育从业者张雪峰在公司跑步后突发身体不适，经紧急送医抢救无效，不幸因心源性猝死离世，年仅41岁。令人唏嘘的是，他生前热爱运动，就在事发前两天还晒出7公里的跑步记录。一个看似健康、坚持锻炼的中年人，为何会突然倒下？健康出问题都是因为缺少锻炼？坚持运动健身=对身体好？从中医视角出发，如何“养心”？针对这些问题，广东省中医院大德路总院心血管科王侠主任给出解答。 2026-03-25 15:00,,医疗健康新闻,https://www.cnr.cn/2014jkpd/yg/20260325/t20260325_527562243.shtml
NEWS_000227,news,央广网健康-央广,4月1日起，基孔肯雅热、发热伴血小板减少综合征纳入乙类传染病 3月25日，国家卫健委公告，2026年4月1日起将基孔肯雅热、发热伴血小板减少综合征纳入乙类传染病管理。 2026-03-25 11:11,2026-04-01,4月1日起，基孔肯雅热、发热伴血小板减少综合征纳入乙类传染病 3月25日，国家卫健委公告，2026年4月1日起将基孔肯雅热、发热伴血小板减少综合征纳入乙类传染病管理。 2026-03-25 11:11,,医疗健康新闻,https://www.cnr.cn/2014jkpd/yg/20260325/t20260325_527562037.shtml
NEWS_000228,news,央广网健康-央广,这4种症状是乳腺癌早期信号！快对照自查 乳腺癌，作为女性健康的“头号杀手”，让人谈之色变。尤其是当听到“骨转移”三个字时，很多患者和家属更是觉得“天都塌了”。但是，骨转移真的等于生命倒计时吗？乳腺癌还能实现长期生存吗？ 2026-03-25,2026-03-25,这4种症状是乳腺癌早期信号！快对照自查 乳腺癌，作为女性健康的“头号杀手”，让人谈之色变。尤其是当听到“骨转移”三个字时，很多患者和家属更是觉得“天都塌了”。但是，骨转移真的等于生命倒计时吗？乳腺癌还能实现长期生存吗？ 2026-03-25 10:29,,医疗健康新闻,https://www.cnr.cn/2014jkpd/yg/20260325/t20260325_527561946.shtml
NEWS_000229,news,央广网健康-央广,尿频尿急、夜尿增多…… 泌尿专家教你识破男性健康 “隐形杀手” 尿频尿急、夜尿增多、排尿费力，不少中老年男性将这些不适归为“年纪大了的正常现象”，一拖再拖；还有人觉得身体没毛病就不用做筛查，殊不知前列腺癌等泌尿系统肿瘤正悄然成为男性健康的“,2026-03-24,尿频尿急、夜尿增多…… 泌尿专家教你识破男性健康 “隐形杀手” 尿频尿急、夜尿增多、排尿费力，不少中老年男性将这些不适归为“年纪大了的正常现象”，一拖再拖；还有人觉得身体没毛病就不用做筛查，殊不知前列腺癌等泌尿系统肿瘤正悄然成为男性健康的“隐形杀手”。 2026-03-24 11:10,,医疗健康新闻,https://www.cnr.cn/2014jkpd/yg/20260324/t20260324_527560908.shtml
NEWS_000230,news,央广网健康-央广,前列腺炎、前列腺增生、前列腺钙化，会不会慢慢变成前列腺癌？ 哪些人属于前列腺癌高风险人群，必须早筛？前列腺疾病患者最常见的困惑和误区有哪些？近日，西安交通大学第二附属医院泌尿外科主任薛力、主治医师李峰、主治医师李建平做客央广网《中华名医号》,2026-03-24,前列腺炎、前列腺增生、前列腺钙化，会不会慢慢变成前列腺癌？ 哪些人属于前列腺癌高风险人群，必须早筛？前列腺疾病患者最常见的困惑和误区有哪些？近日，西安交通大学第二附属医院泌尿外科主任薛力、主治医师李峰、主治医师李建平做客央广网《中华名医号》，给出了解答。 2026-03-24 10:34,,医疗健康新闻,https://www.cnr.cn/2014jkpd/yg/20260324/t20260324_527560884.shtml
NEWS_000231,news,央广网健康-央广,一到春天就过敏？医生教你如何预防 中国中医科学院西苑医院耳鼻喉科副主任医师石颖在央广网《中华名医号》节目中介绍，与其在过敏发作后备受困扰，不如提前做好预防措施。她指出，做好这些防护工作，能帮助大家更好应对过敏季，尽情享受明媚的春光。 202,2026-03-23,一到春天就过敏？医生教你如何预防 中国中医科学院西苑医院耳鼻喉科副主任医师石颖在央广网《中华名医号》节目中介绍，与其在过敏发作后备受困扰，不如提前做好预防措施。她指出，做好这些防护工作，能帮助大家更好应对过敏季，尽情享受明媚的春光。 2026-03-23 10:36,,医疗健康新闻,https://www.cnr.cn/2014jkpd/yg/20260323/t20260323_527559933.shtml
NEWS_000232,news,央广网健康-央广,世界睡眠日 | 失眠睡不着？这套放松法助你快速入睡 首都医科大学附属北京中医医院心身医学科主任医师卢伟在央广网《中华名医号》节目中介绍，睡个好觉未必依赖药物，科学的行为干预同样有效。通过特定的放松训练，如呼吸调控、渐进式肌肉松弛等方法，可帮,2026-03-21,世界睡眠日 | 失眠睡不着？这套放松法助你快速入睡 首都医科大学附属北京中医医院心身医学科主任医师卢伟在央广网《中华名医号》节目中介绍，睡个好觉未必依赖药物，科学的行为干预同样有效。通过特定的放松训练，如呼吸调控、渐进式肌肉松弛等方法，可帮助过度活跃的交感神经“减速”，让身心真正入眠。 2026-03-21 10:24,,医疗健康新闻,https://www.cnr.cn/2014jkpd/yg/20260321/t20260321_527558393.shtml
NEWS_000233,news,央广网健康-央广,用旋律“开刀”，音乐治疗师正成为养老新力量 在众多养老服务的探索中，一种融合艺术与科学的独特疗法――音乐治疗，正以其温柔的力量悄然改变着养老生态。 2026-03-20 15:12,2026-03-20,用旋律“开刀”，音乐治疗师正成为养老新力量 在众多养老服务的探索中，一种融合艺术与科学的独特疗法――音乐治疗，正以其温柔的力量悄然改变着养老生态。 2026-03-20 15:12,,医疗健康新闻,https://www.cnr.cn/2014jkpd/yg/20260320/t20260320_527557409.shtml
NEWS_000234,news,央广网健康-央广,心跳像打鼓，上楼梯喘得慌……为何说房颤是中风的“幕后推手”？ 平时累着、情绪一激动，就觉得心慌发闷、心跳突突地往上蹿，不少人都会心里一紧：这会不会是要出事，甚至猝死？其实这些不适症状，很可能和房颤有关。 2026-03-20 10:29,2026-03-20,心跳像打鼓，上楼梯喘得慌……为何说房颤是中风的“幕后推手”？ 平时累着、情绪一激动，就觉得心慌发闷、心跳突突地往上蹿，不少人都会心里一紧：这会不会是要出事，甚至猝死？其实这些不适症状，很可能和房颤有关。 2026-03-20 10:29,,医疗健康新闻,https://www.cnr.cn/2014jkpd/yg/20260320/t20260320_527557176.shtml
NEWS_000235,news,央广网健康-央广,世界口腔健康日｜看牙该挂哪个科？对照本文，秒选科室 今天是世界口腔健康日。牙疼、补牙、矫正、种植牙……很多人看牙时都会困惑：口腔科细分这么多，到底该挂哪个科？挂错号不仅费时，还可能耽误治疗。对此，中山大学附属第七医院口腔科主任、主任医师张福,2026-03-20,世界口腔健康日｜看牙该挂哪个科？对照本文，秒选科室 今天是世界口腔健康日。牙疼、补牙、矫正、种植牙……很多人看牙时都会困惑：口腔科细分这么多，到底该挂哪个科？挂错号不仅费时，还可能耽误治疗。对此，中山大学附属第七医院口腔科主任、主任医师张福胤给出一份看牙挂号指南，以后别再为挂号犯难！ 2026-03-20 10:29,,医疗健康新闻,https://www.cnr.cn/2014jkpd/yg/20260320/t20260320_527557175.shtml
NEWS_000236,news,央广网健康-央广,阿尔茨海默病患者家属如何科学照护？ 阿尔茨海默病患者家属究竟该如何科学照护？具体需要做些什么？近日，中国中医科学院西苑医院脑病科主任医师孙林娟做客央广网《中华名医号》节目，为观众带来详细解答。 2026-03-19 13:54,2026-03-19,阿尔茨海默病患者家属如何科学照护？ 阿尔茨海默病患者家属究竟该如何科学照护？具体需要做些什么？近日，中国中医科学院西苑医院脑病科主任医师孙林娟做客央广网《中华名医号》节目，为观众带来详细解答。 2026-03-19 13:54,,医疗健康新闻,https://www.cnr.cn/2014jkpd/yg/20260319/t20260319_527556326.shtml
NEWS_000237,news,央广网健康-央广,春季运动以微汗为宜 春天人体应该“动起来、暖起来”，但是运动要循序渐进，不应该做大运动量的锻炼以及暴汗式的减重。 2026-03-18 15:55,2026-03-18,春季运动以微汗为宜 春天人体应该“动起来、暖起来”，但是运动要循序渐进，不应该做大运动量的锻炼以及暴汗式的减重。 2026-03-18 15:55,,医疗健康新闻,https://www.cnr.cn/2014jkpd/yg/20260318/t20260318_527555497.shtml
NEWS_000238,news,央广网健康-央广,全国爱肝日 | 爱肝护肝，这些坏习惯快改掉 中国中医科学院西苑医院肝病科主任医师张引强在央广网《中华名医号》节目中介绍，肝脏对人体至关重要，它就像一个“化工厂”，工作十分繁重。因此，养护肝脏不能仅仅局限于春季，而应一年四季都细心调养。 20,2026-03-18,全国爱肝日 | 爱肝护肝，这些坏习惯快改掉 中国中医科学院西苑医院肝病科主任医师张引强在央广网《中华名医号》节目中介绍，肝脏对人体至关重要，它就像一个“化工厂”，工作十分繁重。因此，养护肝脏不能仅仅局限于春季，而应一年四季都细心调养。 2026-03-18 10:30,,医疗健康新闻,https://www.cnr.cn/2014jkpd/yg/20260318/t20260318_527555263.shtml
NEWS_000239,news,央广网健康-央广,全国爱肝日丨别把儿童脂肪肝不当回事 提到脂肪肝，很多人以为是中年人的“富贵病”，可如今，越来越多的儿童青少年在体检中被查出肝脏脂肪超标、肝功能异常，甚至脂肪肝。 2026-03-18 09:13,2026-03-18,全国爱肝日丨别把儿童脂肪肝不当回事 提到脂肪肝，很多人以为是中年人的“富贵病”，可如今，越来越多的儿童青少年在体检中被查出肝脏脂肪超标、肝功能异常，甚至脂肪肝。 2026-03-18 09:13,,医疗健康新闻,https://www.cnr.cn/2014jkpd/yg/20260318/t20260318_527555148.shtml
NEWS_000240,news,央广网健康-央广,《2025年医疗保障事业发展统计快报》发布 国家医保局发起建设的中国药品价格登记系统2025年12月上线运行，截至2026年2月，总访问量达百万次，已为15家企业开具药品价格证明，实现中国医药“价格身份证”海外版零的突破。 2026-03-,2026-03-16,《2025年医疗保障事业发展统计快报》发布 国家医保局发起建设的中国药品价格登记系统2025年12月上线运行，截至2026年2月，总访问量达百万次，已为15家企业开具药品价格证明，实现中国医药“价格身份证”海外版零的突破。 2026-03-16 16:04,,医疗健康新闻,https://www.cnr.cn/2014jkpd/yg/20260316/t20260316_527553130.shtml
NEWS_000241,news,央广网健康-央广,一晕倒就吃糖？阜外专家提醒：晕倒≠低血糖 早高峰地铁里突然眼前一黑、腿脚发软晕倒，很多人第一反应就是低血糖。可明明吃过早饭，也没空腹，为什么还是会晕？近期，中国医学科学院阜外医院神经内科主任、主任医师李淑娟近日做客央广网《中华名医号》栏目，,2026-03-16,一晕倒就吃糖？阜外专家提醒：晕倒≠低血糖 早高峰地铁里突然眼前一黑、腿脚发软晕倒，很多人第一反应就是低血糖。可明明吃过早饭，也没空腹，为什么还是会晕？近期，中国医学科学院阜外医院神经内科主任、主任医师李淑娟近日做客央广网《中华名医号》栏目，给出了专业解答。 2026-03-16 10:41,,医疗健康新闻,https://www.cnr.cn/2014jkpd/yg/20260316/t20260316_527552861.shtml
NEWS_000242,news,央广网健康-央广,血压也有“倒春寒”现象？ 3月初乍暖还寒，血管收缩舒张调节能力骤变，极易出现常说的“春季血压波动大”的情况，并诱发直立性低血压等症状。那么，血压波动大会对我们的身体带来哪些影响？针对春季血压变化问题，需要注意哪些方面？中国医学科学院阜外医院,2026-03-15,血压也有“倒春寒”现象？ 3月初乍暖还寒，血管收缩舒张调节能力骤变，极易出现常说的“春季血压波动大”的情况，并诱发直立性低血压等症状。那么，血压波动大会对我们的身体带来哪些影响？针对春季血压变化问题，需要注意哪些方面？中国医学科学院阜外医院神经内科主任、主任医师李淑娟近日做客央广网《中华名医号》栏目，给出了专业解答。 2026-03-15 09:33,,医疗健康新闻,https://www.cnr.cn/2014jkpd/yg/20260315/t20260315_527552038.shtml
NEWS_000243,news,央广网健康-央广,做客央广网丨对话全国人大代表于金明：让早筛改写肿瘤患者结局 2026年全国两会期间，全国人大代表、中国工程院院士、山东省肿瘤医院院长于金明做客央广网，以临床真实病例为引，深入解读肿瘤早筛的核心价值，呼吁将常见肿瘤筛查纳入医保体系，让早筛从民,2026-03-14,做客央广网丨对话全国人大代表于金明：让早筛改写肿瘤患者结局 2026年全国两会期间，全国人大代表、中国工程院院士、山东省肿瘤医院院长于金明做客央广网，以临床真实病例为引，深入解读肿瘤早筛的核心价值，呼吁将常见肿瘤筛查纳入医保体系，让早筛从民众的“选择题”变为“必答题”，真正成为改写肿瘤患者结局的关键一环。 2026-03-14 18:09,,医疗健康新闻,https://www.cnr.cn/2014jkpd/yg/20260314/t20260314_527551603.shtml
NEWS_000244,news,央广网健康-央广,“不抽烟就不会得肺癌”真假？ 不少人觉得自己只要不碰烟，肺癌就肯定和自己没关系，可事实真的是这样吗？上海市东方医院肿瘤科主任周彩存明确表示，这个观点是完全错误的。肺癌的诱因不止一种，抽烟只是其中最关键的一个。 2026-03-14 09:5,2026-03-14,“不抽烟就不会得肺癌”真假？ 不少人觉得自己只要不碰烟，肺癌就肯定和自己没关系，可事实真的是这样吗？上海市东方医院肿瘤科主任周彩存明确表示，这个观点是完全错误的。肺癌的诱因不止一种，抽烟只是其中最关键的一个。 2026-03-14 09:56,,医疗健康新闻,https://www.cnr.cn/2014jkpd/yg/20260314/t20260314_527551323.shtml
NEWS_000245,news,央广网健康-央广,肺癌“偏爱”这5类人！做好4件事，把风险降到最低 近日，河北大学附属医院肿瘤学系主任、胸部肿瘤内科主任商琰红，中国医学科学院肿瘤医院内科主任医师王燕以及山东省肿瘤医院大内科主任王海永等三位肺癌领域的权威专家在央广网《中华名医号》节目中，深度,2026-03-14,肺癌“偏爱”这5类人！做好4件事，把风险降到最低 近日，河北大学附属医院肿瘤学系主任、胸部肿瘤内科主任商琰红，中国医学科学院肿瘤医院内科主任医师王燕以及山东省肿瘤医院大内科主任王海永等三位肺癌领域的权威专家在央广网《中华名医号》节目中，深度解读了肺癌的防与治等关键问题。 2026-03-14 09:52,,医疗健康新闻,https://www.cnr.cn/2014jkpd/yg/20260314/t20260314_527551322.shtml
NEWS_000246,news,央广网健康-央广,患者做核磁共振被遗忘6小时，同济医院发布情况通报 3月12日，涉事医生回应了此事，承认她和同事对此事都负有责任，事发当天两人均已被停职，医院也专门开会进行了整顿。3月13日，华中科技大学同济医学院附属同济医院发布如上通报。 2026-03-,2026-03-13,患者做核磁共振被遗忘6小时，同济医院发布情况通报 3月12日，涉事医生回应了此事，承认她和同事对此事都负有责任，事发当天两人均已被停职，医院也专门开会进行了整顿。3月13日，华中科技大学同济医学院附属同济医院发布如上通报。 2026-03-13 12:28,,医疗健康新闻,https://www.cnr.cn/2014jkpd/yg/20260313/t20260313_527550489.shtml
NEWS_000247,news,央广网健康-央广,月经颜色深是宫寒，是“不孕体质”？听听协和专家怎么说 不少女生每次来月经，都会下意识留意颜色深浅，若经血颜色偏暗，心里可能会犯起嘀咕：“是不是宫寒？会不会影响以后怀孕？”对此，央广网记者采访了北京协和医院妇科内分泌与生殖中心主任医师田秦杰，,2026-03-13,月经颜色深是宫寒，是“不孕体质”？听听协和专家怎么说 不少女生每次来月经，都会下意识留意颜色深浅，若经血颜色偏暗，心里可能会犯起嘀咕：“是不是宫寒？会不会影响以后怀孕？”对此，央广网记者采访了北京协和医院妇科内分泌与生殖中心主任医师田秦杰，并得到了解答。 2026-03-13 10:41,,医疗健康新闻,https://www.cnr.cn/2014jkpd/yg/20260313/t20260313_527550384.shtml
NEWS_000248,news,央广网健康-央广,2026全国两会｜全国政协委员温建民：促进中西医结合，为中国特色医学发展注入强心剂 “中医药走向世界，而要善于用现代医学语言讲好中医药故事。”他介绍，下一步，他将积极响应政府工作报告号召，深化与世界各国的医学交流与合作，推动中华优秀传统医药,2026-03-12,2026全国两会｜全国政协委员温建民：促进中西医结合，为中国特色医学发展注入强心剂 “中医药走向世界，而要善于用现代医学语言讲好中医药故事。”他介绍，下一步，他将积极响应政府工作报告号召，深化与世界各国的医学交流与合作，推动中华优秀传统医药文化创造性转化、创新性发展。 2026-03-12 14:42,,医疗健康新闻,https://www.cnr.cn/2014jkpd/yg/20260312/t20260312_527549618.shtml
NEWS_000249,news,央广网健康-央广,做客央广网丨对话全国人大代表范先群：用“数智化”守护孩子“眼里的光” 当数智化浪潮深度嵌入成长轨迹，屏幕时间似乎成了孩子们难以回避的“成长的代价”。如何为儿童的眼健康筑起防线？2026年全国两会期间，全国人大代表、中国工程院院士范先群“做客,2026-03-12,做客央广网丨对话全国人大代表范先群：用“数智化”守护孩子“眼里的光” 当数智化浪潮深度嵌入成长轨迹，屏幕时间似乎成了孩子们难以回避的“成长的代价”。如何为儿童的眼健康筑起防线？2026年全国两会期间，全国人大代表、中国工程院院士范先群“做客央广网”，给出答案――让AI成为视力健康的“守门人”。 2026-03-12 10:35,,医疗健康新闻,https://www.cnr.cn/2014jkpd/yg/20260312/t20260312_527549419.shtml
NEWS_000250,news,央广网健康-央广,妇炎洁开启公益护航 精准守护航空科技女性 深耕女性健康领域27年的妇炎洁，正通过“绿叶守护计划”将品牌战略升级为“平衡新生态”。妇炎洁正从单一的产品提供者转型为女性成长的同行者，持续联动社会力量，让关爱从节日走向日常，助力每一位女性在健康、,2026-03-11,妇炎洁开启公益护航 精准守护航空科技女性 深耕女性健康领域27年的妇炎洁，正通过“绿叶守护计划”将品牌战略升级为“平衡新生态”。妇炎洁正从单一的产品提供者转型为女性成长的同行者，持续联动社会力量，让关爱从节日走向日常，助力每一位女性在健康、包容的生态中飞得更高。 2026-03-11 18:26,,医疗健康新闻,https://www.cnr.cn/2014jkpd/yg/20260311/t20260311_527548923.shtml
NEWS_000251,news,央广网健康-央广,协和专家：影响受孕因素较多，解决方案因人而异 备孕路上，不少夫妻都会有关于“哪种助孕方法最有效”的困惑，有人尝试试管婴儿，有人四处寻找“最优方案”。那么，到底有没有一劳永逸的助孕方式？近期，央广网记者采访了北京协和医院妇科内分泌与生殖中心主,2026-03-11,协和专家：影响受孕因素较多，解决方案因人而异 备孕路上，不少夫妻都会有关于“哪种助孕方法最有效”的困惑，有人尝试试管婴儿，有人四处寻找“最优方案”。那么，到底有没有一劳永逸的助孕方式？近期，央广网记者采访了北京协和医院妇科内分泌与生殖中心主任医师田秦杰，并得到了解答。 2026-03-11 11:12,,医疗健康新闻,https://www.cnr.cn/2014jkpd/yg/20260311/t20260311_527548614.shtml
NEWS_000252,news,央广网健康-央广,体检发现子宫肌瘤，要不要手术？ 北京市大兴区人民医院妇产科主任医师简萍在央广网《中华名医号》节目中表示，并非所有子宫肌瘤都需要通过手术切除。她指出，当子宫肌瘤患者出现以下明显手术指征时，才需要考虑进行手术切除。 2026-03-10 10:,2026-03-10,体检发现子宫肌瘤，要不要手术？ 北京市大兴区人民医院妇产科主任医师简萍在央广网《中华名医号》节目中表示，并非所有子宫肌瘤都需要通过手术切除。她指出，当子宫肌瘤患者出现以下明显手术指征时，才需要考虑进行手术切除。 2026-03-10 10:48,,医疗健康新闻,https://www.cnr.cn/2014jkpd/yg/20260310/t20260310_527547750.shtml
NEWS_000253,news,央广网健康-央广,2026全国两会丨全国人大代表王彩云：聚创新之力，筑奶业之脊 王彩云坦言，自己心中总有一份沉甸甸的责任，就是要打破国外奶业技术制约与垄断，守护产业链供应链的安全。 2026-03-10 09:50,2026-03-10,2026全国两会丨全国人大代表王彩云：聚创新之力，筑奶业之脊 王彩云坦言，自己心中总有一份沉甸甸的责任，就是要打破国外奶业技术制约与垄断，守护产业链供应链的安全。 2026-03-10 09:50,,医疗健康新闻,https://www.cnr.cn/2014jkpd/yg/20260310/t20260310_527547716.shtml
NEWS_000254,news,央广网健康-央广,做客央广网丨对话全国政协委员唐旭东：中医药发展的最终目标是让百姓切实受益 中医药工作者既要在科技创新上“顶天”，也要在基层服务上“立地”，要充分发挥中医药的特色优势，助力基本医疗卫生服务均质化、基本公共卫生服务均等化、区域医疗卫生资源分配均,2026-03-09,做客央广网丨对话全国政协委员唐旭东：中医药发展的最终目标是让百姓切实受益 中医药工作者既要在科技创新上“顶天”，也要在基层服务上“立地”，要充分发挥中医药的特色优势，助力基本医疗卫生服务均质化、基本公共卫生服务均等化、区域医疗卫生资源分配均衡化，逐步解决城乡、东西部的差别问题，让中国特色医疗卫生服务体系更加完善，让老百姓切实受益。 2026-03-09 16:08,,医疗健康新闻,https://www.cnr.cn/2014jkpd/yg/20260309/t20260309_527547149.shtml
NEWS_000255,news,央广网健康-央广,加湿器用错当心引发肺炎！这样“加湿”更安全 中国中医科学院广安门医院呼吸科主任医师王蕾在央广网《中华名医号》节目中表示，使用加湿器时一定要及时清理水槽和管道，否则容易滋生霉菌，增加罹患肺泡炎的风险。 2026-03-09 10:38,2026-03-09,加湿器用错当心引发肺炎！这样“加湿”更安全 中国中医科学院广安门医院呼吸科主任医师王蕾在央广网《中华名医号》节目中表示，使用加湿器时一定要及时清理水槽和管道，否则容易滋生霉菌，增加罹患肺泡炎的风险。 2026-03-09 10:38,,医疗健康新闻,https://www.cnr.cn/2014jkpd/yg/20260309/t20260309_527546929.shtml
NEWS_000256,news,央广网健康-央广,女人过了这个年纪，真的会“断崖式衰老”吗？ 北京市大兴区人民医院妇产科主任医师简萍在央广网《中华名医号》节目中介绍，所谓的“断崖式衰老”，并非一夜变老，而是长期积累的一次集中爆发。 2026-03-08 09:48,2026-03-08,女人过了这个年纪，真的会“断崖式衰老”吗？ 北京市大兴区人民医院妇产科主任医师简萍在央广网《中华名医号》节目中介绍，所谓的“断崖式衰老”，并非一夜变老，而是长期积累的一次集中爆发。 2026-03-08 09:48,,医疗健康新闻,https://www.cnr.cn/2014jkpd/yg/20260308/t20260308_527546194.shtml
NEWS_000257,news,央广网健康-央广,吹脚底板可护卵巢？这些卵巢保养误区你中了几条→ 卵巢健康是女性健康的重要标志，而在生活中不少关于卵巢保养的说法真假难辨，熬夜、压力大会导致卵巢功能早衰？经期运动会导致经血过多？吹脚底板“邪修养生”能护卵巢？针对这些问题，央广网记者采访了北京,2026-03-07,吹脚底板可护卵巢？这些卵巢保养误区你中了几条→ 卵巢健康是女性健康的重要标志，而在生活中不少关于卵巢保养的说法真假难辨，熬夜、压力大会导致卵巢功能早衰？经期运动会导致经血过多？吹脚底板“邪修养生”能护卵巢？针对这些问题，央广网记者采访了北京市第一中西医结合医院的妇科副主任医师付虹，并得到了解答。 2026-03-07 09:47,,医疗健康新闻,https://www.cnr.cn/2014jkpd/yg/20260307/t20260307_527545466.shtml
NEWS_000258,news,央广网健康-央广,脾虚湿气重？专家：这两种活动不推荐 中国中医科学院西苑医院肝病科主任医师张引强在央广网《中华名医号》节目中介绍了脾脏的两大功能。针对脾虚人群，他建议从饮食、运动以及身边环境等因素进行调理。 2026-03-05 10:45,2026-03-05,脾虚湿气重？专家：这两种活动不推荐 中国中医科学院西苑医院肝病科主任医师张引强在央广网《中华名医号》节目中介绍了脾脏的两大功能。针对脾虚人群，他建议从饮食、运动以及身边环境等因素进行调理。 2026-03-05 10:45,,医疗健康新闻,https://www.cnr.cn/2014jkpd/yg/20260305/t20260305_527543865.shtml
NEWS_000259,news,央广网健康-央广,别再说孩子“胖嘟嘟可爱”！小心2型糖尿病找上门 别再用“胖点可爱”麻痹自己，早识别、早干预、早调整，帮助孩子养成终身受益的健康习惯，才能帮助他们远离疾病，健康成长。 2026-03-04 09:08,2026-03-04,别再说孩子“胖嘟嘟可爱”！小心2型糖尿病找上门 别再用“胖点可爱”麻痹自己，早识别、早干预、早调整，帮助孩子养成终身受益的健康习惯，才能帮助他们远离疾病，健康成长。 2026-03-04 09:08,,医疗健康新闻,https://www.cnr.cn/2014jkpd/yg/20260304/t20260304_527542704.shtml
NEWS_000260,news,央广网健康-央广,世界肥胖日 | 低GI=健康？更利于减重？北京协和医院专家解析 越来越多食品的外包装上都标有“低GI”字样，而且种类琳琅满目。在健康消费趋势的推动下，“低GI”食品受到了很多消费者的欢迎，“低GI”似乎成了“健康标签”。 2026-03-0,2026-03-04,世界肥胖日 | 低GI=健康？更利于减重？北京协和医院专家解析 越来越多食品的外包装上都标有“低GI”字样，而且种类琳琅满目。在健康消费趋势的推动下，“低GI”食品受到了很多消费者的欢迎，“低GI”似乎成了“健康标签”。 2026-03-04 17:59,,医疗健康新闻,https://www.cnr.cn/2014jkpd/yg/20260304/t20260304_527543280.shtml
NEWS_000261,news,央广网健康-央广,世界肥胖日 | 营养专家：科学减重，记住“加加减减” 想要减重，如何饮食更有效？北京世纪坛医院胃肠外科主任医师石汉平给出四个关键字：加加减减：增加运动量，加优质蛋白质摄入比例，减少高糖食物摄入，减少总能量的摄入。 2026-03-04 18,2026-03-04,世界肥胖日 | 营养专家：科学减重，记住“加加减减” 想要减重，如何饮食更有效？北京世纪坛医院胃肠外科主任医师石汉平给出四个关键字：加加减减：增加运动量，加优质蛋白质摄入比例，减少高糖食物摄入，减少总能量的摄入。 2026-03-04 18:13,,医疗健康新闻,https://www.cnr.cn/2014jkpd/yg/20260304/t20260304_527543301.shtml
NEWS_000262,news,央广网健康-央广,藏在汤圆里的养生密码 古人讲究“应节而食”，在这寒意尚存的月圆之夜，吃下这团温暖，便是顺应天时。那么马年的“元气汤圆”怎么吃？结合传统故事与现代养生，王医生为您带来三个中医养生小贴士，今年你可以试着这样健康吃汤圆。 2026-03-03 1,2026-03-03,藏在汤圆里的养生密码 古人讲究“应节而食”，在这寒意尚存的月圆之夜，吃下这团温暖，便是顺应天时。那么马年的“元气汤圆”怎么吃？结合传统故事与现代养生，王医生为您带来三个中医养生小贴士，今年你可以试着这样健康吃汤圆。 2026-03-03 19:37,,医疗健康新闻,https://www.cnr.cn/2014jkpd/yg/20260303/t20260303_527542358.shtml
NEWS_000263,news,央广网健康-央广,全国爱耳日｜每天戴耳机真的会聋吗？ 2026年3月3日是第27个全国爱耳日，今年的主题是“全民科学爱耳，共护听力健康”，再次提醒大众关注听力健康。长期佩戴耳机会损伤听力吗？我们应该如何正确选择和佩戴耳机？陈枫虹教授为您支招。 2026-03,2026-03-03,全国爱耳日｜每天戴耳机真的会聋吗？ 2026年3月3日是第27个全国爱耳日，今年的主题是“全民科学爱耳，共护听力健康”，再次提醒大众关注听力健康。长期佩戴耳机会损伤听力吗？我们应该如何正确选择和佩戴耳机？陈枫虹教授为您支招。 2026-03-03 09:26,,医疗健康新闻,https://www.cnr.cn/2014jkpd/yg/20260303/t20260303_527541842.shtml
NEWS_000264,news,央广网健康-央广,国家卫健委：启动实施卫生健康领域科研诚信专项治理，为期3年 《方案》明确启动实施为期3年的卫生健康领域科研诚信专项治理，从8个方面综合采取17项重点任务措施，下大力气扭转卫生健康领域存在的科研失信情况多发态势。 2026-02-28 17:,2026-02-28,国家卫健委：启动实施卫生健康领域科研诚信专项治理，为期3年 《方案》明确启动实施为期3年的卫生健康领域科研诚信专项治理，从8个方面综合采取17项重点任务措施，下大力气扭转卫生健康领域存在的科研失信情况多发态势。 2026-02-28 17:39,,医疗健康新闻,https://www.cnr.cn/2014jkpd/yg/20260228/t20260228_527538809.shtml
NEWS_000265,news,央广网健康-央广,一到换季鼻炎就发作？根源找到了 中国中医科学院广安门医院呼吸科主任医师王蕾在央广网《中华名医号》节目中指出，冬春换季气温波动大，花粉等过敏原增多，呼吸道敏感人群需提高警惕。 2026-02-28 10:31,2026-02-28,一到换季鼻炎就发作？根源找到了 中国中医科学院广安门医院呼吸科主任医师王蕾在央广网《中华名医号》节目中指出，冬春换季气温波动大，花粉等过敏原增多，呼吸道敏感人群需提高警惕。 2026-02-28 10:31,,医疗健康新闻,https://www.cnr.cn/2014jkpd/yg/20260228/t20260228_527538319.shtml
NEWS_000266,news,央广网健康-央广,国际罕见病日｜“蝴蝶宝贝”的痛，我们都该知道！ 今天是国际罕见病日，在众多罕见病中，有这样一群特殊的孩子，他们被称作“蝴蝶宝贝”，只因为他们的皮肤如同蝴蝶翅膀，一碰就碎。殊不知，美丽名字的背后，承载了常人难以想象的痛…… 2026-02-2,2026-02-28,国际罕见病日｜“蝴蝶宝贝”的痛，我们都该知道！ 今天是国际罕见病日，在众多罕见病中，有这样一群特殊的孩子，他们被称作“蝴蝶宝贝”，只因为他们的皮肤如同蝴蝶翅膀，一碰就碎。殊不知，美丽名字的背后，承载了常人难以想象的痛…… 2026-02-28 09:05,,医疗健康新闻,https://www.cnr.cn/2014jkpd/yg/20260228/t20260228_527538149.shtml
NEWS_000267,news,央广网健康-央广,同样是痛，为什么法布雷病会“烧灼入骨”？ 恰逢国际罕见病日，清华大学北京清华长庚医院神经内科副主任医师宋晓微带大家一起揭开法布雷病的神秘面纱。 2026-02-28 09:04,2026-02-28,同样是痛，为什么法布雷病会“烧灼入骨”？ 恰逢国际罕见病日，清华大学北京清华长庚医院神经内科副主任医师宋晓微带大家一起揭开法布雷病的神秘面纱。 2026-02-28 09:04,,医疗健康新闻,https://www.cnr.cn/2014jkpd/yg/20260228/t20260228_527538142.shtml
NEWS_000268,news,央广网健康-央广,孩子换季爱生病？这些方法学起来 王蕾医生从运动、饮食、环境调节以及穴位按摩等多个方面，为家长们梳理了一套实用易行的护理指南，帮助孩子们少生病、更健康。 2026-02-26 10:31,2026-02-26,孩子换季爱生病？这些方法学起来 王蕾医生从运动、饮食、环境调节以及穴位按摩等多个方面，为家长们梳理了一套实用易行的护理指南，帮助孩子们少生病、更健康。 2026-02-26 10:31,,医疗健康新闻,https://www.cnr.cn/2014jkpd/yg/20260226/t20260226_527536453.shtml
NEWS_000269,news,央广网健康-央广,总嗜睡、猝倒、鬼压床？警惕这种罕见病 在开学季的焦虑与疲惫中，有一种“嗜睡”常常被忽略：不分场合的强烈睡意、情绪激动时突然无力、频繁出现睡眠瘫痪（俗称“鬼压床”）与幻觉。它不是偷懒，不是厌学，而是被列入国家罕见病目录的发作性睡病。 2026,2026-02-26,总嗜睡、猝倒、鬼压床？警惕这种罕见病 在开学季的焦虑与疲惫中，有一种“嗜睡”常常被忽略：不分场合的强烈睡意、情绪激动时突然无力、频繁出现睡眠瘫痪（俗称“鬼压床”）与幻觉。它不是偷懒，不是厌学，而是被列入国家罕见病目录的发作性睡病。 2026-02-26 09:40,,医疗健康新闻,https://www.cnr.cn/2014jkpd/yg/20260226/t20260226_527536384.shtml
NEWS_000270,news,央广网健康-央广,过午不食：减肥捷径还是健康陷阱？营养科医生解析 目标不是数字下降，而是获得健康、活力与自由。“过午不食”如同一剂退烧药，虽能短期见效，却治不了本。学会与食物合作，倾听身体需求，找到不痛苦、可坚持、精力充沛的节奏，才是瘦身的正道。 2026-,2026-02-25,过午不食：减肥捷径还是健康陷阱？营养科医生解析 目标不是数字下降，而是获得健康、活力与自由。“过午不食”如同一剂退烧药，虽能短期见效，却治不了本。学会与食物合作，倾听身体需求，找到不痛苦、可坚持、精力充沛的节奏，才是瘦身的正道。 2026-02-25 15:34,,医疗健康新闻,https://www.cnr.cn/2014jkpd/yg/20260225/t20260225_527535653.shtml
NEWS_000271,news,央广网健康-央广,春节期间三类妇科疾病高发，女性朋友要小心！ 北京市第一中西医结合医院妇科副主任医师付虹在央广网《中华名医号》节目中，对春节期间高发的阴道炎、盆腔炎、泌尿系统感染等几类妇科问题及其防范要点进行了梳理。她建议女性朋友们在节日期间应注意保持规律作,2026-02-24,春节期间三类妇科疾病高发，女性朋友要小心！ 北京市第一中西医结合医院妇科副主任医师付虹在央广网《中华名医号》节目中，对春节期间高发的阴道炎、盆腔炎、泌尿系统感染等几类妇科问题及其防范要点进行了梳理。她建议女性朋友们在节日期间应注意保持规律作息，避免过度劳累。 2026-02-24 12:38,,医疗健康新闻,https://www.cnr.cn/2014jkpd/yg/20260224/t20260224_527534530.shtml
NEWS_000272,news,央广网健康-央广,健康过年 | 春节头晕频发？原因可能和这个习惯有关 中国医学科学院阜外医院神经内科主任李淑娟表示，老年人因血管调节能力减弱，加之节日期间熬夜、走亲访友、家庭聚会等因素，容易诱发或加重头晕不适。 2026-02-23 08:32,2026-02-23,健康过年 | 春节头晕频发？原因可能和这个习惯有关 中国医学科学院阜外医院神经内科主任李淑娟表示，老年人因血管调节能力减弱，加之节日期间熬夜、走亲访友、家庭聚会等因素，容易诱发或加重头晕不适。 2026-02-23 08:32,,医疗健康新闻,https://www.cnr.cn/2014jkpd/yg/20260223/t20260223_527533425.shtml
NEWS_000273,news,央广网健康-央广,总是忍不住“胡吃海塞”？专家：当心胆囊炎找上门 春节团圆宴轮番上阵，大鱼大肉、高脂油腻美食摆满餐桌，不少人开启“胡吃海塞”模式，顿顿吃到撑、零食不离手。 2026-02-23 08:29,2026-02-23,总是忍不住“胡吃海塞”？专家：当心胆囊炎找上门 春节团圆宴轮番上阵，大鱼大肉、高脂油腻美食摆满餐桌，不少人开启“胡吃海塞”模式，顿顿吃到撑、零食不离手。 2026-02-23 08:29,,医疗健康新闻,https://www.cnr.cn/2014jkpd/yg/20260223/t20260223_527533412.shtml
NEWS_000274,news,央广网健康-央广,健康过春节 | 春节返程，便携健康餐这样装 春节返程，营养师专属配方，便携健康餐这样装，路上吃得安心又不将就。 2026-02-22 09:01,2026-02-22,健康过春节 | 春节返程，便携健康餐这样装 春节返程，营养师专属配方，便携健康餐这样装，路上吃得安心又不将就。 2026-02-22 09:01,,医疗健康新闻,https://www.cnr.cn/2014jkpd/yg/20260222/t20260222_527532796.shtml
NEWS_000275,news,央广网健康-央广,车厘子自由=厕所自由？吃太多车厘子可能会出现这些问题 为什么吃太多车厘子会长口腔溃疡？车厘子吃多了为什么总排气？车厘子的正确打开方式是什么呢？对此，中国中医科学院西苑医院综合科主任医师戎光近日做客央广网《中华名医号》栏目，给出了专业解答。,2026-02-21,车厘子自由=厕所自由？吃太多车厘子可能会出现这些问题 为什么吃太多车厘子会长口腔溃疡？车厘子吃多了为什么总排气？车厘子的正确打开方式是什么呢？对此，中国中医科学院西苑医院综合科主任医师戎光近日做客央广网《中华名医号》栏目，给出了专业解答。 2026-02-21 15:02,,医疗健康新闻,https://www.cnr.cn/2014jkpd/yg/20260221/t20260221_527532271.shtml
NEWS_000276,news,央广网健康-央广,新年焕新颜！教你一招轻松赶走黑眼圈与水肿 北京大学首钢医院皮肤科副主任医师张欣为大家准备了一套简单高效的“眼部按摩操”。每天只需几分钟轻柔按压眼周穴位，即可有效促进血液循环、排出多余水分，焕亮眼周、赶走倦容，让清澈明亮的眼神成为你新年最好的,2026-02-21,新年焕新颜！教你一招轻松赶走黑眼圈与水肿 北京大学首钢医院皮肤科副主任医师张欣为大家准备了一套简单高效的“眼部按摩操”。每天只需几分钟轻柔按压眼周穴位，即可有效促进血液循环、排出多余水分，焕亮眼周、赶走倦容，让清澈明亮的眼神成为你新年最好的“焕新”礼物。 2026-02-21 08:40,,医疗健康新闻,https://www.cnr.cn/2014jkpd/yg/20260221/t20260221_527531926.shtml
NEWS_000277,news,央广网健康-央广,收藏这份护肤妙招，让肌肤美美过节~ 北京大学首钢医院皮肤科副主任医师张欣为大家梳理了一份春节护肤小妙招。她表示，除了可以进行一些常规的医美治疗外，温和清洁、高效保湿、涂抹防晒霜这些护肤“三件套”也很重要。 2026-02-20 09:25,2026-02-20,收藏这份护肤妙招，让肌肤美美过节~ 北京大学首钢医院皮肤科副主任医师张欣为大家梳理了一份春节护肤小妙招。她表示，除了可以进行一些常规的医美治疗外，温和清洁、高效保湿、涂抹防晒霜这些护肤“三件套”也很重要。 2026-02-20 09:25,,医疗健康新闻,https://www.cnr.cn/2014jkpd/yg/20260220/t20260220_527531130.shtml
NEWS_000278,news,央广网健康-央广,健康过春节 | 吃坚果不胖，每天就吃这一把 2026-02-20 09:22,2026-02-20,健康过春节 | 吃坚果不胖，每天就吃这一把 2026-02-20 09:22,,医疗健康新闻,https://www.cnr.cn/2014jkpd/yg/20260220/t20260220_527531123.shtml
NEWS_000279,news,央广网健康-央广,健康过春节 | 走亲访友，零食选对不积食 2026-02-19 09:39,2026-02-19,健康过春节 | 走亲访友，零食选对不积食 2026-02-19 09:39,,医疗健康新闻,https://www.cnr.cn/2014jkpd/yg/20260219/t20260219_527530472.shtml
NEWS_000280,news,央广网健康-央广,健康过春节 | 熬夜守岁，吃点啥补回来？ 2026-02-17 08:50,2026-02-17,健康过春节 | 熬夜守岁，吃点啥补回来？ 2026-02-17 08:50,,医疗健康新闻,https://www.cnr.cn/2014jkpd/yg/20260217/t20260217_527529203.shtml
NEWS_000281,news,央广网健康-央广,健康过年 | 糖友安稳过节，记住这三招就够了 稳住节日血糖并不需要复杂操作。中国医学科学院阜外医院神经内科主任李淑娟介绍了三条简单实用的稳糖小妙招，这三招既不干扰过节兴致，又能有效守护健康。让您在享受年味的同时，也能稳稳控糖，安心过个舒心年,2026-02-17,健康过年 | 糖友安稳过节，记住这三招就够了 稳住节日血糖并不需要复杂操作。中国医学科学院阜外医院神经内科主任李淑娟介绍了三条简单实用的稳糖小妙招，这三招既不干扰过节兴致，又能有效守护健康。让您在享受年味的同时，也能稳稳控糖，安心过个舒心年。 2026-02-17 08:48,,医疗健康新闻,https://www.cnr.cn/2014jkpd/yg/20260217/t20260217_527529201.shtml
NEWS_000282,news,央广网健康-央广,不吃晚饭就能瘦，是真的吗？ 加班熬夜、饮食不规律让肥胖问题凸显，“晚上不吃饭就能减肥”的说法也随之流行。这种方式真的科学吗？北京大学国际医院体重健康管理中心主任张能维介绍，减肥和维持体重的核心关键是“坚持”。 2026-02-16 09:3,2026-02-16,不吃晚饭就能瘦，是真的吗？ 加班熬夜、饮食不规律让肥胖问题凸显，“晚上不吃饭就能减肥”的说法也随之流行。这种方式真的科学吗？北京大学国际医院体重健康管理中心主任张能维介绍，减肥和维持体重的核心关键是“坚持”。 2026-02-16 09:36,,医疗健康新闻,https://www.cnr.cn/2014jkpd/yg/20260216/t20260216_527528652.shtml
NEWS_000283,news,央广网健康-央广,健康过年 | 老年人除夕熬夜守岁？健康比时辰更重要 老年人真的适合守岁吗？中国医学科学院阜外医院神经内科主任李淑娟表示，对于身体机能逐渐下降的老年人而言，通宵熬夜可能带来心率波动、血压升高等健康风险，反让佳节蒙上阴影。 2026-02-16,2026-02-16,健康过年 | 老年人除夕熬夜守岁？健康比时辰更重要 老年人真的适合守岁吗？中国医学科学院阜外医院神经内科主任李淑娟表示，对于身体机能逐渐下降的老年人而言，通宵熬夜可能带来心率波动、血压升高等健康风险，反让佳节蒙上阴影。 2026-02-16 09:35,,医疗健康新闻,https://www.cnr.cn/2014jkpd/yg/20260216/t20260216_527528648.shtml
NEWS_000284,news,央广网健康-央广,健康过春节 | 年夜饭解腻，一口凉拌菜就够了！ 2026-02-16 09:33,2026-02-16,健康过春节 | 年夜饭解腻，一口凉拌菜就够了！ 2026-02-16 09:33,,医疗健康新闻,https://www.cnr.cn/2014jkpd/yg/20260216/t20260216_527528643.shtml
NEWS_000285,news,央广网健康-央广,眼科医生陶勇：医学科普的本质是“人与人的对话” 提到医学科普，很多人会觉得是“医生讲、患者听”的单向输出。但首都医科大学附属北京朝阳医院眼科主任医师陶勇认为，医学科普和其他科学科普不同，其本质，是一场人与人之间的真诚对话。 2026-02-,2026-02-15,眼科医生陶勇：医学科普的本质是“人与人的对话” 提到医学科普，很多人会觉得是“医生讲、患者听”的单向输出。但首都医科大学附属北京朝阳医院眼科主任医师陶勇认为，医学科普和其他科学科普不同，其本质，是一场人与人之间的真诚对话。 2026-02-15 09:28,,医疗健康新闻,https://www.cnr.cn/2014jkpd/yg/20260215/t20260215_527527799.shtml
NEWS_000286,news,央广网健康-央广,孩子太早戴眼镜不好？陶勇：这是错误且有误导性的谣言 “孩子近视后越早戴眼镜，度数涨得越快”――不少家长被这个说法误导，即便发现孩子视物模糊，也迟迟不愿配眼镜。这一做法真的靠谱吗？首都医科大学附属北京朝阳医院眼科主任医师陶勇明确指出：这是错误,2026-02-14,孩子太早戴眼镜不好？陶勇：这是错误且有误导性的谣言 “孩子近视后越早戴眼镜，度数涨得越快”――不少家长被这个说法误导，即便发现孩子视物模糊，也迟迟不愿配眼镜。这一做法真的靠谱吗？首都医科大学附属北京朝阳医院眼科主任医师陶勇明确指出：这是错误且有误导性的谣言。 2026-02-14 07:36,,医疗健康新闻,https://www.cnr.cn/2014jkpd/yg/20260214/t20260214_527526408.shtml
NEWS_000287,news,央广网健康-央广,长期侧躺刷手机有多伤眼？眼科医生陶勇提醒 夜深人静侧躺在床上刷手机，成了不少人睡前的放松方式，这个看似惬意的姿势，实则暗藏眼部健康隐患。首都医科大学附属北京朝阳医院眼科主任医师陶勇提醒，长期如此会对眼睛造成多重伤害，甚至引发不可逆的视力问题,2026-02-13,长期侧躺刷手机有多伤眼？眼科医生陶勇提醒 夜深人静侧躺在床上刷手机，成了不少人睡前的放松方式，这个看似惬意的姿势，实则暗藏眼部健康隐患。首都医科大学附属北京朝阳医院眼科主任医师陶勇提醒，长期如此会对眼睛造成多重伤害，甚至引发不可逆的视力问题。 2026-02-13 09:52,,医疗健康新闻,https://www.cnr.cn/2014jkpd/yg/20260213/t20260213_527525345.shtml
NEWS_000288,news,央广网健康-央广,3种表现别忽视！这可能是大脑衰老的早期信号 中国中医科学院西苑医院脑病科主任医师孙林娟在央广网《中华名医号》节目中指出，大脑衰老常见的典型症状是健忘。情节较轻的是短暂性遗忘，经提醒后马上就能想起来；如果反复出现重要的事情被遗忘，即使提醒后也,2026-02-12,3种表现别忽视！这可能是大脑衰老的早期信号 中国中医科学院西苑医院脑病科主任医师孙林娟在央广网《中华名医号》节目中指出，大脑衰老常见的典型症状是健忘。情节较轻的是短暂性遗忘，经提醒后马上就能想起来；如果反复出现重要的事情被遗忘，即使提醒后也想不起来，那就要引起重视了。 2026-02-12 18:53,,医疗健康新闻,https://www.cnr.cn/2014jkpd/yg/20260212/t20260212_527524699.shtml
NEWS_000289,news,央广网健康-央广,进一步扩大基层儿科诊疗服务，2026年这么做 今年，国家卫健委将进一步扩大基层儿科诊疗服务，已经提供儿科服务的4万家乡镇卫生院和社区卫生服务中心在原有基础上要进一步丰富内涵、拓展服务项目。 2026-02-12 16:55,2026-02-12,进一步扩大基层儿科诊疗服务，2026年这么做 今年，国家卫健委将进一步扩大基层儿科诊疗服务，已经提供儿科服务的4万家乡镇卫生院和社区卫生服务中心在原有基础上要进一步丰富内涵、拓展服务项目。 2026-02-12 16:55,,医疗健康新闻,https://www.cnr.cn/2014jkpd/yg/20260212/t20260212_527524533.shtml
NEWS_000290,news,央广网健康-央广,脾胃不好，记得收藏这几款简单易操作的养胃粥 中国中医科学院西苑医院综合科主任医师戎光在央广网《中华名医号》节目中表示，脾胃不和关键在“养”，而“怎么吃”正是养护的核心。 2026-02-11 10:34,2026-02-11,脾胃不好，记得收藏这几款简单易操作的养胃粥 中国中医科学院西苑医院综合科主任医师戎光在央广网《中华名医号》节目中表示，脾胃不和关键在“养”，而“怎么吃”正是养护的核心。 2026-02-11 10:34,,医疗健康新闻,https://www.cnr.cn/2014jkpd/yg/20260211/t20260211_527523126.shtml
NEWS_000291,news,央广网健康-央广,孩子感冒后耳朵疼怎么办？北京同仁医院专家解答 一旦孩子出现中耳炎，李永新提示，应及时到耳鼻喉科及时就诊。除了喊耳朵疼，一些其他症状也要引起重视，比如叫半天不回答、看电视音量放得非常大、注意力不集中等症状，可能是孩子出现了听力下降，需及时就医,2026-02-10,孩子感冒后耳朵疼怎么办？北京同仁医院专家解答 一旦孩子出现中耳炎，李永新提示，应及时到耳鼻喉科及时就诊。除了喊耳朵疼，一些其他症状也要引起重视，比如叫半天不回答、看电视音量放得非常大、注意力不集中等症状，可能是孩子出现了听力下降，需及时就医治疗。 2026-02-10 18:03,,医疗健康新闻,https://www.cnr.cn/2014jkpd/yg/20260210/t20260210_527522378.shtml
NEWS_000292,news,央广网健康-央广,国家卫健委：生活类美容机构、美发店、美甲店等严禁开展“轻医美”项目 如果发现非法医美线索，可以向当地卫生健康行政部门举报，或者拨打12345热线反映。 2026-02-10 17:37,2026-02-10,国家卫健委：生活类美容机构、美发店、美甲店等严禁开展“轻医美”项目 如果发现非法医美线索，可以向当地卫生健康行政部门举报，或者拨打12345热线反映。 2026-02-10 17:37,,医疗健康新闻,https://www.cnr.cn/2014jkpd/yg/20260210/t20260210_527522318.shtml
NEWS_000293,news,央广网健康-央广,腰不好=肾不好？医生：要看这三个指标 肾脏好坏更重要的是依赖于客观检查。对于有高血压、高血糖、长期用药或高龄患者，定期体检、及早发现肾脏病，才能够进行更有针对性、有效的治疗和保护。 2026-02-10 16:54,2026-02-10,腰不好=肾不好？医生：要看这三个指标 肾脏好坏更重要的是依赖于客观检查。对于有高血压、高血糖、长期用药或高龄患者，定期体检、及早发现肾脏病，才能够进行更有针对性、有效的治疗和保护。 2026-02-10 16:54,,医疗健康新闻,https://www.cnr.cn/2014jkpd/yg/20260210/t20260210_527522246.shtml
NEWS_000294,news,央广网健康-央广,别被低价心理测试忽悠了！专家紧急提醒 低价心理测试缺乏科学依据，很多题目本身就带有暗示性，再加上评分标准不透明，很容易把正常的情绪反应解释为异常状态。这类测试既无法区分短期压力反应，也无法判断是否达到疾病诊断标准。 2026-02-10 1,2026-02-10,别被低价心理测试忽悠了！专家紧急提醒 低价心理测试缺乏科学依据，很多题目本身就带有暗示性，再加上评分标准不透明，很容易把正常的情绪反应解释为异常状态。这类测试既无法区分短期压力反应，也无法判断是否达到疾病诊断标准。 2026-02-10 14:32,,医疗健康新闻,https://www.cnr.cn/2014jkpd/yg/20260210/t20260210_527522080.shtml
NEWS_000295,news,央广网健康-央广,迎新大扫除时犯过敏，打喷嚏、皮肤痒？一键查看过敏防控全攻略→ 年关将至，民间素有俗语：“二十四，扫房子”。春节前夕正是扫去一年尘埃与疲惫，迎接新春的好时节。然而，不少过敏患者却在节前大扫除时不断打喷嚏、皮肤瘙痒，严重者甚至喘不上气。对此，广,2026-02-10,迎新大扫除时犯过敏，打喷嚏、皮肤痒？一键查看过敏防控全攻略→ 年关将至，民间素有俗语：“二十四，扫房子”。春节前夕正是扫去一年尘埃与疲惫，迎接新春的好时节。然而，不少过敏患者却在节前大扫除时不断打喷嚏、皮肤瘙痒，严重者甚至喘不上气。对此，广州医科大学附属第二医院过敏反应科主任刘昀为大家整理了四条大扫除防敏要点，鼻炎、湿疹患者及家中有容易过敏老人、小孩的，照着做，让我们安心大扫除、健康迎新春！ 2026-02-10 10:41,,医疗健康新闻,https://www.cnr.cn/2014jkpd/yg/20260210/t20260210_527521971.shtml
NEWS_000296,news,央广网健康-央广,做客央广网 | 樊代明院士：抗癌是“你活我也活”的共生智慧 樊代明院士强调：“抗癌不是‘你死我活’的博弈，而是‘你活我也活’的共生智慧，这正是中国整合医学的核心价值。” 2026-02-10 09:53,2026-02-10,做客央广网 | 樊代明院士：抗癌是“你活我也活”的共生智慧 樊代明院士强调：“抗癌不是‘你死我活’的博弈，而是‘你活我也活’的共生智慧，这正是中国整合医学的核心价值。” 2026-02-10 09:53,,医疗健康新闻,https://www.cnr.cn/2014jkpd/yg/20260210/t20260210_527521930.shtml
NEWS_000297,news,央广网健康-央广,女性过了这个年纪，动脉粥样硬化风险随年龄增加 2026-02-10 10:49,2026-02-10,女性过了这个年纪，动脉粥样硬化风险随年龄增加 2026-02-10 10:49,,医疗健康新闻,https://www.cnr.cn/2014jkpd/yg/20260210/t20260210_527521976.shtml
NEWS_000298,news,央广网健康-央广,咳出白黏痰栓=感冒快好了？这3种情况要警惕 感冒后咳个不停、总感觉有痰，好不容易咳出白黏痰栓，是不是就意味着要好了？对此，中国中医科学院西苑医院呼吸科副主任医师何沂近日做客央广网《中华名医号》栏目，给出了专业解答。 2026-02-09 1,2026-02-09,咳出白黏痰栓=感冒快好了？这3种情况要警惕 感冒后咳个不停、总感觉有痰，好不容易咳出白黏痰栓，是不是就意味着要好了？对此，中国中医科学院西苑医院呼吸科副主任医师何沂近日做客央广网《中华名医号》栏目，给出了专业解答。 2026-02-09 10:48,,医疗健康新闻,https://www.cnr.cn/2014jkpd/yg/20260209/t20260209_527520881.shtml
NEWS_000299,news,央广网健康-央广,孩子张嘴就是网络烂梗，怎么办？ 网络语言是时代的产物，并非天然“有害”。关键在于我们要帮助孩子建立“语言的边界感”和“情境切换能力”。 2026-02-08 09:23,2026-02-08,孩子张嘴就是网络烂梗，怎么办？ 网络语言是时代的产物，并非天然“有害”。关键在于我们要帮助孩子建立“语言的边界感”和“情境切换能力”。 2026-02-08 09:23,,医疗健康新闻,https://www.cnr.cn/2014jkpd/yg/20260208/t20260208_527519961.shtml
NEWS_000300,news,央广网健康-央广,“食疗调月经”有效吗？ 你是否有过这样的经历：近期学习、工作压力大，月经突然就不来了；受凉或冷饮吃多后，痛经变得格外严重――这些都是月经不调的常见表现。面对这一问题，不少人会选择吃红枣、红豆等食物，希望通过“以红养红”的方式调理，“食疗调月,2026-02-07,“食疗调月经”有效吗？ 你是否有过这样的经历：近期学习、工作压力大，月经突然就不来了；受凉或冷饮吃多后，痛经变得格外严重――这些都是月经不调的常见表现。面对这一问题，不少人会选择吃红枣、红豆等食物，希望通过“以红养红”的方式调理，“食疗调月经”真的靠谱吗？ 2026-02-07 09:34,,医疗健康新闻,https://www.cnr.cn/2014jkpd/yg/20260207/t20260207_527519210.shtml
NEWS_000301,news,央广网健康-央广,今年冬天，你想体验雪地骑马？建议先看完这篇再出发 这个冬天，雪地骑马视频又在社交平台刷屏了。白衣飘飘，策马雪原，点赞数万――但镜头之外，你知道低温骑马隐藏多少健康“暗礁”吗？从网红到普通人，每一次马背上的驰骋，都可能是一次与风险的博弈。今年,2026-02-07,今年冬天，你想体验雪地骑马？建议先看完这篇再出发 这个冬天，雪地骑马视频又在社交平台刷屏了。白衣飘飘，策马雪原，点赞数万――但镜头之外，你知道低温骑马隐藏多少健康“暗礁”吗？从网红到普通人，每一次马背上的驰骋，都可能是一次与风险的博弈。今年冬天，如果你也想去体验，请先看完由中山大学附属第七医院骨医学中心运动医学科副主任医师万俊明给出的“健康完赛指南”。 2026-02-07 09:29,,医疗健康新闻,https://www.cnr.cn/2014jkpd/yg/20260207/t20260207_527519203.shtml
NEWS_000302,news,央广网健康-央广,预制菜国家标准征求意见稿来了！ 预制菜不包括：主食类食品、净菜类食品、即食食品和中央厨房制作的菜肴，主要考虑如下。 2026-02-06 16:03,2026-02-06,预制菜国家标准征求意见稿来了！ 预制菜不包括：主食类食品、净菜类食品、即食食品和中央厨房制作的菜肴，主要考虑如下。 2026-02-06 16:03,,医疗健康新闻,https://www.cnr.cn/2014jkpd/yg/20260206/t20260206_527518467.shtml
NEWS_000303,news,央广网健康-央广,“年龄越大怀孕越难”？真的假的！ “你也老大不小了，该生小孩了”，这句话是不是很多人都听过？尤其是过了30岁，身边的催生声不断，自身的年龄焦虑也随之加剧――难道年纪增长导致生殖衰老后，就彻底无法正常生育了？ 2026-02-06 09:17,2026-02-06,“年龄越大怀孕越难”？真的假的！ “你也老大不小了，该生小孩了”，这句话是不是很多人都听过？尤其是过了30岁，身边的催生声不断，自身的年龄焦虑也随之加剧――难道年纪增长导致生殖衰老后，就彻底无法正常生育了？ 2026-02-06 09:17,,医疗健康新闻,https://www.cnr.cn/2014jkpd/yg/20260206/t20260206_527518007.shtml
NEWS_000304,news,央广网健康-央广,《中国儿童化妆品行业发展研究报告（2025）》在京发布 近日，市场监管总局发展研究中心在京召开中国化妆品行业高质量发展相关问题研讨会议，发布《中国儿童化妆品行业发展研究报告》（以下简称《报告》）。 2026-02-05 16:13,2026-02-05,《中国儿童化妆品行业发展研究报告（2025）》在京发布 近日，市场监管总局发展研究中心在京召开中国化妆品行业高质量发展相关问题研讨会议，发布《中国儿童化妆品行业发展研究报告》（以下简称《报告》）。 2026-02-05 16:13,,医疗健康新闻,https://www.cnr.cn/2014jkpd/yg/20260205/t20260205_527517206.shtml
NEWS_000305,news,央广网健康-央广,《中国化妆品质量安全发展研究报告（2025）》在京发布 近日，市场监管总局发展研究中心在京召开中国化妆品行业高质量发展相关问题研讨会议，发布《中国化妆品质量安全发展研究报告（2025）》（以下简称《报告》）。 2026-02-05 16:1,2026-02-05,《中国化妆品质量安全发展研究报告（2025）》在京发布 近日，市场监管总局发展研究中心在京召开中国化妆品行业高质量发展相关问题研讨会议，发布《中国化妆品质量安全发展研究报告（2025）》（以下简称《报告》）。 2026-02-05 16:11,,医疗健康新闻,https://www.cnr.cn/2014jkpd/yg/20260205/t20260205_527517202.shtml
NEWS_000306,news,央广网健康-央广,熬夜真的会影响生育吗？ @打工人、熬夜党！白天被工作、学习按在地上“摩擦”，深夜眼皮都在“打架”，却偏要抱着手机刷到凌晨――这波“报复性熬夜”，是不是你的日常？熬夜伤肝、伤皮肤早就不是新鲜事，但最近流传的“熬夜会影响生育力”让不少人慌了神：,2026-02-05,熬夜真的会影响生育吗？ @打工人、熬夜党！白天被工作、学习按在地上“摩擦”，深夜眼皮都在“打架”，却偏要抱着手机刷到凌晨――这波“报复性熬夜”，是不是你的日常？熬夜伤肝、伤皮肤早就不是新鲜事，但最近流传的“熬夜会影响生育力”让不少人慌了神：这是危言耸听，还是真的有科学依据？ 2026-02-05 10:38,,医疗健康新闻,https://www.cnr.cn/2014jkpd/yg/20260205/t20260205_527516848.shtml
NEWS_000307,news,央广网健康-央广,国家医保局：对精神疾病类医保定点医疗机构开展集体约谈 国家医保局今年将重点对精神类定点医疗机构开展专项飞检，对违法违规使用医保基金和自查自纠不到位的精神类定点医疗机构，将依法依规从重处理处罚，情节严重的移送公安机关。 2026-02-04,2026-02-04,国家医保局：对精神疾病类医保定点医疗机构开展集体约谈 国家医保局今年将重点对精神类定点医疗机构开展专项飞检，对违法违规使用医保基金和自查自纠不到位的精神类定点医疗机构，将依法依规从重处理处罚，情节严重的移送公安机关。 2026-02-04 18:12,,医疗健康新闻,https://www.cnr.cn/2014jkpd/yg/20260204/t20260204_527516082.shtml
NEWS_000308,news,央广网健康-央广,中医教你如何区分阴虚和阳虚，一学就会！ 中国中医科学院西苑医院综合科主任医师戎光在央广网《中华名医号》节目中详细介绍了阳虚体质人群和阴虚体质人群的典型特征。只有正确辨别自身体质，进行针对性的调理，才能避免走弯路、不踩坑。 2026-02-0,2026-02-04,中医教你如何区分阴虚和阳虚，一学就会！ 中国中医科学院西苑医院综合科主任医师戎光在央广网《中华名医号》节目中详细介绍了阳虚体质人群和阴虚体质人群的典型特征。只有正确辨别自身体质，进行针对性的调理，才能避免走弯路、不踩坑。 2026-02-04 10:34,,医疗健康新闻,https://www.cnr.cn/2014jkpd/yg/20260204/t20260204_527515510.shtml
NEWS_000309,news,央广网健康-央广,冬季养生指南：养阳气，少生病！ 中国中医科学院中医门诊部主治医师徐杨在央广网《中华名医号》节目中表示，想要扶正固本、温暖过冬，冬季养生需要遵从“顺时养阳、避寒就温”八个字。她指出，冬季作息要早睡晚起，必待天光；此外还要注重全身保暖，出门最好,2026-02-03,冬季养生指南：养阳气，少生病！ 中国中医科学院中医门诊部主治医师徐杨在央广网《中华名医号》节目中表示，想要扶正固本、温暖过冬，冬季养生需要遵从“顺时养阳、避寒就温”八个字。她指出，冬季作息要早睡晚起，必待天光；此外还要注重全身保暖，出门最好戴帽子和围巾。 2026-02-03 10:54,,医疗健康新闻,https://www.cnr.cn/2014jkpd/yg/20260203/t20260203_527514400.shtml
NEWS_000310,news,央广网健康-央广,冬季进补别瞎吃！记住这几种种子食物，助你温暖过冬 寒冬时节，养生重在“藏”与“温”。中国中医科学院中医门诊部主治医师徐杨提醒，冬季饮食应以温补滋肾、健脾和胃为主。 2026-02-02 17:08,2026-02-02,冬季进补别瞎吃！记住这几种种子食物，助你温暖过冬 寒冬时节，养生重在“藏”与“温”。中国中医科学院中医门诊部主治医师徐杨提醒，冬季饮食应以温补滋肾、健脾和胃为主。 2026-02-02 17:08,,医疗健康新闻,https://www.cnr.cn/2014jkpd/yg/20260202/t20260202_527513633.shtml
NEWS_000311,news,央广网健康-央广,一个关灯动作竟致胸椎骨折 医生：警惕“隐蔽的杀手” 骨质疏松被称为“隐蔽的杀手”，大多数患者在早期没有症状，随着年龄增长，人体骨质会出现流失，导致骨头“变脆”，晚期患者会出现全身关节酸痛，甚至稍有不慎受到磕碰便会骨折。 2026-02-02,2026-02-02,一个关灯动作竟致胸椎骨折 医生：警惕“隐蔽的杀手” 骨质疏松被称为“隐蔽的杀手”，大多数患者在早期没有症状，随着年龄增长，人体骨质会出现流失，导致骨头“变脆”，晚期患者会出现全身关节酸痛，甚至稍有不慎受到磕碰便会骨折。 2026-02-02 15:15,,医疗健康新闻,https://www.cnr.cn/2014jkpd/yg/20260202/t20260202_527513504.shtml
NEWS_000312,news,央广网健康-央广,“冬藏”怎么藏？专家讲解冬季养生三要点 中国中医科学院中医门诊部主治医师徐杨在央广网《中华名医号》节目中介绍，“冬藏”的核心原则就是要在冬天“养藏”，她揭示了冬季“养藏”主要体现在三个方面。掌握这些蕴含千年智慧的养生之道，让您在凛冽冬日也能,2026-02-01,“冬藏”怎么藏？专家讲解冬季养生三要点 中国中医科学院中医门诊部主治医师徐杨在央广网《中华名医号》节目中介绍，“冬藏”的核心原则就是要在冬天“养藏”，她揭示了冬季“养藏”主要体现在三个方面。掌握这些蕴含千年智慧的养生之道，让您在凛冽冬日也能由内而外温暖充盈，安稳迎接新春的到来。 2026-02-01 17:33,,医疗健康新闻,https://www.cnr.cn/2014jkpd/yg/20260201/t20260201_527512865.shtml
NEWS_000313,news,央广网健康-央广,我国约1.3亿人被它折磨，这种常见病为什么被忽视？ 偏头痛发作时痛到无法正常工作学习，甚至因剧烈不适呕吐至崩溃。此时需要立刻静养并在医生指导下合理用药，平时做好记录头痛日记、调整工作习惯、饮食调整、选对运动和心理调节能有效预防。 2026-,2026-01-31,我国约1.3亿人被它折磨，这种常见病为什么被忽视？ 偏头痛发作时痛到无法正常工作学习，甚至因剧烈不适呕吐至崩溃。此时需要立刻静养并在医生指导下合理用药，平时做好记录头痛日记、调整工作习惯、饮食调整、选对运动和心理调节能有效预防。 2026-01-31 09:49,,医疗健康新闻,https://www.cnr.cn/2014jkpd/yg/20260131/t20260131_527511664.shtml
NEWS_000314,news,央广网健康-央广,胸闷先别慌，可能是它在搞鬼 首都医科大学宣武医院急诊/全科主任医师李力卓在央广网《中华名医号》节目中指出，胸闷的发生机制可分为结构性与情绪性两类。 2026-01-30 11:02,2026-01-30,胸闷先别慌，可能是它在搞鬼 首都医科大学宣武医院急诊/全科主任医师李力卓在央广网《中华名医号》节目中指出，胸闷的发生机制可分为结构性与情绪性两类。 2026-01-30 11:02,,医疗健康新闻,https://www.cnr.cn/2014jkpd/yg/20260130/t20260130_527510691.shtml
NEWS_000315,news,央广网健康-央广,专家详解：总是失眠，可能是体质问题 北京四惠中医医院主任医师张波在央广网《中华名医号》节目中介绍，失眠背后藏着不同的体质密码――有人因“火”而烦躁难眠，有人因“虚”而浅睡易醒。 2026-01-29 10:35,2026-01-29,专家详解：总是失眠，可能是体质问题 北京四惠中医医院主任医师张波在央广网《中华名医号》节目中介绍，失眠背后藏着不同的体质密码――有人因“火”而烦躁难眠，有人因“虚”而浅睡易醒。 2026-01-29 10:35,,医疗健康新闻,https://www.cnr.cn/2014jkpd/yg/20260129/t20260129_527509595.shtml
NEWS_000316,news,央广网健康-央广,新版《药品管理法实施条例》将带来哪些利好？一图读懂 1月27日，新修订的《中华人民共和国药品管理法实施条例》（以下简称《条例》）正式发布，并将于2026年5月15日起施行。条例重点修订了哪些内容？又将给公众带来哪些利好？ 2026-01-2,2026-05-15,新版《药品管理法实施条例》将带来哪些利好？一图读懂 1月27日，新修订的《中华人民共和国药品管理法实施条例》（以下简称《条例》）正式发布，并将于2026年5月15日起施行。条例重点修订了哪些内容？又将给公众带来哪些利好？ 2026-01-28 14:21,,医疗健康新闻,https://www.cnr.cn/2014jkpd/yg/20260128/t20260128_527508681.shtml
NEWS_000317,news,央广网健康-央广,冬主收藏吃什么？中医给你划重点 中国中医科学院西苑医院综合科主任医师戎光在央广网《中华名医号》节目中结合中医经典理论，为大家梳理了冬季饮食的核心原则，并推荐当令食材与水果，帮助大家通过日常饮食科学积蓄能量，平安度过冬天。 2026-01-2,2026-01-28,冬主收藏吃什么？中医给你划重点 中国中医科学院西苑医院综合科主任医师戎光在央广网《中华名医号》节目中结合中医经典理论，为大家梳理了冬季饮食的核心原则，并推荐当令食材与水果，帮助大家通过日常饮食科学积蓄能量，平安度过冬天。 2026-01-28 10:51,,医疗健康新闻,https://www.cnr.cn/2014jkpd/yg/20260128/t20260128_527508533.shtml
NEWS_000318,news,央广网健康-央广,冬季泡脚常见误区，你中招了吗？ 北京四惠中医医院主任医师张波在央广网《中华名医号》节目中指出，冬季泡脚时存在不少常见误区，比如泡脚水的温度不当、泡脚时间过长，以及不考虑自身体质状况盲目添加药材泡脚等。 2026-01-27 13:46,2026-01-27,冬季泡脚常见误区，你中招了吗？ 北京四惠中医医院主任医师张波在央广网《中华名医号》节目中指出，冬季泡脚时存在不少常见误区，比如泡脚水的温度不当、泡脚时间过长，以及不考虑自身体质状况盲目添加药材泡脚等。 2026-01-27 13:46,,医疗健康新闻,https://www.cnr.cn/2014jkpd/yg/20260127/t20260127_527507492.shtml
NEWS_000319,news,央广网健康-央广,强化基层医疗服务体系建设，“十五五”这样发力 目前，全国县办中医医疗机构覆盖率已经达到96%以上，基层医疗卫生机构中医馆的覆盖率已经达到97%，99%的乡镇卫生院和社区卫生服务中心能够提供中医药服务，群众看中医的可及性和便利性得到了明显的提,2026-01-26,强化基层医疗服务体系建设，“十五五”这样发力 目前，全国县办中医医疗机构覆盖率已经达到96%以上，基层医疗卫生机构中医馆的覆盖率已经达到97%，99%的乡镇卫生院和社区卫生服务中心能够提供中医药服务，群众看中医的可及性和便利性得到了明显的提升。 2026-01-26 17:55,,医疗健康新闻,https://www.cnr.cn/2014jkpd/yg/20260126/t20260126_527506666.shtml
NEWS_000320,news,央广网健康-央广,尼帕病毒到底有多危险？一图读懂防护要点 近日，印度出现尼帕病毒疫情，引起广泛关注。据悉，目前尚无专门针对尼帕病毒的疫苗和有效疗法。尼帕病毒到底是种什么病毒？其传播途径如何？感染症状有哪些？又该如何有效预防？ 2026-01-26 17:46,2026-01-26,尼帕病毒到底有多危险？一图读懂防护要点 近日，印度出现尼帕病毒疫情，引起广泛关注。据悉，目前尚无专门针对尼帕病毒的疫苗和有效疗法。尼帕病毒到底是种什么病毒？其传播途径如何？感染症状有哪些？又该如何有效预防？ 2026-01-26 17:46,,医疗健康新闻,https://www.cnr.cn/2014jkpd/yg/20260126/t20260126_527506651.shtml
NEWS_000321,news,央广网健康-央广,专家教你食补提升免疫力 针对不同体质人群，她建议，体质偏寒者可多食用温补食材，体质偏热者则宜选择清热利湿的食物。从药食同源的理念到具体的烹饪方法，利用日常食材构建坚实的健康屏障，让食补成为守护健康、抵御疾病的首道智慧防线。 2026-01-,2026-01-24,专家教你食补提升免疫力 针对不同体质人群，她建议，体质偏寒者可多食用温补食材，体质偏热者则宜选择清热利湿的食物。从药食同源的理念到具体的烹饪方法，利用日常食材构建坚实的健康屏障，让食补成为守护健康、抵御疾病的首道智慧防线。 2026-01-24 10:29,,医疗健康新闻,https://www.cnr.cn/2014jkpd/yg/20260124/t20260124_527504772.shtml
NEWS_000322,news,央广网健康-央广,身体免疫力是越高越好吗？ 中国中医科学院西苑医院风湿病科副主任医师董菲在央广网《中华名医号》节目中指出，当免疫系统过度亢进时，可能会错误攻击自身的正常细胞和组织，从而引发过敏性鼻炎、皮疹等自身免疫性疾病。因此，自身免疫力并非越强就越好。 2,2026-01-23,身体免疫力是越高越好吗？ 中国中医科学院西苑医院风湿病科副主任医师董菲在央广网《中华名医号》节目中指出，当免疫系统过度亢进时，可能会错误攻击自身的正常细胞和组织，从而引发过敏性鼻炎、皮疹等自身免疫性疾病。因此，自身免疫力并非越强就越好。 2026-01-23 11:01,,医疗健康新闻,https://www.cnr.cn/2014jkpd/yg/20260123/t20260123_527503699.shtml
NEWS_000323,news,央广网健康-央广,中医药溯源 | 艾香氤氲大凉山 产业振兴谱新章 翻过一道山垭，位于普格县的大凉山高原生态艾草产业化基地映入眼帘。一场“中华名医号・中医药溯源”特别节目――“遇见‘高原艾’”的探秘之旅在此正式启程。 2026-01-23 08:54,2026-01-23,中医药溯源 | 艾香氤氲大凉山 产业振兴谱新章 翻过一道山垭，位于普格县的大凉山高原生态艾草产业化基地映入眼帘。一场“中华名医号・中医药溯源”特别节目――“遇见‘高原艾’”的探秘之旅在此正式启程。 2026-01-23 08:54,,医疗健康新闻,https://www.cnr.cn/2014jkpd/yg/20260123/t20260123_527503478.shtml
NEWS_000324,news,央广网健康-央广,普通食品变身“助眠神器”，是食疗良方还是营销套路？ 在睡眠经济的风口之下，普通食品摇身一变成为“助眠神器”，打擦边球宣传助眠功效，令不少消费者难辨真假。 2026-01-21 12:46,2026-01-21,普通食品变身“助眠神器”，是食疗良方还是营销套路？ 在睡眠经济的风口之下，普通食品摇身一变成为“助眠神器”，打擦边球宣传助眠功效，令不少消费者难辨真假。 2026-01-21 12:46,,医疗健康新闻,https://www.cnr.cn/2014jkpd/yg/20260121/t20260121_527501452.shtml
NEWS_000325,news,央广网健康-央广,你真的了解艾灸吗？揭开艾灸的神奇与禁忌 1月22日，“中华名医号・中医药溯源”节目将通过镜头，带广大网友一同走进位于四川省凉山彝族自治州的普格县，走进大凉山高原生态艾草产业化基地。 2026-01-21 11:14,2026-01-21,你真的了解艾灸吗？揭开艾灸的神奇与禁忌 1月22日，“中华名医号・中医药溯源”节目将通过镜头，带广大网友一同走进位于四川省凉山彝族自治州的普格县，走进大凉山高原生态艾草产业化基地。 2026-01-21 11:14,,医疗健康新闻,https://www.cnr.cn/2014jkpd/yg/20260121/t20260121_527501405.shtml
NEWS_000326,news,央广网健康-央广,总靠咖啡提神真的好吗？ 中国中医科学院西苑医院风湿病科副主任医师董菲在央广网《中华名医号》节目中指出，偶尔喝杯咖啡提神并无不可，但长期过度依赖咖啡提神，可能会掩盖更深层次的睡眠不足或压力问题，甚至可能引发心律失常等不适症状。 2026-01,2026-01-21,总靠咖啡提神真的好吗？ 中国中医科学院西苑医院风湿病科副主任医师董菲在央广网《中华名医号》节目中指出，偶尔喝杯咖啡提神并无不可，但长期过度依赖咖啡提神，可能会掩盖更深层次的睡眠不足或压力问题，甚至可能引发心律失常等不适症状。 2026-01-21 10:57,,医疗健康新闻,https://www.cnr.cn/2014jkpd/yg/20260121/t20260121_527501357.shtml
NEWS_000327,news,央广网健康-央广,红糖水喝多了会让肝脏“长脓包”？医生：红糖并非直接致病因素 清华大学北京清华长庚医院肝胆内科主治医师赵凯越指出，肝脓肿的典型症状是发热（常常是高烧）和右上腹疼痛。有效预防肝肿脓，需要关注代谢健康、定期体检，任何饮食都要有度，并对不明原因发热,2026-01-21,红糖水喝多了会让肝脏“长脓包”？医生：红糖并非直接致病因素 清华大学北京清华长庚医院肝胆内科主治医师赵凯越指出，肝脓肿的典型症状是发热（常常是高烧）和右上腹疼痛。有效预防肝肿脓，需要关注代谢健康、定期体检，任何饮食都要有度，并对不明原因发热保持警惕。 2026-01-21 09:52,,医疗健康新闻,https://www.cnr.cn/2014jkpd/yg/20260121/t20260121_527501280.shtml
NEWS_000328,news,央广网健康-央广,大寒进补“贵”不如“对” 广东省中医院院长张忠德教你这样补 那么，我们应该如何顺应时节适当进补？如何判断自己是否补过火了？日前，广东省中医院院长张忠德接受央广网记者的采访，并给出了解答。 2026-01-20 10:29,2026-01-20,大寒进补“贵”不如“对” 广东省中医院院长张忠德教你这样补 那么，我们应该如何顺应时节适当进补？如何判断自己是否补过火了？日前，广东省中医院院长张忠德接受央广网记者的采访，并给出了解答。 2026-01-20 10:29,,医疗健康新闻,https://www.cnr.cn/2014jkpd/yg/20260120/t20260120_527499890.shtml
NEWS_000329,news,央广网健康-央广,岁末最冷时，运动要不要停？广东省中医院院长张忠德教你“微动养阳”护健康 冬季养生讲究“静养藏阳”，这是否意味着要彻底告别运动，一味窝在家中？对此，广东省中医院院长张忠德日前接受央广网记者的采访，并给出了解答。 2026-01-19 10:3,2026-01-19,岁末最冷时，运动要不要停？广东省中医院院长张忠德教你“微动养阳”护健康 冬季养生讲究“静养藏阳”，这是否意味着要彻底告别运动，一味窝在家中？对此，广东省中医院院长张忠德日前接受央广网记者的采访，并给出了解答。 2026-01-19 10:35,,医疗健康新闻,https://www.cnr.cn/2014jkpd/yg/20260119/t20260119_527498438.shtml
NEWS_000330,news,央广网健康-央广,"咽喉痛也能进ICU？警惕急性会厌炎 近日，陕西西安一名中年男子因喉咙剧痛在1小时内被紧急送入ICU抢救的病例引发关注，其元凶是被称为""喉部杀手""的急性会厌炎――这种疾病进展速度以分钟计算，从普通喉咙痛到濒临窒息最快仅需数小时。 2026-0",2026-01-18,"咽喉痛也能进ICU？警惕急性会厌炎 近日，陕西西安一名中年男子因喉咙剧痛在1小时内被紧急送入ICU抢救的病例引发关注，其元凶是被称为""喉部杀手""的急性会厌炎――这种疾病进展速度以分钟计算，从普通喉咙痛到濒临窒息最快仅需数小时。 2026-01-18 14:39",,医疗健康新闻,https://www.cnr.cn/2014jkpd/yg/20260118/t20260118_527497478.shtml
NEWS_000331,news,央广网健康-央广,千万别混淆！抑郁情绪≠抑郁症 北京中医药大学东直门医院心理门诊主治医师简文佳在央广网《中华名医号》节目中指出，抑郁障碍的表现形式多样，因人而异，出现抑郁情绪并不等同于患上抑郁症。 2026-01-18 10:01,2026-01-18,千万别混淆！抑郁情绪≠抑郁症 北京中医药大学东直门医院心理门诊主治医师简文佳在央广网《中华名医号》节目中指出，抑郁障碍的表现形式多样，因人而异，出现抑郁情绪并不等同于患上抑郁症。 2026-01-18 10:01,,医疗健康新闻,https://www.cnr.cn/2014jkpd/yg/20260118/t20260118_527497270.shtml
NEWS_000332,news,央广网健康-央广,免疫密码藏在三餐里 首都医科大学附属北京潞河医院营养科主治医师陆霜梅在央广网《中华名医号》节目中表示，营养对增强免疫力具有重要作用。 2026-01-17 09:25,2026-01-17,免疫密码藏在三餐里 首都医科大学附属北京潞河医院营养科主治医师陆霜梅在央广网《中华名医号》节目中表示，营养对增强免疫力具有重要作用。 2026-01-17 09:25,,医疗健康新闻,https://www.cnr.cn/2014jkpd/yg/20260117/t20260117_527496294.shtml
NEWS_000333,news,央广网健康-央广,医保药品比价小程序全国全部上线 截至目前，全国31个省（区、市）及新疆生产建设兵团已全部完成小程序上线工作，实现全域覆盖、全民可及，让各地参保群众都能享受到便捷的比价服务。 2026-01-16 20:01,2026-01-16,医保药品比价小程序全国全部上线 截至目前，全国31个省（区、市）及新疆生产建设兵团已全部完成小程序上线工作，实现全域覆盖、全民可及，让各地参保群众都能享受到便捷的比价服务。 2026-01-16 20:01,,医疗健康新闻,https://www.cnr.cn/2014jkpd/yg/20260116/t20260116_527495782.shtml
NEWS_000334,news,央广网健康-央广,被苹果的“养生花式吃法”刷屏了！中医提醒：辨体质吃对才养人 苹果花式养生吃法刷屏，中医提醒需辨体质选择。煮、蒸、烤吃法营养功效各异，脾胃虚寒者宜吃熟苹果，糖尿病患者要控量，同时需避开带皮吃、加冰糖等养生误区。 2026-01-16 18:0,2026-01-16,被苹果的“养生花式吃法”刷屏了！中医提醒：辨体质吃对才养人 苹果花式养生吃法刷屏，中医提醒需辨体质选择。煮、蒸、烤吃法营养功效各异，脾胃虚寒者宜吃熟苹果，糖尿病患者要控量，同时需避开带皮吃、加冰糖等养生误区。 2026-01-16 18:04,,医疗健康新闻,https://www.cnr.cn/2014jkpd/yg/20260116/t20260116_527495642.shtml
NEWS_000335,news,央广网健康-央广,心脏里的隐形缝隙 竟会威胁全身血管 清华大学第一附属医院心脏外科主任医师徐忠华在央广网《中华名医号》节目中介绍，这里的“小心眼”指的是心脏上的卵圆孔未闭。卵圆孔是胚胎时期心脏房间隔的一个生理性通道。 2026-01-16 10:45,2026-01-16,心脏里的隐形缝隙 竟会威胁全身血管 清华大学第一附属医院心脏外科主任医师徐忠华在央广网《中华名医号》节目中介绍，这里的“小心眼”指的是心脏上的卵圆孔未闭。卵圆孔是胚胎时期心脏房间隔的一个生理性通道。 2026-01-16 10:45,,医疗健康新闻,https://www.cnr.cn/2014jkpd/yg/20260116/t20260116_527495183.shtml
NEWS_000336,news,央广网健康-央广,换个柚子叶头像=“转运”？这届年轻人，为何如此钟爱柚子叶？ 最近，不少年轻人在社交平台上晒出柚子叶――有的拿来当头像“接好运”，有的做成表情包，还有的用它煮水擦身、悬挂门前。这枚带着清新香气的绿叶，从岭南传统民俗里的“祥瑞符号”，一跃成为年,2026-01-16,换个柚子叶头像=“转运”？这届年轻人，为何如此钟爱柚子叶？ 最近，不少年轻人在社交平台上晒出柚子叶――有的拿来当头像“接好运”，有的做成表情包，还有的用它煮水擦身、悬挂门前。这枚带着清新香气的绿叶，从岭南传统民俗里的“祥瑞符号”，一跃成为年轻人追捧的“转运神叶”。在这股新潮用法的背后，究竟是民俗心理的延续，还是它本身就有被我们忽视的实用价值？对此，央广网记者采访了广东省中医院主任中药师楼步青，他将从中医药学的角度，和大家聊聊这枚叶子的“另一面”。 2026-01-16 09:35,,医疗健康新闻,https://www.cnr.cn/2014jkpd/yg/20260116/t20260116_527495100.shtml
NEWS_000337,news,央广网健康-央广,“抗肿瘤药物会伤害正常细胞”，这个说法对吗？ 治肿瘤，到底是“用药救命”，还是“用药伤身”？在治疗肿瘤的过程中，“抗肿瘤药物敌我不分，用药会拖垮身体、加速病情恶化”的说法流传甚广，让不少患者及其家属在治疗的十字路口左右为难，那么，这种说法正,2026-01-15,“抗肿瘤药物会伤害正常细胞”，这个说法对吗？ 治肿瘤，到底是“用药救命”，还是“用药伤身”？在治疗肿瘤的过程中，“抗肿瘤药物敌我不分，用药会拖垮身体、加速病情恶化”的说法流传甚广，让不少患者及其家属在治疗的十字路口左右为难，那么，这种说法正确吗？在治疗过程中出现了副反应怎么办？近日，上海市东方医院肿瘤科副主任周斐接受了央广网记者的采访，并给出了专业解答。 2026-01-15 10:30,,医疗健康新闻,https://www.cnr.cn/2014jkpd/yg/20260115/t20260115_527494042.shtml
NEWS_000338,news,央广网健康-央广,被困住的情绪 焦虑和抑郁是两码事 北京中医药大学东直门医院心理门诊主治医师简文佳在央广网《中华名医号》节目中指出，焦虑的核心表现是紧张恐惧和担忧，是对未来的过度忧虑；而抑郁的主要特征则是情绪低落、快感缺失以及精力体力的下降，就像情绪被牢牢困,2026-01-14,被困住的情绪 焦虑和抑郁是两码事 北京中医药大学东直门医院心理门诊主治医师简文佳在央广网《中华名医号》节目中指出，焦虑的核心表现是紧张恐惧和担忧，是对未来的过度忧虑；而抑郁的主要特征则是情绪低落、快感缺失以及精力体力的下降，就像情绪被牢牢困住了一样。 2026-01-14 10:33,,医疗健康新闻,https://www.cnr.cn/2014jkpd/yg/20260114/t20260114_527492945.shtml
NEWS_000339,news,央广网健康-健康今日热点,如何让孩子“生得安、育得好、长得健”？国家卫健委给出路径 坚持健康优先发展战略，强化儿童健康“防、筛、诊、治、康、管”系统连续服务，围绕着“生得安、育得好、长得健”，强化从出生到青春期的全过程健康服务。 2026-06-01 17:08,2026-06-01,如何让孩子“生得安、育得好、长得健”？国家卫健委给出路径 坚持健康优先发展战略，强化儿童健康“防、筛、诊、治、康、管”系统连续服务，围绕着“生得安、育得好、长得健”，强化从出生到青春期的全过程健康服务。 2026-06-01 17:08,,医疗健康新闻,https://www.cnr.cn/2014jkpd/jkjrjd/20260601/t20260601_527643523.shtml
NEWS_000340,news,央广网健康-健康今日热点,剪网线对抗检查、护肤品变“医保药”……多家药店被曝光 自2026年5月14日起，国家医保局在全国范围内开展定点零售药店违法违规使用医保基金专项飞检。 2026-05-27 14:39,2026-05-14,剪网线对抗检查、护肤品变“医保药”……多家药店被曝光 自2026年5月14日起，国家医保局在全国范围内开展定点零售药店违法违规使用医保基金专项飞检。 2026-05-27 14:39,,医疗健康新闻,https://www.cnr.cn/2014jkpd/jkjrjd/20260527/t20260527_527637369.shtml
NEWS_000341,news,央广网健康-健康今日热点,医保个账支付白名单制度将释放哪些利好？专家解读 医保局等发文要求9月底前出台医保个人账户购药支付白名单，严控非医药类消费。新规划定支付范围，可付流感疫苗费用，能守护医保基金，便民购药并促药店规范经营。 2026-05-21 15:22,2026-05-21,医保个账支付白名单制度将释放哪些利好？专家解读 医保局等发文要求9月底前出台医保个人账户购药支付白名单，严控非医药类消费。新规划定支付范围，可付流感疫苗费用，能守护医保基金，便民购药并促药店规范经营。 2026-05-21 15:22,,医疗健康新闻,https://www.cnr.cn/2014jkpd/jkjrjd/20260521/t20260521_527629502.shtml
NEWS_000342,news,央广网健康-健康今日热点,七部门联合发布新版《医药代表管理办法》 8月1日起施行 2026年5月7日，国家药监局、公安部、卫健委、医保局等七部门，联合正式发布新版《医药代表管理办法》，8月1日起全国正式施行。 2026-05-08 11:16,2026-05-07,七部门联合发布新版《医药代表管理办法》 8月1日起施行 2026年5月7日，国家药监局、公安部、卫健委、医保局等七部门，联合正式发布新版《医药代表管理办法》，8月1日起全国正式施行。 2026-05-08 11:16,,医疗健康新闻,https://www.cnr.cn/2014jkpd/jkjrjd/20260508/t20260508_527613603.shtml
NEWS_000343,news,央广网健康-健康今日热点,破解儿童用药难 八部门发文改革完善儿童用药供应保障机制 《实施意见》还对创新儿童中医药研发机制、强化质量监管、加强知识产权保护、加大儿科药学服务供给和加强儿童用药宣传等方面提出明确要求。 2026-05-07 17:33,2026-05-07,破解儿童用药难 八部门发文改革完善儿童用药供应保障机制 《实施意见》还对创新儿童中医药研发机制、强化质量监管、加强知识产权保护、加大儿科药学服务供给和加强儿童用药宣传等方面提出明确要求。 2026-05-07 17:33,,医疗健康新闻,https://www.cnr.cn/2014jkpd/jkjrjd/20260507/t20260507_527612829.shtml
NEWS_000344,news,央广网健康-健康今日热点,长期护理保险：以制度温度与产业协同构建“老有所护”新范式 长护险所构建的，是一个让每个生命都能有尊严地老去的制度保障，它丈量着一个国家的发展温度，也定义着一个时代的文明高度。 2026-03-26 11:57,2026-03-26,长期护理保险：以制度温度与产业协同构建“老有所护”新范式 长护险所构建的，是一个让每个生命都能有尊严地老去的制度保障，它丈量着一个国家的发展温度，也定义着一个时代的文明高度。 2026-03-26 11:57,,医疗健康新闻,https://www.cnr.cn/2014jkpd/jkjrjd/20260326/t20260326_527563257.shtml
NEWS_000345,news,央广网健康-健康今日热点,《2025年医疗保障事业发展统计快报》发布 国家医保局发起建设的中国药品价格登记系统2025年12月上线运行，截至2026年2月，总访问量达百万次，已为15家企业开具药品价格证明，实现中国医药“价格身份证”海外版零的突破。 2026-03-,2026-03-16,《2025年医疗保障事业发展统计快报》发布 国家医保局发起建设的中国药品价格登记系统2025年12月上线运行，截至2026年2月，总访问量达百万次，已为15家企业开具药品价格证明，实现中国医药“价格身份证”海外版零的突破。 2026-03-16 16:04,,医疗健康新闻,https://www.cnr.cn/2014jkpd/jkjrjd/20260316/t20260316_527553130.shtml
NEWS_000346,news,央广网健康-健康今日热点,国家卫健委：启动实施卫生健康领域科研诚信专项治理，为期3年 《方案》明确启动实施为期3年的卫生健康领域科研诚信专项治理，从8个方面综合采取17项重点任务措施，下大力气扭转卫生健康领域存在的科研失信情况多发态势。 2026-02-28 17:,2026-02-28,国家卫健委：启动实施卫生健康领域科研诚信专项治理，为期3年 《方案》明确启动实施为期3年的卫生健康领域科研诚信专项治理，从8个方面综合采取17项重点任务措施，下大力气扭转卫生健康领域存在的科研失信情况多发态势。 2026-02-28 17:39,,医疗健康新闻,https://www.cnr.cn/2014jkpd/jkjrjd/20260228/t20260228_527538809.shtml
NEWS_000347,news,央广网健康-健康今日热点,国家医保局：对精神疾病类医保定点医疗机构开展集体约谈 国家医保局今年将重点对精神类定点医疗机构开展专项飞检，对违法违规使用医保基金和自查自纠不到位的精神类定点医疗机构，将依法依规从重处理处罚，情节严重的移送公安机关。 2026-02-04,2026-02-04,国家医保局：对精神疾病类医保定点医疗机构开展集体约谈 国家医保局今年将重点对精神类定点医疗机构开展专项飞检，对违法违规使用医保基金和自查自纠不到位的精神类定点医疗机构，将依法依规从重处理处罚，情节严重的移送公安机关。 2026-02-04 18:12,,医疗健康新闻,https://www.cnr.cn/2014jkpd/jkjrjd/20260204/t20260204_527516082.shtml
NEWS_000348,news,央广网健康-健康今日热点,新版《药品管理法实施条例》将带来哪些利好？一图读懂 1月27日，新修订的《中华人民共和国药品管理法实施条例》（以下简称《条例》）正式发布，并将于2026年5月15日起施行。条例重点修订了哪些内容？又将给公众带来哪些利好？ 2026-01-2,2026-05-15,新版《药品管理法实施条例》将带来哪些利好？一图读懂 1月27日，新修订的《中华人民共和国药品管理法实施条例》（以下简称《条例》）正式发布，并将于2026年5月15日起施行。条例重点修订了哪些内容？又将给公众带来哪些利好？ 2026-01-28 14:21,,医疗健康新闻,https://www.cnr.cn/2014jkpd/jkjrjd/20260128/t20260128_527508681.shtml
NEWS_000349,news,央广网健康-健康今日热点,强化基层医疗服务体系建设，“十五五”这样发力 目前，全国县办中医医疗机构覆盖率已经达到96%以上，基层医疗卫生机构中医馆的覆盖率已经达到97%，99%的乡镇卫生院和社区卫生服务中心能够提供中医药服务，群众看中医的可及性和便利性得到了明显的提,2026-01-26,强化基层医疗服务体系建设，“十五五”这样发力 目前，全国县办中医医疗机构覆盖率已经达到96%以上，基层医疗卫生机构中医馆的覆盖率已经达到97%，99%的乡镇卫生院和社区卫生服务中心能够提供中医药服务，群众看中医的可及性和便利性得到了明显的提升。 2026-01-26 17:55,,医疗健康新闻,https://www.cnr.cn/2014jkpd/jkjrjd/20260126/t20260126_527506666.shtml
NEWS_000350,news,央广网健康-健康今日热点,预制菜国家标准征求意见稿来了！ 预制菜不包括：主食类食品、净菜类食品、即食食品和中央厨房制作的菜肴，主要考虑如下。 2026-02-06 16:03,2026-02-06,预制菜国家标准征求意见稿来了！ 预制菜不包括：主食类食品、净菜类食品、即食食品和中央厨房制作的菜肴，主要考虑如下。 2026-02-06 16:03,,医疗健康新闻,https://www.cnr.cn/2014jkpd/jkjrjd/20260206/t20260206_527518467.shtml
NEWS_000351,news,央广网健康-健康今日热点,医保个人账户跨省共济，将全国推行！异地近亲属就医购药，可直接支付 1月9日，国家医保局会同财政部发布《关于做好职工基本医疗保险个人账户跨省共济工作的通知》，进一步优化个人账户共济政策，打破地域限制，强化家庭互助功能，将职工基本医疗保险个人账,2026-01-09,医保个人账户跨省共济，将全国推行！异地近亲属就医购药，可直接支付 1月9日，国家医保局会同财政部发布《关于做好职工基本医疗保险个人账户跨省共济工作的通知》，进一步优化个人账户共济政策，打破地域限制，强化家庭互助功能，将职工基本医疗保险个人账户共济范围从省内拓展至全国。 2026-01-09 14:48,,医疗健康新闻,https://www.cnr.cn/2014jkpd/jkjrjd/20260109/t20260109_527488280.shtml
NEWS_000352,news,央广网健康-健康今日热点,国家药监局：助力创新药“中国首发” 我国将对新机制、新靶点的创新药，在沟通交流、临床试验、注册申报、审评审批全链条强化服务支持，助力创新药“中国首发”。这是国家药监局局长李利在1月6日召开的全国药品监督管理工作会议上介绍的工作部署。 202,2026-01-08,国家药监局：助力创新药“中国首发” 我国将对新机制、新靶点的创新药，在沟通交流、临床试验、注册申报、审评审批全链条强化服务支持，助力创新药“中国首发”。这是国家药监局局长李利在1月6日召开的全国药品监督管理工作会议上介绍的工作部署。 2026-01-08 14:26,,医疗健康新闻,https://www.cnr.cn/2014jkpd/jkjrjd/20260108/t20260108_527486941.shtml
NEWS_000353,news,央广网健康-健康今日热点,有福之州 安育福娃 福州推出“医保+一条龙服务”生育支持政策包，2026年1月1日起实施，实现生育医保范围内无自付，从生育、育幼、住房、教育等多方面减负保障，配套便捷服务与落实举措，全方位助力人口高质量发展。 2025-12-31 10:4,2026-01-01,有福之州 安育福娃 福州推出“医保+一条龙服务”生育支持政策包，2026年1月1日起实施，实现生育医保范围内无自付，从生育、育幼、住房、教育等多方面减负保障，配套便捷服务与落实举措，全方位助力人口高质量发展。 2025-12-31 10:43,,医疗健康新闻,https://www.cnr.cn/2014jkpd/jkjrjd/20251231/t20251231_527478643.shtml
NEWS_000354,news,央广网健康-健康今日热点,第十一批国家组织药品集采开标 纳入55种药品 10月27日，第十一批国家组织药品集中带量采购产生中选结果。此次集采共纳入55种药品，全国共4.6万家医药机构参加报量，445家企业的794个产品参与投标，其中272家企业的453个产品获得拟中,2025-10-28,第十一批国家组织药品集采开标 纳入55种药品 10月27日，第十一批国家组织药品集中带量采购产生中选结果。此次集采共纳入55种药品，全国共4.6万家医药机构参加报量，445家企业的794个产品参与投标，其中272家企业的453个产品获得拟中选资格。 2025-10-28 19:03,,医疗健康新闻,https://www.cnr.cn/2014jkpd/jkjrjd/20251028/t20251028_527410839.shtml
NEWS_000355,news,央广网健康-健康今日热点,世界卒中日| 卒中发病年轻化 识别早期“信号”很重要 45岁以下的中青年卒中的发病率呈逐年上升趋势。“卒中发作时，时间就是大脑。”首都医科大学附属北京天坛医院主任医师缪中荣提示，每耽误1分钟大概有200万的脑细胞死亡，因此，早期识别、及早就,2025-10-29,世界卒中日| 卒中发病年轻化 识别早期“信号”很重要 45岁以下的中青年卒中的发病率呈逐年上升趋势。“卒中发作时，时间就是大脑。”首都医科大学附属北京天坛医院主任医师缪中荣提示，每耽误1分钟大概有200万的脑细胞死亡，因此，早期识别、及早就医非常重要。 2025-10-29 09:22,,医疗健康新闻,https://www.cnr.cn/2014jkpd/jkjrjd/20251029/t20251029_527411410.shtml
NEWS_000356,news,央广网健康-健康今日热点,酒精浓度越高消毒效果越好？专家回应 立冬是冬季的首个节气，立冬后日照时间渐短，寒意渐浓，室内活动增加，流感、肺炎等呼吸道疾病的发病风险随之上升，及时做好消毒工作的重要性不言而喻。专家表示，酒精作为一款常用的消毒剂，具有消毒作用快、无残留等优,2025-11-06,酒精浓度越高消毒效果越好？专家回应 立冬是冬季的首个节气，立冬后日照时间渐短，寒意渐浓，室内活动增加，流感、肺炎等呼吸道疾病的发病风险随之上升，及时做好消毒工作的重要性不言而喻。专家表示，酒精作为一款常用的消毒剂，具有消毒作用快、无残留等优点，因此在家庭中广泛使用，不过，关于酒精的使用需要遵循科学的方法。 2025-11-06 16:55,,医疗健康新闻,https://www.cnr.cn/2014jkpd/jkjrjd/20251106/t20251106_527421307.shtml
NEWS_000357,news,央广网健康-健康今日热点,专家：冬季进补，这几类人群应慎用膏方 11月6日下午，国家卫健委召开新闻发布会，介绍时令节气与健康（立冬）有关情况。立冬是冬季的首个节气。中医认为，冬季主藏，是进补的最佳时节，在民间更是流行用“膏方”进补。 2025-11-06 16:55,2025-11-06,专家：冬季进补，这几类人群应慎用膏方 11月6日下午，国家卫健委召开新闻发布会，介绍时令节气与健康（立冬）有关情况。立冬是冬季的首个节气。中医认为，冬季主藏，是进补的最佳时节，在民间更是流行用“膏方”进补。 2025-11-06 16:55,,医疗健康新闻,https://www.cnr.cn/2014jkpd/jkjrjd/20251106/t20251106_527421306.shtml
NEWS_000358,news,央广网健康-健康今日热点,“中国好医生、中国好护士”走进 湖南现场交流活动举行 11月6日，由中央精神文明建设办公室、国家卫生健康委主办的“中国好医生、中国好护士”现场交流活动在湖南省长沙市举行，集中发布2025年第二批“中国好医生、中国好护士”名单，来自卫生健康系,2025-11-06,“中国好医生、中国好护士”走进 湖南现场交流活动举行 11月6日，由中央精神文明建设办公室、国家卫生健康委主办的“中国好医生、中国好护士”现场交流活动在湖南省长沙市举行，集中发布2025年第二批“中国好医生、中国好护士”名单，来自卫生健康系统的30位优秀医疗卫生工作者光荣入选。 2025-11-06 16:01,,医疗健康新闻,https://www.cnr.cn/2014jkpd/jkjrjd/20251106/t20251106_527421250.shtml
NEWS_000359,news,央广网健康-健康今日热点,产品宣称“根治失眠”“一秒入睡”？国家卫健委：不要轻信 “失眠原因复杂多样，没有哪种产品可以解决所有类型的睡眠问题，宣称能够‘根治失眠’‘一秒入睡’的往往是夸大宣传，大家不要轻信。” 2025-10-09 17:32,2025-10-09,产品宣称“根治失眠”“一秒入睡”？国家卫健委：不要轻信 “失眠原因复杂多样，没有哪种产品可以解决所有类型的睡眠问题，宣称能够‘根治失眠’‘一秒入睡’的往往是夸大宣传，大家不要轻信。” 2025-10-09 17:32,,医疗健康新闻,https://www.cnr.cn/2014jkpd/jkjrjd/20251009/t20251009_527390064.shtml
NEWS_000360,news,央广网健康-健康今日热点,刷带脉、刷肝经、刷手臂……网红养生法这些人不能用 北京中医药大学东直门医院主任医师高颖表示，从中医专业角度来讲，“刷经络”的养生方式属于干预性调理方法，并非适合于所有人群，如果操作不当，也会带来一定的风险。 2025-10-09 17:04,2025-10-09,刷带脉、刷肝经、刷手臂……网红养生法这些人不能用 北京中医药大学东直门医院主任医师高颖表示，从中医专业角度来讲，“刷经络”的养生方式属于干预性调理方法，并非适合于所有人群，如果操作不当，也会带来一定的风险。 2025-10-09 17:04,,医疗健康新闻,https://www.cnr.cn/2014jkpd/jkjrjd/20251009/t20251009_527390006.shtml
NEWS_000361,news,央广网健康-健康今日热点,国务院联防联控机制部署做好国庆中秋重点传染病防治 国庆中秋前后人员流动和聚餐活动增多，疫情传播风险和防控难度进一步加大。 2025-09-28 11:50,2025-09-28,国务院联防联控机制部署做好国庆中秋重点传染病防治 国庆中秋前后人员流动和聚餐活动增多，疫情传播风险和防控难度进一步加大。 2025-09-28 11:50,,医疗健康新闻,https://www.cnr.cn/2014jkpd/jkjrjd/20250928/t20250928_527378982.shtml
NEWS_000362,news,央广网健康-健康今日热点,国家卫健委：拒绝外貌焦虑，培育健康自然的审美追求 国家卫健委呼吁社会各界共同行动，培育健康自然的审美追求，帮助未成年人建立正确的审美观，拒绝“外貌焦虑”，健康、自信、快乐成长。 2025-09-22 16:26,2025-09-22,国家卫健委：拒绝外貌焦虑，培育健康自然的审美追求 国家卫健委呼吁社会各界共同行动，培育健康自然的审美追求，帮助未成年人建立正确的审美观，拒绝“外貌焦虑”，健康、自信、快乐成长。 2025-09-22 16:26,,医疗健康新闻,https://www.cnr.cn/2014jkpd/jkjrjd/20250922/t20250922_527371624.shtml
NEWS_000363,news,央广网健康-健康今日热点,致敬“白衣战士”！2025年“最美医生”发布 为深入学习贯彻习近平总书记关于卫生健康工作的重要论述，大力弘扬“敬佑生命、救死扶伤、甘于奉献、大爱无疆”的崇高精神，营造全社会尊医重卫的良好氛围，在“中国医师节”到来之际，中央宣传部、国家卫生健,2025-08-19,致敬“白衣战士”！2025年“最美医生”发布 为深入学习贯彻习近平总书记关于卫生健康工作的重要论述，大力弘扬“敬佑生命、救死扶伤、甘于奉献、大爱无疆”的崇高精神，营造全社会尊医重卫的良好氛围，在“中国医师节”到来之际，中央宣传部、国家卫生健康委向全社会公开发布2025年“最美医生”。王玉凤、申小惠、尼玛拉毛、邢少云、刘志宏、农康、何建行、张军桥、周坚红和梁春荣等10名同志光荣入选。 2025-08-19 11:46,,医疗健康新闻,https://www.cnr.cn/2014jkpd/jkjrjd/20250819/t20250819_527326913.shtml
NEWS_000364,news,央广网健康-健康今日热点,国家卫生健康委印发《基孔肯雅热诊疗方案（2025年版）》 7月31日，国家卫生健康委发布通知，印发《基孔肯雅热诊疗方案（2025年版）》。 2025-07-31 16:36,2025-07-31,国家卫生健康委印发《基孔肯雅热诊疗方案（2025年版）》 7月31日，国家卫生健康委发布通知，印发《基孔肯雅热诊疗方案（2025年版）》。 2025-07-31 16:36,,医疗健康新闻,https://www.cnr.cn/2014jkpd/jkjrjd/20250731/t20250731_527293503.shtml
NEWS_000365,news,央广网健康-健康今日热点,我国妇幼健康核心指标达到历史最优水平 下一步，国家卫生健康委将会同相关部门，确保已有的政策落地见效。同时，加强前瞻性研究和政策储备，持续充实完善生育支持政策工具箱，进一步减轻家庭生育养育教育负担，推动建设生育友好型社会。 2025-07-3,2025-07-30,我国妇幼健康核心指标达到历史最优水平 下一步，国家卫生健康委将会同相关部门，确保已有的政策落地见效。同时，加强前瞻性研究和政策储备，持续充实完善生育支持政策工具箱，进一步减轻家庭生育养育教育负担，推动建设生育友好型社会。 2025-07-30 15:15,,医疗健康新闻,https://www.cnr.cn/2014jkpd/jkjrjd/20250730/t20250730_527291200.shtml
NEWS_000366,news,央广网健康-健康今日热点,国家卫健委：8月31日前全面开放育儿补贴申领 国家卫生健康委人口家庭司司长王海东表示：按照工作计划，各地将在8月下旬陆续开放育儿补贴申领，8月31日前各地全面开放育儿补贴的申领。 2025-07-30 14:53,2025-07-30,国家卫健委：8月31日前全面开放育儿补贴申领 国家卫生健康委人口家庭司司长王海东表示：按照工作计划，各地将在8月下旬陆续开放育儿补贴申领，8月31日前各地全面开放育儿补贴的申领。 2025-07-30 14:53,,医疗健康新闻,https://www.cnr.cn/2014jkpd/jkjrjd/20250730/t20250730_527291156.shtml
NEWS_000367,news,央广网健康-健康今日热点,别被标签忽悠了！NFC果汁“大求真” 最近在电商和超市“风很大”的NFC果汁让消费者挑花了眼，琳琅满目的标签之下到底是“纯天然”还是“纯添加”？ 2025-08-02 09:32,2025-08-02,别被标签忽悠了！NFC果汁“大求真” 最近在电商和超市“风很大”的NFC果汁让消费者挑花了眼，琳琅满目的标签之下到底是“纯天然”还是“纯添加”？ 2025-08-02 09:32,,医疗健康新闻,https://www.cnr.cn/2014jkpd/jkjrjd/20250802/t20250802_527296650.shtml
NEWS_000368,news,央广网健康-健康今日热点,国家医保局：我国基本医疗保险运行安全稳健 《公报》显示，截至2024年底，全国基本医疗保险参保132662.08万人，参保率巩固在95%，基本医疗保险运行安全稳健。 2025-07-14 15:31,2025-07-14,国家医保局：我国基本医疗保险运行安全稳健 《公报》显示，截至2024年底，全国基本医疗保险参保132662.08万人，参保率巩固在95%，基本医疗保险运行安全稳健。 2025-07-14 15:31,,医疗健康新闻,https://www.cnr.cn/2014jkpd/jkjrjd/20250714/t20250714_527261655.shtml
NEWS_000369,news,央广网健康-健康今日热点,医保个人账户将全部取消？官方辟谣 谣言故意歪曲医保改革的真实内涵，将正常的机制优化曲解为“取消个人账户”，严重误导了公众对医保改革政策的理解。 2025-07-10 15:37,2025-07-10,医保个人账户将全部取消？官方辟谣 谣言故意歪曲医保改革的真实内涵，将正常的机制优化曲解为“取消个人账户”，严重误导了公众对医保改革政策的理解。 2025-07-10 15:37,,医疗健康新闻,https://www.cnr.cn/2014jkpd/jkjrjd/20250710/t20250710_527255158.shtml
NEWS_000370,news,央广网健康-健康今日热点,国家卫健委发文禁止开展这两项手术 地方各级卫生健康行政部门要督促辖区内医疗机构停止将“颈深淋巴管/结―静脉吻合术”应用于阿尔茨海默病治疗，并做好有关患者的随访服务等工作。 2025-07-09 14:17,2025-07-09,国家卫健委发文禁止开展这两项手术 地方各级卫生健康行政部门要督促辖区内医疗机构停止将“颈深淋巴管/结―静脉吻合术”应用于阿尔茨海默病治疗，并做好有关患者的随访服务等工作。 2025-07-09 14:17,,医疗健康新闻,https://www.cnr.cn/2014jkpd/jkjrjd/20250709/t20250709_527253177.shtml
NEWS_000371,news,央广网健康-健康今日热点,国家卫健委：将加大互联网健康科普乱象整治力度 “但是有的‘网红医生’把医疗科普当牟利工具，滥用专业权威为自己背书，假借科普名义违规导医导诊，线上问诊，线下引流，直播带货甚至高价开药，还有的通过夸大治疗效果、虚构病例、杜撰故事等手段误导公众、,2025-07-04,国家卫健委：将加大互联网健康科普乱象整治力度 “但是有的‘网红医生’把医疗科普当牟利工具，滥用专业权威为自己背书，假借科普名义违规导医导诊，线上问诊，线下引流，直播带货甚至高价开药，还有的通过夸大治疗效果、虚构病例、杜撰故事等手段误导公众、敛财牟利。”国家卫生健康委新闻发言人、宣传司副司长胡强强在4日召开的新闻发布会上表示，这些行为严重违反了互联网诊疗管理和广告管理相关的法律法规，请大家不要轻信，防止上当受骗。 2025-07-04 17:19,,医疗健康新闻,https://www.cnr.cn/2014jkpd/jkjrjd/20250704/t20250704_527244349.shtml
NEWS_000372,news,央广网健康-健康今日热点,国家医保局：7月1日起买卖所有药品都要“扫码” 7月1日起，买卖所有药品都要扫“药品追溯码”。什么是药品追溯码？怎么扫？查询结果怎么看？6月30日，国家医保局在官方微信公众号发文，就药品追溯码的查询和使用情况予以了权威解答。 2025-06,2025-06-30,国家医保局：7月1日起买卖所有药品都要“扫码” 7月1日起，买卖所有药品都要扫“药品追溯码”。什么是药品追溯码？怎么扫？查询结果怎么看？6月30日，国家医保局在官方微信公众号发文，就药品追溯码的查询和使用情况予以了权威解答。 2025-06-30 15:42,,医疗健康新闻,https://www.cnr.cn/2014jkpd/jkjrjd/20250630/t20250630_527236133.shtml
NEWS_000373,news,央广网健康-健康今日热点,“一把手抓、抓一把手” 云南省“编外院长”推动医改 “云南省在深入学习推广三明医改经验的过程中，结合地方实际，在深化以公益性为导向的公立医院改革、推动优质医疗资源扩容下沉、促进分级诊疗等方面不断探索，取得了积极进展和成效。”国家卫健委新闻发,2025-06-28,“一把手抓、抓一把手” 云南省“编外院长”推动医改 “云南省在深入学习推广三明医改经验的过程中，结合地方实际，在深化以公益性为导向的公立医院改革、推动优质医疗资源扩容下沉、促进分级诊疗等方面不断探索，取得了积极进展和成效。”国家卫健委新闻发言人、宣传司副司长胡强强介绍。 2025-06-28 00:36,,医疗健康新闻,https://www.cnr.cn/2014jkpd/jkjrjd/20250628/t20250628_527232525.shtml
NEWS_000374,news,央广网健康-健康今日热点,夏至节气后如何养生？国家卫健委发布会给出指导 如果为减肥而刻意剧烈运动，导致大汗淋漓，容易出现“气随津脱”，出现乏力、懒言、心慌等气虚症状，不利身体健康。 2025-06-20 17:59,2025-06-20,夏至节气后如何养生？国家卫健委发布会给出指导 如果为减肥而刻意剧烈运动，导致大汗淋漓，容易出现“气随津脱”，出现乏力、懒言、心慌等气虚症状，不利身体健康。 2025-06-20 17:59,,医疗健康新闻,https://www.cnr.cn/2014jkpd/jkjrjd/20250620/t20250620_527221852.shtml
NEWS_000375,news,央广网健康-健康今日热点,国家卫健委：进一步推进优质医疗卫生资源共享 庄宁介绍，按照“大病不出省，一般病在市县解决，日常疾病在基层解决”的总体要求，近年来国家卫生健康委会同有关部门共同努力、综合施策，推进优质医疗资源扩容下沉和均衡布局，着力为群众提供系统连续、就近就,2025-06-10,国家卫健委：进一步推进优质医疗卫生资源共享 庄宁介绍，按照“大病不出省，一般病在市县解决，日常疾病在基层解决”的总体要求，近年来国家卫生健康委会同有关部门共同努力、综合施策，推进优质医疗资源扩容下沉和均衡布局，着力为群众提供系统连续、就近就便的医疗卫生服务。 2025-06-10 16:16,,医疗健康新闻,https://www.cnr.cn/2014jkpd/jkjrjd/20250610/t20250610_527204141.shtml
NEWS_000376,news,央广网健康-健康今日热点,国家医保局：放射检查类项目价格稳中有降 5月22日晚，国家医保局举办医疗服务价格项目立项指南第三场解读直播，涉及放射检查、综合诊查、超声检查、放射治疗等四类立项指南。 2025-05-22 20:41,2025-05-22,国家医保局：放射检查类项目价格稳中有降 5月22日晚，国家医保局举办医疗服务价格项目立项指南第三场解读直播，涉及放射检查、综合诊查、超声检查、放射治疗等四类立项指南。 2025-05-22 20:41,,医疗健康新闻,https://www.cnr.cn/2014jkpd/jkjrjd/20250522/t20250522_527181896.shtml
NEWS_000377,news,央广网健康-健康今日热点,新冠阳性率升高 专家：新冠变异株致病力没太多变化 近日，全国范围内新冠病毒检出率出现上升趋势，引发广泛关注。 2025-05-19 15:15,2025-05-19,新冠阳性率升高 专家：新冠变异株致病力没太多变化 近日，全国范围内新冠病毒检出率出现上升趋势，引发广泛关注。 2025-05-19 15:15,,医疗健康新闻,https://www.cnr.cn/2014jkpd/jkjrjd/20250519/t20250519_527175822.shtml
NEWS_000378,news,央广网健康-健康今日热点,多维赋能 推动首都高质量健康老龄化 5月18日，由北京市卫生健康委员会和北京市中医药管理局支持指导，首都医科大学、首都健康老龄化创新研究中心和北京中西医结合学会联合主办的“第二届首都高质量健康老龄化国际会议”成功召开。 2025-05-19,2025-05-19,多维赋能 推动首都高质量健康老龄化 5月18日，由北京市卫生健康委员会和北京市中医药管理局支持指导，首都医科大学、首都健康老龄化创新研究中心和北京中西医结合学会联合主办的“第二届首都高质量健康老龄化国际会议”成功召开。 2025-05-19 15:16,,医疗健康新闻,https://www.cnr.cn/2014jkpd/jkjrjd/20250519/t20250519_527175823.shtml
NEWS_000379,news,央广网健康-健康今日热点,国家卫健委发布关于肖某引发舆情事件调查处置进展情况的通报 国家卫生健康委派出工作组进驻涉事单位，会同有关方面，对肖某执业行为、医德医风，董某莹的入学资格、学习情况、学术论文、毕业论文、入职过程、住院医师规范化培训管理等各环节进行彻查，对有关,2025-05-15,国家卫健委发布关于肖某引发舆情事件调查处置进展情况的通报 国家卫生健康委派出工作组进驻涉事单位，会同有关方面，对肖某执业行为、医德医风，董某莹的入学资格、学习情况、学术论文、毕业论文、入职过程、住院医师规范化培训管理等各环节进行彻查，对有关问题及涉事单位、部门和人员进行调查。 2025-05-15 20:04,,医疗健康新闻,https://www.cnr.cn/2014jkpd/jkjrjd/20250515/t20250515_527170669.shtml
NEWS_000380,news,央广网健康-健康今日热点,国家卫健委：持续提升老年医学医疗服务能力 符合条件的医疗机构要充分认识到规范建设老年医学科的重要意义，在床位、设施设备、人员配备等方面给予大力支持，不断完善内部质控水平，保障医疗质量与安全，丰富和优化服务模式，持续提升老年医学医疗服务能力。,2025-05-08,国家卫健委：持续提升老年医学医疗服务能力 符合条件的医疗机构要充分认识到规范建设老年医学科的重要意义，在床位、设施设备、人员配备等方面给予大力支持，不断完善内部质控水平，保障医疗质量与安全，丰富和优化服务模式，持续提升老年医学医疗服务能力。 2025-05-08 10:58,,医疗健康新闻,https://www.cnr.cn/2014jkpd/jkjrjd/20250508/t20250508_527162432.shtml
NEWS_000381,news,央广网健康-健康今日热点,全国多地出现新冠流行趋势 歌手陈奕迅确诊演唱会延期 5月15日，歌手陈奕迅因确诊新冠肺炎宣布延期高雄演唱会，引发公众广泛关注。实际上，近一个月以来，全国多地出现新冠流行趋势。 2025-05-15 17:26,2025-05-15,全国多地出现新冠流行趋势 歌手陈奕迅确诊演唱会延期 5月15日，歌手陈奕迅因确诊新冠肺炎宣布延期高雄演唱会，引发公众广泛关注。实际上，近一个月以来，全国多地出现新冠流行趋势。 2025-05-15 17:26,,医疗健康新闻,https://www.cnr.cn/2014jkpd/jkjrjd/20250515/t20250515_527170451.shtml
NEWS_000382,news,央广网健康-健康今日热点,关注世界卫生大会 | 世界卫生大会中国代表团：中国深入参与全球卫生治理 为构建人类卫生健康共同体贡献中国力量 出席世界卫生大会的中国代表团17日在瑞士日内瓦举办媒体吹风会。国家卫生健康委主任雷海潮、中国常驻联合国日内瓦办事处和瑞士其他国际组,2025-05-19,关注世界卫生大会 | 世界卫生大会中国代表团：中国深入参与全球卫生治理 为构建人类卫生健康共同体贡献中国力量 出席世界卫生大会的中国代表团17日在瑞士日内瓦举办媒体吹风会。国家卫生健康委主任雷海潮、中国常驻联合国日内瓦办事处和瑞士其他国际组织代表陈旭、国家中医药局局长余艳红、国家疾病预防控制局副局长夏刚出席吹风会并答记者问。 2025-05-19 14:17,,医疗健康新闻,https://www.cnr.cn/2014jkpd/jkjrjd/20250519/t20250519_527175715.shtml
NEWS_000383,news,央广网健康-健康今日热点,国家卫健委：对肖某、董某及有关机构开展调查 国家卫生健康委已成立调查组，坚持实事求是、客观公正原则，联合有关方面对事件涉及的肖某、董某及有关机构等进行认真调查核查，对发现的违法违规问题将依法依纪严肃处理。 2025-05-01 09:41,2025-05-01,国家卫健委：对肖某、董某及有关机构开展调查 国家卫生健康委已成立调查组，坚持实事求是、客观公正原则，联合有关方面对事件涉及的肖某、董某及有关机构等进行认真调查核查，对发现的违法违规问题将依法依纪严肃处理。 2025-05-01 09:41,,医疗健康新闻,https://www.cnr.cn/2014jkpd/jkjrjd/20250501/t20250501_527155340.shtml
NEWS_000384,news,央广网健康-健康今日热点,全国总工会：全国已建成工会驿站18.61万个，为环卫工人、快递员等户外劳动者提供一站式服务 工会驿站是全国总工会组织建立的为环卫工人、快递员、外卖配送员、出租车司机、网约车司机、货车司机、交通警察等户外劳动者提供饮水纳凉、餐食加热、驱寒避雨,2025-04-28,全国总工会：全国已建成工会驿站18.61万个，为环卫工人、快递员等户外劳动者提供一站式服务 工会驿站是全国总工会组织建立的为环卫工人、快递员、外卖配送员、出租车司机、网约车司机、货车司机、交通警察等户外劳动者提供饮水纳凉、餐食加热、驱寒避雨、手机充电、休息如厕等一站式服务站点。 2025-04-28 16:03,,医疗健康新闻,https://www.cnr.cn/2014jkpd/jkjrjd/20250428/t20250428_527151630.shtml
NEWS_000385,news,央广网健康-健康今日热点,全国儿童预防接种日 | 家长注意！这两种呼吸道疾病预防有变化，预防清单要更新 2025年4月25日是第39个“全国儿童预防接种日”。今年的宣传主题为“打疫苗 防疾病 保健康”，旨在号召全社会共同行动，以疫苗为“盾”，守护儿童健康成长，筑牢全,2025-04-25,全国儿童预防接种日 | 家长注意！这两种呼吸道疾病预防有变化，预防清单要更新 2025年4月25日是第39个“全国儿童预防接种日”。今年的宣传主题为“打疫苗 防疾病 保健康”，旨在号召全社会共同行动，以疫苗为“盾”，守护儿童健康成长，筑牢全民免疫防线。 2025-04-25 19:36,,医疗健康新闻,https://www.cnr.cn/2014jkpd/jkjrjd/20250425/t20250425_527148638.shtml
NEWS_000386,news,央广网健康-健康今日热点,国家医保局举办“医保部门助力科技创新”分享会 2025年4月18日，国家医保局在首都医科大学举办“医保部门助力科技创新”分享会，邀请北京安贞医院、上海瑞金医院等6家国内权威医疗机构的医学专家、有关医疗创新技术企业和患者代表分享医保部门助力科,2025-04-18,国家医保局举办“医保部门助力科技创新”分享会 2025年4月18日，国家医保局在首都医科大学举办“医保部门助力科技创新”分享会，邀请北京安贞医院、上海瑞金医院等6家国内权威医疗机构的医学专家、有关医疗创新技术企业和患者代表分享医保部门助力科技创新的有关情况。 2025-04-21 16:33,,医疗健康新闻,https://www.cnr.cn/2014jkpd/jkjrjd/20250421/t20250421_527143164.shtml
NEWS_000387,news,央广网健康-健康今日热点,国家卫健委：有序推进医疗领域扩大开放 4月21日下午，国务院新闻办公室举行新闻发布会，介绍《加快推进服务业扩大开放综合试点工作方案》（以下简称《工作方案》）有关情况。在服务业扩大对外开放的过程中，医疗健康服务的开放备受关注。在医疗领域，《工,2025-04-21,国家卫健委：有序推进医疗领域扩大开放 4月21日下午，国务院新闻办公室举行新闻发布会，介绍《加快推进服务业扩大开放综合试点工作方案》（以下简称《工作方案》）有关情况。在服务业扩大对外开放的过程中，医疗健康服务的开放备受关注。在医疗领域，《工作方案》有哪些新举措？试点地区在执行中应当如何把握？国家卫生健康委医政司司长焦雅辉在发布会上给出了答案。 2025-04-21 16:32,,医疗健康新闻,https://www.cnr.cn/2014jkpd/jkjrjd/20250421/t20250421_527143157.shtml
NEWS_000388,news,央广网健康-健康今日热点,@所有人：医保购药，这些注意事项要记牢！ 随着医保购药的便捷性持续提升，因用药不当而引发的健康风险也亟待关注。戳下图，一起来学习掌握医保购药的注意事项吧！ 2025-04-02 11:08,2025-04-02,@所有人：医保购药，这些注意事项要记牢！ 随着医保购药的便捷性持续提升，因用药不当而引发的健康风险也亟待关注。戳下图，一起来学习掌握医保购药的注意事项吧！ 2025-04-02 11:08,,医疗健康新闻,https://www.cnr.cn/2014jkpd/jkjrjd/20250402/t20250402_527121127.shtml
NEWS_000389,news,央广网健康-健康今日热点,为孤独症儿童构建科学包容的口腔健康支持体系 孤独症儿童普遍存在的感知觉敏感、沟通障碍等特性，口腔疾病患病率高、就诊配合度不足等导致常规口腔护理和诊疗面临巨大挑战。 2025-04-02 08:57,2025-04-02,为孤独症儿童构建科学包容的口腔健康支持体系 孤独症儿童普遍存在的感知觉敏感、沟通障碍等特性，口腔疾病患病率高、就诊配合度不足等导致常规口腔护理和诊疗面临巨大挑战。 2025-04-02 08:57,,医疗健康新闻,https://www.cnr.cn/2014jkpd/jkjrjd/20250402/t20250402_527120892.shtml
NEWS_000390,news,央广网健康-健康今日热点,国家医保局：全面推进“码上”严监管 2025年，国家医保局将全面推进“码上”严监管。随着药品追溯码的全量采集应用，医保基金监管进入了新时期、新阶段。 2025-03-31 11:06,2025-03-31,国家医保局：全面推进“码上”严监管 2025年，国家医保局将全面推进“码上”严监管。随着药品追溯码的全量采集应用，医保基金监管进入了新时期、新阶段。 2025-03-31 11:06,,医疗健康新闻,https://www.cnr.cn/2014jkpd/jkjrjd/20250331/t20250331_527118946.shtml
NEWS_000391,news,央广网健康-健康今日热点,今年7月起 药品销售需扫追溯码方可进行医保结算 国家医保局等四部门近日联合公开发布《关于加强药品追溯码在医疗保障和工伤保险领域采集应用的通知》，要求原则上，2025年7月1日起，销售环节按要求扫码后方可进行医保基金结算，对此前已采购的无追溯,2025-07-01,今年7月起 药品销售需扫追溯码方可进行医保结算 国家医保局等四部门近日联合公开发布《关于加强药品追溯码在医疗保障和工伤保险领域采集应用的通知》，要求原则上，2025年7月1日起，销售环节按要求扫码后方可进行医保基金结算，对此前已采购的无追溯码药品，列入“无码库”管理，暂可进行医保结算；2026年1月1日起，所有医药机构都要实现药品追溯码全量采集上传。 2025-03-21 15:23,,医疗健康新闻,https://www.cnr.cn/2014jkpd/jkjrjd/20250321/t20250321_527108282.shtml
NEWS_000392,news,央广网健康-健康今日热点,国家医保局：加快推进医保基金即时结算改革 记者从国家医保局获悉，截至2月底，全国共103个统筹地区开展即时结算，占统筹地区总数的26%，覆盖定点医疗机构4.37万家，定点药店6.76万家，即时结算拨付金额387.31亿元。 2025-03-,2025-03-11,国家医保局：加快推进医保基金即时结算改革 记者从国家医保局获悉，截至2月底，全国共103个统筹地区开展即时结算，占统筹地区总数的26%，覆盖定点医疗机构4.37万家，定点药店6.76万家，即时结算拨付金额387.31亿元。 2025-03-11 17:52,,医疗健康新闻,https://www.cnr.cn/2014jkpd/jkjrjd/20250311/t20250311_527096752.shtml
NEWS_000393,news,央广网健康-健康今日热点,健康中国 | 如何正确管理体重？ 大家都知道，想要减重，“三分靠动，七分靠吃”。但有些人嘴上说着要减重，但总是无法付诸实际行动，或者一时冲动盲目减重，过两天又主动放弃，如此反复，让身体误认为您处于应激状态，体重不减反增，更有甚者，导致身体机,2025-03-11,健康中国 | 如何正确管理体重？ 大家都知道，想要减重，“三分靠动，七分靠吃”。但有些人嘴上说着要减重，但总是无法付诸实际行动，或者一时冲动盲目减重，过两天又主动放弃，如此反复，让身体误认为您处于应激状态，体重不减反增，更有甚者，导致身体机能紊乱。 2025-03-11 16:34,,医疗健康新闻,https://www.cnr.cn/2014jkpd/jkjrjd/20250311/t20250311_527096665.shtml
NEWS_000394,news,央广网健康-健康今日热点,药品随货同行单，一张纸而已，有多重要？ 药品随货同行单是药品供货企业随药品一同发出，详细记录药品相关信息的重要单据。对于药品经营企业和使用单位而言，随货同行单是验收药品的重要依据。药品追溯依赖于完整的流通信息记录，随货同行单是其中不可或缺的,2025-03-07,药品随货同行单，一张纸而已，有多重要？ 药品随货同行单是药品供货企业随药品一同发出，详细记录药品相关信息的重要单据。对于药品经营企业和使用单位而言，随货同行单是验收药品的重要依据。药品追溯依赖于完整的流通信息记录，随货同行单是其中不可或缺的一环。 2025-03-07 11:50,,医疗健康新闻,https://www.cnr.cn/2014jkpd/jkjrjd/20250307/t20250307_527092362.shtml
NEWS_000395,news,央广网健康-健康今日热点,医保“三结算”改革加速推进 助力医药行业高质量发展 为促进医疗、医保、医药协同发展和治理，健全与“1+3+N”多层次医疗保障体系相适应的医保科学结算体系，进一步提升医保基金使用效率，广东医保进一步优化医保基金结算政策，开展医保基金“三结算”,2025-03-07,医保“三结算”改革加速推进 助力医药行业高质量发展 为促进医疗、医保、医药协同发展和治理，健全与“1+3+N”多层次医疗保障体系相适应的医保科学结算体系，进一步提升医保基金使用效率，广东医保进一步优化医保基金结算政策，开展医保基金“三结算”改革，方便参保群众看病就医，赋能医药行业高质量发展。 2025-03-07 11:26,,医疗健康新闻,https://www.cnr.cn/2014jkpd/jkjrjd/20250307/t20250307_527092345.shtml
NEWS_000396,news,央广网健康-健康今日热点,春天拍了拍你并说“阿嚏！”如何应对花粉过敏季？ 春回大地，繁花盛开，当大多数人沉浸在春天的美好中，却有人出现流鼻涕、打喷嚏、眼睛痒等症状，这往往是花粉过敏导致。那么，花粉过敏到底是怎么一回事？哪些人群容易花粉过敏？如何预防花粉过敏？易感人群,2025-03-05,春天拍了拍你并说“阿嚏！”如何应对花粉过敏季？ 春回大地，繁花盛开，当大多数人沉浸在春天的美好中，却有人出现流鼻涕、打喷嚏、眼睛痒等症状，这往往是花粉过敏导致。那么，花粉过敏到底是怎么一回事？哪些人群容易花粉过敏？如何预防花粉过敏？易感人群可以适当预防性用药吗？央广网带你一图读懂！ 2025-03-05 08:41,,医疗健康新闻,https://www.cnr.cn/2014jkpd/jkjrjd/20250305/t20250305_527090144.shtml
NEWS_000397,news,央广网健康-健康今日热点,惊蛰：三个方法疏肝理气，养肝血又解春困 惊蛰是春季第三个节气，标志着阳气升发、蛰虫初醒、万物萌动。惊蛰时节养肝正当时，需顺应“春生”之气，疏肝理气、调和阴阳，助力肝气通达，为一年的健康奠定基础。 2025-03-05 08:38,2025-03-05,惊蛰：三个方法疏肝理气，养肝血又解春困 惊蛰是春季第三个节气，标志着阳气升发、蛰虫初醒、万物萌动。惊蛰时节养肝正当时，需顺应“春生”之气，疏肝理气、调和阴阳，助力肝气通达，为一年的健康奠定基础。 2025-03-05 08:38,,医疗健康新闻,https://www.cnr.cn/2014jkpd/jkjrjd/20250305/t20250305_527090131.shtml
NEWS_000398,news,央广网健康-健康今日热点,健康中国｜儿童肥胖怎么办？儿保专家来支招 3月4日是世界肥胖日，肥胖不仅被世界卫生组织认定为是一种慢性疾病，还是许多慢性疾病的共同危险因素。《中国居民营养与慢性病状况报告（2020年）》显示，我国6～17岁儿童青少年的超重肥胖率为19%，6,2025-03-04,健康中国｜儿童肥胖怎么办？儿保专家来支招 3月4日是世界肥胖日，肥胖不仅被世界卫生组织认定为是一种慢性疾病，还是许多慢性疾病的共同危险因素。《中国居民营养与慢性病状况报告（2020年）》显示，我国6～17岁儿童青少年的超重肥胖率为19%，6岁以下儿童的超重肥胖率为10.4%。 2025-03-04 08:51,,医疗健康新闻,https://www.cnr.cn/2014jkpd/jkjrjd/20250304/t20250304_527089053.shtml
NEWS_000399,news,央广网健康-健康今日热点,健康中国｜如何正确使用耳机？一图读懂 3月3日是全国爱耳日，今年的主题为“健康聆听，无碍沟通”。在日常生活中，很多人都喜欢使用耳机看视频、听音乐，但常常忽视了耳机使用不当带来的危害。究竟应该如何正确使用耳机？戳图了解↓↓↓ 2025-03-,2025-03-03,健康中国｜如何正确使用耳机？一图读懂 3月3日是全国爱耳日，今年的主题为“健康聆听，无碍沟通”。在日常生活中，很多人都喜欢使用耳机看视频、听音乐，但常常忽视了耳机使用不当带来的危害。究竟应该如何正确使用耳机？戳图了解↓↓↓ 2025-03-03 08:57,,医疗健康新闻,https://www.cnr.cn/2014jkpd/jkjrjd/20250303/t20250303_527087490.shtml
NEWS_000400,news,央广网健康-健康今日热点,"重磅消息！伊利集团携手老字号同仁堂集团达成战略合作 在""同行越山海，伊路向未来""的发布会主题下，两大国民品牌实现跨产业深度握手，标志着中国乳制品与中医药领域的跨界融合迈入全新阶段。 2025-03-02 16:23",2025-03-02,"重磅消息！伊利集团携手老字号同仁堂集团达成战略合作 在""同行越山海，伊路向未来""的发布会主题下，两大国民品牌实现跨产业深度握手，标志着中国乳制品与中医药领域的跨界融合迈入全新阶段。 2025-03-02 16:23",,医疗健康新闻,https://www.cnr.cn/2014jkpd/jkjrjd/20250302/t20250302_527086662.shtml
NEWS_000401,news,央广网健康-健康今日热点,车厘子吃多了会中毒？想多了！ 随着进口渠道增加和技术进步，车厘子的价格大幅下降，让消费者直呼实现了车厘子自由。每月“科学”流言榜由北京市科学技术协会、北京市委网信办、首都互联网协会指导，北京科技记者编辑协会、北京地区网站联合辟谣平台共同发布,2025-03-02,车厘子吃多了会中毒？想多了！ 随着进口渠道增加和技术进步，车厘子的价格大幅下降，让消费者直呼实现了车厘子自由。每月“科学”流言榜由北京市科学技术协会、北京市委网信办、首都互联网协会指导，北京科技记者编辑协会、北京地区网站联合辟谣平台共同发布。 2025-03-02 09:52,,医疗健康新闻,https://www.cnr.cn/2014jkpd/jkjrjd/20250302/t20250302_527086235.shtml
NEWS_000402,news,央广网健康-健康今日热点,@奶茶党：这些常见的奶茶小料，哪些很“可怕”？哪些有营养？ 你爱喝奶茶吗？没有小料的奶茶，总感觉少了点什么。提起奶茶小料，你可能信手拈来――西米、珍珠、椰果、布丁……这些常见的奶茶小料，哪些很“可怕”？哪些有营养？央广网带你一图读懂！ 20,2025-03-01,@奶茶党：这些常见的奶茶小料，哪些很“可怕”？哪些有营养？ 你爱喝奶茶吗？没有小料的奶茶，总感觉少了点什么。提起奶茶小料，你可能信手拈来――西米、珍珠、椰果、布丁……这些常见的奶茶小料，哪些很“可怕”？哪些有营养？央广网带你一图读懂！ 2025-03-01 09:48,,医疗健康新闻,https://www.cnr.cn/2014jkpd/jkjrjd/20250301/t20250301_527085207.shtml
NEWS_000403,news,央广网健康-健康今日热点,健康中国｜如何正确预防罕见病？一图读懂 每年2月的最后一天是“国际罕见病日”，2025年2月28日是第18个国际罕见病日，今年的主题为“不止罕见”。 2025-02-28 08:40,2025-02-28,健康中国｜如何正确预防罕见病？一图读懂 每年2月的最后一天是“国际罕见病日”，2025年2月28日是第18个国际罕见病日，今年的主题为“不止罕见”。 2025-02-28 08:40,,医疗健康新闻,https://www.cnr.cn/2014jkpd/jkjrjd/20250228/t20250228_527083896.shtml
NEWS_000404,news,央广网健康-健康今日热点,有毒！网红带货“减肥神药”竟含违禁成分 近日，北京市海淀区市场监督管理局披露了一起食品安全领域违法案件，多名拥有数百万粉丝的“网红”主播销售的“减肥神药”竟含有非法添加违禁成分“布噻嗪”。 2025-02-26 08:56,2025-02-26,有毒！网红带货“减肥神药”竟含违禁成分 近日，北京市海淀区市场监督管理局披露了一起食品安全领域违法案件，多名拥有数百万粉丝的“网红”主播销售的“减肥神药”竟含有非法添加违禁成分“布噻嗪”。 2025-02-26 08:56,,医疗健康新闻,https://www.cnr.cn/2014jkpd/jkjrjd/20250226/t20250226_527081704.shtml
NEWS_000405,news,央广网健康-健康今日热点,开学季，请警惕这一威胁青少年的健康隐患 近期，一名17岁中国足球少年在西班牙集训期间突发脑死亡，引发公众对青少年运动健康的关注。 2025-02-25 09:06,2025-02-25,开学季，请警惕这一威胁青少年的健康隐患 近期，一名17岁中国足球少年在西班牙集训期间突发脑死亡，引发公众对青少年运动健康的关注。 2025-02-25 09:06,,医疗健康新闻,https://www.cnr.cn/2014jkpd/jkjrjd/20250225/t20250225_527080726.shtml
NEWS_000406,news,央广网健康-健康今日热点,宝宝爱咬手指、啃笔，家长该如何应对？ 作为父母，看到宝宝咬手指或啃笔，可能觉得这只是个“宝宝的爱好”，不以为然。在乳牙萌出期间，宝宝的牙龈可能会感到疼痛和不适，这时咬东西可以起到一定的按摩作用，缓解牙龈的不适。 2025-02-24 14:,2025-02-24,宝宝爱咬手指、啃笔，家长该如何应对？ 作为父母，看到宝宝咬手指或啃笔，可能觉得这只是个“宝宝的爱好”，不以为然。在乳牙萌出期间，宝宝的牙龈可能会感到疼痛和不适，这时咬东西可以起到一定的按摩作用，缓解牙龈的不适。 2025-02-24 14:17,,医疗健康新闻,https://www.cnr.cn/2014jkpd/jkjrjd/20250224/t20250224_527080117.shtml
NEWS_000407,news,央广网健康-健康今日热点,你家孩子爱玩游戏吗？如何判断是否成瘾，又该如何应对呢？ 如今，孩子接触网络游戏的机会越来越多，有的甚至沉迷其中。殊不知，过度玩游戏可能导致游戏成瘾，对孩子的身心健康产生严重的影响。家长有必要了解如何判断孩子是否出现游戏成瘾，并采取有效措施帮,2025-02-24,你家孩子爱玩游戏吗？如何判断是否成瘾，又该如何应对呢？ 如今，孩子接触网络游戏的机会越来越多，有的甚至沉迷其中。殊不知，过度玩游戏可能导致游戏成瘾，对孩子的身心健康产生严重的影响。家长有必要了解如何判断孩子是否出现游戏成瘾，并采取有效措施帮助孩子远离游戏成瘾。 2025-02-24 09:08,,医疗健康新闻,https://www.cnr.cn/2014jkpd/jkjrjd/20250224/t20250224_527079832.shtml
NEWS_000408,news,央广网健康-健康今日热点,专家详解开学季如何防控传染病 随着寒假结束，同学们重返校园，流感季是否已经过去，进入春季还有哪些高发传染病值得关注，成为社会广泛关注的问题。 2025-02-23 08:51,2025-02-23,专家详解开学季如何防控传染病 随着寒假结束，同学们重返校园，流感季是否已经过去，进入春季还有哪些高发传染病值得关注，成为社会广泛关注的问题。 2025-02-23 08:51,,医疗健康新闻,https://www.cnr.cn/2014jkpd/jkjrjd/20250223/t20250223_527079218.shtml
NEWS_000409,news,央广网健康-健康今日热点,"春季养生重在疏肝养阳 中医学认为，春属木应肝，春季养生，当顺应大自然以“发陈”之道疏肝利胆，补气养阳。春季食疗养生，当以“减酸增甘、健脾补阳”为法,增加健脾补阳食物的摄入。 2025-02-22 10:06",2025-02-22,"春季养生重在疏肝养阳 中医学认为，春属木应肝，春季养生，当顺应大自然以“发陈”之道疏肝利胆，补气养阳。春季食疗养生，当以“减酸增甘、健脾补阳”为法,增加健脾补阳食物的摄入。 2025-02-22 10:06",,医疗健康新闻,https://www.cnr.cn/2014jkpd/jkjrjd/20250222/t20250222_527078628.shtml
NEWS_000410,news,央广网健康-健康今日热点,健康中国 | 做网络心理测试量表了解自己靠谱吗？ 网络上各种类型的心理测评量表也层出不穷，不少人更是试图借助这些“量表”来了解自己与他人，这一方法确实有效吗？在2月13日召开的国家卫生健康委新闻发布会上，上海市精神卫生中心主任医师乔颖就此问,2025-02-13,健康中国 | 做网络心理测试量表了解自己靠谱吗？ 网络上各种类型的心理测评量表也层出不穷，不少人更是试图借助这些“量表”来了解自己与他人，这一方法确实有效吗？在2月13日召开的国家卫生健康委新闻发布会上，上海市精神卫生中心主任医师乔颖就此问题答央广网记者。 2025-02-13 17:48,,医疗健康新闻,https://www.cnr.cn/2014jkpd/jkjrjd/20250213/t20250213_527070803.shtml
NEWS_000411,news,央广网健康-健康今日热点,腰腿疼痛劳损所致？没想到还有这么严重的事 “腰腿疼痛不可忽视，有时背后可能潜藏着重大健康威胁。”长沙市中心医院（南华大学附属长沙中心医院）脊柱外科一区主任、主任医师许宇霞近日表示，腰腿疼痛大多数人会认为是长期劳损所致，没想到有时可能是肿瘤。,2025-02-21,腰腿疼痛劳损所致？没想到还有这么严重的事 “腰腿疼痛不可忽视，有时背后可能潜藏着重大健康威胁。”长沙市中心医院（南华大学附属长沙中心医院）脊柱外科一区主任、主任医师许宇霞近日表示，腰腿疼痛大多数人会认为是长期劳损所致，没想到有时可能是肿瘤。 2025-02-21 09:00,,医疗健康新闻,https://www.cnr.cn/2014jkpd/jkjrjd/20250221/t20250221_527077449.shtml
NEWS_000412,news,央广网健康-健康今日热点,春天肝火旺睡不好？中医建议从体质调理入手 从中医角度看，失眠与个人体质紧密相连，不同体质引发失眠的原因各异，相应的调理方法也不同。若长期失眠，可尝试中医体质调理。 2025-02-20 09:05,2025-02-20,春天肝火旺睡不好？中医建议从体质调理入手 从中医角度看，失眠与个人体质紧密相连，不同体质引发失眠的原因各异，相应的调理方法也不同。若长期失眠，可尝试中医体质调理。 2025-02-20 09:05,,医疗健康新闻,https://www.cnr.cn/2014jkpd/jkjrjd/20250220/t20250220_527076529.shtml
NEWS_000413,news,央广网健康-健康今日热点,久坐不动，当心“腿梗”和“肺梗”！ 心肌梗死和脑梗是极其危险的心脑血管疾病，你是否听说过“腿梗”和“肺梗”？春节8天假期，湖南省人民医院介入血管外科收治了13例“腿梗”和“肺梗”患者。 2025-02-19 09:04,2025-02-19,久坐不动，当心“腿梗”和“肺梗”！ 心肌梗死和脑梗是极其危险的心脑血管疾病，你是否听说过“腿梗”和“肺梗”？春节8天假期，湖南省人民医院介入血管外科收治了13例“腿梗”和“肺梗”患者。 2025-02-19 09:04,,医疗健康新闻,https://www.cnr.cn/2014jkpd/jkjrjd/20250219/t20250219_527075600.shtml
NEWS_000414,news,央广网健康-健康今日热点,健康中国｜“春捂”到底应该怎么捂？ 随着春日来临，气温逐渐回暖，但早晚温差依旧明显，“春捂”再次成为大众的热议话题。究竟哪些部位需要捂？“春捂”要捂到什么时候？戳下图，一键Get“春捂”的正确方式↓↓↓ 2025-02-18 08:59,2025-02-18,健康中国｜“春捂”到底应该怎么捂？ 随着春日来临，气温逐渐回暖，但早晚温差依旧明显，“春捂”再次成为大众的热议话题。究竟哪些部位需要捂？“春捂”要捂到什么时候？戳下图，一键Get“春捂”的正确方式↓↓↓ 2025-02-18 08:59,,医疗健康新闻,https://www.cnr.cn/2014jkpd/jkjrjd/20250218/t20250218_527074590.shtml
NEWS_000415,news,央广网健康-健康今日热点,中疾控专家答央广网记者：做好五点预防春季校园传染病 彭质斌强调，校园传染病的早发现和早处置可以减少疫情发生风险及发生规模，非常重要。 2025-02-17 18:02,2025-02-17,中疾控专家答央广网记者：做好五点预防春季校园传染病 彭质斌强调，校园传染病的早发现和早处置可以减少疫情发生风险及发生规模，非常重要。 2025-02-17 18:02,,医疗健康新闻,https://www.cnr.cn/2014jkpd/jkjrjd/20250217/t20250217_527074146.shtml
NEWS_000416,news,央广网健康-健康今日热点,健康中国｜孩子有多动症，家长应该怎么办？ 近日，多地中小学陆续迎来开学日，校园里再度充满了活力与朝气。不过，如果孩子患有多动症（即注意力缺陷多动障碍，简称“ADHD”），家长应该如何引导孩子迎接新学期呢？南京医科大学附属儿童医院心理医学科专,2025-02-17,健康中国｜孩子有多动症，家长应该怎么办？ 近日，多地中小学陆续迎来开学日，校园里再度充满了活力与朝气。不过，如果孩子患有多动症（即注意力缺陷多动障碍，简称“ADHD”），家长应该如何引导孩子迎接新学期呢？南京医科大学附属儿童医院心理医学科专家给出了答案。 2025-02-17 09:06,,医疗健康新闻,https://www.cnr.cn/2014jkpd/jkjrjd/20250217/t20250217_527073683.shtml
NEWS_000417,news,央广网健康-健康今日热点,乍暖还寒 警惕呼吸道病毒感染 在人群密集场所、就诊或乘坐公共交通工具时，口罩是防病毒的好帮手，科学佩戴口罩。 2025-02-16 09:31,2025-02-16,乍暖还寒 警惕呼吸道病毒感染 在人群密集场所、就诊或乘坐公共交通工具时，口罩是防病毒的好帮手，科学佩戴口罩。 2025-02-16 09:31,,医疗健康新闻,https://www.cnr.cn/2014jkpd/jkjrjd/20250216/t20250216_527073111.shtml
NEWS_000418,news,央广网健康-健康今日热点,《唐探1900》里“爆种”的穴位是真的吗？中医为你深度解读 这“捅完就爆种”的神奇穴位，究竟是电影艺术的夸张演绎，还是确有中医理论依据？中国中医科学院西苑医院山西医院（山西中医药大学附属医院）副主任医师张晓敏，将为大家揭开其中的奥秘。 20,2025-02-15,《唐探1900》里“爆种”的穴位是真的吗？中医为你深度解读 这“捅完就爆种”的神奇穴位，究竟是电影艺术的夸张演绎，还是确有中医理论依据？中国中医科学院西苑医院山西医院（山西中医药大学附属医院）副主任医师张晓敏，将为大家揭开其中的奥秘。 2025-02-15 09:06,,医疗健康新闻,https://www.cnr.cn/2014jkpd/jkjrjd/20250215/t20250215_527072259.shtml
NEWS_000419,news,央广网健康-健康今日热点,国家卫健委：八件为民服务健康实事必须不折不扣兑现 国家卫生健康委决定2025年在全国卫生健康系统组织实施一批为民服务实事项目，用心用情做好八件为民服务健康实事，让人民群众有更多的获得感、幸福感。 2025-02-14 08:43,2025-02-14,国家卫健委：八件为民服务健康实事必须不折不扣兑现 国家卫生健康委决定2025年在全国卫生健康系统组织实施一批为民服务实事项目，用心用情做好八件为民服务健康实事，让人民群众有更多的获得感、幸福感。 2025-02-14 08:43,,医疗健康新闻,https://www.cnr.cn/2014jkpd/jkjrjd/20250214/t20250214_527071200.shtml
NEWS_000420,news,央广网健康-健康今日热点,学习困难门诊火爆，什么样的学习困难需就医？ 吴仁容呼吁，要理性看待孩子“学习困难”问题，既要警惕潜在的精神心理健康问题，也不应将儿童青少年的发展性问题过度医学化。 2025-02-13 15:56,2025-02-13,学习困难门诊火爆，什么样的学习困难需就医？ 吴仁容呼吁，要理性看待孩子“学习困难”问题，既要警惕潜在的精神心理健康问题，也不应将儿童青少年的发展性问题过度医学化。 2025-02-13 15:56,,医疗健康新闻,https://www.cnr.cn/2014jkpd/jkjrjd/20250213/t20250213_527070644.shtml
NEWS_000421,news,央广网健康-健康今日热点,申公豹的口吃，到底是怎么一回事儿？ 还记得《哪吒之魔童闹海》里那个申公豹吗？再次凭借一口“烫嘴”的台词走红网络！很多网友表示，本以为申公豹是个高冷大反派，结果一开口，满满的喜剧效果。这不仅让角色形象更加立体饱满，也把“口吃”这个容易被忽视的,2025-02-13,申公豹的口吃，到底是怎么一回事儿？ 还记得《哪吒之魔童闹海》里那个申公豹吗？再次凭借一口“烫嘴”的台词走红网络！很多网友表示，本以为申公豹是个高冷大反派，结果一开口，满满的喜剧效果。这不仅让角色形象更加立体饱满，也把“口吃”这个容易被忽视的语言障碍问题，推到了大众眼前。那么，到底是什么导致了口吃的发生？应该如何跟口吃的人正确沟通？有哪些方法可以改善口吃？广州医科大学附属第二医院康复医学科副主任治疗师王璇给出解答。 2025-02-13 09:06,,医疗健康新闻,https://www.cnr.cn/2014jkpd/jkjrjd/20250213/t20250213_527070200.shtml
NEWS_000422,news,央广网健康-健康今日热点,申公豹的“代购药单”，有大用也有大毒 《哪吒2》的票房仍在上涨，内容含金量也在增加。影片中，申公豹接过李靖的买药清单，随后，各种中草药运进陈塘关，有三七、田七粉、蒲黄、茜草、冰片、血竭、红花、当归、苏木、马钱子，总共10味中药。这些中药都有,2025-02-12,申公豹的“代购药单”，有大用也有大毒 《哪吒2》的票房仍在上涨，内容含金量也在增加。影片中，申公豹接过李靖的买药清单，随后，各种中草药运进陈塘关，有三七、田七粉、蒲黄、茜草、冰片、血竭、红花、当归、苏木、马钱子，总共10味中药。这些中药都有何作用，能否帮助陈塘关的百姓呢？对当代人而言，能否起到养身健体的作用？对此，央广网记者采访了北京朝阳门中西医结合医院中医主任医师李朝彬。 2025-02-12 20:03,,医疗健康新闻,https://www.cnr.cn/2014jkpd/jkjrjd/20250212/t20250212_527069795.shtml
NEWS_000423,news,央广网健康-健康今日热点,正月十五必看！元宵和汤圆到底有啥区别？ 正月十五吃元宵，是元宵节的传统习俗，寓意着团圆美满。然而，元宵虽然美味，但因其主要成分为糯米，食用不当可能造成消化不良、血糖波动等健康问题，尤其是老人、儿童及特定人群需格外注意。那么，如何才能将元宵吃,2025-02-12,正月十五必看！元宵和汤圆到底有啥区别？ 正月十五吃元宵，是元宵节的传统习俗，寓意着团圆美满。然而，元宵虽然美味，但因其主要成分为糯米，食用不当可能造成消化不良、血糖波动等健康问题，尤其是老人、儿童及特定人群需格外注意。那么，如何才能将元宵吃得美味又健康？央广网带你一图读懂！ 2025-02-12 09:08,,医疗健康新闻,https://www.cnr.cn/2014jkpd/jkjrjd/20250212/t20250212_527069022.shtml
NEWS_000424,news,央广网健康-健康今日热点,中医也能探案？从《唐探1900》看中医的“望闻问切” 在电影《唐探1900》的奇幻世界里，除了烧脑的案件和扣人心弦的情节，其中运用中医的望闻问切进行找寻真相和针灸刺激穴位的设计更是十分吸睛，它们不仅推动了剧情发展，还展现出古老中医的独特魅力,2025-02-11,中医也能探案？从《唐探1900》看中医的“望闻问切” 在电影《唐探1900》的奇幻世界里，除了烧脑的案件和扣人心弦的情节，其中运用中医的望闻问切进行找寻真相和针灸刺激穴位的设计更是十分吸睛，它们不仅推动了剧情发展，还展现出古老中医的独特魅力。接下来，就让我们一起深入探寻这些传统中医技艺的奥秘。 2025-02-11 09:12,,医疗健康新闻,https://www.cnr.cn/2014jkpd/jkjrjd/20250211/t20250211_527067895.shtml
NEWS_000425,news,央广网健康-健康今日热点,耳朵里“嗡嗡”不停，可能是身体提醒你要休息啦 耳鸣是耳科最常见的症状之一，常烦扰着患者，对其生理和心理健康带来影响。目前对于耳鸣的定义，是指无外界声源的情况下，患者感知到的无意义的声音信号。而在临床工作中，大家提及的耳鸣又往往会超出这个耳鸣,2025-02-10,耳朵里“嗡嗡”不停，可能是身体提醒你要休息啦 耳鸣是耳科最常见的症状之一，常烦扰着患者，对其生理和心理健康带来影响。目前对于耳鸣的定义，是指无外界声源的情况下，患者感知到的无意义的声音信号。而在临床工作中，大家提及的耳鸣又往往会超出这个耳鸣定义的范畴，于是就引出了宽泛的耳鸣定义：包括主观性耳鸣和客观性耳鸣。客观性耳鸣与主观性耳鸣相反就是要有现实的声源，也就是耳朵实实在在听到了声音，声源消失，耳鸣消失。 2025-02-10 09:10,,医疗健康新闻,https://www.cnr.cn/2014jkpd/jkjrjd/20250210/t20250210_527066908.shtml
NEWS_000426,news,央广网健康-健康今日热点,健康中国｜流感中招后咳不停，到底如何才能“消停”？ 冬季是流感高发季节，许多人在感染流感后会出现持续的咳嗽症状。这不仅影响日常生活和工作，还可能引起焦虑和不安。那么，流感后咳嗽不止的原因是什么？什么情况下的咳嗽可以先观察？什么情况则需要及时,2025-02-09,健康中国｜流感中招后咳不停，到底如何才能“消停”？ 冬季是流感高发季节，许多人在感染流感后会出现持续的咳嗽症状。这不仅影响日常生活和工作，还可能引起焦虑和不安。那么，流感后咳嗽不止的原因是什么？什么情况下的咳嗽可以先观察？什么情况则需要及时去医院就诊？ 2025-02-09 09:21,,医疗健康新闻,https://www.cnr.cn/2014jkpd/jkjrjd/20250209/t20250209_527066097.shtml
NEWS_000427,news,央广网健康-健康今日热点,健康中国｜运动减肥的6个误区，你都知道吗？ 常言道“每逢佳节胖三斤”，随着节后各行各业陆续复工，不少人已经悄悄在健身房“热辣”开练。不过，只要运动就能减肥？出汗越多，减肥效果越好？……戳下图↓↓↓一起来了解掌握关于运动减肥的6个误区吧！ 2,2025-02-08,健康中国｜运动减肥的6个误区，你都知道吗？ 常言道“每逢佳节胖三斤”，随着节后各行各业陆续复工，不少人已经悄悄在健身房“热辣”开练。不过，只要运动就能减肥？出汗越多，减肥效果越好？……戳下图↓↓↓一起来了解掌握关于运动减肥的6个误区吧！ 2025-02-08 09:09,,医疗健康新闻,https://www.cnr.cn/2014jkpd/jkjrjd/20250208/t20250208_527065069.shtml
NEWS_000428,news,央广网健康-健康今日热点,健康中国 | 节后食欲不振 试试这个代茶饮 过年期间，亲朋欢聚，难免多吃些酒肉、零食，同时，大部分人运动量也有所减少，因此，容易因为“食积”导致食欲不振。为此，中医专家推荐一个常见的茶饮方――山楂麦芽饮。 2025-02-07 09:01,2025-02-07,健康中国 | 节后食欲不振 试试这个代茶饮 过年期间，亲朋欢聚，难免多吃些酒肉、零食，同时，大部分人运动量也有所减少，因此，容易因为“食积”导致食欲不振。为此，中医专家推荐一个常见的茶饮方――山楂麦芽饮。 2025-02-07 09:01,,医疗健康新闻,https://www.cnr.cn/2014jkpd/jkjrjd/20250207/t20250207_527063899.shtml
NEWS_000429,news,央广网健康-健康今日热点,健康过春节｜心脑血管疾病患者注意保持“平常心” 团聚和欢乐是春节的主旋律，可对于心脑血管疾病患者来说，若个人情绪和生活节奏把控不好，健康极易亮红灯。那么，心脑血管疾病患者到底该如何平稳度过这个热闹的节日呢？央广网《中华名医号》特邀嘉宾、首都,2025-02-04,健康过春节｜心脑血管疾病患者注意保持“平常心” 团聚和欢乐是春节的主旋律，可对于心脑血管疾病患者来说，若个人情绪和生活节奏把控不好，健康极易亮红灯。那么，心脑血管疾病患者到底该如何平稳度过这个热闹的节日呢？央广网《中华名医号》特邀嘉宾、首都保健营养美食学会副会长李润庭教您保持“平常心”，守护心脑健康。 2025-02-04 09:39,,医疗健康新闻,https://www.cnr.cn/2014jkpd/jkjrjd/20250204/t20250204_527060858.shtml
NEWS_000430,news,央广网健康-健康今日热点,健康中国｜孩子有“哪吒”同款黑眼圈怎么破？ 近日，春节档影片《哪吒之魔童闹海》持续走红，电影中顶着黑眼圈的主人公“哪吒”颇受网友喜欢，不过有家长表示，小小年纪的娃为什么会有黑眼圈？孩子有“哪吒”同款黑眼圈需要就医吗？戳下图，一起来了解下吧！,2025-02-06,健康中国｜孩子有“哪吒”同款黑眼圈怎么破？ 近日，春节档影片《哪吒之魔童闹海》持续走红，电影中顶着黑眼圈的主人公“哪吒”颇受网友喜欢，不过有家长表示，小小年纪的娃为什么会有黑眼圈？孩子有“哪吒”同款黑眼圈需要就医吗？戳下图，一起来了解下吧！ 2025-02-06 08:54,,医疗健康新闻,https://www.cnr.cn/2014jkpd/jkjrjd/20250206/t20250206_527062546.shtml
NEWS_000431,news,央广网健康-健康今日热点,新研究：下午5点后禁食减肥还降糖 无论进食窗口的时间如何，与单纯地中海饮食相比，并没有显著减少超重或肥胖者的内脏脂肪。与常规单纯地中海饮食相比，早限时饮食的皮下脂肪组织减少更明显。 2025-02-05 09:06,2025-02-05,新研究：下午5点后禁食减肥还降糖 无论进食窗口的时间如何，与单纯地中海饮食相比，并没有显著减少超重或肥胖者的内脏脂肪。与常规单纯地中海饮食相比，早限时饮食的皮下脂肪组织减少更明显。 2025-02-05 09:06,,医疗健康新闻,https://www.cnr.cn/2014jkpd/jkjrjd/20250205/t20250205_527061529.shtml
NEWS_000432,news,央广网健康-健康今日热点,健康过春节｜谨防一氧化碳中毒 春节期间，家家户户喜气洋洋，可别让一氧化碳这个“隐形杀手”坏了节日氛围。取暖、厨房用火等稍有不慎，就可能引发一氧化碳中毒。央广网《中华名医号》特邀嘉宾、首都保健营养美食学会副会长李润庭为您带来贴心提醒，让这个春,2025-02-03,健康过春节｜谨防一氧化碳中毒 春节期间，家家户户喜气洋洋，可别让一氧化碳这个“隐形杀手”坏了节日氛围。取暖、厨房用火等稍有不慎，就可能引发一氧化碳中毒。央广网《中华名医号》特邀嘉宾、首都保健营养美食学会副会长李润庭为您带来贴心提醒，让这个春节平安又温暖！ 2025-02-03 09:36,,医疗健康新闻,https://www.cnr.cn/2014jkpd/jkjrjd/20250203/t20250203_527060056.shtml
NEWS_000433,news,央广网健康-健康今日热点,健康过春节｜慢性病患者的过年指南 春节期间，慢性病患者该如何安心过节？央广网《中华名医号》特邀嘉宾、首都保健营养美食学会副会长李润庭带来了慢性病患者的过年指南。 2025-02-02 08:54,2025-02-02,健康过春节｜慢性病患者的过年指南 春节期间，慢性病患者该如何安心过节？央广网《中华名医号》特邀嘉宾、首都保健营养美食学会副会长李润庭带来了慢性病患者的过年指南。 2025-02-02 08:54,,医疗健康新闻,https://www.cnr.cn/2014jkpd/jkjrjd/20250202/t20250202_527059316.shtml
NEWS_000434,news,央广网健康-健康今日热点,健康过春节｜应对血压飙升有妙招！ 春节期间，聚餐多、作息乱，血压很容易“失控”。不过别担心，央广网《中华名医号》特邀嘉宾、首都保健营养美食学会副会长李润庭有实用妙招，助你平稳度过欢乐年，让健康不打烊。 2025-02-01 10:16,2025-02-01,健康过春节｜应对血压飙升有妙招！ 春节期间，聚餐多、作息乱，血压很容易“失控”。不过别担心，央广网《中华名医号》特邀嘉宾、首都保健营养美食学会副会长李润庭有实用妙招，助你平稳度过欢乐年，让健康不打烊。 2025-02-01 10:16,,医疗健康新闻,https://www.cnr.cn/2014jkpd/jkjrjd/20250201/t20250201_527058730.shtml
NEWS_000435,news,央广网健康-健康今日热点,健康过春节｜远离“节日高血脂” 春节期间，美食扎堆，一不小心血脂就会“失控”。如何在享受美食的同时，远离高血脂的困扰？央广网《中华名医号》特邀嘉宾、首都保健营养美食学会副会长李润庭教你科学饮食，守护血脂健康。 2025-01-31 09:4,2025-01-31,健康过春节｜远离“节日高血脂” 春节期间，美食扎堆，一不小心血脂就会“失控”。如何在享受美食的同时，远离高血脂的困扰？央广网《中华名医号》特邀嘉宾、首都保健营养美食学会副会长李润庭教你科学饮食，守护血脂健康。 2025-01-31 09:47,,医疗健康新闻,https://www.cnr.cn/2014jkpd/jkjrjd/20250131/t20250131_527058033.shtml
NEWS_000436,news,央广网健康-健康今日热点,健康过春节｜春节期间的健康食谱 春节期间，是大鱼大肉敞开吃，还是要讲究膳食均衡？央广网《中华名医号》特邀嘉宾、首都保健营养美食学会副会长李润庭为大家量身定制了春节期间的健康食谱，美食虽多，健康也不能忘哦！ 2025-01-30 09:29,2025-01-30,健康过春节｜春节期间的健康食谱 春节期间，是大鱼大肉敞开吃，还是要讲究膳食均衡？央广网《中华名医号》特邀嘉宾、首都保健营养美食学会副会长李润庭为大家量身定制了春节期间的健康食谱，美食虽多，健康也不能忘哦！ 2025-01-30 09:29,,医疗健康新闻,https://www.cnr.cn/2014jkpd/jkjrjd/20250130/t20250130_527057397.shtml
NEWS_000437,news,央广网健康-健康今日热点,健康过春节｜糖尿病患者健康贴士 春节期间美食“炫”不停，换来的则是血糖“飙升”，不少糖尿病患者为此感到焦虑……央广网《中华名医号》特邀嘉宾、首都保健营养美食学会副会长李润庭给出了几点小建议。 2025-01-29 09:28,2025-01-29,健康过春节｜糖尿病患者健康贴士 春节期间美食“炫”不停，换来的则是血糖“飙升”，不少糖尿病患者为此感到焦虑……央广网《中华名医号》特邀嘉宾、首都保健营养美食学会副会长李润庭给出了几点小建议。 2025-01-29 09:28,,医疗健康新闻,https://www.cnr.cn/2014jkpd/jkjrjd/20250129/t20250129_527056829.shtml
NEWS_000438,news,央广网健康-健康今日热点,健康过春节｜“甜蜜”别过量 春节期间，家里的果盘一盘接一盘，甜蜜滋味让人欲罢不能，可一不小心就容易摄入过量。糖分摄入过多会带来哪些健康隐患？如何把控甜蜜的 “量”？央广网《中华名医号》特邀嘉宾、首都保健营养美食学会副会长李润庭教你科学控糖，,2025-01-28,健康过春节｜“甜蜜”别过量 春节期间，家里的果盘一盘接一盘，甜蜜滋味让人欲罢不能，可一不小心就容易摄入过量。糖分摄入过多会带来哪些健康隐患？如何把控甜蜜的 “量”？央广网《中华名医号》特邀嘉宾、首都保健营养美食学会副会长李润庭教你科学控糖，让甜蜜不超量！ 2025-01-28 10:01,,医疗健康新闻,https://www.cnr.cn/2014jkpd/jkjrjd/20250128/t20250128_527056163.shtml
NEWS_000439,news,央广网健康-健康今日热点,孩子宅家，如何预防视力“滑坡”？ 温龙波介绍，每逢寒暑假，视光专科便迎来就诊的高峰期，包括近视、斜视、弱视、干眼以及频繁眨眼的孩子等，其中近视的孩子占大多数。油腻的食物可能导致脂质代谢异常，甚至是睑板腺功能障碍，进而引起干眼的症状，影响孩子,2025-01-28,孩子宅家，如何预防视力“滑坡”？ 温龙波介绍，每逢寒暑假，视光专科便迎来就诊的高峰期，包括近视、斜视、弱视、干眼以及频繁眨眼的孩子等，其中近视的孩子占大多数。油腻的食物可能导致脂质代谢异常，甚至是睑板腺功能障碍，进而引起干眼的症状，影响孩子视觉质量，促进近视的发生、发展。 2025-01-28 09:41,,医疗健康新闻,https://www.cnr.cn/2014jkpd/jkjrjd/20250128/t20250128_527056133.shtml
NEWS_000440,news,央广网健康-健康今日热点,健康中国 | 五“要”建议让春节吃得安全健康 春节假期临近，聚会聚餐、外出游玩较多。外出游玩时要适量准备一些坚果、水果、饼干等小食品，错过饭点可以先吃一点，不要一直饿着。 2025-01-27 08:57,2025-01-27,健康中国 | 五“要”建议让春节吃得安全健康 春节假期临近，聚会聚餐、外出游玩较多。外出游玩时要适量准备一些坚果、水果、饼干等小食品，错过饭点可以先吃一点，不要一直饿着。 2025-01-27 08:57,,医疗健康新闻,https://www.cnr.cn/2014jkpd/jkjrjd/20250127/t20250127_527055041.shtml
NEWS_000441,news,央广网健康-健康今日热点,健康过春节｜春节期间，如何选择健康零食？ 香酥小饼干、黄油炸薯片、奶油香瓜子……春节期间，如何选择健康零食？央广网《中华名医号》特邀嘉宾、首都保健营养美食学会副会长李润庭手把手教会你！ 2025-01-26 08:59,2025-01-26,健康过春节｜春节期间，如何选择健康零食？ 香酥小饼干、黄油炸薯片、奶油香瓜子……春节期间，如何选择健康零食？央广网《中华名医号》特邀嘉宾、首都保健营养美食学会副会长李润庭手把手教会你！ 2025-01-26 08:59,,医疗健康新闻,https://www.cnr.cn/2014jkpd/jkjrjd/20250126/t20250126_527053818.shtml
NEWS_000442,news,央广网健康-健康今日热点,健康中国｜关于年货的5个营养误区，你了解多少？ 随着蛇年春节的脚步越来越近，赶年集、买年货也进入了“冲刺阶段”。乳饮料是奶吗？吃坚果会长胖？土鸡蛋比普通鸡蛋更有营养？……关于年货的5个营养误区，你了解多少？ 2025-01-25 09:20,2025-01-25,健康中国｜关于年货的5个营养误区，你了解多少？ 随着蛇年春节的脚步越来越近，赶年集、买年货也进入了“冲刺阶段”。乳饮料是奶吗？吃坚果会长胖？土鸡蛋比普通鸡蛋更有营养？……关于年货的5个营养误区，你了解多少？ 2025-01-25 09:20,,医疗健康新闻,https://www.cnr.cn/2014jkpd/jkjrjd/20250125/t20250125_527052529.shtml
NEWS_000443,news,央广网健康-健康今日热点,告别“�逋尽保�春节出行健康攻略请查收~ 长时间的火车、飞机或自驾旅程，难免遇到各种“意外状况”，如何避免“人在�逋尽保�保证健康安全抵达目的地？北京中医药大学东方医院风湿科副主任医师韦尼给出了一份“春节出行健康攻略”。 2025-01-2,2025-01-24,告别“�逋尽保�春节出行健康攻略请查收~ 长时间的火车、飞机或自驾旅程，难免遇到各种“意外状况”，如何避免“人在�逋尽保�保证健康安全抵达目的地？北京中医药大学东方医院风湿科副主任医师韦尼给出了一份“春节出行健康攻略”。 2025-01-24 09:07,,医疗健康新闻,https://www.cnr.cn/2014jkpd/jkjrjd/20250124/t20250124_527051015.shtml
NEWS_000444,news,央广网健康-健康今日热点,全国多地即将迎来春节前的降雪：当雨雪来临，可以这样应对→ 春节的脚步日益临近，全国多地即将迎来一场意义非凡的降雪。据中央气象台消息，1月23日至27日，受寒潮影响，我国将有大范围雨雪和大风降温天气。正所谓 “瑞雪兆丰年”，降雪将为大地带来滋,2025-01-24,全国多地即将迎来春节前的降雪：当雨雪来临，可以这样应对→ 春节的脚步日益临近，全国多地即将迎来一场意义非凡的降雪。据中央气象台消息，1月23日至27日，受寒潮影响，我国将有大范围雨雪和大风降温天气。正所谓 “瑞雪兆丰年”，降雪将为大地带来滋润，为来年的丰收埋下希望的种子。然而，当雨雪来临，我们又该如何应对呢？央广网带你一图读懂！ 2025-01-24 09:07,,医疗健康新闻,https://www.cnr.cn/2014jkpd/jkjrjd/20250124/t20250124_527051016.shtml
NEWS_000445,news,央广网健康-健康今日热点,玩水、泡温泉、使用公共卫生间容易感染HPV？医生解答 随着春节假期临近，出行人数激增。在享受假期的同时，也有人担心玩水、泡温泉、使用公共卫生设施可能增加感染HPV的风险。对此，浙大一院妇科主任钱建华给出解读。 2025-01-23 09:0,2025-01-23,玩水、泡温泉、使用公共卫生间容易感染HPV？医生解答 随着春节假期临近，出行人数激增。在享受假期的同时，也有人担心玩水、泡温泉、使用公共卫生设施可能增加感染HPV的风险。对此，浙大一院妇科主任钱建华给出解读。 2025-01-23 09:06,,医疗健康新闻,https://www.cnr.cn/2014jkpd/jkjrjd/20250123/t20250123_527049824.shtml
NEWS_000446,news,央广网健康-健康今日热点,健康中国｜快乐过寒假，这份护眼攻略请收好 快乐过寒假，健康安全不放假。寒假期间，儿童青少年如果生活不规律、长时间近距离用眼，很容易导致近视发生或近视程度加深。@所有学生及家长，一起来学习掌握下这份护眼攻略吧！ 2025-01-22 09:1,2025-01-22,健康中国｜快乐过寒假，这份护眼攻略请收好 快乐过寒假，健康安全不放假。寒假期间，儿童青少年如果生活不规律、长时间近距离用眼，很容易导致近视发生或近视程度加深。@所有学生及家长，一起来学习掌握下这份护眼攻略吧！ 2025-01-22 09:10,,医疗健康新闻,https://www.cnr.cn/2014jkpd/jkjrjd/20250122/t20250122_527048682.shtml
NEWS_000447,news,央广网健康-健康今日热点,“过年三件套”之美甲篇：经常做美甲，真的安全吗？ 春节将至，“美甲、美发、美睫”这一传统“过年三件套”，再度成为众多女性消费者的心头好，身边不少“都市丽人”开始在手指甲上贴长甲片，涂上亮晶晶的甲油胶想要美美的回家过年，美甲店也进入到客流高峰,2025-01-21,“过年三件套”之美甲篇：经常做美甲，真的安全吗？ 春节将至，“美甲、美发、美睫”这一传统“过年三件套”，再度成为众多女性消费者的心头好，身边不少“都市丽人”开始在手指甲上贴长甲片，涂上亮晶晶的甲油胶想要美美的回家过年，美甲店也进入到客流高峰期。 2025-01-21 09:09,,医疗健康新闻,https://www.cnr.cn/2014jkpd/jkjrjd/20250121/t20250121_527047589.shtml
NEWS_000448,news,央广网健康-健康今日热点,检查检验结果互认怎么推？国家卫健委答央广网记者 在不影响医疗质量安全的前提下，实现不同医疗机构间的检查检验结果互认，有利于提高医疗资源的利用效率，也有利于控制医疗费用，提高我们的医疗服务效率。 2025-01-20 18:01,2025-01-20,检查检验结果互认怎么推？国家卫健委答央广网记者 在不影响医疗质量安全的前提下，实现不同医疗机构间的检查检验结果互认，有利于提高医疗资源的利用效率，也有利于控制医疗费用，提高我们的医疗服务效率。 2025-01-20 18:01,,医疗健康新闻,https://www.cnr.cn/2014jkpd/jkjrjd/20250120/t20250120_527047053.shtml
NEWS_000449,news,央广网健康-健康今日热点,国家卫健委：用三年时间进一步扩大儿科医疗服务供给 通过派驻专家、远程医疗、医联体等多种方式，帮助还没有完成儿科设置的医院能够尽快填补儿科服务空白，确保患儿能够及时就近就便获得儿科诊疗服务。 2025-01-20 16:09,2025-01-20,国家卫健委：用三年时间进一步扩大儿科医疗服务供给 通过派驻专家、远程医疗、医联体等多种方式，帮助还没有完成儿科设置的医院能够尽快填补儿科服务空白，确保患儿能够及时就近就便获得儿科诊疗服务。 2025-01-20 16:09,,医疗健康新闻,https://www.cnr.cn/2014jkpd/jkjrjd/20250120/t20250120_527046900.shtml
NEWS_000450,news,央广网健康-健康今日热点,大寒：温补脾肾抵御寒气 王海隆介绍，大寒是一年中最寒冷的时节，寒邪易伤阳气，冬季正好和肾脏相应，这时温补脾肾可以帮助人们更好地抵御严寒、顾护正气。因此，在日常生活中，大寒节气时更要注意顺应“冬藏”的特性。 2025-01-20 09:38,2025-01-20,大寒：温补脾肾抵御寒气 王海隆介绍，大寒是一年中最寒冷的时节，寒邪易伤阳气，冬季正好和肾脏相应，这时温补脾肾可以帮助人们更好地抵御严寒、顾护正气。因此，在日常生活中，大寒节气时更要注意顺应“冬藏”的特性。 2025-01-20 09:38,,医疗健康新闻,https://www.cnr.cn/2014jkpd/jkjrjd/20250120/t20250120_527046549.shtml
NEWS_000451,news,央广网健康-健康今日热点,体检发现幽门螺旋杆菌怎么办？ 幽门螺旋杆菌（Helicobacter pylori，简称H. pylori）是一种革兰氏阴性、微需氧的细菌，呈螺旋形或弧形，有鞭毛，能在人类胃黏膜上生存。幽门螺旋杆菌感染后主要引起慢性胃炎和消化性溃疡等疾病，,2025-01-20,体检发现幽门螺旋杆菌怎么办？ 幽门螺旋杆菌（Helicobacter pylori，简称H. pylori）是一种革兰氏阴性、微需氧的细菌，呈螺旋形或弧形，有鞭毛，能在人类胃黏膜上生存。幽门螺旋杆菌感染后主要引起慢性胃炎和消化性溃疡等疾病，与胃癌、胃黏膜相关淋巴组织（MALT）淋巴瘤等疾病有密切的关系，被世界卫生组织（WHO）列为第一类生物致癌因子。 2025-01-20 09:15,,医疗健康新闻,https://www.cnr.cn/2014jkpd/jkjrjd/20250120/t20250120_527046502.shtml
NEWS_000452,news,央广网健康-健康今日热点,健康中国 | 甲流后“咳咳咳”，中医教你巧用甘蔗 近期流感、感冒人群增多，不少人在鼻塞、流涕有所缓解后，陷入了无休止的咳嗽困扰。另一方面，干燥天气仍在持续，不少人也因此出现了咳嗽、口鼻干燥等一系列不适症状。缓解这类咳嗽，广州中医药大学附属粤,2025-01-18,健康中国 | 甲流后“咳咳咳”，中医教你巧用甘蔗 近期流感、感冒人群增多，不少人在鼻塞、流涕有所缓解后，陷入了无休止的咳嗽困扰。另一方面，干燥天气仍在持续，不少人也因此出现了咳嗽、口鼻干燥等一系列不适症状。缓解这类咳嗽，广州中医药大学附属粤海医院（三亚）院长、广州中医药大学第一附属医院主任医师王士超提示，可以巧用甘蔗。 2025-01-18 08:49,,医疗健康新闻,https://www.cnr.cn/2014jkpd/jkjrjd/20250118/t20250118_527044946.shtml
NEWS_000453,news,央广网健康-健康今日热点,春节“腊味陷阱” 脑卒中患者如何“机智突围” 临近蛇年春节，腊肉作为传统年货，备受人们喜欢。然而，对于脑卒中患者而言，腊肉却可能隐藏着诸多健康风险，湖南省第二人民医院脑心健康管理师为大家提供一份饮食健康科普指南，帮助大家在春节享受美食的同时,2025-01-17,春节“腊味陷阱” 脑卒中患者如何“机智突围” 临近蛇年春节，腊肉作为传统年货，备受人们喜欢。然而，对于脑卒中患者而言，腊肉却可能隐藏着诸多健康风险，湖南省第二人民医院脑心健康管理师为大家提供一份饮食健康科普指南，帮助大家在春节享受美食的同时，也能守护好自己的健康。 2025-01-17 09:28,,医疗健康新闻,https://www.cnr.cn/2014jkpd/jkjrjd/20250117/t20250117_527043849.shtml
NEWS_000454,news,央广网健康-健康今日热点,药品“追溯码”让用药“来源可追、去向可寻、责任可究、损失可赔” 1月16日，国家医保局举行新闻发布会，分享了如何通过“医保药品追溯码”查询回流药、串换药。 2025-01-17 09:28,2025-01-17,药品“追溯码”让用药“来源可追、去向可寻、责任可究、损失可赔” 1月16日，国家医保局举行新闻发布会，分享了如何通过“医保药品追溯码”查询回流药、串换药。 2025-01-17 09:28,,医疗健康新闻,https://www.cnr.cn/2014jkpd/jkjrjd/20250117/t20250117_527043848.shtml
NEWS_000455,news,央广网健康-健康今日热点,“12345X”！医保药品耗材追溯信息采集平台来了 国家医保局大数据中心主任付超奇在发布会上介绍，自2024年4月开展医保药品耗材追溯信息采集工作以来，截止至1月15日，定点医药机构接入数量达88.09万家，定点医药机构接入率达94.7%，,2025-01-16,“12345X”！医保药品耗材追溯信息采集平台来了 国家医保局大数据中心主任付超奇在发布会上介绍，自2024年4月开展医保药品耗材追溯信息采集工作以来，截止至1月15日，定点医药机构接入数量达88.09万家，定点医药机构接入率达94.7%，追溯码数量达158.06亿条，下一步我国将建设医保药品耗材追溯信息采集应用平台。 2025-01-16 16:36,,医疗健康新闻,https://www.cnr.cn/2014jkpd/jkjrjd/20250116/t20250116_527043164.shtml
NEWS_000456,news,央广网健康-健康今日热点,儿童青少年近视防控，“防”的到底是什么? 近年来，儿童青少年近视问题日益严重，呈现高发病率、低龄化的特点，已成为一个备受关注的公共卫生问题。长期依赖电子产品、缺少户外活动、睡眠不足、饮食不均衡等，很多因素都在影响着儿童青少年视力的健康发展。,2025-01-16,儿童青少年近视防控，“防”的到底是什么? 近年来，儿童青少年近视问题日益严重，呈现高发病率、低龄化的特点，已成为一个备受关注的公共卫生问题。长期依赖电子产品、缺少户外活动、睡眠不足、饮食不均衡等，很多因素都在影响着儿童青少年视力的健康发展。因此，儿童青少年的近视问题必须要得到有效的控制和预防。儿童青少年近视防控，“防”的是过早近视和高度近视，以及由高度近视引发的各种并发症，而不是摘掉眼镜，更不是治愈近视。 2025-01-16 09:11,,医疗健康新闻,https://www.cnr.cn/2014jkpd/jkjrjd/20250116/t20250116_527042729.shtml
NEWS_000457,news,央广网健康-健康今日热点,牛奶vs酸奶，到底哪个更有营养？爱舔奶盖的原因找到啦…… 牛奶一直是咱营养界的“老大哥”，富含钙和蛋白质，而酸奶呢，作为牛奶的“发酵进化版”，不仅有牛奶的营养底子，还自带益生菌光环，对肠道非常友好，这俩作为我们日常饮食中的“常客”，到底谁更,2025-01-13,牛奶vs酸奶，到底哪个更有营养？爱舔奶盖的原因找到啦…… 牛奶一直是咱营养界的“老大哥”，富含钙和蛋白质，而酸奶呢，作为牛奶的“发酵进化版”，不仅有牛奶的营养底子，还自带益生菌光环，对肠道非常友好，这俩作为我们日常饮食中的“常客”，到底谁更胜一筹呢？央广网带你一图读懂！ 2025-01-13 14:30,,医疗健康新闻,https://www.cnr.cn/2014jkpd/jkjrjd/20250113/t20250113_527039571.shtml
NEWS_000458,news,央广网健康-健康今日热点,健康中国｜春运路上，这些健康防护要点请知悉 春节临近，忙碌了一年的人们带着期盼踏上了归家的旅途。节日期间，部分地区多阴雨寒冷天气，一些地区气温起伏明显，再加上人员大规模流动，会增加感冒和各类呼吸道疾病风险，以及冻伤、心血管疾病等的发病风险。,2025-01-15,健康中国｜春运路上，这些健康防护要点请知悉 春节临近，忙碌了一年的人们带着期盼踏上了归家的旅途。节日期间，部分地区多阴雨寒冷天气，一些地区气温起伏明显，再加上人员大规模流动，会增加感冒和各类呼吸道疾病风险，以及冻伤、心血管疾病等的发病风险。为确保广大民众安全健康归家，中国疾控中心发布春节出行健康提示。 2025-01-15 09:13,,医疗健康新闻,https://www.cnr.cn/2014jkpd/jkjrjd/20250115/t20250115_527041634.shtml
NEWS_000459,news,央广网健康-健康今日热点,春运路上如何防流感？这份小贴士请收好→ 近期，中国疾控中心发布的全国急性呼吸道传染病哨点监测情况显示，2025年第1周流感处于季节性流行期，流感病毒的阳性率上升趋缓。当前正值流感及其他呼吸道传染病高发季节。随着今日春运的正式启动，人员流动将,2025-01-14,春运路上如何防流感？这份小贴士请收好→ 近期，中国疾控中心发布的全国急性呼吸道传染病哨点监测情况显示，2025年第1周流感处于季节性流行期，流感病毒的阳性率上升趋缓。当前正值流感及其他呼吸道传染病高发季节。随着今日春运的正式启动，人员流动将大幅度增加，可能会进一步增加传染病传播的风险。为确保民众平安健康欢度春节假期，出行期间务必加强健康防护，科学佩戴口罩、勤洗手消毒。 2025-01-14 09:09,,医疗健康新闻,https://www.cnr.cn/2014jkpd/jkjrjd/20250114/t20250114_527040401.shtml
NEWS_000460,news,央广网健康-健康今日热点,冬季呼吸道疾病高发，这份健康指南请收好 全省医疗机构疾病诊疗情况统计结果及全省急性呼吸道感染性疾病哨点医院和乡镇医疗机构症状监测结果显示，近期呼吸道疾病就诊量增加较快，流感样病例占比上升，变化趋势与我国南方省份相似。多病原监测结果显示，流感,2025-01-14,冬季呼吸道疾病高发，这份健康指南请收好 全省医疗机构疾病诊疗情况统计结果及全省急性呼吸道感染性疾病哨点医院和乡镇医疗机构症状监测结果显示，近期呼吸道疾病就诊量增加较快，流感样病例占比上升，变化趋势与我国南方省份相似。多病原监测结果显示，流感样病例中甲型流感病毒、流感嗜血杆菌、肺炎链球菌等病原检出阳性率较高，其中甲型流感病毒检出阳性率在30%以上。我省呼吸系统疾病呈现多种病原体叠加或交替流行的特征。 2025-01-14 09:03,,医疗健康新闻,https://www.cnr.cn/2014jkpd/jkjrjd/20250114/t20250114_527040369.shtml
NEWS_000461,news,央广网健康-健康今日热点,预防滑雪运动损伤16字箴言，关键时刻保周全 滑雪中的运动损伤往往出现在高危险度的滑行中，常见有肌肉拉伤、关节扭伤、韧带挫伤等。所以，雪友们开板前进行一段时间的身体恢复训练，是比较明智的做法，特别是拉伸关节和韧带。同时，建议雪友们根据自己的身,2025-01-13,预防滑雪运动损伤16字箴言，关键时刻保周全 滑雪中的运动损伤往往出现在高危险度的滑行中，常见有肌肉拉伤、关节扭伤、韧带挫伤等。所以，雪友们开板前进行一段时间的身体恢复训练，是比较明智的做法，特别是拉伸关节和韧带。同时，建议雪友们根据自己的身体条件选择适合自己的雪道，不要盲目或过早增加难度、速度和高度。此外，我们在多年救治滑雪运动损伤患者的经验基础上，总结了损伤类型，针对性地提出了以下防护要点，希望能帮助广大雪友更加安全地参与滑雪运动。 2025-01-13 09:21,,医疗健康新闻,https://www.cnr.cn/2014jkpd/jkjrjd/20250113/t20250113_527039300.shtml
NEWS_000462,news,央广网健康-健康今日热点,此轮甲流为何看似更“凶猛”？如何做好防护 “最近医院里人又多了”“班级里孩子又中招了”“啥时才能消停一会”……2025年开年甲流来势汹汹。 2025-01-12 08:42,2025-01-12,此轮甲流为何看似更“凶猛”？如何做好防护 “最近医院里人又多了”“班级里孩子又中招了”“啥时才能消停一会”……2025年开年甲流来势汹汹。 2025-01-12 08:42,,医疗健康新闻,https://www.cnr.cn/2014jkpd/jkjrjd/20250112/t20250112_527038530.shtml
NEWS_000463,news,央广网健康-健康今日热点,喝咖啡降低死亡风险？得看什么时间喝 已有多项研究发现，适量饮用咖啡可以降低患2型糖尿病、心血管疾病以及死亡的风险。日前，《中国循环杂志》发布的一项新研究显示，早上喝咖啡才能降低死亡风险。 2025-01-11 10:00,2025-01-11,喝咖啡降低死亡风险？得看什么时间喝 已有多项研究发现，适量饮用咖啡可以降低患2型糖尿病、心血管疾病以及死亡的风险。日前，《中国循环杂志》发布的一项新研究显示，早上喝咖啡才能降低死亡风险。 2025-01-11 10:00,,医疗健康新闻,https://www.cnr.cn/2014jkpd/jkjrjd/20250111/t20250111_527037816.shtml
NEWS_000464,news,央广网健康-健康今日热点,我国中医药科技创新成果丰硕 国家中医药管理局相关负责人表示，做好中医药科技工作，必须坚持以提升中医药防病治病能力为目标导向，坚持推进中医药和现代科学相结合、相促进，坚持中医药科技创新与产业创新融合发展。 2025-01-11 09:59,2025-01-11,我国中医药科技创新成果丰硕 国家中医药管理局相关负责人表示，做好中医药科技工作，必须坚持以提升中医药防病治病能力为目标导向，坚持推进中医药和现代科学相结合、相促进，坚持中医药科技创新与产业创新融合发展。 2025-01-11 09:59,,医疗健康新闻,https://www.cnr.cn/2014jkpd/jkjrjd/20250111/t20250111_527037811.shtml
NEWS_000465,news,央广网健康-健康今日热点,伊利与京东达成战略合作：共同打造春节“百搭伊利” 2025年新春将至，京东与伊利两大国民品牌携手开启了一场以“过年搭子选伊利，一起下单赢免单”为主题的顶级营销盛事。 2025-01-04 16:18,2025-01-04,伊利与京东达成战略合作：共同打造春节“百搭伊利” 2025年新春将至，京东与伊利两大国民品牌携手开启了一场以“过年搭子选伊利，一起下单赢免单”为主题的顶级营销盛事。 2025-01-04 16:18,,医疗健康新闻,https://www.cnr.cn/2014jkpd/jkjrjd/20250104/t20250104_527030918.shtml
NEWS_000466,news,央广网健康-健康今日热点,不吃糖的孩子为何也会蛀牙？ 你们是否曾有过这样的困惑：明明家里严格控制糖分摄入，孩子却还是不幸中了“蛀牙”的招？蛀牙并不是一个简单的“不吃糖”就能解决的问题。它需要我们从多方面入手，综合管理。让我们携手合作，为孩子的口腔健康保驾护航。记住，,2025-01-10,不吃糖的孩子为何也会蛀牙？ 你们是否曾有过这样的困惑：明明家里严格控制糖分摄入，孩子却还是不幸中了“蛀牙”的招？蛀牙并不是一个简单的“不吃糖”就能解决的问题。它需要我们从多方面入手，综合管理。让我们携手合作，为孩子的口腔健康保驾护航。记住，健康的牙齿，是孩子微笑起点。 2025-01-10 09:06,,医疗健康新闻,https://www.cnr.cn/2014jkpd/jkjrjd/20250110/t20250110_527036588.shtml
NEWS_000467,news,央广网健康-健康今日热点,健康中国｜流感预防、治疗期和恢复期的食养建议来了！ 最近一段时间，不知道你的身边是不是打喷嚏声、擤鼻涕声、咳嗽声不断？流行性感冒是由流感病毒引起的急性呼吸道传染病，在冬春季高发，潜伏期短、传染性强、传播迅速、发病率高，主要表现为发热，头身疼,2025-01-09,健康中国｜流感预防、治疗期和恢复期的食养建议来了！ 最近一段时间，不知道你的身边是不是打喷嚏声、擤鼻涕声、咳嗽声不断？流行性感冒是由流感病毒引起的急性呼吸道传染病，在冬春季高发，潜伏期短、传染性强、传播迅速、发病率高，主要表现为发热，头身疼痛，咽痛，鼻塞流涕，咳嗽，咯痰等。为了缓解大家的流感症状，帮助大家提高免疫力，广东省中医院给出了一份关于流感预防、治疗期和恢复期的食养建议，快收藏起来吧！ 2025-01-09 09:07,,医疗健康新闻,https://www.cnr.cn/2014jkpd/jkjrjd/20250109/t20250109_527035373.shtml
NEWS_000468,news,央广网健康-健康今日热点,健康中国｜家庭流感防控，做好这几点 近期进入流感高发季，各种隐形病毒随时可能缠上身，特别是对于抵抗力较弱的老人孩子，一不小心就要全家“中招”，除了在外要做好相关防护，家庭内部也要重视流感防控。做好下面这几招，守护家人健康，平安过冬。 202,2025-01-08,健康中国｜家庭流感防控，做好这几点 近期进入流感高发季，各种隐形病毒随时可能缠上身，特别是对于抵抗力较弱的老人孩子，一不小心就要全家“中招”，除了在外要做好相关防护，家庭内部也要重视流感防控。做好下面这几招，守护家人健康，平安过冬。 2025-01-08 09:07,,医疗健康新闻,https://www.cnr.cn/2014jkpd/jkjrjd/20250108/t20250108_527034230.shtml
NEWS_000469,news,央广网健康-健康今日热点,甲流成今冬呼吸道疾病最高发类型，48小时内用对药可减少重症 杨燕丽提醒，当下知名度较高的奥司他韦、玛巴洛沙韦等流感用药均为处方药，意味着应在医生指导下使用。因此，即使确诊甲流，也不建议患者自己盲目用药。 2025-01-07 09:58,2025-01-07,甲流成今冬呼吸道疾病最高发类型，48小时内用对药可减少重症 杨燕丽提醒，当下知名度较高的奥司他韦、玛巴洛沙韦等流感用药均为处方药，意味着应在医生指导下使用。因此，即使确诊甲流，也不建议患者自己盲目用药。 2025-01-07 09:58,,医疗健康新闻,https://www.cnr.cn/2014jkpd/jkjrjd/20250107/t20250107_527033270.shtml
NEWS_000470,news,央广网健康-健康今日热点,期末季莫生气！这位家长辅导孩子功课后被紧急送院，医生提醒→ 正处期末月，各类考试接踵而至，不仅让孩子们心绪难宁，家长们也纷纷表示压力很大，给孩子辅导功课一度被调侃为“高危职业”！最近，家住广州市番禺区的黄女士（化名）就经历了这么一遭，在给孩,2025-01-07,期末季莫生气！这位家长辅导孩子功课后被紧急送院，医生提醒→ 正处期末月，各类考试接踵而至，不仅让孩子们心绪难宁，家长们也纷纷表示压力很大，给孩子辅导功课一度被调侃为“高危职业”！最近，家住广州市番禺区的黄女士（化名）就经历了这么一遭，在给孩子辅导功课的过程中旧疾复发，并被紧急送往医院治疗。 2025-01-07 09:04,,医疗健康新闻,https://www.cnr.cn/2014jkpd/jkjrjd/20250107/t20250107_527033178.shtml
NEWS_000471,news,央广网健康-健康今日热点,健康中国｜如何区分甲流、乙流、肺炎支原体？ 在当前的呼吸道疾病高发季，正确区分甲流、乙流和肺炎支原体感染至关重要。戳视频，一起和西安市人民医院（西安市第四医院）呼吸科主任医师刘蕊学习下吧！ 2025-01-06 17:51,2025-01-06,健康中国｜如何区分甲流、乙流、肺炎支原体？ 在当前的呼吸道疾病高发季，正确区分甲流、乙流和肺炎支原体感染至关重要。戳视频，一起和西安市人民医院（西安市第四医院）呼吸科主任医师刘蕊学习下吧！ 2025-01-06 17:51,,医疗健康新闻,https://www.cnr.cn/2014jkpd/jkjrjd/20250106/t20250106_527032721.shtml
NEWS_000472,news,央广网健康-健康今日热点,中疾控：流感病毒阳性率快速上升 总体低于去年同期水平 流感总体处于季节性流行期，流感病毒阳性率快速上升不同省份间流感活动水平有所不同，北方省份上升略明显，但仍低于去年同期水平。 2025-01-06 09:31,2025-01-06,中疾控：流感病毒阳性率快速上升 总体低于去年同期水平 流感总体处于季节性流行期，流感病毒阳性率快速上升不同省份间流感活动水平有所不同，北方省份上升略明显，但仍低于去年同期水平。 2025-01-06 09:31,,医疗健康新闻,https://www.cnr.cn/2014jkpd/jkjrjd/20250106/t20250106_527032271.shtml
NEWS_000473,news,央广网健康-健康今日热点,感染支原体肺炎怎么办？中医儿科医生来支招 肺炎支原体是一种非典型的细菌，其潜伏期可长达23天，儿童易感。“肺炎支原体”并不等同于肺炎，它是一种病原体的名称。实际上，感染后的表现可能只是普通的上呼吸道感染。一旦引发肺炎，症状就会相对严重，包括,2025-01-06,感染支原体肺炎怎么办？中医儿科医生来支招 肺炎支原体是一种非典型的细菌，其潜伏期可长达23天，儿童易感。“肺炎支原体”并不等同于肺炎，它是一种病原体的名称。实际上，感染后的表现可能只是普通的上呼吸道感染。一旦引发肺炎，症状就会相对严重，包括咳嗽、发热、呼吸困难、咽痛和头痛等，对孩子的健康构成严重威胁。 2025-01-06 09:03,,医疗健康新闻,https://www.cnr.cn/2014jkpd/jkjrjd/20250106/t20250106_527032191.shtml
NEWS_000474,news,央广网健康-健康今日热点,全球半数以上心血管病例与高收缩压紧密相关 据哈尔滨医科大学消息，该校副教授王明思、副教授李亦兰和教授黄卫东组成的研究团队发现，高收缩压作为可调控的关键因素，与全球超半数的心血管疾病伤残调整生命年紧密相关。研究团队的数据揭示了严峻事实：202,2025-01-05,全球半数以上心血管病例与高收缩压紧密相关 据哈尔滨医科大学消息，该校副教授王明思、副教授李亦兰和教授黄卫东组成的研究团队发现，高收缩压作为可调控的关键因素，与全球超半数的心血管疾病伤残调整生命年紧密相关。研究团队的数据揭示了严峻事实：2021年，全球55岁及以上人群中，心血管疾病的发病率、伤残调整生命年率及死亡率均居高不下。研究发现，高收缩压与全球54.57%的心血管疾病伤残调整生命年紧密挂钩，成为首要的可调节危险因素。 2025-01-05 09:38,,医疗健康新闻,https://www.cnr.cn/2014jkpd/jkjrjd/20250105/t20250105_527031584.shtml
NEWS_000475,news,央广网健康-健康今日热点,健康中国｜当老年朋友遇上小腿抽筋，该怎么办？ 相信不少老年朋友都有过这样的经历：或许你正惬意地窝在沙发上看电视，又或是半夜睡得正香甜，小腿肌肉却毫无征兆地一阵紧缩、剧痛……小腿抽筋不仅在当下让人感到难受，还让老年朋友们对日常活动心生顾虑，生,2025-01-04,健康中国｜当老年朋友遇上小腿抽筋，该怎么办？ 相信不少老年朋友都有过这样的经历：或许你正惬意地窝在沙发上看电视，又或是半夜睡得正香甜，小腿肌肉却毫无征兆地一阵紧缩、剧痛……小腿抽筋不仅在当下让人感到难受，还让老年朋友们对日常活动心生顾虑，生怕走着走着、站着站着它又突然发作。那么，当老年朋友碰上小腿抽筋该咋整？中国中医科学院西苑医院山西医院山西中医药大学附属医院周围血管病疮疡科副主任医师李晓亮给出解答。 2025-01-04 09:47,,医疗健康新闻,https://www.cnr.cn/2014jkpd/jkjrjd/20250104/t20250104_527030686.shtml
NEWS_000476,news,央广网健康-健康今日热点,长期大量摄入全脂牛奶是否会引发心血管疾病？我国科学家有新发现 在传统观念中，大量牛奶脂肪是引发肥胖、心血管疾病的重要风险因素之一，但农业农村部食物与营养发展研究所王加启团队在一项最新研究中发现，牛奶脂肪并不会增加体重和引发高血脂等疾病。 2,2025-01-03,长期大量摄入全脂牛奶是否会引发心血管疾病？我国科学家有新发现 在传统观念中，大量牛奶脂肪是引发肥胖、心血管疾病的重要风险因素之一，但农业农村部食物与营养发展研究所王加启团队在一项最新研究中发现，牛奶脂肪并不会增加体重和引发高血脂等疾病。 2025-01-03 09:07,,医疗健康新闻,https://www.cnr.cn/2014jkpd/jkjrjd/20250103/t20250103_527029538.shtml
NEWS_000477,news,央广网健康-健康今日热点,健康中国｜新岁序开 心理专家教你解锁幸福密码 新年是生活的崭新起点，如同一扇通往幸福的大门悄然敞开，而幸福是一个复杂而多元的概念，不同的人对其有着不同的理解和感受。在心理学上，幸福感究竟包括哪些方面？在新的一年，个人应该如何提升幸福感？为此,2025-01-02,健康中国｜新岁序开 心理专家教你解锁幸福密码 新年是生活的崭新起点，如同一扇通往幸福的大门悄然敞开，而幸福是一个复杂而多元的概念，不同的人对其有着不同的理解和感受。在心理学上，幸福感究竟包括哪些方面？在新的一年，个人应该如何提升幸福感？为此，央广网记者采访了应用心理学博士、二级心理咨询师廖春岭。 2025-01-02 09:11,,医疗健康新闻,https://www.cnr.cn/2014jkpd/jkjrjd/20250102/t20250102_527028496.shtml
NEWS_000478,news,央广网健康-健康今日热点,健康中国｜每天嘻嘻哈哈的人，也会得抑郁症？ 近日，演员赵露思因“被送医院抢救”相关事件多次登上热搜，其本人也在社交媒体中发长文回应自己从19年起，就出现了抑郁情绪，并一度瘦到36.9公斤，BMI不足18.5，直到2024年病情加重……有不少,2025-01-02,健康中国｜每天嘻嘻哈哈的人，也会得抑郁症？ 近日，演员赵露思因“被送医院抢救”相关事件多次登上热搜，其本人也在社交媒体中发长文回应自己从19年起，就出现了抑郁情绪，并一度瘦到36.9公斤，BMI不足18.5，直到2024年病情加重……有不少网友感到好奇：“每次看到赵露思参加活动的照片，感觉她的状态都挺好的，怎么会得抑郁症呢？”那么，乐观的人也有可能得抑郁症？是否可以靠意志力“战胜”抑郁症？哪些人容易得抑郁症？如果家人或朋友患有抑郁症，我们应该如何与他们相处？应用心理学博士、二级心理咨询师廖春岭给出解答。 2025-01-02 16:41,,医疗健康新闻,https://www.cnr.cn/2014jkpd/jkjrjd/20250102/t20250102_527028974.shtml
NEWS_000479,news,央广网健康-健康今日热点,健康中国｜@打工人，这三个动作帮你缓解颈椎酸痛 到了年末，不少打工人纷纷开启KPI冲刺模式，长时间久坐伏案更是难以避免，随之而来的，便是颈椎酸痛这一恼人状况愈发凸显。广州医科大学附属第二医院脊柱外科主任医师江晓兵教给大家三个简单易操作的动作,2024-12-30,健康中国｜@打工人，这三个动作帮你缓解颈椎酸痛 到了年末，不少打工人纷纷开启KPI冲刺模式，长时间久坐伏案更是难以避免，随之而来的，便是颈椎酸痛这一恼人状况愈发凸显。广州医科大学附属第二医院脊柱外科主任医师江晓兵教给大家三个简单易操作的动作，助你快速缓解颈椎酸痛，轻松应对年末高强度的工作节奏。 2024-12-30 11:27,,医疗健康新闻,https://www.cnr.cn/2014jkpd/jkjrjd/20241230/t20241230_527025643.shtml
NEWS_000480,news,央广网健康-健康今日热点,健康中国｜失语症，这是个什么病？ 你听说过失语症吗？其实，失语症患者群体庞大，但是却很少被人提及。他们的言不由心、有话难言，以及对沟通与表达的需求，都应该被看到和关注。那么，什么是失语症？常见的病因有哪些？失语症主要的类型及疾病表现是什么？,2024-12-31,健康中国｜失语症，这是个什么病？ 你听说过失语症吗？其实，失语症患者群体庞大，但是却很少被人提及。他们的言不由心、有话难言，以及对沟通与表达的需求，都应该被看到和关注。那么，什么是失语症？常见的病因有哪些？失语症主要的类型及疾病表现是什么？央广网带你一图读懂！ 2024-12-31 08:47,,医疗健康新闻,https://www.cnr.cn/2014jkpd/jkjrjd/20241231/t20241231_527026523.shtml
NEWS_000481,news,央广网健康-健康今日热点,这届年轻人更爱“食养” “食药同源”理念更重视健康的维护与提升，倡导的是一种全面、可持续的健康生活方式。”此前有机构发布的数据显示，淘宝天猫药食同源市场近一年的销售额已接近234亿元，同比增长22.3%，显示出巨大的增长潜力。 2025-0,2025-01-01,这届年轻人更爱“食养” “食药同源”理念更重视健康的维护与提升，倡导的是一种全面、可持续的健康生活方式。”此前有机构发布的数据显示，淘宝天猫药食同源市场近一年的销售额已接近234亿元，同比增长22.3%，显示出巨大的增长潜力。 2025-01-01 08:48,,医疗健康新闻,https://www.cnr.cn/2014jkpd/jkjrjd/20250101/t20250101_527027733.shtml
NEWS_000482,news,央广网健康-健康今日热点,孩子为什么见人不爱打招呼？ 那么，家长有没有意识到一个问题：你认识的熟人，不见得孩子也认识；你喜欢跟熟人打招呼，不见得孩子就喜欢。如果强迫孩子跟不认识的“熟人”打招呼，既不尊重孩子的意愿，也容易吓着孩子，因为陌生的环境、陌生的人都会让孩子紧,2024-12-30,孩子为什么见人不爱打招呼？ 那么，家长有没有意识到一个问题：你认识的熟人，不见得孩子也认识；你喜欢跟熟人打招呼，不见得孩子就喜欢。如果强迫孩子跟不认识的“熟人”打招呼，既不尊重孩子的意愿，也容易吓着孩子，因为陌生的环境、陌生的人都会让孩子紧张。 2024-12-30 06:21,,医疗健康新闻,https://www.cnr.cn/2014jkpd/jkjrjd/20241230/t20241230_527025201.shtml
NEWS_000483,news,央广网健康-健康今日热点,健康中国｜冬季食补，5个“第一”食材 人类到了冬季，也同样处于“封藏”时期，此时进补，有利于营养物质的吸收蕴蓄，进而发挥更好的作用。中医整理出五个“第一”食材，跟着央广网一起在这个冬季补气滋体，温暖过冬！ 2024-12-29 09:35,2024-12-29,健康中国｜冬季食补，5个“第一”食材 人类到了冬季，也同样处于“封藏”时期，此时进补，有利于营养物质的吸收蕴蓄，进而发挥更好的作用。中医整理出五个“第一”食材，跟着央广网一起在这个冬季补气滋体，温暖过冬！ 2024-12-29 09:35,,医疗健康新闻,https://www.cnr.cn/2014jkpd/jkjrjd/20241229/t20241229_527024638.shtml
NEWS_000484,news,央广网健康-健康今日热点,健康中国 | 人偏肺病毒，七问七答一次说清 人类偏肺病毒究竟是什么？感染后会出现哪些症状？是否需要就医？如何预防？央广网带你一图读懂↓↓↓ 2024-12-28 09:52,2024-12-28,健康中国 | 人偏肺病毒，七问七答一次说清 人类偏肺病毒究竟是什么？感染后会出现哪些症状？是否需要就医？如何预防？央广网带你一图读懂↓↓↓ 2024-12-28 09:52,,医疗健康新闻,https://www.cnr.cn/2014jkpd/jkjrjd/20241228/t20241228_527023844.shtml
NEWS_000485,news,央广网健康-健康今日热点,健康中国｜温暖过冬，“暖气病”怎么破？ “你在南方的艳阳里大雪纷飞，我在北方的寒夜里四季如春。”当凛冽的寒风呼啸而过，温暖过冬成为每个人心中的期盼。然而，供暖在给人们带来温暖的同时，也带来了不少麻烦：咽干、嗓子痛、皮肤干、头晕、胸闷……也就,2024-12-27,健康中国｜温暖过冬，“暖气病”怎么破？ “你在南方的艳阳里大雪纷飞，我在北方的寒夜里四季如春。”当凛冽的寒风呼啸而过，温暖过冬成为每个人心中的期盼。然而，供暖在给人们带来温暖的同时，也带来了不少麻烦：咽干、嗓子痛、皮肤干、头晕、胸闷……也就是大家俗称的“暖气病”。 2024-12-27 07:52,,医疗健康新闻,https://www.cnr.cn/2014jkpd/jkjrjd/20241227/t20241227_527022191.shtml
NEWS_000486,news,央广网健康-健康今日热点,守护颈椎腰椎，拥抱健康生活 晒太阳可以帮助我们的身体合成维生素D，这对于钙的吸收至关重要。很多人担心晒太阳会导致皮肤老化，实际上只要找对方法，不仅不会晒伤，还会让我们的皮肤能力更强大。此外，针对性的运动和适宜的饮食习惯也可以帮助我们维持骨骼,2024-12-26,守护颈椎腰椎，拥抱健康生活 晒太阳可以帮助我们的身体合成维生素D，这对于钙的吸收至关重要。很多人担心晒太阳会导致皮肤老化，实际上只要找对方法，不仅不会晒伤，还会让我们的皮肤能力更强大。此外，针对性的运动和适宜的饮食习惯也可以帮助我们维持骨骼健康。 2024-12-26 09:07,,医疗健康新闻,https://www.cnr.cn/2014jkpd/jkjrjd/20241226/t20241226_527021205.shtml
NEWS_000487,news,央广网健康-健康今日热点,冬天吃甘蔗 警惕清甜背后的风险 在秋冬季节，甘蔗以其独特的甘甜成为了许多人的心头好，口味清甜、新鲜多汁，吃起来非常爽口。甘蔗虽好吃，但食用不当也可能带来一定的风险。 2024-12-25 07:58,2024-12-25,冬天吃甘蔗 警惕清甜背后的风险 在秋冬季节，甘蔗以其独特的甘甜成为了许多人的心头好，口味清甜、新鲜多汁，吃起来非常爽口。甘蔗虽好吃，但食用不当也可能带来一定的风险。 2024-12-25 07:58,,医疗健康新闻,https://www.cnr.cn/2014jkpd/jkjrjd/20241225/t20241225_527019864.shtml
NEWS_000488,news,央广网健康-健康今日热点,新规发布“鼠标手”也算职业病！应该如何缓解？ 根据《中华人民共和国职业病防治法》有关规定，国家卫生健康委、人力资源社会保障部、国家疾控局、全国总工会联合组织对职业病的分类和目录进行了调整，在本月16日发布了调整后的《职业病分类和目录》，自2,2025-08-01,新规发布“鼠标手”也算职业病！应该如何缓解？ 根据《中华人民共和国职业病防治法》有关规定，国家卫生健康委、人力资源社会保障部、国家疾控局、全国总工会联合组织对职业病的分类和目录进行了调整，在本月16日发布了调整后的《职业病分类和目录》，自2025年8月1日起实施。其中，“腕管综合征”（俗称“鼠标手”）被列入职业病目录中。“鼠标手”是“打工人”的通病，也是“硬伤”，那么，应如何缓解“鼠标手”？广州医科大学附属第二医院康复科给出解答。 2024-12-24 09:09,,医疗健康新闻,https://www.cnr.cn/2014jkpd/jkjrjd/20241224/t20241224_527018841.shtml
NEWS_000489,news,央广网健康-健康今日热点,冬至后阳气回升，避免过度滋补伤及脾胃 12月21日是冬至节气，是北半球昼最短、夜最长的日子，也代表着寒冬将至。冬至既是二十四节气也是祭祖节日，有“冬至大如年”之说。 2024-12-23 09:10,2024-12-23,冬至后阳气回升，避免过度滋补伤及脾胃 12月21日是冬至节气，是北半球昼最短、夜最长的日子，也代表着寒冬将至。冬至既是二十四节气也是祭祖节日，有“冬至大如年”之说。 2024-12-23 09:10,,医疗健康新闻,https://www.cnr.cn/2014jkpd/jkjrjd/20241223/t20241223_527017818.shtml
NEWS_000490,news,央广网健康-健康今日热点,医生建议：冬天睡醒再赖床5分钟 冬天起床难。应急总医院心血管科副主任医师张庆军提示：这是身体在“自我保护”，建议冬天睡醒再赖床5分钟。 2024-12-22 08:49,2024-12-22,医生建议：冬天睡醒再赖床5分钟 冬天起床难。应急总医院心血管科副主任医师张庆军提示：这是身体在“自我保护”，建议冬天睡醒再赖床5分钟。 2024-12-22 08:49,,医疗健康新闻,https://www.cnr.cn/2014jkpd/jkjrjd/20241222/t20241222_527017063.shtml
NEWS_000491,news,央广网健康-健康今日热点,健康中国 | 冬季“降火”须谨慎，对“脏”下药，才能事半功倍 牙龈肿痛、咽喉不适、口舌生疮、满脸长痘……当我们身体出现这些症状时，就喜欢用“上火”来解释。饮食不节、饮水不足、熬夜失眠、心理压力、天气干燥等都可能导致上火症状出现。按照中医五脏,2024-12-21,健康中国 | 冬季“降火”须谨慎，对“脏”下药，才能事半功倍 牙龈肿痛、咽喉不适、口舌生疮、满脸长痘……当我们身体出现这些症状时，就喜欢用“上火”来解释。饮食不节、饮水不足、熬夜失眠、心理压力、天气干燥等都可能导致上火症状出现。按照中医五脏学说，火可分为心火、胃火、肝火、肺火、肾火，若不加区分盲目清火，非但不能降火，还可能会对身体造成损伤。 2024-12-21 08:56,,医疗健康新闻,https://www.cnr.cn/2014jkpd/jkjrjd/20241221/t20241221_527016306.shtml
NEWS_000492,news,央广网健康-健康今日热点,吃了40多年的鸡蛋，竟然是过敏原 “吃了40多年的鸡蛋了，从来没想过过敏。”近日，知名主持人朱丹称，最近心悸越来越频繁，去医院检查才知道，原来是对鸡蛋过敏，医生叮嘱其不能再吃任何含有鸡蛋的食物。 2024-12-20 09:18,2024-12-20,吃了40多年的鸡蛋，竟然是过敏原 “吃了40多年的鸡蛋了，从来没想过过敏。”近日，知名主持人朱丹称，最近心悸越来越频繁，去医院检查才知道，原来是对鸡蛋过敏，医生叮嘱其不能再吃任何含有鸡蛋的食物。 2024-12-20 09:18,,医疗健康新闻,https://www.cnr.cn/2014jkpd/jkjrjd/20241220/t20241220_527015034.shtml
NEWS_000493,news,央广网健康-健康今日热点,健康中国 | 养好背等于养全身！中医教你常做4个动作，避开7个坏习惯 后背酸痛是现代人常见的生理症状，但很多人不在意，觉得忍忍就过去了。其实，背部状态关系全身健康。养好背有哪些好处？日常有哪些养背动作？哪些习惯会伤背？山西省中医院针灸科侯丽,2024-12-12,健康中国 | 养好背等于养全身！中医教你常做4个动作，避开7个坏习惯 后背酸痛是现代人常见的生理症状，但很多人不在意，觉得忍忍就过去了。其实，背部状态关系全身健康。养好背有哪些好处？日常有哪些养背动作？哪些习惯会伤背？山西省中医院针灸科侯丽亚医生给出解答。 2024-12-12 09:15,,医疗健康新闻,https://www.cnr.cn/2014jkpd/jkjrjd/20241212/t20241212_527006613.shtml
NEWS_000494,news,央广网健康-健康今日热点,健康中国 | 5个超实用方法拯救失眠党 精神科医生总结 “年轻人开始渴望加入睡门”登上热搜，背后折射出了年轻人的入睡困境――被睡眠问题紧紧纠缠却无法摆脱的无奈现实。 2024-12-11 08:59,2024-12-11,健康中国 | 5个超实用方法拯救失眠党 精神科医生总结 “年轻人开始渴望加入睡门”登上热搜，背后折射出了年轻人的入睡困境――被睡眠问题紧紧纠缠却无法摆脱的无奈现实。 2024-12-11 08:59,,医疗健康新闻,https://www.cnr.cn/2014jkpd/jkjrjd/20241211/t20241211_527005371.shtml
NEWS_000495,news,央广网健康-健康今日热点,视力发育关键期：家长必知的护眼知识 在胚胎发育3周时，视凹出现，随后的几周眼睛的各结构逐步形成。至胚胎发育7月时，视网膜中的视锥细胞、视杆细胞开始分化，黄斑神经节细胞增厚，黄斑中心凹形成，出生时宝宝的视锥细胞仍未发育完全。在出生后4个月左右,2024-12-10,视力发育关键期：家长必知的护眼知识 在胚胎发育3周时，视凹出现，随后的几周眼睛的各结构逐步形成。至胚胎发育7月时，视网膜中的视锥细胞、视杆细胞开始分化，黄斑神经节细胞增厚，黄斑中心凹形成，出生时宝宝的视锥细胞仍未发育完全。在出生后4个月左右，宝宝的黄斑才完成发育。 2024-12-10 09:39,,医疗健康新闻,https://www.cnr.cn/2014jkpd/jkjrjd/20241210/t20241210_527004330.shtml
NEWS_000496,news,央广网健康-健康今日热点,“碎片化睡眠”危害等同于熬夜？ 近日，“碎片化睡眠危害等同于熬夜”话题登上热搜，网友议论纷纷，“睡了一夜总感觉睡眠断断续续”……这种“碎片化睡眠”很多人都经历过，尤其是中老年人。 2024-12-09 09:13,2024-12-09,“碎片化睡眠”危害等同于熬夜？ 近日，“碎片化睡眠危害等同于熬夜”话题登上热搜，网友议论纷纷，“睡了一夜总感觉睡眠断断续续”……这种“碎片化睡眠”很多人都经历过，尤其是中老年人。 2024-12-09 09:13,,医疗健康新闻,https://www.cnr.cn/2014jkpd/jkjrjd/20241209/t20241209_527003171.shtml
NEWS_000497,news,央广网健康-健康今日热点,中国院士对话录｜詹启敏：解决中国高发肿瘤只能靠中国人 “解决中国特殊肿瘤的责任和历史担当，就在中国的科学家、医学家和企业家身上。”在参加《中国院士对话录》节目时，中国工程院院士、分子肿瘤学家詹启敏如是说。 2024-12-09 06:33,2024-12-09,中国院士对话录｜詹启敏：解决中国高发肿瘤只能靠中国人 “解决中国特殊肿瘤的责任和历史担当，就在中国的科学家、医学家和企业家身上。”在参加《中国院士对话录》节目时，中国工程院院士、分子肿瘤学家詹启敏如是说。 2024-12-09 06:33,,医疗健康新闻,https://www.cnr.cn/2014jkpd/jkjrjd/20241209/t20241209_527002928.shtml
NEWS_000498,news,央广网健康-健康今日热点,健康中国 | 家长如何引导孩子走出“情绪风暴”？ 青春期是孩子学习处理人际冲突的关键阶段，也是培养心理韧性的重要时期。 2024-12-08 09:37,2024-12-08,健康中国 | 家长如何引导孩子走出“情绪风暴”？ 青春期是孩子学习处理人际冲突的关键阶段，也是培养心理韧性的重要时期。 2024-12-08 09:37,,医疗健康新闻,https://www.cnr.cn/2014jkpd/jkjrjd/20241208/t20241208_527002444.shtml
NEWS_000499,news,央广网健康-健康今日热点,大雪时节寒气加重，养生时时处处如何“内藏”？ “大雪时节寒冷加剧，人们更需注重‘内藏’养生，因为冬季许多疾病与寒气入侵密切相关。养生应顺应自然界的闭藏规律，围绕保暖、进补、适量运动三大核心要素展开。日常生活中，还需注重阳气的“内藏”，避免熬,2024-12-07,大雪时节寒气加重，养生时时处处如何“内藏”？ “大雪时节寒冷加剧，人们更需注重‘内藏’养生，因为冬季许多疾病与寒气入侵密切相关。养生应顺应自然界的闭藏规律，围绕保暖、进补、适量运动三大核心要素展开。日常生活中，还需注重阳气的“内藏”，避免熬夜，保证充足睡眠；保持平和心态，避免情绪剧烈波动；顺应时节，进行食补。食材：鸡半只（约750克）、天冬15克、熟地黄25克、党参15克、陈皮1瓣、食盐适量。3.将炖盅放入蒸锅中，隔水清炖1.5小时，保持中小火，避免炖盅内的汤水溢出； 2024-12-07 09:22,,医疗健康新闻,https://www.cnr.cn/2014jkpd/jkjrjd/20241207/t20241207_527001646.shtml
NEWS_000500,news,央广网健康-健康今日热点,健康中国｜远离低温烫伤，愿你三冬不寒 在寒冷的冬季，暖手宝、电热毯等取暖神器成为大家的“小帮手”，不过需要警惕的是，这些神器一旦使用不当，直接接触皮肤时间过长，就容易造成低温烫伤。 2024-12-06 09:18,2024-12-06,健康中国｜远离低温烫伤，愿你三冬不寒 在寒冷的冬季，暖手宝、电热毯等取暖神器成为大家的“小帮手”，不过需要警惕的是，这些神器一旦使用不当，直接接触皮肤时间过长，就容易造成低温烫伤。 2024-12-06 09:18,,医疗健康新闻,https://www.cnr.cn/2014jkpd/jkjrjd/20241206/t20241206_527000571.shtml
NEWS_000501,news,央广网健康-健康今日热点,健康中国｜你真的会看配料表吗？这些配料表中的“陷阱”要警惕！ 在当今追求大健康的生活热潮中，一份详尽而透明的食品配料表成为了消费者手中的“健康导航仪”。但是，你真的会看配料表吗？究竟是“零添加”“纯天然”，还是“科技与狠活”？如何辨识配料表,2024-12-05,健康中国｜你真的会看配料表吗？这些配料表中的“陷阱”要警惕！ 在当今追求大健康的生活热潮中，一份详尽而透明的食品配料表成为了消费者手中的“健康导航仪”。但是，你真的会看配料表吗？究竟是“零添加”“纯天然”，还是“科技与狠活”？如何辨识配料表的“陷阱”?央广网带你一图读懂。 2024-12-05 09:18,,医疗健康新闻,https://www.cnr.cn/2014jkpd/jkjrjd/20241205/t20241205_526999304.shtml
NEWS_000502,news,央广网健康-健康今日热点,孕妈便秘为什么不能用开塞露和便塞停？ 在日常生活中，开塞露是许多人解决便秘的常用药物，其主要成分是甘油和山梨醇。这些成分通过刺激肠壁、软化大便，反射性地引起排便反应。然而，对于孕妈妈来说，使用开塞露需要格外谨慎。 2024-12-04 09,2024-12-04,孕妈便秘为什么不能用开塞露和便塞停？ 在日常生活中，开塞露是许多人解决便秘的常用药物，其主要成分是甘油和山梨醇。这些成分通过刺激肠壁、软化大便，反射性地引起排便反应。然而，对于孕妈妈来说，使用开塞露需要格外谨慎。 2024-12-04 09:18,,医疗健康新闻,https://www.cnr.cn/2014jkpd/jkjrjd/20241204/t20241204_526997900.shtml
NEWS_000503,news,央广网健康-健康今日热点,豆浆vs牛奶，喝哪个更好？ 豆浆和牛奶，哪个更适合你的早餐桌？作为两种常见的健康饮品，到底哪种更适合你的体质和需求？今天我们就来聊聊这个“早餐之争”。 2024-12-03 09:13,2024-12-03,豆浆vs牛奶，喝哪个更好？ 豆浆和牛奶，哪个更适合你的早餐桌？作为两种常见的健康饮品，到底哪种更适合你的体质和需求？今天我们就来聊聊这个“早餐之争”。 2024-12-03 09:13,,医疗健康新闻,https://www.cnr.cn/2014jkpd/jkjrjd/20241203/t20241203_526996739.shtml
NEWS_000504,news,央广网健康-健康今日热点,五类药片不可掰开吃 很多药物不宜掰开服用。为满足临床需求，许多药片都被“穿上”了各种外衣，以增加药物稳定性、控制药物释放速度，或实现定位释放。若将这些药物掰开服用可能会破坏这层外衣，从而影响药物的疗效，甚至可能引发危险。日前发布的11月科学,2024-12-02,五类药片不可掰开吃 很多药物不宜掰开服用。为满足临床需求，许多药片都被“穿上”了各种外衣，以增加药物稳定性、控制药物释放速度，或实现定位释放。若将这些药物掰开服用可能会破坏这层外衣，从而影响药物的疗效，甚至可能引发危险。日前发布的11月科学流言榜对不宜掰开或研磨的药物进行了梳理。 2024-12-02 09:19,,医疗健康新闻,https://www.cnr.cn/2014jkpd/jkjrjd/20241202/t20241202_526995592.shtml
NEWS_000505,news,央广网健康-健康今日热点,“艾”在三九，快来灸一灸！ “三九灸”作为中医传统疗法之一，与“三伏灸”相辅相成，共同构成了中医“冬病夏治、夏病冬治”的治疗体系。 2024-12-19 09:29,2024-12-19,“艾”在三九，快来灸一灸！ “三九灸”作为中医传统疗法之一，与“三伏灸”相辅相成，共同构成了中医“冬病夏治、夏病冬治”的治疗体系。 2024-12-19 09:29,,医疗健康新闻,https://www.cnr.cn/2014jkpd/jkjrjd/20241219/t20241219_527013985.shtml
NEWS_000506,news,央广网健康-健康今日热点,冬季洗衣物 别忽视除螨 寒冷的冬季是螨虫活跃的时期，这些微小的生物隐藏在厚重的冬衣中，可能引发皮肤过敏、呼吸道疾病等问题。天津市疾控中心提示，冬季衣物要注意清洁和消毒，及时除螨。 2024-12-18 09:09,2024-12-18,冬季洗衣物 别忽视除螨 寒冷的冬季是螨虫活跃的时期，这些微小的生物隐藏在厚重的冬衣中，可能引发皮肤过敏、呼吸道疾病等问题。天津市疾控中心提示，冬季衣物要注意清洁和消毒，及时除螨。 2024-12-18 09:09,,医疗健康新闻,https://www.cnr.cn/2014jkpd/jkjrjd/20241218/t20241218_527012847.shtml
NEWS_000507,news,央广网健康-健康今日热点,冬天润燥多吃藕，蒸煮炖炒总相宜 冬季天气干燥，特别是北方，室外冷燥、室内热燥，除了喝足汤水，还要每天吃一些清热润燥的食物。这时候藕就成了我们滋补润燥的不二之选。人们不仅要注意天气的变化、防寒保暖，更要做到合理饮食、均衡营养，因此特别推荐吃些,2024-12-17,冬天润燥多吃藕，蒸煮炖炒总相宜 冬季天气干燥，特别是北方，室外冷燥、室内热燥，除了喝足汤水，还要每天吃一些清热润燥的食物。这时候藕就成了我们滋补润燥的不二之选。人们不仅要注意天气的变化、防寒保暖，更要做到合理饮食、均衡营养，因此特别推荐吃些藕。 2024-12-17 09:14,,医疗健康新闻,https://www.cnr.cn/2014jkpd/jkjrjd/20241217/t20241217_527011709.shtml
NEWS_000508,news,央广网健康-健康今日热点,飞机起降时耳朵不舒服？别怕！其实可以这样解决 乘坐飞机出差、旅行已成为现代人生活的一部分，然而，飞机起降时的耳朵不适感却常常困扰着许多乘客。 2024-12-16 09:09,2024-12-16,飞机起降时耳朵不舒服？别怕！其实可以这样解决 乘坐飞机出差、旅行已成为现代人生活的一部分，然而，飞机起降时的耳朵不适感却常常困扰着许多乘客。 2024-12-16 09:09,,医疗健康新闻,https://www.cnr.cn/2014jkpd/jkjrjd/20241216/t20241216_527010554.shtml
NEWS_000509,news,央广网健康-健康今日热点,村医的“老三样”升级了（身边故事看改革） 天麻麻亮，山东省泰安市宁阳县大孔村卫生室门刚开，杨老汉手扶着腰，蹒跚进来。忙活一天，送走最后一位患者，孔新民直了直腰：“‘老三样’升级了，更得当好乡亲们的健康‘守门人’。 2024-12-15 10,2024-12-15,村医的“老三样”升级了（身边故事看改革） 天麻麻亮，山东省泰安市宁阳县大孔村卫生室门刚开，杨老汉手扶着腰，蹒跚进来。忙活一天，送走最后一位患者，孔新民直了直腰：“‘老三样’升级了，更得当好乡亲们的健康‘守门人’。 2024-12-15 10:02,,医疗健康新闻,https://www.cnr.cn/2014jkpd/jkjrjd/20241215/t20241215_527009886.shtml
NEWS_000510,news,央广网健康-健康今日热点,健康中国｜雪地撒欢，当心雪盲症来“敲门” 又到了一年一度的滑雪季，在雪地里撒欢、滑雪，成为不少人周末闲暇时的第一选择。不过，大家在尽情享受美丽雪景时，切记要保护好眼睛，谨防患上雪盲症。什么是雪盲症？又该如何防治？ 2024-12-14 09,2024-12-14,健康中国｜雪地撒欢，当心雪盲症来“敲门” 又到了一年一度的滑雪季，在雪地里撒欢、滑雪，成为不少人周末闲暇时的第一选择。不过，大家在尽情享受美丽雪景时，切记要保护好眼睛，谨防患上雪盲症。什么是雪盲症？又该如何防治？ 2024-12-14 09:33,,医疗健康新闻,https://www.cnr.cn/2014jkpd/jkjrjd/20241214/t20241214_527009103.shtml
NEWS_000511,news,央广网健康-健康今日热点,健康中国 | 中医建议 冬季晨练别在10点前 寒冬凛冽，许多人秉持着“冬练三九”的理念，坚持晨练以增强体质、抵御寒冷。然而，运动的时间选择大有学问。究竟什么时候运动最为适宜？运动暖身靠谱吗？浙江大学医学院附属第一医院中医科主治中医师钱康给出,2024-12-13,健康中国 | 中医建议 冬季晨练别在10点前 寒冬凛冽，许多人秉持着“冬练三九”的理念，坚持晨练以增强体质、抵御寒冷。然而，运动的时间选择大有学问。究竟什么时候运动最为适宜？运动暖身靠谱吗？浙江大学医学院附属第一医院中医科主治中医师钱康给出了解答。 2024-12-13 09:21,,医疗健康新闻,https://www.cnr.cn/2014jkpd/jkjrjd/20241213/t20241213_527007868.shtml
NEWS_000512,news,央广网健康-健康今日热点,中国院士对话录 | 张运，把多普勒超声带入中国的人 中国工程院院士张运说，对于心脏病医生，生命的意义常常在于时间：“时间就是心肌，时间就是生命”。 2024-12-02 07:40,2024-12-02,中国院士对话录 | 张运，把多普勒超声带入中国的人 中国工程院院士张运说，对于心脏病医生，生命的意义常常在于时间：“时间就是心肌，时间就是生命”。 2024-12-02 07:40,,医疗健康新闻,https://www.cnr.cn/2014jkpd/jkjrjd/20241202/t20241202_526995393.shtml
NEWS_000513,news,央广网健康-健康今日热点,健康中国 | 艾滋病的10个身体预警信号，你了解多少？ 艾滋病是由人免疫缺陷病毒（HIV）引发的一种严重免疫系统疾病。哪些症状可能是艾滋病发出的身体预警信号？ 2024-12-01 09:21,2024-12-01,健康中国 | 艾滋病的10个身体预警信号，你了解多少？ 艾滋病是由人免疫缺陷病毒（HIV）引发的一种严重免疫系统疾病。哪些症状可能是艾滋病发出的身体预警信号？ 2024-12-01 09:21,,医疗健康新闻,https://www.cnr.cn/2014jkpd/jkjrjd/20241201/t20241201_526994781.shtml
NEWS_000514,news,央广网健康-健康今日热点,生酮饮食能“饿死”癌细胞？ 生酮饮食指低碳水、高脂肪、中量蛋白质，同时控制总热量摄入的饮食方式，需要医生指导操作。不要盲目追求未经验证的治疗方法，科学合理的抗癌手段仍需专业医生指导。 2024-11-30 09:50,2024-11-30,生酮饮食能“饿死”癌细胞？ 生酮饮食指低碳水、高脂肪、中量蛋白质，同时控制总热量摄入的饮食方式，需要医生指导操作。不要盲目追求未经验证的治疗方法，科学合理的抗癌手段仍需专业医生指导。 2024-11-30 09:50,,医疗健康新闻,https://www.cnr.cn/2014jkpd/jkjrjd/20241130/t20241130_526993993.shtml
NEWS_000515,news,央广网健康-健康今日热点,健康中国｜胃癌无声侵袭，这些饮食习惯正在“喂养”它！ 随着天气转冷，火锅烧烤成为了许多人的心头好，但高油高盐的食物会给胃黏膜造成严重负担，胃癌风险也在悄然滋生。警惕胃癌侵袭，需建立健康合理的饮食习惯。如何做到？ 2024-11-29 09:,2024-11-29,健康中国｜胃癌无声侵袭，这些饮食习惯正在“喂养”它！ 随着天气转冷，火锅烧烤成为了许多人的心头好，但高油高盐的食物会给胃黏膜造成严重负担，胃癌风险也在悄然滋生。警惕胃癌侵袭，需建立健康合理的饮食习惯。如何做到？ 2024-11-29 09:18,,医疗健康新闻,https://www.cnr.cn/2014jkpd/jkjrjd/20241129/t20241129_526992671.shtml
NEWS_000516,news,央广网健康-健康今日热点,新增91种药品 2024年国家医保药品目录调整结果公布 11月28日上午，国家医保局召开新闻发布会，公布2024年国家医保药品目录调整结果。 2024-11-28 10:06,2024-11-28,新增91种药品 2024年国家医保药品目录调整结果公布 11月28日上午，国家医保局召开新闻发布会，公布2024年国家医保药品目录调整结果。 2024-11-28 10:06,,医疗健康新闻,https://www.cnr.cn/2014jkpd/jkjrjd/20241128/t20241128_526991553.shtml
NEWS_000517,news,央广网健康-健康今日热点,眼皮跳是病吗？ 在我们的眼皮周围有一圈控制眨眼的眼轮匝肌，如果它受到一些不良的刺激，比如紧张、压力大、睡眠不足、营养元素缺乏等，可能会导致肌肉神经发出信号，刺激眼轮匝肌收缩，引起眼皮跳动。 2024-11-28 09:18,2024-11-28,眼皮跳是病吗？ 在我们的眼皮周围有一圈控制眨眼的眼轮匝肌，如果它受到一些不良的刺激，比如紧张、压力大、睡眠不足、营养元素缺乏等，可能会导致肌肉神经发出信号，刺激眼轮匝肌收缩，引起眼皮跳动。 2024-11-28 09:18,,医疗健康新闻,https://www.cnr.cn/2014jkpd/jkjrjd/20241128/t20241128_526991457.shtml
NEWS_000518,news,央广网健康-健康今日热点,国家卫健委：六种情况检查检验结果可不互认 检查检验结果会因为患者正常的生理代谢、病情发展而发生变化，而检查检验的设备、试剂参数也有差异。因此，即便是同一个项目，有的也不能互认。 2024-11-27 17:25,2024-11-27,国家卫健委：六种情况检查检验结果可不互认 检查检验结果会因为患者正常的生理代谢、病情发展而发生变化，而检查检验的设备、试剂参数也有差异。因此，即便是同一个项目，有的也不能互认。 2024-11-27 17:25,,医疗健康新闻,https://www.cnr.cn/2014jkpd/jkjrjd/20241127/t20241127_526990832.shtml
NEWS_000519,news,央广网健康-健康今日热点,健康中国 | 餐桌上的“散结高手”居然是它？常吃还能养胃通便 随着健康体检的普及，“结节”这个词越来越普遍地出现在大家的体检报告单上。很多常见的食物，它们都是化解结节的好帮手，无论是肺部结节、甲状腺结节、乳腺结节，还是全身多脏器的结节，它们,2024-11-27,健康中国 | 餐桌上的“散结高手”居然是它？常吃还能养胃通便 随着健康体检的普及，“结节”这个词越来越普遍地出现在大家的体检报告单上。很多常见的食物，它们都是化解结节的好帮手，无论是肺部结节、甲状腺结节、乳腺结节，还是全身多脏器的结节，它们大都能起到一些帮助调理的作用。 2024-11-27 08:46,,医疗健康新闻,https://www.cnr.cn/2014jkpd/jkjrjd/20241127/t20241127_526989996.shtml
NEWS_000520,news,央广网健康-健康今日热点,“0糖0脂”把家长骗得好辛苦……这样挑零食，孩子更健康！ 零食，对孩子有着极大的诱惑力。而家长由于对孩子的营养健康、饮食习惯、生长发育等高度重视，往往对零食存在许多困惑和疑虑。那么，零食该不该吃，怎么吃，吃多少？如何为孩子挑选健康营养的零食,2024-11-26,“0糖0脂”把家长骗得好辛苦……这样挑零食，孩子更健康！ 零食，对孩子有着极大的诱惑力。而家长由于对孩子的营养健康、饮食习惯、生长发育等高度重视，往往对零食存在许多困惑和疑虑。那么，零食该不该吃，怎么吃，吃多少？如何为孩子挑选健康营养的零食？中山大学附属第七医院临床营养科孙岗副主任医师为您一一解答！ 2024-11-26 08:52,,医疗健康新闻,https://www.cnr.cn/2014jkpd/jkjrjd/20241126/t20241126_526988731.shtml
NEWS_000521,news,央广网健康-健康今日热点,我这么年轻怎么会是肠癌 在大家的印象中，结直肠癌一般会发生在中老年人身上，但是如果告诉你越来越多的年轻人也开始患上此类疾病，你是不是会惊讶不已?但这是事实。 2024-11-25 09:11,2024-11-25,我这么年轻怎么会是肠癌 在大家的印象中，结直肠癌一般会发生在中老年人身上，但是如果告诉你越来越多的年轻人也开始患上此类疾病，你是不是会惊讶不已?但这是事实。 2024-11-25 09:11,,医疗健康新闻,https://www.cnr.cn/2014jkpd/jkjrjd/20241125/t20241125_526987412.shtml
NEWS_000522,news,央广网健康-健康今日热点,腺病毒来“搞事情”？这份防护指南请查收！ 最近，腺病毒在频繁“搞事情”，它隐藏在人群密集、卫生条件较差的环境中。那么，感染腺病毒后有哪些症状？如何通过家校联合，预防腺病毒？这份防护指南请查收！ 2024-11-24 13:18,2024-11-24,腺病毒来“搞事情”？这份防护指南请查收！ 最近，腺病毒在频繁“搞事情”，它隐藏在人群密集、卫生条件较差的环境中。那么，感染腺病毒后有哪些症状？如何通过家校联合，预防腺病毒？这份防护指南请查收！ 2024-11-24 13:18,,医疗健康新闻,https://www.cnr.cn/2014jkpd/jkjrjd/20241124/t20241124_526986691.shtml
NEWS_000523,news,央广网健康-健康今日热点,首儿所：确保呼吸道疾病患儿高效安全就诊 随着秋冬季到来，呼吸道感染性疾病患儿逐渐增多。首儿所介绍，对于病情好转，居家康复的患儿，可通过首儿所互联网医院的“呼吸道感染复诊门诊”进行线上复诊，无需往复奔波。 2024-11-24 09:52,2024-11-24,首儿所：确保呼吸道疾病患儿高效安全就诊 随着秋冬季到来，呼吸道感染性疾病患儿逐渐增多。首儿所介绍，对于病情好转，居家康复的患儿，可通过首儿所互联网医院的“呼吸道感染复诊门诊”进行线上复诊，无需往复奔波。 2024-11-24 09:52,,医疗健康新闻,https://www.cnr.cn/2014jkpd/jkjrjd/20241124/t20241124_526986537.shtml
NEWS_000524,news,央广网健康-健康今日热点,深夜看吃播会得胆结石？到底啥情况…… 夜深时，许多饥肠辘辘的朋友习惯性点开美食“吃播”，金黄酥脆的炸鸡、滋滋冒油的烧烤、裹着辣椒酱的火鸡面……看着主播们大快朵颐，既解馋又解压。随着食物画面的切换，口腔开始自动分泌唾液。近日，有位网友在社交媒,2024-11-23,深夜看吃播会得胆结石？到底啥情况…… 夜深时，许多饥肠辘辘的朋友习惯性点开美食“吃播”，金黄酥脆的炸鸡、滋滋冒油的烧烤、裹着辣椒酱的火鸡面……看着主播们大快朵颐，既解馋又解压。随着食物画面的切换，口腔开始自动分泌唾液。近日，有位网友在社交媒体分享了自己患胆结石的经历，并怀疑是因为自己经常在晚上看“吃播”。“云解馋”真的会得胆结石吗？哪些因素会导致胆结石的发生？如何预防胆结石的发生？广州医科大学附属第二医院肝胆外科副主任蒋小峰给出解答。 2024-11-23 09:29,,医疗健康新闻,https://www.cnr.cn/2014jkpd/jkjrjd/20241123/t20241123_526985714.shtml
NEWS_000525,news,央广网健康-健康今日热点,健康中国｜皮肤瘙痒难忍？不妨试试这些方法！ 寒风很“调皮”，在给世界带来丝丝凉意的同时，也给许多人的皮肤带来了 “小麻烦”―― 皮肤瘙痒难忍，那种如蚁行般的感觉实在是让人苦不堪言。那么，如何轻松止痒？广东省名中医，广东省中医院心血管科大科主,2024-11-23,健康中国｜皮肤瘙痒难忍？不妨试试这些方法！ 寒风很“调皮”，在给世界带来丝丝凉意的同时，也给许多人的皮肤带来了 “小麻烦”―― 皮肤瘙痒难忍，那种如蚁行般的感觉实在是让人苦不堪言。那么，如何轻松止痒？广东省名中医，广东省中医院心血管科大科主任邹旭给出解答。 2024-11-23 09:30,,医疗健康新闻,https://www.cnr.cn/2014jkpd/jkjrjd/20241123/t20241123_526985715.shtml
NEWS_000526,news,央广网健康-健康今日热点,孩子冬季食积不用担心，试着推推这几个穴位→ 寒冬即将到来，不少人的食欲大增，觉得要吃多点，囤些脂肪过冬，因为脂肪在一定程度上可以帮助我们抵御寒冷。然而，当孩子摄入食物过多，肚子难受的时候，家长应该如何应对？广东省中医院治未病中心健康咨询门诊,2024-11-22,孩子冬季食积不用担心，试着推推这几个穴位→ 寒冬即将到来，不少人的食欲大增，觉得要吃多点，囤些脂肪过冬，因为脂肪在一定程度上可以帮助我们抵御寒冷。然而，当孩子摄入食物过多，肚子难受的时候，家长应该如何应对？广东省中医院治未病中心健康咨询门诊主治医师尹翎嘉给出解答。 2024-11-22 09:14,,医疗健康新闻,https://www.cnr.cn/2014jkpd/jkjrjd/20241122/t20241122_526984503.shtml
NEWS_000527,news,央广网健康-健康今日热点,健康中国｜饭后4种症状，警惕胰腺癌 生活中许多人都听说过“胰腺癌”，由于其恶性程度高、死亡率高、容易扩散转移，因此也被称为“癌症之王”。 2024-11-21 09:13,2024-11-21,健康中国｜饭后4种症状，警惕胰腺癌 生活中许多人都听说过“胰腺癌”，由于其恶性程度高、死亡率高、容易扩散转移，因此也被称为“癌症之王”。 2024-11-21 09:13,,医疗健康新闻,https://www.cnr.cn/2014jkpd/jkjrjd/20241121/t20241121_526983126.shtml
NEWS_000528,news,央广网健康-健康今日热点,中国心梗救治日｜提醒爸妈：晨练有风险，这几点要注意！ 尽管天气渐冷，但清晨的公园里仍然有许多老年人身着单衣在晨练。很多老人认为主动“冻一冻”，既锻炼身体又能提高身体对寒冷的耐受力。近日，70岁的刘伯（化名）却在晨练时发生意外，险些造成不可挽,2024-11-20,中国心梗救治日｜提醒爸妈：晨练有风险，这几点要注意！ 尽管天气渐冷，但清晨的公园里仍然有许多老年人身着单衣在晨练。很多老人认为主动“冻一冻”，既锻炼身体又能提高身体对寒冷的耐受力。近日，70岁的刘伯（化名）却在晨练时发生意外，险些造成不可挽回的后果。广州医科大学附属第二医院番禺院区心血管内科主任何文凯在此提醒：“冬季晨练有风险，老年人需要根据天气情况增添衣物，监测血压、血糖，按时服药，定期随诊。” 2024-11-20 09:15,,医疗健康新闻,https://www.cnr.cn/2014jkpd/jkjrjd/20241120/t20241120_526981874.shtml
NEWS_000529,news,央广网健康-健康今日热点,皮肤为什么会衰老，如何应对？ 你的皮肤还好吗？你认为护肤最要的是什么？我觉得是抗老从而恢复青春，可能很多人会觉得有违直觉，抗老不是到了一定年龄才需要考虑的事情吗？年纪轻轻的就需要做了吗？今天来和大家聊聊皮肤的问题。 2024-11-19 0,2024-11-19,皮肤为什么会衰老，如何应对？ 你的皮肤还好吗？你认为护肤最要的是什么？我觉得是抗老从而恢复青春，可能很多人会觉得有违直觉，抗老不是到了一定年龄才需要考虑的事情吗？年纪轻轻的就需要做了吗？今天来和大家聊聊皮肤的问题。 2024-11-19 09:12,,医疗健康新闻,https://www.cnr.cn/2014jkpd/jkjrjd/20241119/t20241119_526980621.shtml
NEWS_000530,news,央广网健康-健康今日热点,板栗上市，这4类人群要慎食 随着天气逐渐转凉，街头上逐渐弥漫起令人垂涎欲滴的糖炒栗子香。买下一袋油光锃亮、热热乎乎、香甜软糯的糖炒栗子，暖手暖胃又暖心。怎样安全享用这款秋冬美味呢？ 2024-11-18 09:13,2024-11-18,板栗上市，这4类人群要慎食 随着天气逐渐转凉，街头上逐渐弥漫起令人垂涎欲滴的糖炒栗子香。买下一袋油光锃亮、热热乎乎、香甜软糯的糖炒栗子，暖手暖胃又暖心。怎样安全享用这款秋冬美味呢？ 2024-11-18 09:13,,医疗健康新闻,https://www.cnr.cn/2014jkpd/jkjrjd/20241118/t20241118_526979361.shtml
NEWS_000531,news,央广网健康-健康今日热点,世界早产儿日｜“爸比妈咪，我喜欢你们这样抱我！” 泰戈尔曾说：“被妈妈亲爱的手臂拥抱着，其甜美远胜过自由。”从出生那一刻起，人类就本能渴望肌肤接触。对于婴儿来说，肌肤接触有利于提高对抚触和情感的感知，促进母乳喂养，增进亲子感情。今天是世界早,2024-11-17,世界早产儿日｜“爸比妈咪，我喜欢你们这样抱我！” 泰戈尔曾说：“被妈妈亲爱的手臂拥抱着，其甜美远胜过自由。”从出生那一刻起，人类就本能渴望肌肤接触。对于婴儿来说，肌肤接触有利于提高对抚触和情感的感知，促进母乳喂养，增进亲子感情。今天是世界早产儿日，宣传口号为“有爱，有未来――早产宝宝更需要肌肤接触”。那么，新手父母应该如何对早产宝宝进行呵护？如何给宝宝科学做抚触？中山大学附属第七医院新生儿科主任房晓�t给出解答。 2024-11-17 09:40,,医疗健康新闻,https://www.cnr.cn/2014jkpd/jkjrjd/20241117/t20241117_526978645.shtml
NEWS_000532,news,央广网健康-健康今日热点,健康中国｜没苦硬吃究竟是什么心理在作祟？ 生活中，有些人常常会陷入没苦硬吃的怪圈，他们本可以选择平坦的道路，却非要给自己制造难题。没苦硬吃究竟是什么心理在作祟？生活中大家应该如何正确对待吃苦？ 2024-11-16 08:54,2024-11-16,健康中国｜没苦硬吃究竟是什么心理在作祟？ 生活中，有些人常常会陷入没苦硬吃的怪圈，他们本可以选择平坦的道路，却非要给自己制造难题。没苦硬吃究竟是什么心理在作祟？生活中大家应该如何正确对待吃苦？ 2024-11-16 08:54,,医疗健康新闻,https://www.cnr.cn/2014jkpd/jkjrjd/20241116/t20241116_526977694.shtml
NEWS_000533,news,央广网健康-健康今日热点,健康中国｜“鲨鱼裤”的健康隐患知多少？一图读懂 近日，受冷空气影响，时尚单品“鲨鱼裤”强势回归，不少年轻人觉得其既保暖又时尚，可是，“鲨鱼裤”究竟隐藏着怎样的健康隐患？央广网带您一图读懂↓↓↓ 2024-11-15 09:15,2024-11-15,健康中国｜“鲨鱼裤”的健康隐患知多少？一图读懂 近日，受冷空气影响，时尚单品“鲨鱼裤”强势回归，不少年轻人觉得其既保暖又时尚，可是，“鲨鱼裤”究竟隐藏着怎样的健康隐患？央广网带您一图读懂↓↓↓ 2024-11-15 09:15,,医疗健康新闻,https://www.cnr.cn/2014jkpd/jkjrjd/20241115/t20241115_526976332.shtml
NEWS_000534,news,央广网健康-健康今日热点,世界糖尿病日｜糖尿病患者如何选择水果？赶紧收藏！ 水果含有丰富的维生素、微量元素和膳食纤维等，能补充人体特定的营养物质，对人体健康非常有益。很多糖友得了糖尿病后什么都不敢吃，特别是水果，觉得水果是甜的，吃水果后血糖会蹭蹭升高，可谓“谈果色变,2024-11-14,世界糖尿病日｜糖尿病患者如何选择水果？赶紧收藏！ 水果含有丰富的维生素、微量元素和膳食纤维等，能补充人体特定的营养物质，对人体健康非常有益。很多糖友得了糖尿病后什么都不敢吃，特别是水果，觉得水果是甜的，吃水果后血糖会蹭蹭升高，可谓“谈果色变”。那么，糖尿病患者如何选择水果？广东省中医院二沙岛医院内分泌科主任唐咸玉给出解答。 2024-11-14 09:22,,医疗健康新闻,https://www.cnr.cn/2014jkpd/jkjrjd/20241114/t20241114_526974837.shtml
NEWS_000535,news,央广网健康-健康今日热点,怎么申领生育津贴？ 生育津贴是指根据国家法律、法规规定对职业妇女因生育享受国家法定产假而离开工作岗位期间，给予的工资保障。参加生育保险的女职工，生育享受国家法定产假的，可以按照国家规定享受生育津贴。 2024-11-13 09:27,2024-11-13,怎么申领生育津贴？ 生育津贴是指根据国家法律、法规规定对职业妇女因生育享受国家法定产假而离开工作岗位期间，给予的工资保障。参加生育保险的女职工，生育享受国家法定产假的，可以按照国家规定享受生育津贴。 2024-11-13 09:27,,医疗健康新闻,https://www.cnr.cn/2014jkpd/jkjrjd/20241113/t20241113_526973403.shtml
NEWS_000536,news,央广网健康-健康今日热点,“双十一”狂欢购物后，这个不经意的动作可能会让眼睛遭大罪！ “双十一”购物狂欢节刚刚落幕，你的购物车是否已经被清空？快递箱是否堆成了小山？在享受拆箱的喜悦时，你可曾留意到一个动作呢？这个不经意间的动作可能会让眼睛遭大罪！广州医科大学附属第二,2024-11-12,“双十一”狂欢购物后，这个不经意的动作可能会让眼睛遭大罪！ “双十一”购物狂欢节刚刚落幕，你的购物车是否已经被清空？快递箱是否堆成了小山？在享受拆箱的喜悦时，你可曾留意到一个动作呢？这个不经意间的动作可能会让眼睛遭大罪！广州医科大学附属第二医院眼科中心王军明教授在此提醒。 2024-11-12 09:15,,医疗健康新闻,https://www.cnr.cn/2014jkpd/jkjrjd/20241112/t20241112_526972287.shtml
NEWS_000537,news,央广网健康-健康今日热点,震惊！洗碗不当竟致全家致癌？这5个陋习你中招没 你是否曾想过，洗碗这件看似不起眼的日常家务，竟然可能隐藏着危害全家健康的“定时炸弹”？“一人洗碗，全家致癌”的说法虽然听起来有些夸张，但细细探究，你会发现这并非空穴来风。洗碗时的某些不良习惯，,2024-11-11,震惊！洗碗不当竟致全家致癌？这5个陋习你中招没 你是否曾想过，洗碗这件看似不起眼的日常家务，竟然可能隐藏着危害全家健康的“定时炸弹”？“一人洗碗，全家致癌”的说法虽然听起来有些夸张，但细细探究，你会发现这并非空穴来风。洗碗时的某些不良习惯，确实可能给家人的健康带来潜在威胁。那么，到底有哪些洗碗陋习会让我们陷入健康危机呢？ 2024-11-11 09:21,,医疗健康新闻,https://www.cnr.cn/2014jkpd/jkjrjd/20241111/t20241111_526971060.shtml
NEWS_000538,news,央广网健康-健康今日热点,柚子为什么被称为“药物公敌”？药师：同吃这些药需谨慎 柚子果汁与许多药物存在相互作用，导致了多起不良事件，常发生于心脏病、高血压和抑郁症等慢性病患者中。食用葡萄柚（西柚）或喝西柚汁之后，出现不良事件的概率更大。 2024-11-10 09:,2024-11-10,柚子为什么被称为“药物公敌”？药师：同吃这些药需谨慎 柚子果汁与许多药物存在相互作用，导致了多起不良事件，常发生于心脏病、高血压和抑郁症等慢性病患者中。食用葡萄柚（西柚）或喝西柚汁之后，出现不良事件的概率更大。 2024-11-10 09:37,,医疗健康新闻,https://www.cnr.cn/2014jkpd/jkjrjd/20241110/t20241110_526970292.shtml
NEWS_000539,news,央广网健康-健康今日热点,健康中国 | 医生教你判断异常脱发 “头秃”不仅影响美观，更会影响人的心理健康。据统计，我国有2.5亿以上脱发人群，且日趋低龄化，大批的00后已加入脱发大军。 2024-11-09 08:47,2024-11-09,健康中国 | 医生教你判断异常脱发 “头秃”不仅影响美观，更会影响人的心理健康。据统计，我国有2.5亿以上脱发人群，且日趋低龄化，大批的00后已加入脱发大军。 2024-11-09 08:47,,医疗健康新闻,https://www.cnr.cn/2014jkpd/jkjrjd/20241109/t20241109_526969408.shtml
NEWS_000540,news,央广网健康-健康今日热点,健康中国｜水果到底能不能加热吃？专家解答 进入冬季，很多人都受不了吃冷冰冰的水果，但是不吃水果，嘴巴又会馋。那么，水果到底能不能加热吃？哪些水果适合加热吃？广东省名中医、广东省中医院副院长杨志敏教授给出解答。 2024-11-08 09:0,2024-11-08,健康中国｜水果到底能不能加热吃？专家解答 进入冬季，很多人都受不了吃冷冰冰的水果，但是不吃水果，嘴巴又会馋。那么，水果到底能不能加热吃？哪些水果适合加热吃？广东省名中医、广东省中医院副院长杨志敏教授给出解答。 2024-11-08 09:01,,医疗健康新闻,https://www.cnr.cn/2014jkpd/jkjrjd/20241108/t20241108_526968288.shtml
NEWS_000541,news,央广网健康-健康今日热点,健康中国｜如何安全使用安眠药？医生支招 在日常生活中，很多人都有睡不好的经历，为了能一夜好眠，不少人会选择服用安眠药。然而，也有不少人担心安眠药吃多了会上瘾，甚至还会伤害身体。如何安全使用安眠药？广东省中医院芳村医院睡眠障碍科住院医师、医学,2024-11-07,健康中国｜如何安全使用安眠药？医生支招 在日常生活中，很多人都有睡不好的经历，为了能一夜好眠，不少人会选择服用安眠药。然而，也有不少人担心安眠药吃多了会上瘾，甚至还会伤害身体。如何安全使用安眠药？广东省中医院芳村医院睡眠障碍科住院医师、医学博士欧阳丽君给出解答。 2024-11-07 09:08,,医疗健康新闻,https://www.cnr.cn/2014jkpd/jkjrjd/20241107/t20241107_526967214.shtml
NEWS_000542,news,央广网健康-健康今日热点,已经接种了流感疫苗，怎么还得流感了？ 疫苗是近百年来科学界对人类最大的贡献之一，通过疫苗人类彻底消灭了在人间肆虐了近千年的天花病毒，流感疫苗是抵御流感病毒感染的重要武器，普遍的预防接种能够建立免疫屏障，显著降低人群罹患流感和发生严重并发症的,2024-11-06,已经接种了流感疫苗，怎么还得流感了？ 疫苗是近百年来科学界对人类最大的贡献之一，通过疫苗人类彻底消灭了在人间肆虐了近千年的天花病毒，流感疫苗是抵御流感病毒感染的重要武器，普遍的预防接种能够建立免疫屏障，显著降低人群罹患流感和发生严重并发症的风险。 2024-11-06 09:16,,医疗健康新闻,https://www.cnr.cn/2014jkpd/jkjrjd/20241106/t20241106_526966138.shtml
NEWS_000543,news,央广网健康-健康今日热点,在“养生赛道”另辟蹊径，秋冬食羊胎盘有奇效？当心这种细菌乘虚而入！ 随着天气转凉，又到了一年中进补的好时节。羊肉是一种营养丰富的食材，富含维生素和矿物质，有助于增强免疫系统。因此，许多人喜欢吃羊肉进补。然而，有人在“养生赛道”另辟蹊径，“跟,2024-11-05,在“养生赛道”另辟蹊径，秋冬食羊胎盘有奇效？当心这种细菌乘虚而入！ 随着天气转凉，又到了一年中进补的好时节。羊肉是一种营养丰富的食材，富含维生素和矿物质，有助于增强免疫系统。因此，许多人喜欢吃羊肉进补。然而，有人在“养生赛道”另辟蹊径，“跟风”食用羊胎盘进补，但这其实隐藏着健康风险，一旦处理、食用羊胎盘时感染布鲁氏菌，很有可能导致脊柱或骨关节感染。广州医科大学附属第二医院骨外科主任兼脊柱外科主任江晓兵在此提醒。 2024-11-05 09:16,,医疗健康新闻,https://www.cnr.cn/2014jkpd/jkjrjd/20241105/t20241105_526965062.shtml
NEWS_000544,news,央广网健康-健康今日热点,吞咽障碍莫担忧，正确饮食来护航 在日常生活中，吞咽障碍是一种不容忽视的问题，它可能会给患者带来诸多不便和风险。然而，只要我们掌握正确的饮食方法，就能够为吞咽障碍患者的健康护航。 2024-11-05 09:10,2024-11-05,吞咽障碍莫担忧，正确饮食来护航 在日常生活中，吞咽障碍是一种不容忽视的问题，它可能会给患者带来诸多不便和风险。然而，只要我们掌握正确的饮食方法，就能够为吞咽障碍患者的健康护航。 2024-11-05 09:10,,医疗健康新闻,https://www.cnr.cn/2014jkpd/jkjrjd/20241105/t20241105_526965033.shtml
NEWS_000545,news,央广网健康-健康今日热点,警惕“上头”电子烟 近年来，随着电子烟用户增多，不法分子对电子烟动起了歪脑筋，将依托咪酯加入电子烟的烟弹中。 2024-11-04 09:22,2024-11-04,警惕“上头”电子烟 近年来，随着电子烟用户增多，不法分子对电子烟动起了歪脑筋，将依托咪酯加入电子烟的烟弹中。 2024-11-04 09:22,,医疗健康新闻,https://www.cnr.cn/2014jkpd/jkjrjd/20241104/t20241104_526963997.shtml
NEWS_000546,news,央广网健康-健康今日热点,健康中国丨柿子不宜与这些食物同食 柿子是秋季常见的水果，柔软多汁、香甜可口。但柿子中含有大量的鞣酸，鞣酸和一些食物结合后会引起胃肠道不适等问题。 2024-11-02 09:43,2024-11-02,健康中国丨柿子不宜与这些食物同食 柿子是秋季常见的水果，柔软多汁、香甜可口。但柿子中含有大量的鞣酸，鞣酸和一些食物结合后会引起胃肠道不适等问题。 2024-11-02 09:43,,医疗健康新闻,https://www.cnr.cn/2014jkpd/jkjrjd/20241102/t20241102_526962326.shtml
NEWS_000547,news,央广网健康-健康今日热点,中国自体骨移植临床实践指南发布 骨在人体内起着支撑和保护身体器官的重要作用。作为骨缺损的重要治疗方法，自体骨移植因其优越的生物相容性、骨诱导性和骨传导性，广泛应用于临床。 2024-11-02 09:33,2024-11-02,中国自体骨移植临床实践指南发布 骨在人体内起着支撑和保护身体器官的重要作用。作为骨缺损的重要治疗方法，自体骨移植因其优越的生物相容性、骨诱导性和骨传导性，广泛应用于临床。 2024-11-02 09:33,,医疗健康新闻,https://www.cnr.cn/2014jkpd/jkjrjd/20241102/t20241102_526962292.shtml
NEWS_000548,news,央广网健康-健康今日热点,少年一洗澡就手脚发软、口唇青紫？警惕这种遗传病！ 一个无忧无虑的少年，5岁起，他的生活却出现了莫名其妙的怪事――家人眼中的浴室“魔咒”：洗澡过程中他逐渐出现眼中无神、无法应答、面色与口唇变得青紫、手脚发软等症状，要好几分钟后才能缓解……这到,2024-11-01,少年一洗澡就手脚发软、口唇青紫？警惕这种遗传病！ 一个无忧无虑的少年，5岁起，他的生活却出现了莫名其妙的怪事――家人眼中的浴室“魔咒”：洗澡过程中他逐渐出现眼中无神、无法应答、面色与口唇变得青紫、手脚发软等症状，要好几分钟后才能缓解……这到底是怎么回事？广州医科大学附属第二医院癫痫中心易咏红教授给出解答。 2024-11-01 09:18,,医疗健康新闻,https://www.cnr.cn/2014jkpd/jkjrjd/20241101/t20241101_526960868.shtml
NEWS_000549,news,央广网健康-健康今日热点,健康中国｜叮咚！这有一份秋冬换季护肤攻略请查收 面临秋冬换季，不少人都有皮肤犯红发痒、干燥起皮的烦恼，那么究竟应该如何正确护肤呢？ 2024-11-03 09:46,2024-11-03,健康中国｜叮咚！这有一份秋冬换季护肤攻略请查收 面临秋冬换季，不少人都有皮肤犯红发痒、干燥起皮的烦恼，那么究竟应该如何正确护肤呢？ 2024-11-03 09:46,,医疗健康新闻,https://www.cnr.cn/2014jkpd/jkjrjd/20241103/t20241103_526963248.shtml
NEWS_000550,news,央广网健康-健康今日热点,健康中国｜你有空闲厌恶效应吗？心理专家来支招 常言道“时间就是金钱”，在快节奏的都市生活中，很多人习惯了高速运转，一旦停下来反而会感到焦虑、空虚，这种现象在心理学上称为“空闲厌恶效应”。 2024-10-31 09:18,2024-10-31,健康中国｜你有空闲厌恶效应吗？心理专家来支招 常言道“时间就是金钱”，在快节奏的都市生活中，很多人习惯了高速运转，一旦停下来反而会感到焦虑、空虚，这种现象在心理学上称为“空闲厌恶效应”。 2024-10-31 09:18,,医疗健康新闻,https://www.cnr.cn/2014jkpd/jkjrjd/20241031/t20241031_526959213.shtml
NEWS_000551,news,央广网健康-健康今日热点,健康中国｜“窦性心律不齐”是心脏病吗？ “窦性心律不齐”听起来很让人担心，但它究竟是不是心脏病呢？了解其真实含义，有助于大家更好地认识心脏健康。 2024-10-30 09:17,2024-10-30,健康中国｜“窦性心律不齐”是心脏病吗？ “窦性心律不齐”听起来很让人担心，但它究竟是不是心脏病呢？了解其真实含义，有助于大家更好地认识心脏健康。 2024-10-30 09:17,,医疗健康新闻,https://www.cnr.cn/2014jkpd/jkjrjd/20241030/t20241030_526957897.shtml
NEWS_000552,news,央广网健康-健康今日热点,健康中国｜脑卒中的8个危险因素，你中招几个？ 脑卒中又称中风，是一种急性脑血管疾病。在天气寒冷时，人体的血管也会收缩，如果脑血管本身有动脉粥样硬化性狭窄，这种收缩会导致脑组织供血更差。 2024-10-29 09:09,2024-10-29,健康中国｜脑卒中的8个危险因素，你中招几个？ 脑卒中又称中风，是一种急性脑血管疾病。在天气寒冷时，人体的血管也会收缩，如果脑血管本身有动脉粥样硬化性狭窄，这种收缩会导致脑组织供血更差。 2024-10-29 09:09,,医疗健康新闻,https://www.cnr.cn/2014jkpd/jkjrjd/20241029/t20241029_526956613.shtml
NEWS_000553,news,央广网健康-健康今日热点,健康中国｜男性必看！这些不良习惯正在偷走你的健康 在快节奏的生活中，很多男性容易忽视自身的健康状况。10月28日是“世界男性健康日”，远离不良生活方式，有助于男性身心健康恢复到最佳状态。 2024-10-28 09:02,2024-10-28,健康中国｜男性必看！这些不良习惯正在偷走你的健康 在快节奏的生活中，很多男性容易忽视自身的健康状况。10月28日是“世界男性健康日”，远离不良生活方式，有助于男性身心健康恢复到最佳状态。 2024-10-28 09:02,,医疗健康新闻,https://www.cnr.cn/2014jkpd/jkjrjd/20241028/t20241028_526955281.shtml
NEWS_000554,news,央广网健康-健康今日热点,诺如病毒感染怎么防？接种流感疫苗前后有哪些注意事项？ 诺如病毒感染是一种自限性疾病，感染病毒后通常以腹泻、腹痛、恶心、呕吐等症状为主，一般病情较轻，2~3天后好转，但老人或孩子等体质较弱的人群容易出现较重症状。 2024-10-27 09:,2024-10-27,诺如病毒感染怎么防？接种流感疫苗前后有哪些注意事项？ 诺如病毒感染是一种自限性疾病，感染病毒后通常以腹泻、腹痛、恶心、呕吐等症状为主，一般病情较轻，2~3天后好转，但老人或孩子等体质较弱的人群容易出现较重症状。 2024-10-27 09:34,,医疗健康新闻,https://www.cnr.cn/2014jkpd/jkjrjd/20241027/t20241027_526954524.shtml
NEWS_000555,news,央广网健康-健康今日热点,健康中国丨经常跑步胸部会下垂吗？ 如今，运动已经成为人们生活的重要组成之一，很多人都有运动的习惯。对于一些女生而言，难免会有所顾虑：经常跑步会不会导致胸部下垂？ 2024-10-26 09:53,2024-10-26,健康中国丨经常跑步胸部会下垂吗？ 如今，运动已经成为人们生活的重要组成之一，很多人都有运动的习惯。对于一些女生而言，难免会有所顾虑：经常跑步会不会导致胸部下垂？ 2024-10-26 09:53,,医疗健康新闻,https://www.cnr.cn/2014jkpd/jkjrjd/20241026/t20241026_526953693.shtml
NEWS_000556,news,央广网健康-健康今日热点,健康中国｜抑郁症的五大异常表现要知道 近日，知名歌手王嘉尔接受采访时称患有抑郁症登上热搜。抑郁症和正常的抑郁情绪不同，而是一种心理疾病。如何更好地识别抑郁症患者的异常表现？个人又该如何预防抑郁症？ 2024-10-25 09:27,2024-10-25,健康中国｜抑郁症的五大异常表现要知道 近日，知名歌手王嘉尔接受采访时称患有抑郁症登上热搜。抑郁症和正常的抑郁情绪不同，而是一种心理疾病。如何更好地识别抑郁症患者的异常表现？个人又该如何预防抑郁症？ 2024-10-25 09:27,,医疗健康新闻,https://www.cnr.cn/2014jkpd/jkjrjd/20241025/t20241025_526952418.shtml
NEWS_000557,news,央广网健康-健康今日热点,健康中国｜岁岁年年柿柿红，当心柿子变“柿石” 霜降时节正是柿子的成熟季节，不过，错误的食用方式容易把柿子变“柿石”。 2024-10-24 09:11,2024-10-24,健康中国｜岁岁年年柿柿红，当心柿子变“柿石” 霜降时节正是柿子的成熟季节，不过，错误的食用方式容易把柿子变“柿石”。 2024-10-24 09:11,,医疗健康新闻,https://www.cnr.cn/2014jkpd/jkjrjd/20241024/t20241024_526951135.shtml
NEWS_000558,news,央广网健康-健康今日热点,恋爱交友需谨慎 心理专家教你如何应对自恋型人格障碍者 在恋爱交友的过程中，大家都期待能遇见一个能与自己相互理解、携手一生的人，然而，有一种潜在的危险可能让你陷入不健康的情感旋涡，那就是被自恋型人格障碍者所支配和控制。 2024-10-23,2024-10-23,恋爱交友需谨慎 心理专家教你如何应对自恋型人格障碍者 在恋爱交友的过程中，大家都期待能遇见一个能与自己相互理解、携手一生的人，然而，有一种潜在的危险可能让你陷入不健康的情感旋涡，那就是被自恋型人格障碍者所支配和控制。 2024-10-23 08:59,,医疗健康新闻,https://www.cnr.cn/2014jkpd/jkjrjd/20241023/t20241023_526949822.shtml
NEWS_000559,news,央广网健康-健康今日热点,7只螃蟹下肚，小伙把自己“炫”进ICU！专家教你健康吃蟹→ 10月是吃蟹的好时节，但是，螃蟹虽好吃，切勿贪嘴！近日，一名小伙就因一顿饭“炫”了7只螃蟹把自己“炫”进了ICU…… 2024-10-22 09:13,2024-10-22,7只螃蟹下肚，小伙把自己“炫”进ICU！专家教你健康吃蟹→ 10月是吃蟹的好时节，但是，螃蟹虽好吃，切勿贪嘴！近日，一名小伙就因一顿饭“炫”了7只螃蟹把自己“炫”进了ICU…… 2024-10-22 09:13,,医疗健康新闻,https://www.cnr.cn/2014jkpd/jkjrjd/20241022/t20241022_526948605.shtml
NEWS_000560,news,央广网健康-健康今日热点,挥拍运动的四大健康惊喜 运动是良医 羽毛球、网球、乒乓球……你来我往，好不激烈。大家可别小看这简单的一挥一拍，这里面可藏着大大的健康惊喜。 2024-10-21 09:10,2024-10-21,挥拍运动的四大健康惊喜 运动是良医 羽毛球、网球、乒乓球……你来我往，好不激烈。大家可别小看这简单的一挥一拍，这里面可藏着大大的健康惊喜。 2024-10-21 09:10,,医疗健康新闻,https://www.cnr.cn/2014jkpd/jkjrjd/20241021/t20241021_526947310.shtml
NEWS_000561,news,央广网健康-健康今日热点,健康中国｜警惕骨质疏松的5个身体预警信号 很多人总觉得骨质疏松离自己很远，直到发现搬重物、打喷嚏甚至轻轻一转身就引发骨折，才意识到问题的严重性。10月20日是“世界骨质疏松日”，提前了解身体预警信号，有助于我们更好地应对这场“沉默的骨骼危机,2024-10-20,健康中国｜警惕骨质疏松的5个身体预警信号 很多人总觉得骨质疏松离自己很远，直到发现搬重物、打喷嚏甚至轻轻一转身就引发骨折，才意识到问题的严重性。10月20日是“世界骨质疏松日”，提前了解身体预警信号，有助于我们更好地应对这场“沉默的骨骼危机”。 2024-10-20 08:53,,医疗健康新闻,https://www.cnr.cn/2014jkpd/jkjrjd/20241020/t20241020_526946460.shtml
NEWS_000562,news,央广网健康-健康今日热点,11岁“小孩哥”上臂骨折 “克氏针”不开刀助其康复 小孩子天性活泼好动，玩耍打闹中很容易出现意外，导致骨折时有发生。由于年龄尚小，小孩子如果采用传统的切开复位内固定的方法，可能损伤骨骺。一旦造成骨骺损伤，就有可能出现骨关节发育畸形，而且手术,2024-10-19,11岁“小孩哥”上臂骨折 “克氏针”不开刀助其康复 小孩子天性活泼好动，玩耍打闹中很容易出现意外，导致骨折时有发生。由于年龄尚小，小孩子如果采用传统的切开复位内固定的方法，可能损伤骨骺。一旦造成骨骺损伤，就有可能出现骨关节发育畸形，而且手术创伤较大，疼痛感强，恢复慢。那么，关于儿童骨折，有什么更好的诊疗方法吗？ 2024-10-19 09:15,,医疗健康新闻,https://www.cnr.cn/2014jkpd/jkjrjd/20241019/t20241019_526945619.shtml
NEWS_000563,news,央广网健康-健康今日热点,央广营养课｜敲黑板！眼科医生陶勇教你6个护眼小技巧 在现代生活中，电子设备的普及使得我们的眼睛长时间暴露在屏幕前，导致越来越多的人面临视力疲劳和干眼等问题。无论是需要预防近视的儿童，还是工作繁忙的成年人，保护眼睛显得尤为重要。 2024-1,2024-10-18,央广营养课｜敲黑板！眼科医生陶勇教你6个护眼小技巧 在现代生活中，电子设备的普及使得我们的眼睛长时间暴露在屏幕前，导致越来越多的人面临视力疲劳和干眼等问题。无论是需要预防近视的儿童，还是工作繁忙的成年人，保护眼睛显得尤为重要。 2024-10-18 09:12,,医疗健康新闻,https://www.cnr.cn/2014jkpd/jkjrjd/20241018/t20241018_526944183.shtml
NEWS_000564,news,央广网健康-健康今日热点,健康中国｜掉发≠脱发！吃黑芝麻真的能养发吗？ 进入秋季之后，头发脱落会比往常增加，很多人开始紧张自己是不是脱发了？是不是得吃点黑芝麻以缓解脱发情况？那么，一天脱发量多少为正常？为什么针对不同的人，脱发的位置也不同？吃黑芝麻真的能养发吗？广东,2024-10-17,健康中国｜掉发≠脱发！吃黑芝麻真的能养发吗？ 进入秋季之后，头发脱落会比往常增加，很多人开始紧张自己是不是脱发了？是不是得吃点黑芝麻以缓解脱发情况？那么，一天脱发量多少为正常？为什么针对不同的人，脱发的位置也不同？吃黑芝麻真的能养发吗？广东省中医院皮肤科主任医师闫玉红给出解答。 2024-10-17 08:21,,医疗健康新闻,https://www.cnr.cn/2014jkpd/jkjrjd/20241017/t20241017_526942541.shtml
NEWS_000565,news,央广网健康-健康今日热点,央广营养课｜如何正确增肌提神？营养专家有话说 对于久坐的人群来说，由于缺乏运动和新鲜空气，容易出现头昏脑胀、四肢乏力等症状。近年来，越来越多的人开始健身，不仅是为了追求肌肉增长，更是想通过科学的方法调节气血、提升能量。 2024-10-16,2024-10-16,央广营养课｜如何正确增肌提神？营养专家有话说 对于久坐的人群来说，由于缺乏运动和新鲜空气，容易出现头昏脑胀、四肢乏力等症状。近年来，越来越多的人开始健身，不仅是为了追求肌肉增长，更是想通过科学的方法调节气血、提升能量。 2024-10-16 08:49,,医疗健康新闻,https://www.cnr.cn/2014jkpd/jkjrjd/20241016/t20241016_526941272.shtml
NEWS_000566,news,央广网健康-健康今日热点,健康中国｜洗手的正确姿势，你真的知道吗？ 手是人们与外界接触的主要部位，所以手上的细菌非常多。正确洗手不仅能够维持自身健康，更是预防传染病最有效、最便捷的方法。10月15日是“全球洗手日”，戳下图，一键掌握洗手的正确姿势。 2024-10-,2024-10-15,健康中国｜洗手的正确姿势，你真的知道吗？ 手是人们与外界接触的主要部位，所以手上的细菌非常多。正确洗手不仅能够维持自身健康，更是预防传染病最有效、最便捷的方法。10月15日是“全球洗手日”，戳下图，一键掌握洗手的正确姿势。 2024-10-15 09:16,,医疗健康新闻,https://www.cnr.cn/2014jkpd/jkjrjd/20241015/t20241015_526940203.shtml
NEWS_000567,news,央广网健康-健康今日热点,手足口病进入高发期 疾控机构提示做好防控 每年的9月至11月都是手足口病的秋季高发期，家长们需引起重视，持续关注孩子是否手、脚、臀等部位出现皮疹，口腔是否出现疱疹…… 2024-10-14 09:10,2024-10-14,手足口病进入高发期 疾控机构提示做好防控 每年的9月至11月都是手足口病的秋季高发期，家长们需引起重视，持续关注孩子是否手、脚、臀等部位出现皮疹，口腔是否出现疱疹…… 2024-10-14 09:10,,医疗健康新闻,https://www.cnr.cn/2014jkpd/jkjrjd/20241014/t20241014_526938755.shtml
NEWS_000568,news,央广网健康-健康今日热点,健康中国｜这些身体的“求救”信号，很可能是抑郁症的早期征兆 抑郁症的早期征兆往往隐藏在一些不起眼的身体信号中，不易被察觉。很多人认为身体上的不适是日常疲劳或压力所致，却忽视了这些看似普通的症状背后，可能隐藏着抑郁症的苗头。 2024-10-,2024-10-13,健康中国｜这些身体的“求救”信号，很可能是抑郁症的早期征兆 抑郁症的早期征兆往往隐藏在一些不起眼的身体信号中，不易被察觉。很多人认为身体上的不适是日常疲劳或压力所致，却忽视了这些看似普通的症状背后，可能隐藏着抑郁症的苗头。 2024-10-13 10:01,,医疗健康新闻,https://www.cnr.cn/2014jkpd/jkjrjd/20241013/t20241013_526937798.shtml
NEWS_000569,news,央广网健康-健康今日热点,长期喝粥的人更长寿吗？健康喝粥，关键做到这5点 很多人在生病时都会选择喝粥，热乎乎的粥水确实能让身体感到舒服。不能否认，有些胃病（如胃黏膜损伤、胃溃疡等）患者可以通过喝粥达到养胃的效果。喝粥时要注意“枣核穿孔”，老人和小孩在喝粥的时候，还有,2024-10-13,长期喝粥的人更长寿吗？健康喝粥，关键做到这5点 很多人在生病时都会选择喝粥，热乎乎的粥水确实能让身体感到舒服。不能否认，有些胃病（如胃黏膜损伤、胃溃疡等）患者可以通过喝粥达到养胃的效果。喝粥时要注意“枣核穿孔”，老人和小孩在喝粥的时候，还有额外需要注意的一点，就是粥里的豆子、枣核之类比较坚硬的东西。 2024-10-13 09:59,,医疗健康新闻,https://www.cnr.cn/2014jkpd/jkjrjd/20241013/t20241013_526937796.shtml
NEWS_000570,news,央广网健康-健康今日热点,世界视觉日 | 出现5个症状，警惕老年人“视力杀手” 苏艳提示，虽然我们无法阻止年龄增长，但可以通过以下几个简便易行的小技巧来降低白内障发生的概率，延缓病情进展，呵护眼睛健康。 2024-10-12 08:50,2024-10-12,世界视觉日 | 出现5个症状，警惕老年人“视力杀手” 苏艳提示，虽然我们无法阻止年龄增长，但可以通过以下几个简便易行的小技巧来降低白内障发生的概率，延缓病情进展，呵护眼睛健康。 2024-10-12 08:50,,医疗健康新闻,https://www.cnr.cn/2014jkpd/jkjrjd/20241012/t20241012_526936202.shtml
NEWS_000571,news,央广网健康-健康今日热点,健康中国 | 重阳登高日 且行且珍“膝” 虽然登高赏秋使人畅享清气、心旷神怡，但与此同时，膝关节疼痛却也使人无法忽视。 2024-10-11 08:59,2024-10-11,健康中国 | 重阳登高日 且行且珍“膝” 虽然登高赏秋使人畅享清气、心旷神怡，但与此同时，膝关节疼痛却也使人无法忽视。 2024-10-11 08:59,,医疗健康新闻,https://www.cnr.cn/2014jkpd/jkjrjd/20241011/t20241011_526935118.shtml
NEWS_000572,news,央广网健康-健康今日热点,如何拥有良好的精神状态？做好5点是关键 今天（10月10日）是世界精神卫生日，关注精神状态，不仅是对自我生命的珍视与呵护，更是对他人和社会负责的表现。如何拥有良好的精神状态？戳图了解↓↓↓ 2024-10-10 08:59,2024-10-10,如何拥有良好的精神状态？做好5点是关键 今天（10月10日）是世界精神卫生日，关注精神状态，不仅是对自我生命的珍视与呵护，更是对他人和社会负责的表现。如何拥有良好的精神状态？戳图了解↓↓↓ 2024-10-10 08:59,,医疗健康新闻,https://www.cnr.cn/2014jkpd/jkjrjd/20241010/t20241010_526934027.shtml
NEWS_000573,news,央广网健康-健康今日热点,央广营养课｜总是心情不好？心理专家教你健康管理情绪 在纷繁复杂的生活中，保持情绪稳定尤为重要。然而，当负面情绪持续笼罩，可能会成为心灵的负担，影响我们的健康和幸福。长时间情绪差有什么后果？如何舒缓负面情绪？10月8日晚，应用心理学博士、二级,2024-10-09,央广营养课｜总是心情不好？心理专家教你健康管理情绪 在纷繁复杂的生活中，保持情绪稳定尤为重要。然而，当负面情绪持续笼罩，可能会成为心灵的负担，影响我们的健康和幸福。长时间情绪差有什么后果？如何舒缓负面情绪？10月8日晚，应用心理学博士、二级心理咨询师廖春岭做客《央广营养课》直播间，给大家带来了实用的心理健康妙招。 2024-10-09 08:55,,医疗健康新闻,https://www.cnr.cn/2014jkpd/jkjrjd/20241009/t20241009_526932781.shtml
NEWS_000574,news,央广网健康-健康今日热点,全国高血压日｜健康体重，理想血压 2024年10月8日是第27个全国高血压日，主题是“健康体重，理想血压”。国家卫健委组织编制了2024年全国高血压日宣传要点，具体内容如下。 2024-10-08 08:48,2024-10-08,全国高血压日｜健康体重，理想血压 2024年10月8日是第27个全国高血压日，主题是“健康体重，理想血压”。国家卫健委组织编制了2024年全国高血压日宣传要点，具体内容如下。 2024-10-08 08:48,,医疗健康新闻,https://www.cnr.cn/2014jkpd/jkjrjd/20241008/t20241008_526931548.shtml
NEWS_000575,news,央广网健康-健康今日热点,近期高发，不见面也能传染！出现这些症状要注意 哪些人群更易感？登革热的典型症状有哪些？如何预防？广东医科大学附属东莞松山湖中心医院（东莞市松山湖中心医院）进行解答。 2024-10-07 10:03,2024-10-07,近期高发，不见面也能传染！出现这些症状要注意 哪些人群更易感？登革热的典型症状有哪些？如何预防？广东医科大学附属东莞松山湖中心医院（东莞市松山湖中心医院）进行解答。 2024-10-07 10:03,,医疗健康新闻,https://www.cnr.cn/2014jkpd/jkjrjd/20241007/t20241007_526930874.shtml
NEWS_000576,news,央广网健康-健康今日热点,健康中国｜下山时如何保护膝关节？ 下山时，膝关节承受的压力大，容易导致损伤。为了保护膝关节，掌握正确的方法尤为重要。 2024-10-06 08:45,2024-10-06,健康中国｜下山时如何保护膝关节？ 下山时，膝关节承受的压力大，容易导致损伤。为了保护膝关节，掌握正确的方法尤为重要。 2024-10-06 08:45,,医疗健康新闻,https://www.cnr.cn/2014jkpd/jkjrjd/20241006/t20241006_526930006.shtml
NEWS_000577,news,央广网健康-健康今日热点,健康中国 | @所有女性：盆底肌的锻炼是终身的 首都医科大学附属儿童医院顺义妇儿医院妇女保健科康复师赵明琪提示，盆底健康对女性的生活质量至关重要，却常常被低估。对于女性来说，盆底肌的锻炼应该是终身的。 2024-10-05 08:39,2024-10-05,健康中国 | @所有女性：盆底肌的锻炼是终身的 首都医科大学附属儿童医院顺义妇儿医院妇女保健科康复师赵明琪提示，盆底健康对女性的生活质量至关重要，却常常被低估。对于女性来说，盆底肌的锻炼应该是终身的。 2024-10-05 08:39,,医疗健康新闻,https://www.cnr.cn/2014jkpd/jkjrjd/20241005/t20241005_526929214.shtml
NEWS_000578,news,央广网健康-健康今日热点,健康中国 | 出门旅行必备药品清单 旅行中，健康是最重要的保障。为了确保旅途顺利，央广网为大家整理了一份必备药品清单，让您的旅行更安心。 2024-10-04 08:43,2024-10-04,健康中国 | 出门旅行必备药品清单 旅行中，健康是最重要的保障。为了确保旅途顺利，央广网为大家整理了一份必备药品清单，让您的旅行更安心。 2024-10-04 08:43,,医疗健康新闻,https://www.cnr.cn/2014jkpd/jkjrjd/20241004/t20241004_526928503.shtml
NEWS_000579,news,央广网健康-健康今日热点,健康中国 | 想预防糖尿病前期，这项检查别忽视 糖尿病前期常常被忽视，但定期检查能帮助你及时识别风险。关注关键检查，守护健康，从今天开始行动。 2024-10-03 09:33,2024-10-03,健康中国 | 想预防糖尿病前期，这项检查别忽视 糖尿病前期常常被忽视，但定期检查能帮助你及时识别风险。关注关键检查，守护健康，从今天开始行动。 2024-10-03 09:33,,医疗健康新闻,https://www.cnr.cn/2014jkpd/jkjrjd/20241003/t20241003_526927800.shtml
NEWS_000580,news,央广网健康-健康今日热点,健康中国 | 天气转凉，孩子光脚玩容易感冒吗？ 随着气温逐渐降低，许多父母开始担心孩子光脚玩耍是否会增加感冒的风险。 2024-10-02 09:42,2024-10-02,健康中国 | 天气转凉，孩子光脚玩容易感冒吗？ 随着气温逐渐降低，许多父母开始担心孩子光脚玩耍是否会增加感冒的风险。 2024-10-02 09:42,,医疗健康新闻,https://www.cnr.cn/2014jkpd/jkjrjd/20241002/t20241002_526926915.shtml
NEWS_000581,news,央广网健康-健康今日热点,健康中国 | 假如你从现在开始自律 自律是一种力量，它能改变生活的轨迹。 2024-10-01 09:41,2024-10-01,健康中国 | 假如你从现在开始自律 自律是一种力量，它能改变生活的轨迹。 2024-10-01 09:41,,医疗健康新闻,https://www.cnr.cn/2014jkpd/jkjrjd/20241001/t20241001_526925919.shtml
NEWS_000582,news,央广网健康-健康今日热点,创新成果引领新质生产力，光明乳业携创新成果亮相2024世界设计之都大会 近日，以“设计无界，新质生长”为主题的2024世界设计之都大会在上海世博城市最佳实践区拉开帷幕。 2024-09-30 11:45,2024-09-30,创新成果引领新质生产力，光明乳业携创新成果亮相2024世界设计之都大会 近日，以“设计无界，新质生长”为主题的2024世界设计之都大会在上海世博城市最佳实践区拉开帷幕。 2024-09-30 11:45,,医疗健康新闻,https://www.cnr.cn/2014jkpd/jkjrjd/20240930/t20240930_526924298.shtml
NEWS_000583,news,央广网健康-健康今日热点,@所有家长，这份国庆假期儿童健康防护小贴士请收好 在国庆假期的欢乐氛围中，儿童健康防护却不能“放假”，南京市儿童医院重症医学科主任、主任医师缪红军温馨提示，家长在此期间一定要提高警惕，照看好孩子，避免发生一些不必要的伤害。 2024-09-,2024-09-30,@所有家长，这份国庆假期儿童健康防护小贴士请收好 在国庆假期的欢乐氛围中，儿童健康防护却不能“放假”，南京市儿童医院重症医学科主任、主任医师缪红军温馨提示，家长在此期间一定要提高警惕，照看好孩子，避免发生一些不必要的伤害。 2024-09-30 09:04,,医疗健康新闻,https://www.cnr.cn/2014jkpd/jkjrjd/20240930/t20240930_526923950.shtml
NEWS_000584,news,央广网健康-健康今日热点,健康中国 | 每天吃几个鸡蛋好？ 鸡蛋是日常饮食中的营养宝库，但吃多少才合适？每天摄入鸡蛋的数量并不是越多越好，关键在于合理平衡营养。 2024-09-29 09:05,2024-09-29,健康中国 | 每天吃几个鸡蛋好？ 鸡蛋是日常饮食中的营养宝库，但吃多少才合适？每天摄入鸡蛋的数量并不是越多越好，关键在于合理平衡营养。 2024-09-29 09:05,,医疗健康新闻,https://www.cnr.cn/2014jkpd/jkjrjd/20240929/t20240929_526922244.shtml
NEWS_000585,news,央广网健康-健康今日热点,健康中国 | 如何有效预防狂犬病？ 狂犬病虽然可怕，但做好预防措施，完全可以降低感染风险。 2024-09-28 10:09,2024-09-28,健康中国 | 如何有效预防狂犬病？ 狂犬病虽然可怕，但做好预防措施，完全可以降低感染风险。 2024-09-28 10:09,,医疗健康新闻,https://www.cnr.cn/2014jkpd/jkjrjd/20240928/t20240928_526921323.shtml
NEWS_000586,news,央广网健康-健康今日热点,央广营养课｜@爱美的你，秋季如何正确护肤？ 秋季皮肤过敏不可小觑，它不仅影响日常生活，也可能带来严重的健康风险。 2024-09-27 09:22,2024-09-27,央广营养课｜@爱美的你，秋季如何正确护肤？ 秋季皮肤过敏不可小觑，它不仅影响日常生活，也可能带来严重的健康风险。 2024-09-27 09:22,,医疗健康新闻,https://www.cnr.cn/2014jkpd/jkjrjd/20240927/t20240927_526919835.shtml
NEWS_000587,news,央广网健康-健康今日热点,央广营养课｜太极养生，让全身的气血动起来 太极拳是一门博大精深的传统武术文化，但对于普通人来说，掌握一个或者几个动作，即可受益无穷。 2024-09-26 09:03,2024-09-26,央广营养课｜太极养生，让全身的气血动起来 太极拳是一门博大精深的传统武术文化，但对于普通人来说，掌握一个或者几个动作，即可受益无穷。 2024-09-26 09:03,,医疗健康新闻,https://www.cnr.cn/2014jkpd/jkjrjd/20240926/t20240926_526918337.shtml
NEWS_000588,news,央广网健康-健康今日热点,健康中国｜掌握这些生活小妙招，帮助你在秋季养好身体 随着秋分的悄然离去，寒露的脚步渐渐临近。在秋季，大自然开始变换色彩，气温也逐渐转凉。脐贴、揉腹搓腰……一个个看似简单的方法，却蕴含着养生的大智慧。那么，如何通过贴肚脐、揉腹搓腰进行秋季日常,2024-09-25,健康中国｜掌握这些生活小妙招，帮助你在秋季养好身体 随着秋分的悄然离去，寒露的脚步渐渐临近。在秋季，大自然开始变换色彩，气温也逐渐转凉。脐贴、揉腹搓腰……一个个看似简单的方法，却蕴含着养生的大智慧。那么，如何通过贴肚脐、揉腹搓腰进行秋季日常保健呢？广东省中医院张忠德全国名中医传承工作室副主任医师金连顺给出解答，央广网带你一图读懂！ 2024-09-25 08:04,,医疗健康新闻,https://www.cnr.cn/2014jkpd/jkjrjd/20240925/t20240925_526916854.shtml
NEWS_000589,news,央广网健康-医药企业,“救命药”被曝严重缺陷！华泰制药遭集采红牌罚下 近期一款集采药物因严重缺陷问题被曝光。 2026-06-16 11:42,2026-06-16,“救命药”被曝严重缺陷！华泰制药遭集采红牌罚下 近期一款集采药物因严重缺陷问题被曝光。 2026-06-16 11:42,,医疗健康新闻,https://www.cnr.cn/2014jkpd/yyqy/20260616/t20260616_527662805.shtml
NEWS_000590,news,央广网健康-医药企业,显著延长无进展生存期，全新疗法或为肺癌治疗提供“更优解” 数据显示，这一联合方案能够显著提升患者肿瘤客观缓解率，大幅加深肿瘤缓解深度，有效延缓病情进展，其无进展生存期核心数据HR值低至0.35，意味着患者疾病进展风险下降65%，疗效优势十分,2026-06-15,显著延长无进展生存期，全新疗法或为肺癌治疗提供“更优解” 数据显示，这一联合方案能够显著提升患者肿瘤客观缓解率，大幅加深肿瘤缓解深度，有效延缓病情进展，其无进展生存期核心数据HR值低至0.35，意味着患者疾病进展风险下降65%，疗效优势十分突出。 2026-06-15 18:03,,医疗健康新闻,https://www.cnr.cn/2014jkpd/yyqy/20260615/t20260615_527661890.shtml
NEWS_000591,news,央广网健康-医药企业,石药集团一季报爆雷背后：净利润骤降41.8％，传统引擎熄火后，老牌药企如何破局？ 5月27日午间，石药集团发布2026年第一季度未经审核业绩，营业收入64.65亿元，同比减少7.8%；归母净利润8.60亿元，同比大幅下降41.8%。午后开盘,2026-06-02,石药集团一季报爆雷背后：净利润骤降41.8％，传统引擎熄火后，老牌药企如何破局？ 5月27日午间，石药集团发布2026年第一季度未经审核业绩，营业收入64.65亿元，同比减少7.8%；归母净利润8.60亿元，同比大幅下降41.8%。午后开盘股价随即跳水，盘中一度跌超10%，最终收报7.04港元/股，跌幅5.38%。仅一个下午，市值蒸发约70亿港元，跌破850亿港元关口。 2026-06-02 15:26,,医疗健康新闻,https://www.cnr.cn/2014jkpd/yyqy/20260602/t20260602_527644698.shtml
NEWS_000592,news,央广网健康-医药企业,重症肌无力患者：从“活着”到“好好生活” 重症肌无力是波动性自身免疫罕见病，国内患者数量可观，传统治疗存在副作用大等痛点。如今多款创新药落地，治疗理念升级，早诊早治可助力患者高质量生活。 2026-05-29 11:42,2026-05-29,重症肌无力患者：从“活着”到“好好生活” 重症肌无力是波动性自身免疫罕见病，国内患者数量可观，传统治疗存在副作用大等痛点。如今多款创新药落地，治疗理念升级，早诊早治可助力患者高质量生活。 2026-05-29 11:42,,医疗健康新闻,https://www.cnr.cn/2014jkpd/yyqy/20260529/t20260529_527639898.shtml
NEWS_000593,news,央广网健康-医药企业,扬子江药业：创新药法赞雷生片上市获批，用于治疗成人失眠患者 近日，国家药品监督管理局发布信息：批准江苏海岸药业有限公司申报的1类创新药法赞雷生片（商品名：孟平）上市。 2026-05-22 14:58,2026-05-22,扬子江药业：创新药法赞雷生片上市获批，用于治疗成人失眠患者 近日，国家药品监督管理局发布信息：批准江苏海岸药业有限公司申报的1类创新药法赞雷生片（商品名：孟平）上市。 2026-05-22 14:58,,医疗健康新闻,https://www.cnr.cn/2014jkpd/yyqy/20260522/t20260522_527630855.shtml
NEWS_000594,news,央广网健康-医药企业,别让“小毛病”口腔黏膜炎成肿瘤治疗拦路虎 口腔黏膜炎是肿瘤患者接受放化疗、靶向治疗等多种治疗时的常见问题，严重影响治疗连续性和患者生活质量。复旦大学鼻咽癌诊治中心主任胡超苏提醒，口腔黏膜炎直接影响患者进食和营养摄入，如何通过有效的支持治疗手,2026-04-29,别让“小毛病”口腔黏膜炎成肿瘤治疗拦路虎 口腔黏膜炎是肿瘤患者接受放化疗、靶向治疗等多种治疗时的常见问题，严重影响治疗连续性和患者生活质量。复旦大学鼻咽癌诊治中心主任胡超苏提醒，口腔黏膜炎直接影响患者进食和营养摄入，如何通过有效的支持治疗手段缓解此类并发症、保障患者生活质量，是实现长期生存的关键。 2026-04-29 10:13,,医疗健康新闻,https://www.cnr.cn/2014jkpd/yyqy/20260429/t20260429_527604725.shtml
NEWS_000595,news,央广网健康-医药企业,用于成人2型糖尿病的临床试验序贯给药中药复方制剂获批 近日，精医和生医药（广东横琴粤澳深度合作区）有限公司及北京精医和生医药科技有限公司自主研发的中药创新药――地黄宝源颗粒和茯苓运化颗粒正式获得国家药品监督管理局核准，同意两药“联合开展用于,2026-05-13,用于成人2型糖尿病的临床试验序贯给药中药复方制剂获批 近日，精医和生医药（广东横琴粤澳深度合作区）有限公司及北京精医和生医药科技有限公司自主研发的中药创新药――地黄宝源颗粒和茯苓运化颗粒正式获得国家药品监督管理局核准，同意两药“联合开展用于成人2型糖尿病的临床试验”，按Ⅱ、Ⅲ期循序推进。 2026-05-13 17:11,,医疗健康新闻,https://www.cnr.cn/2014jkpd/yyqy/20260513/t20260513_527618898.shtml
NEWS_000596,news,央广网健康-医药企业,"中美科学家实现历史性突破，新型衰老干预药物让哺乳动物延寿33% 4月15日，中美科学家联合完成的一项突破性衰老干预科研成果在国际权威期刊《Drug？Design,？Development？and？Therapy》（药物设计、开发及疗法）上发",2026-04-24,"中美科学家实现历史性突破，新型衰老干预药物让哺乳动物延寿33% 4月15日，中美科学家联合完成的一项突破性衰老干预科研成果在国际权威期刊《Drug？Design,？Development？and？Therapy》（药物设计、开发及疗法）上发表。该研究通过哺乳动物试验确认了新型口服衰老干预药SRN-901的有效性：中年试验动物寿命延长了33%，肿瘤发病率降低了30%，外貌也明显更加年轻。 2026-04-24 15:16",,医疗健康新闻,https://www.cnr.cn/2014jkpd/yyqy/20260424/t20260424_527598311.shtml
NEWS_000597,news,央广网健康-医药企业,赋能全民健康 央广网与齐鲁制药签署战略合作协议 健康，事关民生福祉，也事关国家发展全局。为建设健康中国，社会各界正共同努力，积极贡献智慧和力量。4月21日，中央广播电视总台央广网与齐鲁制药集团在济南签署战略协议，双方将通过开展权威健康科普节,2026-04-22,赋能全民健康 央广网与齐鲁制药签署战略合作协议 健康，事关民生福祉，也事关国家发展全局。为建设健康中国，社会各界正共同努力，积极贡献智慧和力量。4月21日，中央广播电视总台央广网与齐鲁制药集团在济南签署战略协议，双方将通过开展权威健康科普节目制作及健康科普基地共建等工作，深度联动，为提升全民健康素养、助力健康中国建设注入强劲动力。 2026-04-22 17:08,,医疗健康新闻,https://www.cnr.cn/2014jkpd/yyqy/20260422/t20260422_527595330.shtml
NEWS_000598,news,央广网健康-医药企业,2026全国肿瘤防治宣传周 | 早筛早诊、规范施治，全程助力肺癌患者长生存 在“健康中国2030”战略指引下，癌症防治已从“攻坚战”转为“持久战”。我国肺癌有鲜明特征，精准识别靶点、规范辅助治疗及晚期联合诊疗可提升生存率，筛防诊治康一体化全,2026-04-21,2026全国肿瘤防治宣传周 | 早筛早诊、规范施治，全程助力肺癌患者长生存 在“健康中国2030”战略指引下，癌症防治已从“攻坚战”转为“持久战”。我国肺癌有鲜明特征，精准识别靶点、规范辅助治疗及晚期联合诊疗可提升生存率，筛防诊治康一体化全病程管理是关键。 2026-04-21 16:20,,医疗健康新闻,https://www.cnr.cn/2014jkpd/yyqy/20260421/t20260421_527594026.shtml
NEWS_000599,news,央广网健康-医药企业,反复复发总不好！专家解读：从源头控炎，助力慢性鼻窦炎伴鼻息肉患者畅快呼吸 冬春换季易致慢性鼻窦炎伴鼻息肉复发，我国患者众多。传统疗法易反复，生物制剂靶向阻断炎症，为复发患者带来新治疗方案。 2026-04-16 15:56,2026-04-16,反复复发总不好！专家解读：从源头控炎，助力慢性鼻窦炎伴鼻息肉患者畅快呼吸 冬春换季易致慢性鼻窦炎伴鼻息肉复发，我国患者众多。传统疗法易反复，生物制剂靶向阻断炎症，为复发患者带来新治疗方案。 2026-04-16 15:56,,医疗健康新闻,https://www.cnr.cn/2014jkpd/yyqy/20260416/t20260416_527587074.shtml
NEWS_000600,news,央广网健康-医药企业,胰腺疾病早诊关键手段，超声内镜国产研发项目启动，十三家医疗中心携手 该项目是国家推动高端医疗装备自主可控、加速国产创新产品临床转化的重要举措之一。 2026-04-13 17:18,2026-04-13,胰腺疾病早诊关键手段，超声内镜国产研发项目启动，十三家医疗中心携手 该项目是国家推动高端医疗装备自主可控、加速国产创新产品临床转化的重要举措之一。 2026-04-13 17:18,,医疗健康新闻,https://www.cnr.cn/2014jkpd/yyqy/20260413/t20260413_527583448.shtml
NEWS_000601,news,央广网健康-医药企业,全国首个AI检验结果互认项目启动，超百家医院参与 3月27日，全国首个“基于AI的医疗机构检验结果互认平台及可信数据空间建设多中心推广应用示范项目”启动会在广州白云国际会议中心2026GDLM广东省医疗机构检验科主任会议上召开。 2026-,2026-03-30,全国首个AI检验结果互认项目启动，超百家医院参与 3月27日，全国首个“基于AI的医疗机构检验结果互认平台及可信数据空间建设多中心推广应用示范项目”启动会在广州白云国际会议中心2026GDLM广东省医疗机构检验科主任会议上召开。 2026-03-30 18:09,,医疗健康新闻,https://www.cnr.cn/2014jkpd/yyqy/20260330/t20260330_527567728.shtml
NEWS_000602,news,央广网健康-医药企业,国科离子发布世界首台轻离子治疗装置 ――国产高端肿瘤放疗装备实现新突破 3月28日，国科离子公司在重庆国际博览中心2026中国医学装备展览会国科离子展台成功举办“中国创造世界首台――轻离子治疗装置发布会”，正式发布自主研制的世界首台轻离子治,2026-03-30,国科离子发布世界首台轻离子治疗装置 ――国产高端肿瘤放疗装备实现新突破 3月28日，国科离子公司在重庆国际博览中心2026中国医学装备展览会国科离子展台成功举办“中国创造世界首台――轻离子治疗装置发布会”，正式发布自主研制的世界首台轻离子治疗装置HiTS 200。中国医学装备协会侯岩理事长、医学装备协会离子治疗分会陈明会长等行业领导专家莅临发布会，共同见证我国高端肿瘤治疗装备领域的这一重要突破。 2026-03-30 10:03,,医疗健康新闻,https://www.cnr.cn/2014jkpd/yyqy/20260330/t20260330_527567272.shtml
NEWS_000603,news,央广网健康-医药企业,国内首个《中老年人群骨骼关节健康专家建议》发布 揭开被忽视的“骨胶原”密码 我国50岁以上人群中，骨质疏松的患病率已超过20%；而骨关节炎患者总数更是突破1亿，成为导致老年人活动受限和致残的主要因素。 2026-03-30 15:58,2026-03-30,国内首个《中老年人群骨骼关节健康专家建议》发布 揭开被忽视的“骨胶原”密码 我国50岁以上人群中，骨质疏松的患病率已超过20%；而骨关节炎患者总数更是突破1亿，成为导致老年人活动受限和致残的主要因素。 2026-03-30 15:58,,医疗健康新闻,https://www.cnr.cn/2014jkpd/yyqy/20260330/t20260330_527567547.shtml
NEWS_000604,news,央广网健康-医药企业,张伯礼院士：中西医融合发展将是未来医学发展的重要方向 当前，我国高度重视中医药与人工智能的融合应用，积极推进中医药行业“AI+”应用创新发展，全力打造“数智中医药”。张伯礼院士表示，中医药一定能够在新一轮科技革命和产业变革中乘势而上，为健康,2026-03-29,张伯礼院士：中西医融合发展将是未来医学发展的重要方向 当前，我国高度重视中医药与人工智能的融合应用，积极推进中医药行业“AI+”应用创新发展，全力打造“数智中医药”。张伯礼院士表示，中医药一定能够在新一轮科技革命和产业变革中乘势而上，为健康中国建设和人类健康事业做出更大贡献。 2026-03-29 11:24,,医疗健康新闻,https://www.cnr.cn/2014jkpd/yyqy/20260329/t20260329_527566182.shtml
NEWS_000605,news,央广网健康-医药企业,《络学集成》重磅首发！助力中医药现代化国际化 《络学集成》成为反映络病学派学术观点的传世之作，以络病理论指导临床实践、新药研发、实验研究、循证研究、学科教学、学会建设，全面发展络病学派，培养了优秀的络病学派传承人梯队并吸引了众多有志于络病研,2026-03-29,《络学集成》重磅首发！助力中医药现代化国际化 《络学集成》成为反映络病学派学术观点的传世之作，以络病理论指导临床实践、新药研发、实验研究、循证研究、学科教学、学会建设，全面发展络病学派，培养了优秀的络病学派传承人梯队并吸引了众多有志于络病研究的高水平中医、西医、中西医结合领域的国内外专家学者，成为络病学派薪火相传，生生不息，绵延不绝的坚实力量。 2026-03-29 11:24,,医疗健康新闻,https://www.cnr.cn/2014jkpd/yyqy/20260329/t20260329_527566181.shtml
NEWS_000606,news,央广网健康-医药企业,数字医疗实力再获权威认可，轻松健康“轻松问医Dr.GPT”入选中国信通院全景图 近日，轻松健康集团旗下数字医疗产品“轻松问医Dr.GPT”，经评估成功入选中国信息通信研究院《高质量数字化转型产品及服务全景图（2025）》。作为数字医疗板块的,2026-03-30,数字医疗实力再获权威认可，轻松健康“轻松问医Dr.GPT”入选中国信通院全景图 近日，轻松健康集团旗下数字医疗产品“轻松问医Dr.GPT”，经评估成功入选中国信息通信研究院《高质量数字化转型产品及服务全景图（2025）》。作为数字医疗板块的领军企业，轻松健康在“人工智能+医疗健康”领域的产品探索与应用实践，获得了行业专业机构的进一步认可，也体现出公司围绕数字医疗服务持续推进技术创新与场景落地所取得的阶段性成果。 2026-03-30 18:00,,医疗健康新闻,https://www.cnr.cn/2014jkpd/yyqy/20260330/t20260330_527567707.shtml
NEWS_000607,news,央广网健康-医药企业,当整合医学遇见文化学者 三地举办整合医学与文化研讨会，樊代明院士构建整合医学体系。中国抗癌协会强管理、出指南、推科普，依托三大推进，实现理念出海、医学归人文，助力构建整合医疗服务体系。 2026-03-24 17:29,2026-03-24,当整合医学遇见文化学者 三地举办整合医学与文化研讨会，樊代明院士构建整合医学体系。中国抗癌协会强管理、出指南、推科普，依托三大推进，实现理念出海、医学归人文，助力构建整合医疗服务体系。 2026-03-24 17:29,,医疗健康新闻,https://www.cnr.cn/2014jkpd/yyqy/20260324/t20260324_527561212.shtml
NEWS_000608,news,央广网健康-医药企业,卫健委主任强调癌症早筛重要性 美年健康全链条体系精准护航国民健康 美年健康构建的覆盖“精准筛查―报告解读―干预管理”的全流程服务闭环，其核心产品与服务体系与雷海潮主任提出的筛查建议高度契合，从经典金标准检测到前沿创新技术应用，全方位满足不同,2026-03-09,卫健委主任强调癌症早筛重要性 美年健康全链条体系精准护航国民健康 美年健康构建的覆盖“精准筛查―报告解读―干预管理”的全流程服务闭环，其核心产品与服务体系与雷海潮主任提出的筛查建议高度契合，从经典金标准检测到前沿创新技术应用，全方位满足不同高危人群的规范筛查需求，让权威筛查标准真正落地基层、惠及民众。 2026-03-09 15:57,,医疗健康新闻,https://www.cnr.cn/2014jkpd/yyqy/20260309/t20260309_527547134.shtml
NEWS_000609,news,央广网健康-医药企业,轻松健康集团获评东城区创新引领企业 AI能力建设持续深化 2月27日，轻松健康集团获北京东城区2025年度经济高质量发展创新引领企业。该企业深耕数字健康，以AI技术赋能健康管理与保障，自研医疗大模型落地成效显著。 2026-03-03 15,2026-03-03,轻松健康集团获评东城区创新引领企业 AI能力建设持续深化 2月27日，轻松健康集团获北京东城区2025年度经济高质量发展创新引领企业。该企业深耕数字健康，以AI技术赋能健康管理与保障，自研医疗大模型落地成效显著。 2026-03-03 15:35,,医疗健康新闻,https://www.cnr.cn/2014jkpd/yyqy/20260303/t20260303_527542117.shtml
NEWS_000610,news,央广网健康-医药企业,妇炎洁开启公益护航 精准守护航空科技女性 深耕女性健康领域27年的妇炎洁，正通过“绿叶守护计划”将品牌战略升级为“平衡新生态”。妇炎洁正从单一的产品提供者转型为女性成长的同行者，持续联动社会力量，让关爱从节日走向日常，助力每一位女性在健康、,2026-03-11,妇炎洁开启公益护航 精准守护航空科技女性 深耕女性健康领域27年的妇炎洁，正通过“绿叶守护计划”将品牌战略升级为“平衡新生态”。妇炎洁正从单一的产品提供者转型为女性成长的同行者，持续联动社会力量，让关爱从节日走向日常，助力每一位女性在健康、包容的生态中飞得更高。 2026-03-11 18:26,,医疗健康新闻,https://www.cnr.cn/2014jkpd/yyqy/20260311/t20260311_527548923.shtml
NEWS_000611,news,央广网健康-医药企业,AI驱动医疗革新 生态共创健康未来――第四届北京人工智能产业创新发展大会“AI+医疗康养”分论坛成功举办 3月1日上午，第四届北京人工智能产业创新发展大会“AI+医疗康养”分论坛在国家会议中心隆重举办。 2026-03-02 09:47,2026-03-02,AI驱动医疗革新 生态共创健康未来――第四届北京人工智能产业创新发展大会“AI+医疗康养”分论坛成功举办 3月1日上午，第四届北京人工智能产业创新发展大会“AI+医疗康养”分论坛在国家会议中心隆重举办。 2026-03-02 09:47,,医疗健康新闻,https://www.cnr.cn/2014jkpd/yyqy/20260302/t20260302_527540711.shtml
NEWS_000612,news,央广网健康-医药企业,吴以岭院士：打通中医络病理论体系构建与创新转化全链路 1月9日，在第十一届医学家年会・院士论坛上，络病理论创新转化全国重点实验室吴以岭院士发表了题为“中医络病理论体系构建与创新转化――一位医学科学家的探索之路”的主旨演讲。分享了自己学医、从,2026-01-15,吴以岭院士：打通中医络病理论体系构建与创新转化全链路 1月9日，在第十一届医学家年会・院士论坛上，络病理论创新转化全国重点实验室吴以岭院士发表了题为“中医络病理论体系构建与创新转化――一位医学科学家的探索之路”的主旨演讲。分享了自己学医、从医、与络病结缘的故事以及数十年如一日，在引领络病学科“守正创新”过程中取得的一系列辉煌成果。 2026-01-15 17:05,,医疗健康新闻,https://www.cnr.cn/2014jkpd/yyqy/20260115/t20260115_527494414.shtml
NEWS_000613,news,央广网健康-医药企业,“2025年特殊食品行业科技与产业发展十大标志性事件”发布 中国工程院院士、中国食品科学技术学会副理事长谢明勇教授代表中国食品科学技术学会发布了“2025年特殊食品行业科技与产业发展十大标志性事件”。 2026-01-08 14:52,2026-01-08,“2025年特殊食品行业科技与产业发展十大标志性事件”发布 中国工程院院士、中国食品科学技术学会副理事长谢明勇教授代表中国食品科学技术学会发布了“2025年特殊食品行业科技与产业发展十大标志性事件”。 2026-01-08 14:52,,医疗健康新闻,https://www.cnr.cn/2014jkpd/yyqy/20260108/t20260108_527486970.shtml
NEWS_000614,news,央广网健康-医药企业,智同生物以创新制药护航骨骼健康 共倡骨质疏松防治行动 2025年12月4日，由央广网主办的“中华名医智库年度盛典暨央广网 2026 健康传播行动启动会”在北京隆重举行。河北智同生物制药股份有限公司受邀参会，与行业专家、媒体同仁共同见证健康传,2025-12-04,智同生物以创新制药护航骨骼健康 共倡骨质疏松防治行动 2025年12月4日，由央广网主办的“中华名医智库年度盛典暨央广网 2026 健康传播行动启动会”在北京隆重举行。河北智同生物制药股份有限公司受邀参会，与行业专家、媒体同仁共同见证健康传播新征程的开启。 2025-12-29 14:27,,医疗健康新闻,https://www.cnr.cn/2014jkpd/yyqy/20251229/t20251229_527476255.shtml
NEWS_000615,news,央广网健康-医药企业,石振松：推动科学健康理念，助力大健康产业融合发展 2026-01-13 11:27,2026-01-13,石振松：推动科学健康理念，助力大健康产业融合发展 2026-01-13 11:27,,医疗健康新闻,https://www.cnr.cn/2014jkpd/yyqy/20260113/t20260113_527492037.shtml
NEWS_000616,news,央广网健康-医药企业,张阳：通过科普活动和产品研发推动驼奶产业发展 2025-12-29 18:27,2025-12-29,张阳：通过科普活动和产品研发推动驼奶产业发展 2025-12-29 18:27,,医疗健康新闻,https://www.cnr.cn/2014jkpd/yyqy/20251229/t20251229_527476686.shtml
NEWS_000617,news,央广网健康-医药企业,与慢性排异博弈21个月，长期规范管理让她的身体从“盐碱地”再焕新生 慢性移植物抗宿主病的治疗从来不是速战速决，而是一场需要耐心与毅力的持久战。 2026-02-13 11:21,2026-02-13,与慢性排异博弈21个月，长期规范管理让她的身体从“盐碱地”再焕新生 慢性移植物抗宿主病的治疗从来不是速战速决，而是一场需要耐心与毅力的持久战。 2026-02-13 11:21,,医疗健康新闻,https://www.cnr.cn/2014jkpd/yyqy/20260213/t20260213_527525462.shtml
NEWS_000618,news,央广网健康-医药企业,2025中国中药产业高质量发展大会在北京举行 通过与会专家的深入交流，探索科技赋能传统、标准引领发展、品牌塑造未来的实践路径，前瞻发展脉络，共商破局良策，让中国中药在现代社会焕发更强生机。 2025-12-29 11:58,2025-12-29,2025中国中药产业高质量发展大会在北京举行 通过与会专家的深入交流，探索科技赋能传统、标准引领发展、品牌塑造未来的实践路径，前瞻发展脉络，共商破局良策，让中国中药在现代社会焕发更强生机。 2025-12-29 11:58,,医疗健康新闻,https://www.cnr.cn/2014jkpd/yyqy/20251229/t20251229_527476170.shtml
NEWS_000619,news,央广网健康-医药企业,春节长假临近，慢病药异地订单上涨，美团买药多项举措助力健康过大年 美团医药健康数据显示，今年春节，健康消费已成老中青三代人的共同选择。总体来看，各年龄段人均健康消费金额同比均有所提升，其中95后已成为健康品消费主力，30-35岁用户占比接近,2026-02-10,春节长假临近，慢病药异地订单上涨，美团买药多项举措助力健康过大年 美团医药健康数据显示，今年春节，健康消费已成老中青三代人的共同选择。总体来看，各年龄段人均健康消费金额同比均有所提升，其中95后已成为健康品消费主力，30-35岁用户占比接近三成。 2026-02-10 11:26,,医疗健康新闻,https://www.cnr.cn/2014jkpd/yyqy/20260210/t20260210_527522007.shtml
NEWS_000620,news,央广网健康-医药企业,讯飞医疗用AI赋能疾控体系能力提升 2025年度“新发突发与重大传染病防控国家科技重大专项”立项项目集中启动会在北京召开，专项聚焦传染病防控“卡脖子”难题，讯飞医疗深度联动中国疾控中心开展创新攻关。 2026-01-30 16:32,2026-01-30,讯飞医疗用AI赋能疾控体系能力提升 2025年度“新发突发与重大传染病防控国家科技重大专项”立项项目集中启动会在北京召开，专项聚焦传染病防控“卡脖子”难题，讯飞医疗深度联动中国疾控中心开展创新攻关。 2026-01-30 16:32,,医疗健康新闻,https://www.cnr.cn/2014jkpd/yyqy/20260130/t20260130_527510930.shtml
NEWS_000621,news,央广网健康-医药企业,轻松健康暗盘大涨超110% 市值逼近百亿元 12月22日，港股新股轻松健康集团（股票代码：02661.HK）暗盘交易正式启动，开盘即迎来强势拉升，延续招股阶段的火爆热度。截至暗盘交易时段，公司股价较发行价大涨 超110%，市值逼近百亿，成为,2025-12-24,轻松健康暗盘大涨超110% 市值逼近百亿元 12月22日，港股新股轻松健康集团（股票代码：02661.HK）暗盘交易正式启动，开盘即迎来强势拉升，延续招股阶段的火爆热度。截至暗盘交易时段，公司股价较发行价大涨 超110%，市值逼近百亿，成为近期港股暗盘市场的亮眼标的。 2025-12-24 16:23,,医疗健康新闻,https://www.cnr.cn/2014jkpd/yyqy/20251224/t20251224_527471142.shtml
NEWS_000622,news,央广网健康-医药企业,王旭峰：聚焦肠道菌群健康，开启精准健康管理新范式 2025-12-29 18:27,2025-12-29,王旭峰：聚焦肠道菌群健康，开启精准健康管理新范式 2025-12-29 18:27,,医疗健康新闻,https://www.cnr.cn/2014jkpd/yyqy/20251229/t20251229_527476687.shtml
NEWS_000623,news,央广网健康-医药企业,高明月：做看得见的好产品，夯实科技研发，共建产业未来 2025-12-30 10:24,2025-12-30,高明月：做看得见的好产品，夯实科技研发，共建产业未来 2025-12-30 10:24,,医疗健康新闻,https://www.cnr.cn/2014jkpd/yyqy/20251230/t20251230_527477259.shtml
NEWS_000624,news,央广网健康-医药企业,韩艺：让好中医走进现代生活 2025-12-30 10:24,2025-12-30,韩艺：让好中医走进现代生活 2025-12-30 10:24,,医疗健康新闻,https://www.cnr.cn/2014jkpd/yyqy/20251230/t20251230_527477260.shtml
NEWS_000625,news,央广网健康-医药企业,百岁老人的“精气神”从何而来？八子补肾多靶点抗衰成科学注脚 假如生命的刻度被拉长至一个世纪，我们该如何书写自己的故事？《人生一万年》第二季中，百位百岁老人正以鲜活的生命作出回答。他们所展现的，远非“长寿”二字可以概括，而是一个高质量人生的三,2025-12-23,百岁老人的“精气神”从何而来？八子补肾多靶点抗衰成科学注脚 假如生命的刻度被拉长至一个世纪，我们该如何书写自己的故事？《人生一万年》第二季中，百位百岁老人正以鲜活的生命作出回答。他们所展现的，远非“长寿”二字可以概括，而是一个高质量人生的三重维度：历史的长度、生命的宽度与未来的高度。 2025-12-23 17:30,,医疗健康新闻,https://www.cnr.cn/2014jkpd/yyqy/20251223/t20251223_527470058.shtml
NEWS_000626,news,央广网健康-医药企业,蚂蚁阿福引爆AI健康管理赛道，美年健康锚定下一代AI健康智能体核心生态位 近日，蚂蚁集团旗下AI健康应用AQ完成品牌升级，正式以“蚂蚁阿福”亮相。凭借1500万的月活跃用户，该应用已成为国民级现象产品，不仅重塑了AI健康管理行业格局，也激活,2025-12-22,蚂蚁阿福引爆AI健康管理赛道，美年健康锚定下一代AI健康智能体核心生态位 近日，蚂蚁集团旗下AI健康应用AQ完成品牌升级，正式以“蚂蚁阿福”亮相。凭借1500万的月活跃用户，该应用已成为国民级现象产品，不仅重塑了AI健康管理行业格局，也激活了全行业的商业化潜力。 2025-12-22 18:02,,医疗健康新闻,https://www.cnr.cn/2014jkpd/yyqy/20251222/t20251222_527468768.shtml
NEWS_000627,news,央广网健康-医药企业,长期护理产业联盟成立：构建新生态，促进产业发展 在应亚珍看来，产业更需要关注的在前端――为防范失能提供更多的应对方案。“当没有‘失能’和‘照护’，养老这件事在中国就真的成功了。” 2025-12-19 13:46,2025-12-19,长期护理产业联盟成立：构建新生态，促进产业发展 在应亚珍看来，产业更需要关注的在前端――为防范失能提供更多的应对方案。“当没有‘失能’和‘照护’，养老这件事在中国就真的成功了。” 2025-12-19 13:46,,医疗健康新闻,https://www.cnr.cn/2014jkpd/yyqy/20251219/t20251219_527465492.shtml
NEWS_000628,news,央广网健康-医药企业,破译“80+”长寿密码 八子补肾中医抗衰智慧赋能“高质量长寿” 12月4日，中华名医智库年度盛典暨央广网2026健康传播行动启动会在北京隆重举行。 2025-12-09 15:28,2025-12-09,破译“80+”长寿密码 八子补肾中医抗衰智慧赋能“高质量长寿” 12月4日，中华名医智库年度盛典暨央广网2026健康传播行动启动会在北京隆重举行。 2025-12-09 15:28,,医疗健康新闻,https://www.cnr.cn/2014jkpd/yyqy/20251209/t20251209_527453898.shtml
NEWS_000629,news,央广网健康-医药企业,优选联盟传播健康力量，赋能美好生活 2025年12月4日，北京幸福滋味科技有限公司荣幸受邀参与了央广网“中华名医智库年度盛典暨央广网2026健康传播行动启动会”。此次会议以“传播健康力量，赋能美好生活”为核心主题，汇聚了众多健康领域权威机构,2025-12-04,优选联盟传播健康力量，赋能美好生活 2025年12月4日，北京幸福滋味科技有限公司荣幸受邀参与了央广网“中华名医智库年度盛典暨央广网2026健康传播行动启动会”。此次会议以“传播健康力量，赋能美好生活”为核心主题，汇聚了众多健康领域权威机构、媒体代表与行业先锋，共同探讨在新时期背景下，如何更有效地构建权威、科学、普惠的健康传播生态。 2025-12-11 15:16,,医疗健康新闻,https://www.cnr.cn/2014jkpd/yyqy/20251211/t20251211_527456309.shtml
NEWS_000630,news,央广网健康-医药企业,中国农业科技国际交流协会食物营养与大健康分会成立大会暨2025食物营养化转型发展大会在京举行 2025年12月14日，中国农业科技国际交流协会食物营养与大健康分会成立大会暨2025食物营养化转型发展大会在北京中国农业科学院国家农业图书馆报告,2025-12-14,中国农业科技国际交流协会食物营养与大健康分会成立大会暨2025食物营养化转型发展大会在京举行 2025年12月14日，中国农业科技国际交流协会食物营养与大健康分会成立大会暨2025食物营养化转型发展大会在北京中国农业科学院国家农业图书馆报告厅隆重召开。会议以“营养转型，健康升级”为主题，深入研讨了供给端营养型农产品、营养健康食品产业发展痛点问题、消费端大健康产业发展模式与路径。 2025-12-16 14:31,,医疗健康新闻,https://www.cnr.cn/2014jkpd/yyqy/20251216/t20251216_527461544.shtml
NEWS_000631,news,央广网健康-医药企业,甄轻松聚焦肠道菌群健康，开启精准健康管理新范式 相关数据显示，我国成人超重率和肥胖率已超过 50%；糖尿病等慢性疾病患病人数持续攀升，这些健康问题不仅影响国民生活质量，也给社会医疗体系带来沉重负担。在此背景下，如何从源头破解健康难题，成为健,2025-12-10,甄轻松聚焦肠道菌群健康，开启精准健康管理新范式 相关数据显示，我国成人超重率和肥胖率已超过 50%；糖尿病等慢性疾病患病人数持续攀升，这些健康问题不仅影响国民生活质量，也给社会医疗体系带来沉重负担。在此背景下，如何从源头破解健康难题，成为健康管理行业亟待探索的方向。 2025-12-10 13:31,,医疗健康新闻,https://www.cnr.cn/2014jkpd/yyqy/20251210/t20251210_527454770.shtml
NEWS_000632,news,央广网健康-医药企业,创新肠道健康管理 共创健康向上生活 12月4日，“中华名医智库年度盛典暨央广网2026健康传播行动启动会”在北京隆重举行。 2025-12-17 10:42,2025-12-17,创新肠道健康管理 共创健康向上生活 12月4日，“中华名医智库年度盛典暨央广网2026健康传播行动启动会”在北京隆重举行。 2025-12-17 10:42,,医疗健康新闻,https://www.cnr.cn/2014jkpd/yyqy/20251217/t20251217_527462516.shtml
NEWS_000633,news,央广网健康-医药企业,生态筑壁垒，价值迎重构――美年健康“All in AI”战略下的“分子本草”新引擎 2025年11月24日，新华社�t望智库刊文《“分子本草”：在中医药学宝库中挖掘“AI制药”的全新想象力》，深度解析了清华大学程京院士团队如何将千年中医智慧,2025-11-24,生态筑壁垒，价值迎重构――美年健康“All in AI”战略下的“分子本草”新引擎 2025年11月24日，新华社�t望智库刊文《“分子本草”：在中医药学宝库中挖掘“AI制药”的全新想象力》，深度解析了清华大学程京院士团队如何将千年中医智慧融入生命科学与AI的交叉创新，构建了多弹打多靶的“分子本草大模型”，为精准诊疗及突破全球AI制药瓶颈提供了一条“弯道超车”的中国路径。 2025-12-02 17:46,,医疗健康新闻,https://www.cnr.cn/2014jkpd/yyqy/20251202/t20251202_527447983.shtml
NEWS_000634,news,央广网健康-医药企业,沃森生物出海战略又添新绩 13价肺炎结合疫苗获埃及上市许可证 近日，云南沃森生物技术股份有限公司（以下简称“沃森生物”）子公司玉溪沃森生物技术有限公司生产的13价肺炎球菌多糖结合疫苗，收到埃及药品管理局（EDA）签发的生物制品上市许可证，标,2025-12-02,沃森生物出海战略又添新绩 13价肺炎结合疫苗获埃及上市许可证 近日，云南沃森生物技术股份有限公司（以下简称“沃森生物”）子公司玉溪沃森生物技术有限公司生产的13价肺炎球菌多糖结合疫苗，收到埃及药品管理局（EDA）签发的生物制品上市许可证，标志着该疫苗获得埃及的上市许可，这给沃森生物的国际化战略实施又添新的业绩。 2025-12-02 17:31,,医疗健康新闻,https://www.cnr.cn/2014jkpd/yyqy/20251202/t20251202_527447951.shtml
NEWS_000635,news,央广网健康-医药企业,轻松健康集团赴港上市：AIcare驱动健康与保险融合实现高增长 11月28日，轻松健康集团（QingSong Health Corporation）顺利通过香港联合交易所主板上市聆讯，拟于近期正式挂牌。 2025-11-28 18:32,2025-11-28,轻松健康集团赴港上市：AIcare驱动健康与保险融合实现高增长 11月28日，轻松健康集团（QingSong Health Corporation）顺利通过香港联合交易所主板上市聆讯，拟于近期正式挂牌。 2025-11-28 18:32,,医疗健康新闻,https://www.cnr.cn/2014jkpd/yyqy/20251128/t20251128_527444709.shtml
NEWS_000636,news,央广网健康-医药企业,第三届OTC品牌大会 仁和斩获多项殊荣 2025年11月24日，由中国非处方药物协会主办的第三届OTC品牌大会在杭州盛大启幕，仁和凭借深厚的品牌积淀与卓越的市场表现，荣膺“2025年度中国非处方药企业综合统计排名第8名”。这不仅是对仁和品牌,2025-11-24,第三届OTC品牌大会 仁和斩获多项殊荣 2025年11月24日，由中国非处方药物协会主办的第三届OTC品牌大会在杭州盛大启幕，仁和凭借深厚的品牌积淀与卓越的市场表现，荣膺“2025年度中国非处方药企业综合统计排名第8名”。这不仅是对仁和品牌硬实力的权威肯定，更是千万消费者对仁和品牌形象的信赖见证。 2025-11-25 16:59,,医疗健康新闻,https://www.cnr.cn/2014jkpd/yyqy/20251125/t20251125_527441002.shtml
NEWS_000637,news,央广网健康-医药企业,从“治未病”到“抗衰老”：中医药在健康老龄化中的前瞻性布局 近日，第十六届中医药发展论坛暨中国民族卫生协会2025年会在浙江杭州隆重举办。该论坛的核心活动之一“抗衰老与医养结合学术交流会”暨“守护民族品牌赋能抗衰老产业高质量发展推进大会”同,2025-11-12,从“治未病”到“抗衰老”：中医药在健康老龄化中的前瞻性布局 近日，第十六届中医药发展论坛暨中国民族卫生协会2025年会在浙江杭州隆重举办。该论坛的核心活动之一“抗衰老与医养结合学术交流会”暨“守护民族品牌赋能抗衰老产业高质量发展推进大会”同期举行，大会以“汇聚前沿智慧・链接产业资源・共筑抗衰老未来”为主题，推动抗衰老大健康领域的最新科研突破与产业转化。在大会上中国工程院院士吴以岭通过线上作题为《气络学说精气神理论指导八子补肾胶囊抗衰老研究》的学术报告。 2025-11-12 18:01,,医疗健康新闻,https://www.cnr.cn/2014jkpd/yyqy/20251112/t20251112_527427853.shtml
NEWS_000638,news,央广网健康-医药企业,深化场景驱动 数据要素价值化实践有新方案 市场主体的积极参与，是释放数据要素价值的关键一环。11月20日，东软解决方案论坛2025以“数据创造社会价值”为主题在福州启幕，为多领域的数据要素价值化实践提供了新方案。 2025-11-27 10,2025-11-27,深化场景驱动 数据要素价值化实践有新方案 市场主体的积极参与，是释放数据要素价值的关键一环。11月20日，东软解决方案论坛2025以“数据创造社会价值”为主题在福州启幕，为多领域的数据要素价值化实践提供了新方案。 2025-11-27 10:36,,医疗健康新闻,https://www.cnr.cn/2014jkpd/yyqy/20251127/t20251127_527443150.shtml
NEWS_000639,news,央广网健康-医药企业,开创全屋净饮水新时代：安吉尔新品上市 以净水科技引领行业变革 从健康饮水的科学突破到全屋净水的体验升级，安吉尔此次发布的新品以硬核科技重新定义了全屋净饮水的品质标准，正将“健康”与“舒适”融入家庭生活。 2025-09-28 21:13,2025-09-28,开创全屋净饮水新时代：安吉尔新品上市 以净水科技引领行业变革 从健康饮水的科学突破到全屋净水的体验升级，安吉尔此次发布的新品以硬核科技重新定义了全屋净饮水的品质标准，正将“健康”与“舒适”融入家庭生活。 2025-09-28 21:13,,医疗健康新闻,https://www.cnr.cn/2014jkpd/yyqy/20250928/t20250928_527379617.shtml
NEWS_000640,news,央广网健康-医药企业,首届“微博健康医疗盛典”在上海举行 微博携手各界共建数字健康新生态 首届“微博健康医疗盛典”的成功举办，再一次彰显出微博作为具备广泛影响力的社交媒体平台，在医疗科普、民生政策及新技术新方案传播中的价值。高效连接多方，成为健康理念传播的关键渠,2025-09-28,首届“微博健康医疗盛典”在上海举行 微博携手各界共建数字健康新生态 首届“微博健康医疗盛典”的成功举办，再一次彰显出微博作为具备广泛影响力的社交媒体平台，在医疗科普、民生政策及新技术新方案传播中的价值。高效连接多方，成为健康理念传播的关键渠道。未来，微博将继续与各界携手，推动更多“可能”走向现实，共同构建更有获得感、可信赖的数字健康新生态。 2025-09-28 12:05,,医疗健康新闻,https://www.cnr.cn/2014jkpd/yyqy/20250928/t20250928_527378998.shtml
NEWS_000641,news,央广网健康-医药企业,第十七届全国营养科学大会隆重召开 本届大会不仅是一场学术交流的盛会，更是中国营养学会80年发展的重要里程碑。它为国内外营养领域搭建了高端对话桥梁，为我国营养科学事业注入新动能，将进一步推动营养创新成果落地，助力全民健康高质量发展，为健康中国,2025-09-24,第十七届全国营养科学大会隆重召开 本届大会不仅是一场学术交流的盛会，更是中国营养学会80年发展的重要里程碑。它为国内外营养领域搭建了高端对话桥梁，为我国营养科学事业注入新动能，将进一步推动营养创新成果落地，助力全民健康高质量发展，为健康中国建设贡献营养力量。 2025-09-24 11:26,,医疗健康新闻,https://www.cnr.cn/2014jkpd/yyqy/20250924/t20250924_527374116.shtml
NEWS_000642,news,央广网健康-医药企业,首个AI纳米递送平台NanoForge发布 赖才达说，“通过AI+纳米我们可以解决制药‘十年磨一剑’的困境，所以我们叫NanoForge是更好的锻造技术，把十年变成几个月。” 2025-09-18 17:43,2025-09-18,首个AI纳米递送平台NanoForge发布 赖才达说，“通过AI+纳米我们可以解决制药‘十年磨一剑’的困境，所以我们叫NanoForge是更好的锻造技术，把十年变成几个月。” 2025-09-18 17:43,,医疗健康新闻,https://www.cnr.cn/2014jkpd/yyqy/20250918/t20250918_527367345.shtml
NEWS_000643,news,央广网健康-医药企业,支付宝“RSV防护一站通”全国上线数字化打通婴幼儿合胞病毒防护全链路 “RSV防护一站通”的全国普及不仅是一项服务的上线，更是数字化技术在公共卫生领域应用的一次具象落地。通过AI技术、服务整合与链路优化，推动健康防护从“被动应对”向“主动预,2025-09-15,支付宝“RSV防护一站通”全国上线数字化打通婴幼儿合胞病毒防护全链路 “RSV防护一站通”的全国普及不仅是一项服务的上线，更是数字化技术在公共卫生领域应用的一次具象落地。通过AI技术、服务整合与链路优化，推动健康防护从“被动应对”向“主动预防”转型，让专业服务更精准地满足民生需求。 2025-09-15 16:36,,医疗健康新闻,https://www.cnr.cn/2014jkpd/yyqy/20250915/t20250915_527362621.shtml
NEWS_000644,news,央广网健康-医药企业,第12届中国中西医结合学会血管病学大会召开 通络药物系统干预心血管事件链获里程碑突破 9月6日，由中国中西医结合学会主办、中国中西医结合学会血管－脉络病专业委员会承办的第十二届中国中西医结合学会血管病学大会在沈阳召开。 2025-09-08,2025-09-08,第12届中国中西医结合学会血管病学大会召开 通络药物系统干预心血管事件链获里程碑突破 9月6日，由中国中西医结合学会主办、中国中西医结合学会血管－脉络病专业委员会承办的第十二届中国中西医结合学会血管病学大会在沈阳召开。 2025-09-08 23:11,,医疗健康新闻,https://www.cnr.cn/2014jkpd/yyqy/20250908/t20250908_527354597.shtml
NEWS_000645,news,央广网健康-医药企业,聚焦提升放疗效果，江苏大学附属医院拟开展新研究 江苏大学附属医院朱海涛、王冬青研究团队通过高通量代谢基因筛选，首次鉴定出跨膜转运蛋白“ABCC10”是驱动癌细胞产生放疗抵抗的关键分子。 2025-08-27 16:49,2025-08-27,聚焦提升放疗效果，江苏大学附属医院拟开展新研究 江苏大学附属医院朱海涛、王冬青研究团队通过高通量代谢基因筛选，首次鉴定出跨膜转运蛋白“ABCC10”是驱动癌细胞产生放疗抵抗的关键分子。 2025-08-27 16:49,,医疗健康新闻,https://www.cnr.cn/2014jkpd/yyqy/20250827/t20250827_527341693.shtml
NEWS_000646,news,央广网健康-医药企业,破局老龄化时代！八子补肾以科技力量重塑“健康长寿”中国方案 当百岁老人的生命智慧与现代抗衰老科技相遇，一幅“老而不衰”的中国式长寿图景正在展开。 2025-08-18 16:48,2025-08-18,破局老龄化时代！八子补肾以科技力量重塑“健康长寿”中国方案 当百岁老人的生命智慧与现代抗衰老科技相遇，一幅“老而不衰”的中国式长寿图景正在展开。 2025-08-18 16:48,,医疗健康新闻,https://www.cnr.cn/2014jkpd/yyqy/20250818/t20250818_527325130.shtml
NEWS_000647,news,央广网健康-医药企业,破解衰老“蛋白密码”，中医药智慧如何实现科学抗衰 衰老，一种涉及全身多器官、多重生物学层级的复杂退行性演变。我们的身体机能究竟如何随着时光流逝而逐渐衰退？各器官系统是否遵循统一的衰老节律？ 2025-08-12 11:27,2025-08-12,破解衰老“蛋白密码”，中医药智慧如何实现科学抗衰 衰老，一种涉及全身多器官、多重生物学层级的复杂退行性演变。我们的身体机能究竟如何随着时光流逝而逐渐衰退？各器官系统是否遵循统一的衰老节律？ 2025-08-12 11:27,,医疗健康新闻,https://www.cnr.cn/2014jkpd/yyqy/20250812/t20250812_527314653.shtml
NEWS_000648,news,央广网健康-医药企业,《中国房颤管理指南》颁布 首推创新中药参松养心胶囊维持窦性心律 《中国心房颤动管理指南（2025）》（以下简称《指南》）在中国老年保健医学研究会老年心血管病分会第8届学术年会暨第十五届血栓防治研讨会上正式发布。 2025-08-11 15:,2025-08-11,《中国房颤管理指南》颁布 首推创新中药参松养心胶囊维持窦性心律 《中国心房颤动管理指南（2025）》（以下简称《指南》）在中国老年保健医学研究会老年心血管病分会第8届学术年会暨第十五届血栓防治研讨会上正式发布。 2025-08-11 15:56,,医疗健康新闻,https://www.cnr.cn/2014jkpd/yyqy/20250811/t20250811_527313468.shtml
NEWS_000649,news,央广网健康-医药企业,以科学之力回应衰老挑战NAD+与健康衰老学术会议在京举办 衰老，是生命进程中不可避免的课题。随着人口老龄化进程加快，如何以科学手段探索健康衰老路径，成为社会关注的焦点。 2025-08-07 19:23,2025-08-07,以科学之力回应衰老挑战NAD+与健康衰老学术会议在京举办 衰老，是生命进程中不可避免的课题。随着人口老龄化进程加快，如何以科学手段探索健康衰老路径，成为社会关注的焦点。 2025-08-07 19:23,,医疗健康新闻,https://www.cnr.cn/2014jkpd/yyqy/20250807/t20250807_527308010.shtml
NEWS_000650,news,央广网健康-医药企业,剂泰科技完成4亿元D轮融资 助力打造北京生物医药产业“新引擎” 细胞与基因治疗（CGT）是继小分子药物、抗体药物后，第三代药物创新的主赛道。当下，如何提高递送效率是CGT痛点之一。如何解决？剂泰科技通过AI驱动纳米递送技术或给出了一种解决方,2025-08-04,剂泰科技完成4亿元D轮融资 助力打造北京生物医药产业“新引擎” 细胞与基因治疗（CGT）是继小分子药物、抗体药物后，第三代药物创新的主赛道。当下，如何提高递送效率是CGT痛点之一。如何解决？剂泰科技通过AI驱动纳米递送技术或给出了一种解决方案。 2025-08-04 15:43,,医疗健康新闻,https://www.cnr.cn/2014jkpd/yyqy/20250804/t20250804_527301418.shtml
NEWS_000651,news,央广网健康-医药企业,聚焦链博会：八子补肾书写抗衰研发东方智慧，跻身国际赛道“链接全球” 2025-07-19 13:44,2025-07-19,聚焦链博会：八子补肾书写抗衰研发东方智慧，跻身国际赛道“链接全球” 2025-07-19 13:44,,医疗健康新闻,https://www.cnr.cn/2014jkpd/yyqy/20250719/t20250719_527271844.shtml
NEWS_000652,news,央广网健康-医药企业,首个澳门注册上市创新中药！以岭药业芪防鼻通片添“新身份” 7月11日晚，以岭药业发布公告称，该公司控股子公司以岭（澳门）有限公司收到澳门特别行政区政府药物监督管理局核准签发的《中成药注册证明书》。 2025-07-14 16:58,2025-07-14,首个澳门注册上市创新中药！以岭药业芪防鼻通片添“新身份” 7月11日晚，以岭药业发布公告称，该公司控股子公司以岭（澳门）有限公司收到澳门特别行政区政府药物监督管理局核准签发的《中成药注册证明书》。 2025-07-14 16:58,,医疗健康新闻,https://www.cnr.cn/2014jkpd/yyqy/20250714/t20250714_527261893.shtml
NEWS_000653,news,央广网健康-医药企业,走进中国药都，“老药方”邂逅智慧工厂，仁和药业焕新升级 7月8日，由人民日报社、新华社、中央广播电视总台、光明日报社、江西日报社等60余家中央及省级主流媒体组成的2025年“活力中国调研行”大型主题采访团，深入仁和“863”科技园，聚焦企业,2025-07-10,走进中国药都，“老药方”邂逅智慧工厂，仁和药业焕新升级 7月8日，由人民日报社、新华社、中央广播电视总台、光明日报社、江西日报社等60余家中央及省级主流媒体组成的2025年“活力中国调研行”大型主题采访团，深入仁和“863”科技园，聚焦企业在推动中医药产业“传承精华、守正创新”、实现高质量发展中的创新实践与核心动能。 2025-07-10 11:18,,医疗健康新闻,https://www.cnr.cn/2014jkpd/yyqy/20250710/t20250710_527254767.shtml
NEWS_000654,news,央广网健康-医药企业,走不了、跑不动、蹲不下 腱鞘巨细胞瘤：两万分之一的偶遇，100%的困局 让“罕见”被看见，罕见病科普任重道远，而唯有社会各界形成合力，才能加速这一进程。各方力量携手并肩作战，才能将一座座孤立的岛屿连接成希望的大陆。而每一次社会力量的汇聚，都,2025-07-04,走不了、跑不动、蹲不下 腱鞘巨细胞瘤：两万分之一的偶遇，100%的困局 让“罕见”被看见，罕见病科普任重道远，而唯有社会各界形成合力，才能加速这一进程。各方力量携手并肩作战，才能将一座座孤立的岛屿连接成希望的大陆。而每一次社会力量的汇聚，都在帮助更多患者重获健康迈出坚实步伐。 2025-07-04 18:37,,医疗健康新闻,https://www.cnr.cn/2014jkpd/yyqy/20250704/t20250704_527244499.shtml
NEWS_000655,news,央广网健康-医药企业,冠脉介入治疗指南首现通络药物！首个“破壁者”的底气是什么？ 2025版《中国经皮冠状动脉介入治疗指南》首次推荐中药通心络用于ST段抬高型心肌梗死（STEMI）治疗（Ⅱa类推荐），作为急诊PCI术后协同用药，可改善心肌再灌注、减少并发症及提升,2025-06-20,冠脉介入治疗指南首现通络药物！首个“破壁者”的底气是什么？ 2025版《中国经皮冠状动脉介入治疗指南》首次推荐中药通心络用于ST段抬高型心肌梗死（STEMI）治疗（Ⅱa类推荐），作为急诊PCI术后协同用药，可改善心肌再灌注、减少并发症及提升患者30天和1年预后。其循证基础源于3797例患者参与的CTS-AMI研究（发表于《JAMA》），证实通心络联合标准治疗显著增效。 2025-06-20 12:04,,医疗健康新闻,https://www.cnr.cn/2014jkpd/yyqy/20250620/t20250620_527221280.shtml
NEWS_000656,news,央广网健康-医药企业,八子补肾亮相中非盛会 科学抗衰老“中国方案”引关注 6月12日至15日，以“中非共行动 逐梦现代化”为主题的第四届中国―非洲经贸博览会在湖南长沙举行。本届博览会吸引53个非洲国家、11个国际组织和4700多家中非企业、商协会、金融机构等参与,2025-06-17,八子补肾亮相中非盛会 科学抗衰老“中国方案”引关注 6月12日至15日，以“中非共行动 逐梦现代化”为主题的第四届中国―非洲经贸博览会在湖南长沙举行。本届博览会吸引53个非洲国家、11个国际组织和4700多家中非企业、商协会、金融机构等参与，规模创历史新高。 2025-06-17 14:53,,医疗健康新闻,https://www.cnr.cn/2014jkpd/yyqy/20250617/t20250617_527216343.shtml
NEWS_000657,news,央广网健康-医药企业,轻松健康集团联合运动平台Keep：用科技与运动点亮儿童健康未来 2025年6月10日，轻松健康集团联合知名运动平台 Keep、北京微爱公益基金会，以及公益大使李若彤共同走进上海市儿童医院，开展“儿童健康关爱行”公益活动。 2025-06-1,2025-06-10,轻松健康集团联合运动平台Keep：用科技与运动点亮儿童健康未来 2025年6月10日，轻松健康集团联合知名运动平台 Keep、北京微爱公益基金会，以及公益大使李若彤共同走进上海市儿童医院，开展“儿童健康关爱行”公益活动。 2025-06-12 18:41,,医疗健康新闻,https://www.cnr.cn/2014jkpd/yyqy/20250612/t20250612_527207434.shtml
NEWS_000658,news,央广网健康-医药企业,品牌日洞察｜破局人口老龄化，八子补肾领航抗衰老“中国方案” 5月9日至11日，以“品牌，让世界更美好”为主旨，2025世界品牌莫干山大会在浙江省德清县举行。本届大会由新华社品牌工作办公室、中国国家品牌网等联合主办，是510中国品牌日期间全球,2025-05-12,品牌日洞察｜破局人口老龄化，八子补肾领航抗衰老“中国方案” 5月9日至11日，以“品牌，让世界更美好”为主旨，2025世界品牌莫干山大会在浙江省德清县举行。本届大会由新华社品牌工作办公室、中国国家品牌网等联合主办，是510中国品牌日期间全球规模最大的品牌盛会之一，吸引全球超4000名政商学界领袖、行业标杆企业代表及权威机构参与。 2025-05-12 11:21,,医疗健康新闻,https://www.cnr.cn/2014jkpd/yyqy/20250512/t20250512_527166739.shtml
NEWS_000659,news,央广网健康-医药企业,汤臣倍健助力中国南极考察队开启南极冰下湖生命探索 5月15日，中国南极考察队宣布全球膳食营养补充剂行业领先企业汤臣倍健为中国南极科考生命探索（冰下湖）合作伙伴。汤臣倍健将为中国南极考察队提供“严选系列”营养产品，以极致科学营养助力南极冰下湖,2025-05-16,汤臣倍健助力中国南极考察队开启南极冰下湖生命探索 5月15日，中国南极考察队宣布全球膳食营养补充剂行业领先企业汤臣倍健为中国南极科考生命探索（冰下湖）合作伙伴。汤臣倍健将为中国南极考察队提供“严选系列”营养产品，以极致科学营养助力南极冰下湖考察。 2025-05-16 19:45,,医疗健康新闻,https://www.cnr.cn/2014jkpd/yyqy/20250516/t20250516_527172160.shtml
NEWS_000660,news,央广网健康-医药企业,“中医药防治心血管事件链获得高水平证据支撑”上榜2024年度中医药十大学术进展 2025年4月26日，由中华中医药学会主办“第七届岐黄论坛”在京召开。会上发布了2024年度中医药十大学术进展。“中医药防治心血管事件链获得高水平证据支撑”上榜,2025-04-26,“中医药防治心血管事件链获得高水平证据支撑”上榜2024年度中医药十大学术进展 2025年4月26日，由中华中医药学会主办“第七届岐黄论坛”在京召开。会上发布了2024年度中医药十大学术进展。“中医药防治心血管事件链获得高水平证据支撑”上榜，该项目阐释了中医药在防治心血管事件链的独特优势和疗效，为中医药防治重大疾病研究提供了研究范式。 2025-04-28 11:17,,医疗健康新闻,https://www.cnr.cn/2014jkpd/yyqy/20250428/t20250428_527151372.shtml
NEWS_000661,news,央广网健康-医药企业,党建引领强根基，创新驱动促发展――“六个一”“六带头”行动锻造奶业高质量发展新动能 这一幅幅展现中国奶业产业链智能化跃升的生动图景，正是伊利集团党委充分发挥政治引领和组织优势，推动党建工作与生产经营深度融合的直接体现。 2025-07-02,2025-07-02,党建引领强根基，创新驱动促发展――“六个一”“六带头”行动锻造奶业高质量发展新动能 这一幅幅展现中国奶业产业链智能化跃升的生动图景，正是伊利集团党委充分发挥政治引领和组织优势，推动党建工作与生产经营深度融合的直接体现。 2025-07-02 11:14,,医疗健康新闻,https://www.cnr.cn/2014jkpd/yyqy/20250702/t20250702_527239317.shtml
NEWS_000662,news,央广网健康-医药企业,以岭药业荣获2025中国中药研发实力排行榜亚军 近日，由药智网、《中国药业》杂志等联合主办的2025 PDI 医药研发・创新大会暨中国药品研发百强榜发布会在重庆举行。以岭药业凭借其在中药研发领域的卓越表现，荣登2025中国中药研发实力排行榜,2025-06-27,以岭药业荣获2025中国中药研发实力排行榜亚军 近日，由药智网、《中国药业》杂志等联合主办的2025 PDI 医药研发・创新大会暨中国药品研发百强榜发布会在重庆举行。以岭药业凭借其在中药研发领域的卓越表现，荣登2025中国中药研发实力排行榜TOP50，位居榜眼。 2025-06-27 21:30,,医疗健康新闻,https://www.cnr.cn/2014jkpd/yyqy/20250627/t20250627_527232391.shtml
NEWS_000663,news,央广网健康-医药企业,“中国医师协会以岭关爱医师健康专项基金”医师身心健康活动（第十一期）在开封举行 近日，由中国医师协会主办、以岭药业协办的“中国医师协会以岭关爱医师健康专项基金”医师身心健康活动（第十一期）在八朝古都开封举行。 2025-06-27 11:2,2025-06-27,“中国医师协会以岭关爱医师健康专项基金”医师身心健康活动（第十一期）在开封举行 近日，由中国医师协会主办、以岭药业协办的“中国医师协会以岭关爱医师健康专项基金”医师身心健康活动（第十一期）在八朝古都开封举行。 2025-06-27 11:26,,医疗健康新闻,https://www.cnr.cn/2014jkpd/yyqy/20250627/t20250627_527231325.shtml
NEWS_000664,news,央广网健康-医药企业,科技赋能健康，九卿健康开启全周期健康管理新时代――央广网《中华名医号》专访九卿健康创始人兰祥 6月26日，九卿健康董事长、初存品牌创始人兰祥，走进《中华名医号》直播间，与央广网主持人展开了一场别开生面的深度对话，直播间里，这位深耕大健康领域,2025-06-27,科技赋能健康，九卿健康开启全周期健康管理新时代――央广网《中华名医号》专访九卿健康创始人兰祥 6月26日，九卿健康董事长、初存品牌创始人兰祥，走进《中华名医号》直播间，与央广网主持人展开了一场别开生面的深度对话，直播间里，这位深耕大健康领域二十多年的创业者，围绕AI健康管理的技术创新、服务落地及行业赋能等话题展开分享，揭开了科技赋能传统健康管理生态的底层逻辑。 2025-06-27 17:44,,医疗健康新闻,https://www.cnr.cn/2014jkpd/yyqy/20250627/t20250627_527232001.shtml
NEWS_000665,news,央广网健康-医药企业,科技赋能食安健康变革 国内外专家学者共探食品产业前沿课题 新时代，食品产业面临具有高度复杂性和跨学科性的新挑战、新课题。如何强化全球协作，守护公众“舌尖上的安全与健康”？如何升级传统产业、壮大新兴产业和培育未来产业，回应行业关切？ 2025,2025-04-25,科技赋能食安健康变革 国内外专家学者共探食品产业前沿课题 新时代，食品产业面临具有高度复杂性和跨学科性的新挑战、新课题。如何强化全球协作，守护公众“舌尖上的安全与健康”？如何升级传统产业、壮大新兴产业和培育未来产业，回应行业关切？ 2025-04-25 17:44,,医疗健康新闻,https://www.cnr.cn/2014jkpd/yyqy/20250425/t20250425_527148473.shtml
NEWS_000666,news,央广网健康-医药企业,泰康人寿2024年报披露：深耕新寿险，开拓高质量发展新局 4月30日，泰康人寿发布2024年年报。各主要数据均同比增长，凸显公司运行稳健、积极的发展态势。 2025-05-06 11:28,2025-05-06,泰康人寿2024年报披露：深耕新寿险，开拓高质量发展新局 4月30日，泰康人寿发布2024年年报。各主要数据均同比增长，凸显公司运行稳健、积极的发展态势。 2025-05-06 11:28,,医疗健康新闻,https://www.cnr.cn/2014jkpd/yyqy/20250506/t20250506_527160024.shtml
NEWS_000667,news,央广网健康-医药企业,重磅丨通络药物获《经皮冠状动脉介入治疗指南（2025）》推荐 2025年6月14日，《经皮冠状动脉介入治疗指南（2025）》发布会在沈阳成功举办。《指南》明确推荐通心络用于治疗急性冠脉综合征， 尤其是做介入治疗的急性冠脉综合征患者，具有抗心,2025-06-14,重磅丨通络药物获《经皮冠状动脉介入治疗指南（2025）》推荐 2025年6月14日，《经皮冠状动脉介入治疗指南（2025）》发布会在沈阳成功举办。《指南》明确推荐通心络用于治疗急性冠脉综合征， 尤其是做介入治疗的急性冠脉综合征患者，具有抗心肌缺血、改善无复流和再灌注损伤的作用（IIa， B-R）；对于冠心病合并心衰患者，推荐对血压偏低者加用芪苈强心（IIa， B-R）。 2025-06-16 15:23,,医疗健康新闻,https://www.cnr.cn/2014jkpd/yyqy/20250616/t20250616_527214293.shtml
NEWS_000668,news,央广网健康-医药企业,国际衰老生物学大会 | 贾振华教授：中医药为抢占抗衰老国际制高点提供原创思维 近日，备受瞩目的中国衰老科学大会暨国际衰老生物学大会在浙江温州举行。大会以“衰老科学交叉前沿（Aging+）”为主题，汇聚1200余位来自国内外的专家学者和行业负,2025-04-24,国际衰老生物学大会 | 贾振华教授：中医药为抢占抗衰老国际制高点提供原创思维 近日，备受瞩目的中国衰老科学大会暨国际衰老生物学大会在浙江温州举行。大会以“衰老科学交叉前沿（Aging+）”为主题，汇聚1200余位来自国内外的专家学者和行业负责人，以及《Nature Aging》等20余家国内外学术期刊的主编和编辑，分享衰老科学领域的丰富经验和前沿见解，致力于为解决全球老龄化问题贡献智慧与力量。 2025-04-24 12:54,,医疗健康新闻,https://www.cnr.cn/2014jkpd/yyqy/20250424/t20250424_527146946.shtml
NEWS_000669,news,央广网健康-医药企业,轻松健康集团联合中国抗癌协会启动“百姓轻松健康抗癌科普中国行” 4月20日，由中国抗癌协会主办，中国抗癌协会科普委员会、中国抗癌协会媒体传播委员会、中国抗癌协会整合防筛委员会、中国抗癌协会整合康复委员会四大委员会联合承办的“2025年中国抗,2025-04-21,轻松健康集团联合中国抗癌协会启动“百姓轻松健康抗癌科普中国行” 4月20日，由中国抗癌协会主办，中国抗癌协会科普委员会、中国抗癌协会媒体传播委员会、中国抗癌协会整合防筛委员会、中国抗癌协会整合康复委员会四大委员会联合承办的“2025年中国抗癌协会整合科普大会”在北京召开。 2025-04-21 17:42,,医疗健康新闻,https://www.cnr.cn/2014jkpd/yyqy/20250421/t20250421_527143309.shtml
NEWS_000670,news,央广网健康-医药企业,轻松健康集团亮相中国AIGC产业峰会，斩获双项大奖彰显医疗AI引领力 4月16日，以“万物皆可AI”为主题的第三届中国AIGC产业峰会在北京举行。作为中国领先的科技型一站式平台，轻松健康集团受邀出席峰会。 2025-04-17 18:36,2025-04-17,轻松健康集团亮相中国AIGC产业峰会，斩获双项大奖彰显医疗AI引领力 4月16日，以“万物皆可AI”为主题的第三届中国AIGC产业峰会在北京举行。作为中国领先的科技型一站式平台，轻松健康集团受邀出席峰会。 2025-04-17 18:36,,医疗健康新闻,https://www.cnr.cn/2014jkpd/yyqy/20250417/t20250417_527138364.shtml
NEWS_000671,news,央广网健康-医药企业,跨越“疫苗犹豫”鸿沟：多方携手共建带状疱疹防治新模式 2025年4月15日，“医防共护，远离会呼吸的‘痛’”――“带疱者说”系列行动暨《中国带状疱疹疾病负担与经济学评价研究》报告发布会在北京人卫酒店隆重举行，国家老年医学中心主任王建业、北京,2025-04-15,跨越“疫苗犹豫”鸿沟：多方携手共建带状疱疹防治新模式 2025年4月15日，“医防共护，远离会呼吸的‘痛’”――“带疱者说”系列行动暨《中国带状疱疹疾病负担与经济学评价研究》报告发布会在北京人卫酒店隆重举行，国家老年医学中心主任王建业、北京大学中国卫生发展研究中心研究员何平、山东烟台毓璜顶医院皮肤科主任曲燕、长春百克生物科技股份公司总经理姜春来、南方周末报社副总经理、南方周末研究院副院长兼秘书长孟登科等嘉宾以及超过20家媒体代表共聚一堂。 2025-04-17 16:53,,医疗健康新闻,https://www.cnr.cn/2014jkpd/yyqy/20250417/t20250417_527138244.shtml
NEWS_000672,news,央广网健康-医药企业,泰康同济（武汉）医院全力打造社会办医金字招牌 诞生于2020年2月的泰康同济（武汉）医院，是由世界500强企业泰康保险集团全资投资，与华中科技大学同济医学院附属同济医院合作管理，按照三级甲等标准强强联合打造的高品质、非营利性综合医院。 作为,2025-04-10,泰康同济（武汉）医院全力打造社会办医金字招牌 诞生于2020年2月的泰康同济（武汉）医院，是由世界500强企业泰康保险集团全资投资，与华中科技大学同济医学院附属同济医院合作管理，按照三级甲等标准强强联合打造的高品质、非营利性综合医院。 作为泰康保险集团“长寿医疗”的旗舰标杆，泰康同济（武汉）医院积极响应国家号召与群众需求，以“5+N”学科规划为引擎，聚焦重大慢病防治领域，深度融合“预防-诊疗-康复-健管”全链条服务，致力于打造长寿时代下的“医险结合、医养融合”示范样本，为“健康中国”“健康湖北”建设注入新动能。 2025-04-10 14:36,,医疗健康新闻,https://www.cnr.cn/2014jkpd/yyqy/20250410/t20250410_527129356.shtml
NEWS_000673,news,央广网健康-医药企业,2025长寿时代论坛在武汉举办 4月8日，由泰康保险集团、泰康长寿时代研究院联合主办的2025长寿时代论坛在武汉举办。 2025-04-10 14:10,2025-04-10,2025长寿时代论坛在武汉举办 4月8日，由泰康保险集团、泰康长寿时代研究院联合主办的2025长寿时代论坛在武汉举办。 2025-04-10 14:10,,医疗健康新闻,https://www.cnr.cn/2014jkpd/yyqy/20250410/t20250410_527129327.shtml
NEWS_000674,news,央广网健康-医药企业,GSK副总裁李卫东：深化与中国本土企业合作，推进医防融合创新 加强本土企业合作，助力提升疫苗可及。通过与智飞、上药科园等合作伙伴携手，依托中国疾病防控领域的准入先驱者，加速成人疫苗产品在中国市场的商业化落地，提升可及性，帮助更多适龄人群及早,2025-03-18,GSK副总裁李卫东：深化与中国本土企业合作，推进医防融合创新 加强本土企业合作，助力提升疫苗可及。通过与智飞、上药科园等合作伙伴携手，依托中国疾病防控领域的准入先驱者，加速成人疫苗产品在中国市场的商业化落地，提升可及性，帮助更多适龄人群及早预防疾病。 2025-03-18 16:35,,医疗健康新闻,https://www.cnr.cn/2014jkpd/yyqy/20250318/t20250318_527104981.shtml
NEWS_000675,news,央广网健康-医药企业,降压药需要经常更换，否则会耐药？假的 对于患者自身而言，若当前服用的药物感觉良好，无副作用，且血压达标，就没必要为规避所谓的副作用而频繁换药，否则不利于血压的稳定控制。 2025-02-02 08:53,2025-02-02,降压药需要经常更换，否则会耐药？假的 对于患者自身而言，若当前服用的药物感觉良好，无副作用，且血压达标，就没必要为规避所谓的副作用而频繁换药，否则不利于血压的稳定控制。 2025-02-02 08:53,,医疗健康新闻,https://www.cnr.cn/2014jkpd/yyqy/20250202/t20250202_527059309.shtml
NEWS_000676,news,央广网健康-医药企业,《中医药零售行业发展报告》正式发布 3月26日，中医药行业发展交流会暨《中医药零售行业发展报告》（以下简称“报告”）发布会在京举办。《报告》显示，智能技术的引入正在全维度重塑中医药产业链形态，推动行业从经验驱动向“数智”驱动的转型，构建起“,2025-03-28,《中医药零售行业发展报告》正式发布 3月26日，中医药行业发展交流会暨《中医药零售行业发展报告》（以下简称“报告”）发布会在京举办。《报告》显示，智能技术的引入正在全维度重塑中医药产业链形态，推动行业从经验驱动向“数智”驱动的转型，构建起“质量可溯、需求可测、资源可控”的智慧产业体系。 2025-03-28 17:45,,医疗健康新闻,https://www.cnr.cn/2014jkpd/yyqy/20250328/t20250328_527116787.shtml
NEWS_000677,news,央广网健康-医药企业,李侗曾：治流感不要过于迷信某一两种药 李侗曾特别提醒：治疗流感，大家不要过于迷信某一两种“明星药”，科学使用对症治疗的药物、充分休息都有助于我们更快的康复。 2025-01-17 16:32,2025-01-17,李侗曾：治流感不要过于迷信某一两种药 李侗曾特别提醒：治疗流感，大家不要过于迷信某一两种“明星药”，科学使用对症治疗的药物、充分休息都有助于我们更快的康复。 2025-01-17 16:32,,医疗健康新闻,https://www.cnr.cn/2014jkpd/yyqy/20250117/t20250117_527044311.shtml
NEWS_000678,news,央广网健康-医药企业,多款国谈药已开出首张处方，新药入院“应配尽配” 2025年1月1日，新版国家医保药品目录实施，各定点医疗机构原则上应于2025年2月底前召开药事会，根据新版药品目录及时调整本机构用药目录，保障临床诊疗需求和参保患者合理用药权益。 2025-,2025-01-01,多款国谈药已开出首张处方，新药入院“应配尽配” 2025年1月1日，新版国家医保药品目录实施，各定点医疗机构原则上应于2025年2月底前召开药事会，根据新版药品目录及时调整本机构用药目录，保障临床诊疗需求和参保患者合理用药权益。 2025-02-01 10:15,,医疗健康新闻,https://www.cnr.cn/2014jkpd/yyqy/20250201/t20250201_527058728.shtml
NEWS_000679,news,央广网健康-医药企业,亚太眼底研究领袖学术峰会论坛在京举办 “我们要鼓励年轻专家主导临床研究，提升中国在全球眼科领域的话语权。加强自主药物研发能力，推动国产创新药与国际接轨，甚至超越。”马志中教授期待，在不远的未来，有“更多长效、高疗效药物上市，减少患者频繁注射,2025-03-28,亚太眼底研究领袖学术峰会论坛在京举办 “我们要鼓励年轻专家主导临床研究，提升中国在全球眼科领域的话语权。加强自主药物研发能力，推动国产创新药与国际接轨，甚至超越。”马志中教授期待，在不远的未来，有“更多长效、高疗效药物上市，减少患者频繁注射的负担。” 2025-03-28 18:34,,医疗健康新闻,https://www.cnr.cn/2014jkpd/yyqy/20250328/t20250328_527116898.shtml
NEWS_000680,news,央广网健康-医药企业,神舟天源：关注60后“新老人”，满足个性化健康需求 神舟天源总经理王雪翔接受央广网采访，阐述《政府工作报告》中，企业最关注的点。 2025-03-12 14:02,2025-03-12,神舟天源：关注60后“新老人”，满足个性化健康需求 神舟天源总经理王雪翔接受央广网采访，阐述《政府工作报告》中，企业最关注的点。 2025-03-12 14:02,,医疗健康新闻,https://www.cnr.cn/2014jkpd/yyqy/20250312/t20250312_527097764.shtml
NEWS_000681,news,央广网健康-医药企业,栀子花提取物有助神经再生 美国科学家开展的一项研究发现，从栀子花中提取的京尼平化合物可促进神经再生。团队在筛选了640种有可能保护感觉神经元免受退化的化合物后，意外发现了从栀子花中提取出的京尼平。 2025-02-02 08:52,2025-02-02,栀子花提取物有助神经再生 美国科学家开展的一项研究发现，从栀子花中提取的京尼平化合物可促进神经再生。团队在筛选了640种有可能保护感觉神经元免受退化的化合物后，意外发现了从栀子花中提取出的京尼平。 2025-02-02 08:52,,医疗健康新闻,https://www.cnr.cn/2014jkpd/yyqy/20250202/t20250202_527059307.shtml
NEWS_000682,news,央广网健康-医药企业,打造优质睡眠 小心卧室里的睡眠“小偷” 在快节奏的现代生活中，睡个好觉似乎已经成了一种奢望。睡不着、睡不好等问题不仅影响着我们的身体健康、情绪状态，更是让睡眠成为整个社会都在关注的热点话题。好的睡眠是什么样的？我们应该如何打造一个舒适的睡眠,2025-03-21,打造优质睡眠 小心卧室里的睡眠“小偷” 在快节奏的现代生活中，睡个好觉似乎已经成了一种奢望。睡不着、睡不好等问题不仅影响着我们的身体健康、情绪状态，更是让睡眠成为整个社会都在关注的热点话题。好的睡眠是什么样的？我们应该如何打造一个舒适的睡眠环境？ 2025-03-21 15:54,,医疗健康新闻,https://www.cnr.cn/2014jkpd/yyqy/20250321/t20250321_527108346.shtml
NEWS_000683,news,央广网健康-医药企业,市场监管总局发展研究中心在京成立化妆品分委会 3月22日，市场监管总局发展研究中心在京组织召开化妆品合规发展研讨暨美业和大健康专家委员会化妆品分委会成立会议。 2025-03-26 11:36,2025-03-26,市场监管总局发展研究中心在京成立化妆品分委会 3月22日，市场监管总局发展研究中心在京组织召开化妆品合规发展研讨暨美业和大健康专家委员会化妆品分委会成立会议。 2025-03-26 11:36,,医疗健康新闻,https://www.cnr.cn/2014jkpd/yyqy/20250326/t20250326_527113177.shtml
NEWS_000684,news,央广网健康-医药企业,金领冠万元奶粉支持新生三孩家庭 2025年，“生育友好型社会” 再度成为焦点。政府工作报告明确提到：制定促进生育政策，增加普惠托育服务供给。 2025-03-27 17:16,2025-03-27,金领冠万元奶粉支持新生三孩家庭 2025年，“生育友好型社会” 再度成为焦点。政府工作报告明确提到：制定促进生育政策，增加普惠托育服务供给。 2025-03-27 17:16,,医疗健康新闻,https://www.cnr.cn/2014jkpd/yyqy/20250327/t20250327_527115364.shtml
NEWS_000685,news,央广网健康-医药资讯,齐鲁医院全国重点实验室在心血管病基础研究领域取得重大突破 近日，山东大学齐鲁医院官网发布科研进展，齐鲁医院络病理论创新转化全国重点实验室张澄教授(欧洲科学院院士)、杨建民教授、张铭湘教授、王颖教授、张猛教授、张文程教授研究团队在心血管病基础,2026-06-03,齐鲁医院全国重点实验室在心血管病基础研究领域取得重大突破 近日，山东大学齐鲁医院官网发布科研进展，齐鲁医院络病理论创新转化全国重点实验室张澄教授(欧洲科学院院士)、杨建民教授、张铭湘教授、王颖教授、张猛教授、张文程教授研究团队在心血管病基础研究领域中，首创多效嵌合抗原受体单核细胞治疗急性心肌梗死的新策略，发现了泛素连接酶RNF128驱动代谢性肝病进展的关键机制、巨噬细胞白细胞介素增强子结合因子ILF3调控心肌梗死炎症反应的重要作用以及巨噬细胞Gsα调控腹主动脉瘤(AAA)发生和发展的新机制。 2026-06-03 10:10,,医疗健康新闻,https://www.cnr.cn/2014jkpd/yyzx/20260603/t20260603_527645773.shtml
NEWS_000686,news,央广网健康-医药资讯,从中国创见到世界范式 精准外科二十年启新篇 5月30日，“精准外科二十周年学术会”在清华大学主楼正式开幕。会议由中国研究型医院学会肝胆胰外科专业委员会主办，清华大学临床医学院、清华大学北京清华长庚医院承办。 2026-06-02 17:52,2026-06-02,从中国创见到世界范式 精准外科二十年启新篇 5月30日，“精准外科二十周年学术会”在清华大学主楼正式开幕。会议由中国研究型医院学会肝胆胰外科专业委员会主办，清华大学临床医学院、清华大学北京清华长庚医院承办。 2026-06-02 17:52,,医疗健康新闻,https://www.cnr.cn/2014jkpd/yyzx/20260602/t20260602_527644959.shtml
NEWS_000687,news,央广网健康-医药资讯,2026年“临床脑机接口”学科交叉博士后学术交流活动在京成功举办 宣武医院作为国家神经疾病医学中心，在脑机接口领域从基础研究到临床应用的全链条创新成果与实践经验。 2026-06-01 12:08,2026-06-01,2026年“临床脑机接口”学科交叉博士后学术交流活动在京成功举办 宣武医院作为国家神经疾病医学中心，在脑机接口领域从基础研究到临床应用的全链条创新成果与实践经验。 2026-06-01 12:08,,医疗健康新闻,https://www.cnr.cn/2014jkpd/yyzx/20260601/t20260601_527643115.shtml
NEWS_000688,news,央广网健康-医药资讯,专家提示肺癌、胃癌的早期症状及科学防癌方法 4月21日，“助力健康中国行动――中国健康知识传播激励计划全国肿瘤防治宣传周健康科普活动”在京举办。 2026-04-21 15:25,2026-04-21,专家提示肺癌、胃癌的早期症状及科学防癌方法 4月21日，“助力健康中国行动――中国健康知识传播激励计划全国肿瘤防治宣传周健康科普活动”在京举办。 2026-04-21 15:25,,医疗健康新闻,https://www.cnr.cn/2014jkpd/yyzx/20260421/t20260421_527593984.shtml
NEWS_000689,news,央广网健康-医药资讯,探索糖尿病防控新路径 名中医团队入驻深圳 北京中医药薪火传承名老中医胡天宝团队入驻深圳，带来糖尿病诊疗经验，推广“控糖、管糖、逆糖”理念，探索慢病共治新模式，助力优质中医资源下沉与基层慢病防治。 2026-03-20 18:09,2026-03-20,探索糖尿病防控新路径 名中医团队入驻深圳 北京中医药薪火传承名老中医胡天宝团队入驻深圳，带来糖尿病诊疗经验，推广“控糖、管糖、逆糖”理念，探索慢病共治新模式，助力优质中医资源下沉与基层慢病防治。 2026-03-20 18:09,,医疗健康新闻,https://www.cnr.cn/2014jkpd/yyzx/20260320/t20260320_527557686.shtml
NEWS_000690,news,央广网健康-医药资讯,齐鲁医院全国重点实验室临床研究获重大突破 近日，记者从山东大学齐鲁医院官方网站了解到，齐鲁医院络病理论创新转化全国重点实验室张澄教授（欧洲科学院院士）、张运院士、卜培莉教授和倪梅教授研究团队在心血管疾病临床研究中获重大突破。 2026-03,2026-03-10,齐鲁医院全国重点实验室临床研究获重大突破 近日，记者从山东大学齐鲁医院官方网站了解到，齐鲁医院络病理论创新转化全国重点实验室张澄教授（欧洲科学院院士）、张运院士、卜培莉教授和倪梅教授研究团队在心血管疾病临床研究中获重大突破。 2026-03-10 17:45,,医疗健康新闻,https://www.cnr.cn/2014jkpd/yyzx/20260310/t20260310_527548070.shtml
NEWS_000691,news,央广网健康-医药资讯,中山大学附属第三医院院长戎利民教授率先提出“干实验室”人才培养新模式 传统医学研究主要依托“湿实验室”开展，以生物样本、试剂耗材为实验对象，通过物理化学实验获取研究数据。与之相对，一种新型的、数字化的研究平台――“干实验室”应运而生。 20,2026-02-28,中山大学附属第三医院院长戎利民教授率先提出“干实验室”人才培养新模式 传统医学研究主要依托“湿实验室”开展，以生物样本、试剂耗材为实验对象，通过物理化学实验获取研究数据。与之相对，一种新型的、数字化的研究平台――“干实验室”应运而生。 2026-02-28 15:51,,医疗健康新闻,https://www.cnr.cn/2014jkpd/yyzx/20260228/t20260228_527538602.shtml
NEWS_000692,news,央广网健康-医药资讯,移花接木，“舌”到渠成：深圳医生巧用舌黏膜重建8厘米狭窄尿道 舌头上的柔软组织跨越人体，补在了一处难以启齿的伤口上，让几乎堵塞的生命通道，重新畅通。 2026-02-12 15:19,2026-02-12,移花接木，“舌”到渠成：深圳医生巧用舌黏膜重建8厘米狭窄尿道 舌头上的柔软组织跨越人体，补在了一处难以启齿的伤口上，让几乎堵塞的生命通道，重新畅通。 2026-02-12 15:19,,医疗健康新闻,https://www.cnr.cn/2014jkpd/yyzx/20260212/t20260212_527524408.shtml
NEWS_000693,news,央广网健康-医药资讯,用心治心病 构筑络病防治新高地――记河北医科大学附属 河北以岭医院贾振华院长 2025向2026跨越之际，由中国中西医结合学会主办的第十三次世界中西医结合大会在长春召开。国内外众多知名专家和学者，围绕中西医结合领域的前沿研究与创新成果展开深,2026-02-04,用心治心病 构筑络病防治新高地――记河北医科大学附属 河北以岭医院贾振华院长 2025向2026跨越之际，由中国中西医结合学会主办的第十三次世界中西医结合大会在长春召开。国内外众多知名专家和学者，围绕中西医结合领域的前沿研究与创新成果展开深入交流。 2026-02-04 17:54,,医疗健康新闻,https://www.cnr.cn/2014jkpd/yyzx/20260204/t20260204_527516047.shtml
NEWS_000694,news,央广网健康-医药资讯,智擎健康・共战虫癌：AI赋能包虫病清灭行动3.0战略推进研讨会在清华大学召开 1月24日，“AI赋能包虫病清灭行动3.0战略推进研讨会”在清华大学召开。 2026-01-25 11:00,2026-01-25,智擎健康・共战虫癌：AI赋能包虫病清灭行动3.0战略推进研讨会在清华大学召开 1月24日，“AI赋能包虫病清灭行动3.0战略推进研讨会”在清华大学召开。 2026-01-25 11:00,,医疗健康新闻,https://www.cnr.cn/2014jkpd/yyzx/20260125/t20260125_527505588.shtml
NEWS_000695,news,央广网健康-医药资讯,2026“近视防控科普教育追光行动”公益活动在京举办 儿童青少年近视防控是一项系统工程，也是一场攻坚战、持久战。作为一项全国性巡回公益活动，“近视防控追光计划科普教育行动”自开展以来，以线下活动+线上科普双轨并行的模式，将科学护眼知识送至千,2026-01-14,2026“近视防控科普教育追光行动”公益活动在京举办 儿童青少年近视防控是一项系统工程，也是一场攻坚战、持久战。作为一项全国性巡回公益活动，“近视防控追光计划科普教育行动”自开展以来，以线下活动+线上科普双轨并行的模式，将科学护眼知识送至千家万户。 2026-01-14 17:20,,医疗健康新闻,https://www.cnr.cn/2014jkpd/yyzx/20260114/t20260114_527493306.shtml
NEWS_000696,news,央广网健康-医药资讯,齐鲁医院全国重点实验室在心血管顶级期刊连续发表4篇论文 近日，齐鲁医院络病理论创新转化全国重点实验室张澄教授、张猛教授和张文程教授研究团队在心血管疾病基础研究领域中，发现了血管内皮功能异常、动脉粥样硬化（AS）和急性心肌梗死（AMI）的系列,2026-02-21,齐鲁医院全国重点实验室在心血管顶级期刊连续发表4篇论文 近日，齐鲁医院络病理论创新转化全国重点实验室张澄教授、张猛教授和张文程教授研究团队在心血管疾病基础研究领域中，发现了血管内皮功能异常、动脉粥样硬化（AS）和急性心肌梗死（AMI）的系列发病新机制和干预新靶点，研究成果发表于美国心脏学会（AHA）顶刊Circulation（中科院1区Top期刊，IF:38.6，2篇）和欧洲心脏协会（ESC）顶刊EuropeanHeartJournal（中科院1区Top期刊，IF:35.6，2篇）。 2026-02-21 17:09,,医疗健康新闻,https://www.cnr.cn/2014jkpd/yyzx/20260221/t20260221_527532366.shtml
NEWS_000697,news,央广网健康-医药资讯,“全国儿童医疗健康宣传平台”正式上线 目前该平台已完成1300余条健康科普视频的上线，其中包含400余条可设置为视频彩铃的科普内容，覆盖儿童营养、季节疾病、家庭护理、生长发育、行为心理等多元主题。 2026-01-13 18:05,2026-01-13,“全国儿童医疗健康宣传平台”正式上线 目前该平台已完成1300余条健康科普视频的上线，其中包含400余条可设置为视频彩铃的科普内容，覆盖儿童营养、季节疾病、家庭护理、生长发育、行为心理等多元主题。 2026-01-13 18:05,,医疗健康新闻,https://www.cnr.cn/2014jkpd/yyzx/20260113/t20260113_527492370.shtml
NEWS_000698,news,央广网健康-医药资讯,齐鲁医院全国重点实验室心血管临床和基础研究取得新成果 山东大学齐鲁医院团队在冠心病、房颤、肿瘤相关心肌炎领域取得重要研究进展，成果发表于3本高影响力国际期刊，为相关疾病机制解析、诊疗优化提供新依据。 2026-01-06 14:21,2026-01-06,齐鲁医院全国重点实验室心血管临床和基础研究取得新成果 山东大学齐鲁医院团队在冠心病、房颤、肿瘤相关心肌炎领域取得重要研究进展，成果发表于3本高影响力国际期刊，为相关疾病机制解析、诊疗优化提供新依据。 2026-01-06 14:21,,医疗健康新闻,https://www.cnr.cn/2014jkpd/yyzx/20260106/t20260106_527484650.shtml
NEWS_000699,news,央广网健康-医药资讯,中山大学附属第七医院（深圳） 二期项目启用 12月29日，中山大学附属第七医院（深圳）二期项目正式启用。市长覃伟中，中山大学党委书记刘承功、校长高松出席启用活动。 2025-12-30 15:36,2025-12-30,中山大学附属第七医院（深圳） 二期项目启用 12月29日，中山大学附属第七医院（深圳）二期项目正式启用。市长覃伟中，中山大学党委书记刘承功、校长高松出席启用活动。 2025-12-30 15:36,,医疗健康新闻,https://www.cnr.cn/2014jkpd/yyzx/20251230/t20251230_527477597.shtml
NEWS_000700,news,央广网健康-医药资讯,“百万减残工程”颈动脉中西医融合健康管理长征计划第四站落地铜鼓 12月26日，国家卫生健康委“百万减残工程”颈动脉中西医融合健康管理长征计划项目暨欧阳晨曦专家工作室启动会在江西省铜鼓县举行。铜鼓县委常委、县委宣传部部长熊涛，县委常委、县委组,2025-12-29,“百万减残工程”颈动脉中西医融合健康管理长征计划第四站落地铜鼓 12月26日，国家卫生健康委“百万减残工程”颈动脉中西医融合健康管理长征计划项目暨欧阳晨曦专家工作室启动会在江西省铜鼓县举行。铜鼓县委常委、县委宣传部部长熊涛，县委常委、县委组织部部长谭光琅，以及中国医学科学院阜外医院欧阳晨曦教授等出席启动会。 2025-12-29 16:07,,医疗健康新闻,https://www.cnr.cn/2014jkpd/yyzx/20251229/t20251229_527476405.shtml
NEWS_000701,news,央广网健康-医药资讯,2025年江西省肿瘤防治大会召开 江西省癌症防治体系建设实现了从“立柱架梁”到“全面铺开”的关键跨越，将有力推动优质资源下沉，提升区域防治能力。 2025-12-29 11:58,2025-12-29,2025年江西省肿瘤防治大会召开 江西省癌症防治体系建设实现了从“立柱架梁”到“全面铺开”的关键跨越，将有力推动优质资源下沉，提升区域防治能力。 2025-12-29 11:58,,医疗健康新闻,https://www.cnr.cn/2014jkpd/yyzx/20251229/t20251229_527476171.shtml
NEWS_000702,news,央广网健康-医药资讯,我国0至19岁癌症患者5年生存率达77.2%，显著提升 未来持续的政策投入与跨区域协同治理，将助力构建更公平、更优质的儿童青少年癌症防治体系，守护每一个孩子的生命希望。 2025-12-24 11:25,2025-12-24,我国0至19岁癌症患者5年生存率达77.2%，显著提升 未来持续的政策投入与跨区域协同治理，将助力构建更公平、更优质的儿童青少年癌症防治体系，守护每一个孩子的生命希望。 2025-12-24 11:25,,医疗健康新闻,https://www.cnr.cn/2014jkpd/yyzx/20251224/t20251224_527470879.shtml
NEWS_000703,news,央广网健康-医药资讯,探索“医务社工+健康科普”新模式，织密边疆民族地区健康网 在健康中国战略深入推进的背景下，公立医院正从“疾病治疗”向“健康促进”加速转型。作为国家癌症区域医疗中心、云南省癌症中心，云南省肿瘤医院立足边疆多民族聚居及“一带一路”重要节点的区位,2025-12-24,探索“医务社工+健康科普”新模式，织密边疆民族地区健康网 在健康中国战略深入推进的背景下，公立医院正从“疾病治疗”向“健康促进”加速转型。作为国家癌症区域医疗中心、云南省癌症中心，云南省肿瘤医院立足边疆多民族聚居及“一带一路”重要节点的区位特点，创新构建“医务社工+健康科普”协同工作机制，破解传统科普主体单一、内容碎片化、可持续性不足等难题，为民族地区健康科普与跨国健康服务探索出一条特色路径。 2025-12-24 10:56,,医疗健康新闻,https://www.cnr.cn/2014jkpd/yyzx/20251224/t20251224_527470854.shtml
NEWS_000704,news,央广网健康-医药资讯,第二届中国肥胖科普大会暨短视频大赛启幕 12 月 17 日 ，由中国肥胖联盟、中国健康促进基金会联合主办的“第二届中国肥胖科普大会暨短视频科普大赛启动会”在京举行。 2025-12-18 14:00,2025-12-18,第二届中国肥胖科普大会暨短视频大赛启幕 12 月 17 日 ，由中国肥胖联盟、中国健康促进基金会联合主办的“第二届中国肥胖科普大会暨短视频科普大赛启动会”在京举行。 2025-12-18 14:00,,医疗健康新闻,https://www.cnr.cn/2014jkpd/yyzx/20251218/t20251218_527464087.shtml
NEWS_000705,news,央广网健康-医药资讯,中国中医科学院西苑医院建院70周年 高质量发展论坛召开 2025年12月16日，中国中医科学院西苑医院建院70周年高质量发展论坛在北京举行。本次论坛以“七秩华诞创辉煌 踔厉奋发向未来”为主题，系统回顾了医院七十年发展历程，共话中医药事业高质,2025-12-16,中国中医科学院西苑医院建院70周年 高质量发展论坛召开 2025年12月16日，中国中医科学院西苑医院建院70周年高质量发展论坛在北京举行。本次论坛以“七秩华诞创辉煌 踔厉奋发向未来”为主题，系统回顾了医院七十年发展历程，共话中医药事业高质量发展。 2025-12-17 13:50,,医疗健康新闻,https://www.cnr.cn/2014jkpd/yyzx/20251217/t20251217_527462657.shtml
NEWS_000706,news,央广网健康-医药资讯,江苏省南通市启东市中医院：深学笃行实践创新理论 推动中医药服务惠及基层 近日，江苏省南通市启东市中医院深入学习贯彻有关会议精神，将会议中作出的重大部署全面融入医院高质量发展实践，着力让创新理论在中医药服务一线落地生根、开花结果，为守护基层群,2025-12-16,江苏省南通市启东市中医院：深学笃行实践创新理论 推动中医药服务惠及基层 近日，江苏省南通市启东市中医院深入学习贯彻有关会议精神，将会议中作出的重大部署全面融入医院高质量发展实践，着力让创新理论在中医药服务一线落地生根、开花结果，为守护基层群众健康、推进健康中国建设贡献中医力量。 2025-12-16 09:18,,医疗健康新闻,https://www.cnr.cn/2014jkpd/yyzx/20251216/t20251216_527461249.shtml
NEWS_000707,news,央广网健康-医药资讯,破解儿童呼吸 “堵点” 启东妇幼儿童纤支镜常态化 重症肺炎精准施治 近日，江苏省南通市启东市妇幼保健院在国家儿童医学中心复旦大学附属儿科医院常驻专家奚志敏医师的指导下，连续成功完成多例儿童纤维支气管镜诊疗手术，标志着该项技术正式迈入常态化应,2025-12-15,破解儿童呼吸 “堵点” 启东妇幼儿童纤支镜常态化 重症肺炎精准施治 近日，江苏省南通市启东市妇幼保健院在国家儿童医学中心复旦大学附属儿科医院常驻专家奚志敏医师的指导下，连续成功完成多例儿童纤维支气管镜诊疗手术，标志着该项技术正式迈入常态化应用新阶段，填补了启东及周边长三角区域儿童呼吸介入诊疗的空白，让区域内重症肺炎患儿无需异地奔波，在家门口就能享受高质量精准医疗服务。 2025-12-15 17:46,,医疗健康新闻,https://www.cnr.cn/2014jkpd/yyzx/20251215/t20251215_527460819.shtml
NEWS_000708,news,央广网健康-医药资讯,构建临床医学创新生态链 清华长庚落成临床医学科技创新平台 临床研究论坛同步举行 11月28日，清华大学北京清华长庚医院召开临床医学科技创新大会，发布清华大学临床医学科技创新平台落成并正式启用，并举办了“北京清华长庚医院水木清华临床研究论坛”,2025-12-05,构建临床医学创新生态链 清华长庚落成临床医学科技创新平台 临床研究论坛同步举行 11月28日，清华大学北京清华长庚医院召开临床医学科技创新大会，发布清华大学临床医学科技创新平台落成并正式启用，并举办了“北京清华长庚医院水木清华临床研究论坛”。 2025-12-05 10:02,,医疗健康新闻,https://www.cnr.cn/2014jkpd/yyzx/20251205/t20251205_527450456.shtml
NEWS_000709,news,央广网健康-医药资讯,收官不落幕！一场温暖40万人的科普接力 “健康护航・科普同行”是顺义区科协组织实施《2025年顺义区基层科普行动计划项目》之一，在顺义区科协的大力支持及北京市顺义区妇幼保健院院领导班子的统筹部署下顺利推进。 2025-11-19 18:02,2025-11-19,收官不落幕！一场温暖40万人的科普接力 “健康护航・科普同行”是顺义区科协组织实施《2025年顺义区基层科普行动计划项目》之一，在顺义区科协的大力支持及北京市顺义区妇幼保健院院领导班子的统筹部署下顺利推进。 2025-11-19 18:02,,医疗健康新闻,https://www.cnr.cn/2014jkpd/yyzx/20251119/t20251119_527435061.shtml
NEWS_000710,news,央广网健康-医药资讯,山东省中医院为百岁离休老干部虞华举办100岁寿辰庆典 11月12日，在山东省中医院百岁离休老干部、抗战老战士虞华100岁寿辰到来之际，医院院长邓华亮、党委副书记贾新华等带队前往慰问，为这位见证医院发展的老同志举办温馨100岁寿辰庆典。 20,2025-11-14,山东省中医院为百岁离休老干部虞华举办100岁寿辰庆典 11月12日，在山东省中医院百岁离休老干部、抗战老战士虞华100岁寿辰到来之际，医院院长邓华亮、党委副书记贾新华等带队前往慰问，为这位见证医院发展的老同志举办温馨100岁寿辰庆典。 2025-11-14 13:17,,医疗健康新闻,https://www.cnr.cn/2014jkpd/yyzx/20251114/t20251114_527429725.shtml
NEWS_000711,news,央广网健康-医药资讯,2025抗衰老医学与生活方式医学推动主动健康学术大会成功举办 11月7日至9日，2025抗衰老医学与主动健康暨生活方式医学论坛在陕西省西安市举办。来自国内外抗衰老医学、健康长寿医学及生活方式医学等领域的专家学者齐聚一堂，围绕“主动健康”核心,2025-11-11,2025抗衰老医学与生活方式医学推动主动健康学术大会成功举办 11月7日至9日，2025抗衰老医学与主动健康暨生活方式医学论坛在陕西省西安市举办。来自国内外抗衰老医学、健康长寿医学及生活方式医学等领域的专家学者齐聚一堂，围绕“主动健康”核心议题展开深入研讨。 2025-11-11 17:33,,医疗健康新闻,https://www.cnr.cn/2014jkpd/yyzx/20251111/t20251111_527426743.shtml
NEWS_000712,news,央广网健康-医药资讯,《养生堂》健康行动携手北京四惠西区医院走进八里庄街道 政媒医联动护航社区健康 金秋重阳，情暖人间。10月29日，北京卫视《养生堂》健康行动携手北京四惠西区医院，走进海淀区八里庄街道，在海淀区玲珑公园成功举办“情暖重阳・健康相伴”主题健康公益,2025-10-30,《养生堂》健康行动携手北京四惠西区医院走进八里庄街道 政媒医联动护航社区健康 金秋重阳，情暖人间。10月29日，北京卫视《养生堂》健康行动携手北京四惠西区医院，走进海淀区八里庄街道，在海淀区玲珑公园成功举办“情暖重阳・健康相伴”主题健康公益活动。此次活动以“科普+文艺+健康咨询”的创新形式，成功构建了一个专家与居民“零距离”接触、知识与欢乐同步传递的社区健康新场景。 2025-10-30 17:42,,医疗健康新闻,https://www.cnr.cn/2014jkpd/yyzx/20251030/t20251030_527413337.shtml
NEWS_000713,news,央广网健康-医药资讯,聚焦精准前沿第十四届胸部肿瘤西子论坛开幕 多层次、立体化的学术交流不仅深入探讨了临床热点与难点，也前瞻性地布局了学科未来发展方向，有力推动中国胸外科事业的整体进步与高质量发展，也更好地诠释了“有时去治愈，常常去帮助，总是去安慰”的医学本质，,2025-10-24,聚焦精准前沿第十四届胸部肿瘤西子论坛开幕 多层次、立体化的学术交流不仅深入探讨了临床热点与难点，也前瞻性地布局了学科未来发展方向，有力推动中国胸外科事业的整体进步与高质量发展，也更好地诠释了“有时去治愈，常常去帮助，总是去安慰”的医学本质，赋予了高端学术论坛以人性的温度。 2025-10-24 18:06,,医疗健康新闻,https://www.cnr.cn/2014jkpd/yyzx/20251024/t20251024_527406414.shtml
NEWS_000714,news,央广网健康-医药资讯,西苑医院与德州市中医院签署合作协议――首个家乡专家工作站落地德州 2025年10月23日，中国中医科学院西苑医院与德州市中医院举行合作签约仪式，正式启动“情暖家乡・西苑行”德州站活动。 2025-10-24 17:19,2025-10-23,西苑医院与德州市中医院签署合作协议――首个家乡专家工作站落地德州 2025年10月23日，中国中医科学院西苑医院与德州市中医院举行合作签约仪式，正式启动“情暖家乡・西苑行”德州站活动。 2025-10-24 17:19,,医疗健康新闻,https://www.cnr.cn/2014jkpd/yyzx/20251024/t20251024_527406325.shtml
NEWS_000715,news,央广网健康-医药资讯,北京专家赴青海开展“爱目行动” 手术与培训并举守护儿童光明 未来，“爱目行动”将继续在山东、湖北等地开展，用爱与责任守护更多孩子的明亮未来。 2025-09-30 16:03,2025-09-30,北京专家赴青海开展“爱目行动” 手术与培训并举守护儿童光明 未来，“爱目行动”将继续在山东、湖北等地开展，用爱与责任守护更多孩子的明亮未来。 2025-09-30 16:03,,医疗健康新闻,https://www.cnr.cn/2014jkpd/yyzx/20250930/t20250930_527381988.shtml
NEWS_000716,news,央广网健康-医药资讯,西苑医院第十六届膏方养生文化节开幕 西苑膏方倡导一人一方、一方一料、一料一做，“私人订制”，为患者打造适合个人体质的专属膏方。今年，还特别推出一病一膏，包括美人膏、童康膏、益肾补虚膏、五子龟鹿育精膏等十种专病膏方，让传统膏方更好地服务于现代,2025-09-30,西苑医院第十六届膏方养生文化节开幕 西苑膏方倡导一人一方、一方一料、一料一做，“私人订制”，为患者打造适合个人体质的专属膏方。今年，还特别推出一病一膏，包括美人膏、童康膏、益肾补虚膏、五子龟鹿育精膏等十种专病膏方，让传统膏方更好地服务于现代健康需求。 2025-09-30 10:13,,医疗健康新闻,https://www.cnr.cn/2014jkpd/yyzx/20250930/t20250930_527381484.shtml
NEWS_000717,news,央广网健康-医药资讯,全国首个“明眸护眼站”落地青海玉树 未来“明眸护眼站”将从玉树走向全国，让更多的学校以此为平台，与国家儿童医学力量建立远程沟通和诊疗的机制，使国家儿童医学的能力通过全新技术手段，真正转化为服务全国儿童的公益力量。 2025-09-28 17,2025-09-28,全国首个“明眸护眼站”落地青海玉树 未来“明眸护眼站”将从玉树走向全国，让更多的学校以此为平台，与国家儿童医学力量建立远程沟通和诊疗的机制，使国家儿童医学的能力通过全新技术手段，真正转化为服务全国儿童的公益力量。 2025-09-28 17:56,,医疗健康新闻,https://www.cnr.cn/2014jkpd/yyzx/20250928/t20250928_527379369.shtml
NEWS_000718,news,央广网健康-医药资讯,海南中医养生康复学会心脑血管病专业委员会在三亚成立 9月27日，海南心脑血管病康复学术大会、国医大师沈宝藩教授学术思想传承学习班、海南中医养生康复学会心脑血管病专业委员会成立大会在三亚举行，为海南心脑血管病中医防治与康养事业按下“加速键”，,2025-09-28,海南中医养生康复学会心脑血管病专业委员会在三亚成立 9月27日，海南心脑血管病康复学术大会、国医大师沈宝藩教授学术思想传承学习班、海南中医养生康复学会心脑血管病专业委员会成立大会在三亚举行，为海南心脑血管病中医防治与康养事业按下“加速键”，更以跨区域协作之势，开启粤琼中医药资源深度融合新篇章。 2025-09-28 12:06,,医疗健康新闻,https://www.cnr.cn/2014jkpd/yyzx/20250928/t20250928_527378999.shtml
NEWS_000719,news,央广网健康-医药资讯,2025爱目行动第十一季“明眸视界”青海站公益活动举办 本次青海站的活动自9月21日开始，将在6天时间内为青海省西宁市湟中区、大通回族土族自治县及玉树藏族自治州6所学校7000余名学生提供专业的视力筛查服务，并向当地学校捐赠1000本护眼科,2025-09-24,2025爱目行动第十一季“明眸视界”青海站公益活动举办 本次青海站的活动自9月21日开始，将在6天时间内为青海省西宁市湟中区、大通回族土族自治县及玉树藏族自治州6所学校7000余名学生提供专业的视力筛查服务，并向当地学校捐赠1000本护眼科普读本。 2025-09-24 18:35,,医疗健康新闻,https://www.cnr.cn/2014jkpd/yyzx/20250924/t20250924_527374664.shtml
NEWS_000720,news,央广网健康-医药资讯,2025年CBCS乳腺癌诊疗指南和技术规范县域行走进江西省丰城市人民医院 由中国抗癌协会乳腺癌专业委员会（CACA-CBCS）主办的2025乳腺癌诊疗指南和技术规范县域行落地江西省丰城市人民医院。本次活动以传递乳腺癌规范化诊疗知识、开展疑难,2025-09-24,2025年CBCS乳腺癌诊疗指南和技术规范县域行走进江西省丰城市人民医院 由中国抗癌协会乳腺癌专业委员会（CACA-CBCS）主办的2025乳腺癌诊疗指南和技术规范县域行落地江西省丰城市人民医院。本次活动以传递乳腺癌规范化诊疗知识、开展疑难病例落地指导为核心，通过多维度学术交流与实践指导，为丰城市及其周边乳腺疾病诊疗搭建了优质交流协作平台。 2025-09-24 15:35,,医疗健康新闻,https://www.cnr.cn/2014jkpd/yyzx/20250924/t20250924_527374343.shtml
NEWS_000721,news,央广网健康-医药资讯,张运院士率领CSE代表团参加第36届ASE年会 本届ASE大会主席团成员、中国超声心动图学会（CSE）荣誉主席、中国工程院院士张运教授率领100余名中国超声心动图学者参加了此次盛会。历届ASE主席和国际超声心动图学会联盟成员领导人等出席了本,2025-09-17,张运院士率领CSE代表团参加第36届ASE年会 本届ASE大会主席团成员、中国超声心动图学会（CSE）荣誉主席、中国工程院院士张运教授率领100余名中国超声心动图学者参加了此次盛会。历届ASE主席和国际超声心动图学会联盟成员领导人等出席了本次会议。 2025-09-17 17:58,,医疗健康新闻,https://www.cnr.cn/2014jkpd/yyzx/20250917/t20250917_527365979.shtml
NEWS_000722,news,央广网健康-医药资讯,解放军总医院一中心：用实战诠释“生命防线”硬核实力 如今，该中心急救部已不仅是急危重症救治的“快速反应部队”，能以分秒必争的速度启动抢救流程；也是复杂病症急症的“综合救治平台”，可通过多学科协作精准制定救治方案。 2025-09-10 14,2025-09-10,解放军总医院一中心：用实战诠释“生命防线”硬核实力 如今，该中心急救部已不仅是急危重症救治的“快速反应部队”，能以分秒必争的速度启动抢救流程；也是复杂病症急症的“综合救治平台”，可通过多学科协作精准制定救治方案。 2025-09-10 14:51,,医疗健康新闻,https://www.cnr.cn/2014jkpd/yyzx/20250910/t20250910_527356158.shtml
NEWS_000723,news,央广网健康-医药资讯,美年健康：AI赋能“千人千面”健康管理 重塑普惠体检价值边界 在近期举办的健康管理学术盛会上，《健康体检管理暂行规定》核心编写专家、中华医学会健康管理学分会前任主任委员曾强回顾了健康体检行业三十年的发展历程。他介绍，健康体检行业的发展经历了,2025-08-21,美年健康：AI赋能“千人千面”健康管理 重塑普惠体检价值边界 在近期举办的健康管理学术盛会上，《健康体检管理暂行规定》核心编写专家、中华医学会健康管理学分会前任主任委员曾强回顾了健康体检行业三十年的发展历程。他介绍，健康体检行业的发展经历了从无到有、从粗放到规范的过程，健康体检对发现健康风险因素和疾病线索所起到的重要作用在实践中得到广泛认可。 2025-08-21 18:28,,医疗健康新闻,https://www.cnr.cn/2014jkpd/yyzx/20250821/t20250821_527331910.shtml
NEWS_000724,news,央广网健康-医药资讯,郭文治：肝移植并发症防控与青年医师规范化培养 为进一步推动全国领域移植技术深入、持续、均衡发展，塑造高素质的器官移植医师团队，中华医学会器官移植学分会常务委员、郑州大学第一附属医院肝胆胰外科医学部主任郭文治教授分享了肝移植并发症防控与青年医,2025-08-12,郭文治：肝移植并发症防控与青年医师规范化培养 为进一步推动全国领域移植技术深入、持续、均衡发展，塑造高素质的器官移植医师团队，中华医学会器官移植学分会常务委员、郑州大学第一附属医院肝胆胰外科医学部主任郭文治教授分享了肝移植并发症防控与青年医师规范化培养建议。 2025-08-12 14:29,,医疗健康新闻,https://www.cnr.cn/2014jkpd/yyzx/20250812/t20250812_527314934.shtml
NEWS_000725,news,央广网健康-医药资讯,新技术帮助“脑瘫”患者正常行走 由于神经细胞不可再生，大脑脊髓神经损伤治疗是医学领域一直在攻克的难题。脊柱外科科室讨论认为，传统治疗方式很难见效，重建大脑-脊髓-下肢的神经通路是治疗的关键。 2025-08-01 13:17,2025-08-01,新技术帮助“脑瘫”患者正常行走 由于神经细胞不可再生，大脑脊髓神经损伤治疗是医学领域一直在攻克的难题。脊柱外科科室讨论认为，传统治疗方式很难见效，重建大脑-脊髓-下肢的神经通路是治疗的关键。 2025-08-01 13:17,,医疗健康新闻,https://www.cnr.cn/2014jkpd/yyzx/20250801/t20250801_527295170.shtml
NEWS_000726,news,央广网健康-医药资讯,王长希：肾移植终身随访的标准化构建与基层能力提升 为进一步推动全国领域移植技术深入、持续、均衡发展，塑造高素质的器官移植医师团队，中山大学附属第一医院肾移植科主任王长希教授，为我们解读了肾移植患者中长期管理与随访策略。 2025-08-01,2025-08-01,王长希：肾移植终身随访的标准化构建与基层能力提升 为进一步推动全国领域移植技术深入、持续、均衡发展，塑造高素质的器官移植医师团队，中山大学附属第一医院肾移植科主任王长希教授，为我们解读了肾移植患者中长期管理与随访策略。 2025-08-01 10:54,,医疗健康新闻,https://www.cnr.cn/2014jkpd/yyzx/20250801/t20250801_527294942.shtml
NEWS_000727,news,央广网健康-医药资讯,轻松健康集团亮相2025中国互联网大会 以 AI 重构健康保障全链条 2025年7月23日，2025中国互联网大会在北京国家会议中心正式开幕。作为中国互联网行业的年度盛会，本届大会正值“十四五”收官与“十五五”启航的关键时刻，主题为“数驱新,2025-07-23,轻松健康集团亮相2025中国互联网大会 以 AI 重构健康保障全链条 2025年7月23日，2025中国互联网大会在北京国家会议中心正式开幕。作为中国互联网行业的年度盛会，本届大会正值“十四五”收官与“十五五”启航的关键时刻，主题为“数驱新质・智创未来”。 2025-07-24 11:01,,医疗健康新闻,https://www.cnr.cn/2014jkpd/yyzx/20250724/t20250724_527279395.shtml
NEWS_000728,news,央广网健康-医药资讯,中医药高质量发展论坛成功举办 7月22日 2025年北京朝阳科学家会客厅活动――“岐黄新语？薪聚朝阳”中医药高质量发展论坛在京举办。 2025-07-23 11:17,2025-07-23,中医药高质量发展论坛成功举办 7月22日 2025年北京朝阳科学家会客厅活动――“岐黄新语？薪聚朝阳”中医药高质量发展论坛在京举办。 2025-07-23 11:17,,医疗健康新闻,https://www.cnr.cn/2014jkpd/yyzx/20250723/t20250723_527277902.shtml
NEWS_000729,news,央广网健康-医药资讯,CACA指南中国行暨“肿瘤康复阳光行”公益活动总结会举行 7月18日，CACA指南中国行暨“关怀老人 关爱农村 健康福建”肿瘤康复阳光行大型公益活动总结会在福建省福州市举办。开幕式由福建省肿瘤医院副院长陈国龙主持。 2025-07-21 1,2025-07-21,CACA指南中国行暨“肿瘤康复阳光行”公益活动总结会举行 7月18日，CACA指南中国行暨“关怀老人 关爱农村 健康福建”肿瘤康复阳光行大型公益活动总结会在福建省福州市举办。开幕式由福建省肿瘤医院副院长陈国龙主持。 2025-07-21 17:49,,医疗健康新闻,https://www.cnr.cn/2014jkpd/yyzx/20250721/t20250721_527275355.shtml
NEWS_000730,news,央广网健康-医药资讯,“妇幼营养三下乡云贵行”首站遵义开启 义诊送医入户与专业培训三措并举筑牢健康基石 “大专家上门比我们跑县城方便多了，连怎么给娃做辅食都教了，太贴心了！”孩子的奶奶握着专家的手，感谢不已。而专家们也感慨，现在乡村的硬件条件上去了，但是营养意识,2025-07-21,“妇幼营养三下乡云贵行”首站遵义开启 义诊送医入户与专业培训三措并举筑牢健康基石 “大专家上门比我们跑县城方便多了，连怎么给娃做辅食都教了，太贴心了！”孩子的奶奶握着专家的手，感谢不已。而专家们也感慨，现在乡村的硬件条件上去了，但是营养意识不到位，营养服务能力仍然欠缺。 2025-07-21 17:00,,医疗健康新闻,https://www.cnr.cn/2014jkpd/yyzx/20250721/t20250721_527275249.shtml
NEWS_000731,news,央广网健康-医药资讯,陈静瑜：肺移植技术发展与体系化建设的双轨推进 为进一步推动全国领域移植技术深入、持续、均衡发展，塑造高素质的器官移植医师团队，浙江大学医学院附属第二医院副院长、无锡市器官移植研究院院长陈静瑜教授介绍了肺移植技术发展与体系化建设的双轨推进。,2025-07-14,陈静瑜：肺移植技术发展与体系化建设的双轨推进 为进一步推动全国领域移植技术深入、持续、均衡发展，塑造高素质的器官移植医师团队，浙江大学医学院附属第二医院副院长、无锡市器官移植研究院院长陈静瑜教授介绍了肺移植技术发展与体系化建设的双轨推进。 2025-07-14 11:02,,医疗健康新闻,https://www.cnr.cn/2014jkpd/yyzx/20250714/t20250714_527261198.shtml
NEWS_000732,news,央广网健康-医药资讯,田野：肾脏移植供体拓展与微创技术的协同创新 为进一步推动全国领域移植技术深入、持续、均衡发展，塑造高素质的器官移植医师团队，中华医学会器官移植学分会副主委、首都医科大学附属北京友谊医院泌尿外科首席专家田野教授分享了肾脏移植技术发展的关键路径,2025-07-08,田野：肾脏移植供体拓展与微创技术的协同创新 为进一步推动全国领域移植技术深入、持续、均衡发展，塑造高素质的器官移植医师团队，中华医学会器官移植学分会副主委、首都医科大学附属北京友谊医院泌尿外科首席专家田野教授分享了肾脏移植技术发展的关键路径与体系化建设进程。 2025-07-08 11:04,,医疗健康新闻,https://www.cnr.cn/2014jkpd/yyzx/20250708/t20250708_527250991.shtml
NEWS_000733,news,央广网健康-医药资讯,以岭关爱医师身心健康活动中国援外医疗队员 来自全国的107位医师参与了活动，他们当中有的人常年奋斗在医疗一线，有的人被病痛折磨却依然坚守岗位，还有的人离开家乡加入到援外医疗的队伍当中，黄永芳便是他们其中一员。 2025-07-03 16:3,2025-07-03,以岭关爱医师身心健康活动中国援外医疗队员 来自全国的107位医师参与了活动，他们当中有的人常年奋斗在医疗一线，有的人被病痛折磨却依然坚守岗位，还有的人离开家乡加入到援外医疗的队伍当中，黄永芳便是他们其中一员。 2025-07-03 16:38,,医疗健康新闻,https://www.cnr.cn/2014jkpd/yyzx/20250703/t20250703_527242034.shtml
NEWS_000734,news,央广网健康-医药资讯,薛武军：器官移植学科体系化建设的实践路径 为进一步推动全国领域移植技术深入、持续、均衡发展，塑造高素质的器官移植医师团队，中华医学会器官移植学分会主任委员薛武军教授解读了我国器官移植学科体系化建设的实践路径。 2025-06-30 15:4,2025-06-30,薛武军：器官移植学科体系化建设的实践路径 为进一步推动全国领域移植技术深入、持续、均衡发展，塑造高素质的器官移植医师团队，中华医学会器官移植学分会主任委员薛武军教授解读了我国器官移植学科体系化建设的实践路径。 2025-06-30 15:46,,医疗健康新闻,https://www.cnr.cn/2014jkpd/yyzx/20250630/t20250630_527236142.shtml
NEWS_000735,news,央广网健康-医药资讯,解放军总医院：AD外科治疗新方案进入标准化、体系化临床应用新阶段 张剑宁教授在总结该技术时表示：“LVA作为一种具备潜力的微创手术干预手段，为AD治疗带来了新的研究方向，特别适用于部分对药物反应不佳或病情持续进展的高龄患者。” 2025-0,2025-06-24,解放军总医院：AD外科治疗新方案进入标准化、体系化临床应用新阶段 张剑宁教授在总结该技术时表示：“LVA作为一种具备潜力的微创手术干预手段，为AD治疗带来了新的研究方向，特别适用于部分对药物反应不佳或病情持续进展的高龄患者。” 2025-06-24 15:13,,医疗健康新闻,https://www.cnr.cn/2014jkpd/yyzx/20250624/t20250624_527227015.shtml
NEWS_000736,news,央广网健康-医药资讯,多学科协作破解两大难题 治愈关节假体感染顽疾 据悉，近年来该团队已成功治疗各类关节感染病例近500例，其中包括10余例像赵大爷这样的复杂疑难病例，并在此基础上建立起国内规模最大的关节感染数据库。 2025-06-24 15:09,2025-06-24,多学科协作破解两大难题 治愈关节假体感染顽疾 据悉，近年来该团队已成功治疗各类关节感染病例近500例，其中包括10余例像赵大爷这样的复杂疑难病例，并在此基础上建立起国内规模最大的关节感染数据库。 2025-06-24 15:09,,医疗健康新闻,https://www.cnr.cn/2014jkpd/yyzx/20250624/t20250624_527227009.shtml
NEWS_000737,news,央广网健康-医药资讯,徐骁：推动肝癌肝移植精准化与指南规范化建设 肝脏移植是目前肝癌最有效的治疗手段之一，但术后存在较高的肿瘤复发转移风险，严重制约了肝癌受者的长期生存和生活质量。在肝癌肝移植领域，如何早期预警和精准干预确实是两个关键难题。 2025-06-23,2025-06-23,徐骁：推动肝癌肝移植精准化与指南规范化建设 肝脏移植是目前肝癌最有效的治疗手段之一，但术后存在较高的肿瘤复发转移风险，严重制约了肝癌受者的长期生存和生活质量。在肝癌肝移植领域，如何早期预警和精准干预确实是两个关键难题。 2025-06-23 18:16,,医疗健康新闻,https://www.cnr.cn/2014jkpd/yyzx/20250623/t20250623_527225998.shtml
NEWS_000738,news,央广网健康-医药资讯,尚文俊：构建儿童肾移植全程管理模式的多学科实践 为进一步推动全国领域移植技术深入、持续、均衡发展，塑造高素质的器官移植医师团队，郑州大学第一附属医院肾移植科主任、中华医学会器官移植学分会委员尚文俊教授分享了儿童肾移植领域的发展现状与未来展望,2025-06-17,尚文俊：构建儿童肾移植全程管理模式的多学科实践 为进一步推动全国领域移植技术深入、持续、均衡发展，塑造高素质的器官移植医师团队，郑州大学第一附属医院肾移植科主任、中华医学会器官移植学分会委员尚文俊教授分享了儿童肾移植领域的发展现状与未来展望。 2025-06-17 09:16,,医疗健康新闻,https://www.cnr.cn/2014jkpd/yyzx/20250617/t20250617_527215584.shtml
NEWS_000739,news,央广网健康-医药资讯,警惕糖尿病背后危机 专家团队走进基层精准“管糖” 近日，“大医精诚・中西医结合学科联盟（糖尿病并发症与共病防治）”成立，60余家医疗机构共同参与，确立了“医防协同、中西协同、全专协同”三大核心机制。 2025-06-11 11:27,2025-06-11,警惕糖尿病背后危机 专家团队走进基层精准“管糖” 近日，“大医精诚・中西医结合学科联盟（糖尿病并发症与共病防治）”成立，60余家医疗机构共同参与，确立了“医防协同、中西协同、全专协同”三大核心机制。 2025-06-11 11:27,,医疗健康新闻,https://www.cnr.cn/2014jkpd/yyzx/20250611/t20250611_527205170.shtml
NEWS_000740,news,央广网健康-医药资讯,北京大学首钢医院毛发诊疗科成功举办脱发防治与毛发移植高级研修班 开启智慧植发新篇章 为应对我国日益增长的脱发防治需求，推动毛发医学技术创新与标准化发展， 5月24日至25日，由中国整形美容协会培训部主办，北京大学首钢医院毛发诊疗科举办的“2,2025-05-26,北京大学首钢医院毛发诊疗科成功举办脱发防治与毛发移植高级研修班 开启智慧植发新篇章 为应对我国日益增长的脱发防治需求，推动毛发医学技术创新与标准化发展， 5月24日至25日，由中国整形美容协会培训部主办，北京大学首钢医院毛发诊疗科举办的“2025年第一期脱发防治与毛发移植技术高级研修班”在北京大学首钢医院举行。 2025-05-26 10:31,,医疗健康新闻,https://www.cnr.cn/2014jkpd/yyzx/20250526/t20250526_527185401.shtml
NEWS_000741,news,央广网健康-医药资讯,破解居家养生操作难题，创新中医器具亮相北京中医药文化节 5月23日，由北京市中医药管理局、北京市东城区人民政府主办的第十八届北京中医药文化节开幕式现场，一组瞄准“大众自我养生操作难”痛点的创新产品引发广泛关注。 2025-05-26 10:,2025-05-26,破解居家养生操作难题，创新中医器具亮相北京中医药文化节 5月23日，由北京市中医药管理局、北京市东城区人民政府主办的第十八届北京中医药文化节开幕式现场，一组瞄准“大众自我养生操作难”痛点的创新产品引发广泛关注。 2025-05-26 10:31,,医疗健康新闻,https://www.cnr.cn/2014jkpd/yyzx/20250526/t20250526_527185400.shtml
NEWS_000742,news,央广网健康-医药资讯,乳腺癌诊疗指南和技术规范县域行走进福建省上杭县医院 6月6日，由中国抗癌协会乳腺癌专业委员会（CACA-CBCS）组织的2025乳腺癌诊疗指南和技术规范县域行活动落地福建上杭县医院，为基层医生“传经送宝”，助力县域乳腺癌防治能力提升。全县约,2025-06-20,乳腺癌诊疗指南和技术规范县域行走进福建省上杭县医院 6月6日，由中国抗癌协会乳腺癌专业委员会（CACA-CBCS）组织的2025乳腺癌诊疗指南和技术规范县域行活动落地福建上杭县医院，为基层医生“传经送宝”，助力县域乳腺癌防治能力提升。全县约200名医务人员参加本次会议，共同学习交流。 2025-06-20 18:07,,医疗健康新闻,https://www.cnr.cn/2014jkpd/yyzx/20250620/t20250620_527221880.shtml
NEWS_000743,news,央广网健康-医药资讯,第五届旗山中医会议召开：讲好中医故事 提供中国方案 林明欣表示：“中医现代化，不是西化，而是用现代语言讲好中医故事；中医国际化，不是迎合，而是以科学共识架起文明互鉴桥梁；中医产业化，不是逐利，而是借科技赋能构建和谐产业生态。” 2025-0,2025-04-30,第五届旗山中医会议召开：讲好中医故事 提供中国方案 林明欣表示：“中医现代化，不是西化，而是用现代语言讲好中医故事；中医国际化，不是迎合，而是以科学共识架起文明互鉴桥梁；中医产业化，不是逐利，而是借科技赋能构建和谐产业生态。” 2025-04-30 19:01,,医疗健康新闻,https://www.cnr.cn/2014jkpd/yyzx/20250430/t20250430_527154771.shtml
NEWS_000744,news,央广网健康-医药资讯,深圳市“医疗卫生三名工程”骨科项目暨骨类组织修复重点实验室学术会议圆满召开 为深化骨科医学领域的创新协作，推动骨类组织修复与转化研究的前沿发展，近日，由中山七院主办的首都医科大学附属北京积水潭医院（后简称“北京积水潭医院”）――中山大学附属,2025-04-14,深圳市“医疗卫生三名工程”骨科项目暨骨类组织修复重点实验室学术会议圆满召开 为深化骨科医学领域的创新协作，推动骨类组织修复与转化研究的前沿发展，近日，由中山七院主办的首都医科大学附属北京积水潭医院（后简称“北京积水潭医院”）――中山大学附属第七医院三名工程项目启动学术会议暨深圳市骨类组织修复与转化研究重点实验室学术会议在中山大学深圳校区隆重举行。 2025-04-14 14:20,,医疗健康新闻,https://www.cnr.cn/2014jkpd/yyzx/20250414/t20250414_527134834.shtml
NEWS_000745,news,央广网健康-医药资讯,政策引领创新突破――国产单孔腔镜手术机器人入驻北京大学首钢医院 在北京市加快推动“人工智能+医药健康”创新发展的政策指引下，北京大学首钢医院近日成功完成医院首台国产单孔腔镜手术机器人装机并启动临床应用，标志着我国高端医疗装备自主研发与应用迈,2025-04-11,政策引领创新突破――国产单孔腔镜手术机器人入驻北京大学首钢医院 在北京市加快推动“人工智能+医药健康”创新发展的政策指引下，北京大学首钢医院近日成功完成医院首台国产单孔腔镜手术机器人装机并启动临床应用，标志着我国高端医疗装备自主研发与应用迈入新阶段。 2025-04-11 15:09,,医疗健康新闻,https://www.cnr.cn/2014jkpd/yyzx/20250411/t20250411_527130893.shtml
NEWS_000746,news,央广网健康-医药资讯,北京市平谷区乡镇胃肠镜诊疗实现历史性突破 三级防控体系助力消化道肿瘤早诊早治 3月10日，北京市平谷区金海湖镇社区卫生服务中心胃肠镜诊疗服务正式启动，标志着平谷区在基层消化道肿瘤防治领域取得里程碑式进展。 2025-03-11 11:11,2025-03-11,北京市平谷区乡镇胃肠镜诊疗实现历史性突破 三级防控体系助力消化道肿瘤早诊早治 3月10日，北京市平谷区金海湖镇社区卫生服务中心胃肠镜诊疗服务正式启动，标志着平谷区在基层消化道肿瘤防治领域取得里程碑式进展。 2025-03-11 11:11,,医疗健康新闻,https://www.cnr.cn/2014jkpd/yyzx/20250311/t20250311_527096306.shtml
NEWS_000747,news,央广网健康-医药资讯,天津市2025年全国肿瘤防治宣传周正式启动――构建医防融合新格局 打造癌症防治“天津样板” 为深入贯彻落实健康中国战略，全面推进《健康中国行动―癌症防治行动实施方案（2023―2030年）》，4月15日，由天津市卫生健康委员会、中国抗癌协会,2025-04-15,天津市2025年全国肿瘤防治宣传周正式启动――构建医防融合新格局 打造癌症防治“天津样板” 为深入贯彻落实健康中国战略，全面推进《健康中国行动―癌症防治行动实施方案（2023―2030年）》，4月15日，由天津市卫生健康委员会、中国抗癌协会指导，天津市抗癌协会协办，天津医科大学肿瘤医院、天津市癌症中心主办的第31届全国肿瘤防治宣传周（天津站）启动仪式正式举行。 2025-04-15 15:02,,医疗健康新闻,https://www.cnr.cn/2014jkpd/yyzx/20250415/t20250415_527135967.shtml
NEWS_000748,news,央广网健康-医药资讯,北京儿童医院亦庄新院区开建 现有院区将缩减至600张床位 3月5日上午，国家医学中心、首都医科大学附属北京儿童医院亦庄新院区建设开工动员会在北京经济技术开发区举行。 2025-03-06 09:51,2025-03-06,北京儿童医院亦庄新院区开建 现有院区将缩减至600张床位 3月5日上午，国家医学中心、首都医科大学附属北京儿童医院亦庄新院区建设开工动员会在北京经济技术开发区举行。 2025-03-06 09:51,,医疗健康新闻,https://www.cnr.cn/2014jkpd/yyzx/20250306/t20250306_527091256.shtml
NEWS_000749,news,央广网健康-医药资讯,解放军总医院第一医学中心广泛开展“学雷锋”活动 专家们结合病例，针对基层官兵高强度军事训练中常见的噪声性听力损伤、中耳炎、外耳道炎等耳科常见病，现场组织听力筛查和检测，进行专业指导和个性化干预。 2025-03-05 18:40,2025-03-05,解放军总医院第一医学中心广泛开展“学雷锋”活动 专家们结合病例，针对基层官兵高强度军事训练中常见的噪声性听力损伤、中耳炎、外耳道炎等耳科常见病，现场组织听力筛查和检测，进行专业指导和个性化干预。 2025-03-05 18:40,,医疗健康新闻,https://www.cnr.cn/2014jkpd/yyzx/20250305/t20250305_527090770.shtml
NEWS_000750,news,央广网健康-医药资讯,首个全生命周期口腔评估筛查工具研究项目启动 该项目将联合国家口腔医学中心在内的多家口腔医院及专家，开发针对全生命周期不同年龄阶段适用的口腔健康评估工具。这一工具将帮助百姓更直观地了解自身口腔健康状况，提高口腔健康意识。 2025-03-05,2025-03-05,首个全生命周期口腔评估筛查工具研究项目启动 该项目将联合国家口腔医学中心在内的多家口腔医院及专家，开发针对全生命周期不同年龄阶段适用的口腔健康评估工具。这一工具将帮助百姓更直观地了解自身口腔健康状况，提高口腔健康意识。 2025-03-05 15:58,,医疗健康新闻,https://www.cnr.cn/2014jkpd/yyzx/20250305/t20250305_527090613.shtml
NEWS_000751,news,央广网健康-医药资讯,航天中心医院：让“以患者为中心”可感可知 作为提升医疗质量的核心，航天中心医院的学科建设体现出差异化思路，更始终围绕患者需求，改善医疗服务质量。 2025-02-27 15:54,2025-02-27,航天中心医院：让“以患者为中心”可感可知 作为提升医疗质量的核心，航天中心医院的学科建设体现出差异化思路，更始终围绕患者需求，改善医疗服务质量。 2025-02-27 15:54,,医疗健康新闻,https://www.cnr.cn/2014jkpd/yyzx/20250227/t20250227_527083167.shtml
NEWS_000752,news,央广网健康-医药资讯,浙江省首个重离子医学中心正式启用 中心填补了浙江重离子放疗设备的空白，提升肿瘤疑难病症治疗效果，是浙江省打造医学高峰的重要成果，还将带动临床诊疗、人才培养、技术研发和装置制造等多方面发展。 2025-02-14 09:35,2025-02-14,浙江省首个重离子医学中心正式启用 中心填补了浙江重离子放疗设备的空白，提升肿瘤疑难病症治疗效果，是浙江省打造医学高峰的重要成果，还将带动临床诊疗、人才培养、技术研发和装置制造等多方面发展。 2025-02-14 09:35,,医疗健康新闻,https://www.cnr.cn/2014jkpd/yyzx/20250214/t20250214_527071324.shtml
NEWS_000753,news,央广网健康-医药资讯,中国科学家首次获奖！王拥军教授获国际卒中领域临床医学最高奖 中华医学会神经病学分会主任委员、北京天坛医院院长王拥军被授予“威廉・M・费恩伯格卒中卓越贡献奖”。该奖项被认为是国际卒中领域临床医学的最高奖，王拥军教授是该奖项设立34年以来第一位,2025-02-06,中国科学家首次获奖！王拥军教授获国际卒中领域临床医学最高奖 中华医学会神经病学分会主任委员、北京天坛医院院长王拥军被授予“威廉・M・费恩伯格卒中卓越贡献奖”。该奖项被认为是国际卒中领域临床医学的最高奖，王拥军教授是该奖项设立34年以来第一位获奖的中国科学家，也是首位获奖的亚洲科学家。 2025-02-06 11:22,,医疗健康新闻,https://www.cnr.cn/2014jkpd/yyzx/20250206/t20250206_527062873.shtml
NEWS_000754,news,央广网健康-医药资讯,北京朝阳门中西医结合医院：积极参与公益事业，守护人民健康 爱心捐赠、社区义诊、科普讲座……在北京市朝阳区，北京朝阳门中西医结合医院用实际行动在诠释着医者的责任与担当。 2025-01-21 17:36,2025-01-21,北京朝阳门中西医结合医院：积极参与公益事业，守护人民健康 爱心捐赠、社区义诊、科普讲座……在北京市朝阳区，北京朝阳门中西医结合医院用实际行动在诠释着医者的责任与担当。 2025-01-21 17:36,,医疗健康新闻,https://www.cnr.cn/2014jkpd/yyzx/20250121/t20250121_527048238.shtml
NEWS_000755,news,央广网健康-名医陪你,孩子近视悄悄加重！这几个护眼误区，很多家长都中招了 恰逢六一儿童节，央广网《中华名医号》特别邀请苏州市眼视光医院主任医师杜军辉、北京理工大学教授程德文两位专家，围绕儿童近视防控展开专业答疑，分享干货满满的护眼知识。 2026-06-02 1,2026-06-02,孩子近视悄悄加重！这几个护眼误区，很多家长都中招了 恰逢六一儿童节，央广网《中华名医号》特别邀请苏州市眼视光医院主任医师杜军辉、北京理工大学教授程德文两位专家，围绕儿童近视防控展开专业答疑，分享干货满满的护眼知识。 2026-06-02 11:26,,医疗健康新闻,https://www.cnr.cn/2014jkpd/mypy/20260602/t20260602_527644436.shtml
NEWS_000756,news,央广网健康-名医陪你,戒烟能靠意志力硬扛吗？专家呼吁：科学戒烟才是正确方式 近日，央广网《中华名医号》推出戒烟专场《啪一下 把烟戒了》直播，邀请首都医科大学附属北京朝阳医院循证医学中心主任梁立荣、中国医学科学院北京协和医院心血管内科主任医师丁荣晶两位嘉宾，权威解,2026-06-01,戒烟能靠意志力硬扛吗？专家呼吁：科学戒烟才是正确方式 近日，央广网《中华名医号》推出戒烟专场《啪一下 把烟戒了》直播，邀请首都医科大学附属北京朝阳医院循证医学中心主任梁立荣、中国医学科学院北京协和医院心血管内科主任医师丁荣晶两位嘉宾，权威解读科学戒烟方法。 2026-06-01 14:17,,医疗健康新闻,https://www.cnr.cn/2014jkpd/mypy/20260601/t20260601_527643206.shtml
NEWS_000757,news,央广网健康-名医陪你,选对洗发水能“防脱发”？毛发科医生：大概率是智商税 洗发水属于化妆品，无法治疗脱发，仅能清洁舒缓头皮。洗头需手法轻柔、洗净吹干。我国脱发人群众多，有相关困扰建议前往正规医院就诊。 2026-05-28 14:19,2026-05-28,选对洗发水能“防脱发”？毛发科医生：大概率是智商税 洗发水属于化妆品，无法治疗脱发，仅能清洁舒缓头皮。洗头需手法轻柔、洗净吹干。我国脱发人群众多，有相关困扰建议前往正规医院就诊。 2026-05-28 14:19,,医疗健康新闻,https://www.cnr.cn/2014jkpd/mypy/20260528/t20260528_527638707.shtml
NEWS_000758,news,央广网健康-名医陪你,防控“神器”逆转近视？王宁利院士：“现在来说不可能” 王宁利介绍，到目前为止，防蓝光的眼镜对近视眼可以说没有科学证据说它有作用，对眼的防护来说，也没有直接证据说它有作用。 2026-05-19 17:56,2026-05-19,防控“神器”逆转近视？王宁利院士：“现在来说不可能” 王宁利介绍，到目前为止，防蓝光的眼镜对近视眼可以说没有科学证据说它有作用，对眼的防护来说，也没有直接证据说它有作用。 2026-05-19 17:56,,医疗健康新闻,https://www.cnr.cn/2014jkpd/mypy/20260519/t20260519_527626667.shtml
NEWS_000759,news,央广网健康-名医陪你,焯水会“洗掉”蔬菜营养？真相没那么简单 焯水到底会不会流失营养，以及如何正确焯水才能既避风险又保住营养，守护日常饮食健康。北京儿童医院顺义妇儿医院临床营养科主任医师李永进对此进行详细解读。 2026-05-18 11:40,2026-05-18,焯水会“洗掉”蔬菜营养？真相没那么简单 焯水到底会不会流失营养，以及如何正确焯水才能既避风险又保住营养，守护日常饮食健康。北京儿童医院顺义妇儿医院临床营养科主任医师李永进对此进行详细解读。 2026-05-18 11:40,,医疗健康新闻,https://www.cnr.cn/2014jkpd/mypy/20260518/t20260518_527624753.shtml
NEWS_000760,news,央广网健康-名医陪你,“酸枣仁汤”治失眠效果显著？专家：并非人人适用 首都医科大学附属北京中医医院心身医学科主任医师卢伟在央广网《中华名医号》节目中提醒：酸枣仁汤主要针对肝血不足、心阴不足所致的失眠，并非所有人都适合服用。 2026-04-14 10:36,2026-04-14,“酸枣仁汤”治失眠效果显著？专家：并非人人适用 首都医科大学附属北京中医医院心身医学科主任医师卢伟在央广网《中华名医号》节目中提醒：酸枣仁汤主要针对肝血不足、心阴不足所致的失眠，并非所有人都适合服用。 2026-04-14 10:36,,医疗健康新闻,https://www.cnr.cn/2014jkpd/mypy/20260414/t20260414_527584229.shtml
NEWS_000761,news,央广网健康-名医陪你,免费临床试验=不靠谱或最后的尝试？ 肿瘤治疗中，患者对治疗方法存在认知误区：多质疑免费临床试验，认为其不靠谱，却青睐昂贵且未被指南推荐的收费特殊治疗。专家解释，免费临床试验是推动医学进步的关键，由多方买单，并非 “小白鼠” 试验。 2026,2026-04-16,免费临床试验=不靠谱或最后的尝试？ 肿瘤治疗中，患者对治疗方法存在认知误区：多质疑免费临床试验，认为其不靠谱，却青睐昂贵且未被指南推荐的收费特殊治疗。专家解释，免费临床试验是推动医学进步的关键，由多方买单，并非 “小白鼠” 试验。 2026-04-16 10:14,,医疗健康新闻,https://www.cnr.cn/2014jkpd/mypy/20260416/t20260416_527586766.shtml
NEWS_000762,news,央广网健康-名医陪你,穿刺会导致肿瘤扩散？医生：这是老观念了 通过CT、核磁共振已经查出肿瘤，为什么还要“扎一下”，做个穿刺？穿刺会不会导致肿瘤扩散？天津医科大学肿瘤医院介入科医生于海鹏给出答案。 2026-04-21 10:51,2026-04-21,穿刺会导致肿瘤扩散？医生：这是老观念了 通过CT、核磁共振已经查出肿瘤，为什么还要“扎一下”，做个穿刺？穿刺会不会导致肿瘤扩散？天津医科大学肿瘤医院介入科医生于海鹏给出答案。 2026-04-21 10:51,,医疗健康新闻,https://www.cnr.cn/2014jkpd/mypy/20260421/t20260421_527593779.shtml
NEWS_000763,news,央广网健康-名医陪你,一晕倒就吃糖？阜外专家提醒：晕倒≠低血糖 早高峰地铁里突然眼前一黑、腿脚发软晕倒，很多人第一反应就是低血糖。可明明吃过早饭，也没空腹，为什么还是会晕？近期，中国医学科学院阜外医院神经内科主任、主任医师李淑娟近日做客央广网《中华名医号》栏目，,2026-03-16,一晕倒就吃糖？阜外专家提醒：晕倒≠低血糖 早高峰地铁里突然眼前一黑、腿脚发软晕倒，很多人第一反应就是低血糖。可明明吃过早饭，也没空腹，为什么还是会晕？近期，中国医学科学院阜外医院神经内科主任、主任医师李淑娟近日做客央广网《中华名医号》栏目，给出了专业解答。 2026-03-16 10:41,,医疗健康新闻,https://www.cnr.cn/2014jkpd/mypy/20260316/t20260316_527552861.shtml
NEWS_000764,news,央广网健康-名医陪你,“不抽烟就不会得肺癌”真假？ 不少人觉得自己只要不碰烟，肺癌就肯定和自己没关系，可事实真的是这样吗？上海市东方医院肿瘤科主任周彩存明确表示，这个观点是完全错误的。肺癌的诱因不止一种，抽烟只是其中最关键的一个。 2026-03-14 09:5,2026-03-14,“不抽烟就不会得肺癌”真假？ 不少人觉得自己只要不碰烟，肺癌就肯定和自己没关系，可事实真的是这样吗？上海市东方医院肿瘤科主任周彩存明确表示，这个观点是完全错误的。肺癌的诱因不止一种，抽烟只是其中最关键的一个。 2026-03-14 09:56,,医疗健康新闻,https://www.cnr.cn/2014jkpd/mypy/20260314/t20260314_527551323.shtml
NEWS_000765,news,央广网健康-名医陪你,孩子太早戴眼镜不好？陶勇：这是错误且有误导性的谣言 “孩子近视后越早戴眼镜，度数涨得越快”――不少家长被这个说法误导，即便发现孩子视物模糊，也迟迟不愿配眼镜。这一做法真的靠谱吗？首都医科大学附属北京朝阳医院眼科主任医师陶勇明确指出：这是错误,2026-02-14,孩子太早戴眼镜不好？陶勇：这是错误且有误导性的谣言 “孩子近视后越早戴眼镜，度数涨得越快”――不少家长被这个说法误导，即便发现孩子视物模糊，也迟迟不愿配眼镜。这一做法真的靠谱吗？首都医科大学附属北京朝阳医院眼科主任医师陶勇明确指出：这是错误且有误导性的谣言。 2026-02-14 07:36,,医疗健康新闻,https://www.cnr.cn/2014jkpd/mypy/20260214/t20260214_527526408.shtml
NEWS_000766,news,央广网健康-名医陪你,健康中国 | 肿瘤的6大饮食谣言 “肿瘤患者有哪些食物不能碰？”“肿瘤细胞能被饿死吗？”此类问题数不胜数。肿瘤患者到底能吃什么、不能吃什么？下面就为大家理清关于肿瘤饮食的6大谣言。 2025-04-14 08:34,2025-04-14,健康中国 | 肿瘤的6大饮食谣言 “肿瘤患者有哪些食物不能碰？”“肿瘤细胞能被饿死吗？”此类问题数不胜数。肿瘤患者到底能吃什么、不能吃什么？下面就为大家理清关于肿瘤饮食的6大谣言。 2025-04-14 08:34,,医疗健康新闻,https://www.cnr.cn/2014jkpd/mypy/20250414/t20250414_527134339.shtml
NEWS_000767,news,央广网健康-名医陪你,医保个人账户将全部取消？官方辟谣 谣言故意歪曲医保改革的真实内涵，将正常的机制优化曲解为“取消个人账户”，严重误导了公众对医保改革政策的理解。 2025-07-10 15:37,2025-07-10,医保个人账户将全部取消？官方辟谣 谣言故意歪曲医保改革的真实内涵，将正常的机制优化曲解为“取消个人账户”，严重误导了公众对医保改革政策的理解。 2025-07-10 15:37,,医疗健康新闻,https://www.cnr.cn/2014jkpd/mypy/20250710/t20250710_527255158.shtml
NEWS_000768,news,央广网健康-名医陪你,近视了，眼镜度数到底多大才合适 正确验光出来的实际度数才是配镜的合适度数。欠矫和过矫都会给双眼带来不必要的负担，那些声称逐渐减低度数能够“改进”近视的，以及“人为下降度数减轻双眼疲惫”的说法没有任何依据和实证支撑。 2025-06-03 1,2025-06-03,近视了，眼镜度数到底多大才合适 正确验光出来的实际度数才是配镜的合适度数。欠矫和过矫都会给双眼带来不必要的负担，那些声称逐渐减低度数能够“改进”近视的，以及“人为下降度数减轻双眼疲惫”的说法没有任何依据和实证支撑。 2025-06-03 15:41,,医疗健康新闻,https://www.cnr.cn/2014jkpd/mypy/20250603/t20250603_527194350.shtml
NEWS_000769,news,央广网健康-名医陪你,红糖水喝多了会让肝脏“长脓包”？医生：红糖并非直接致病因素 清华大学北京清华长庚医院肝胆内科主治医师赵凯越指出，肝脓肿的典型症状是发热（常常是高烧）和右上腹疼痛。有效预防肝肿脓，需要关注代谢健康、定期体检，任何饮食都要有度，并对不明原因发热,2026-01-21,红糖水喝多了会让肝脏“长脓包”？医生：红糖并非直接致病因素 清华大学北京清华长庚医院肝胆内科主治医师赵凯越指出，肝脓肿的典型症状是发热（常常是高烧）和右上腹疼痛。有效预防肝肿脓，需要关注代谢健康、定期体检，任何饮食都要有度，并对不明原因发热保持警惕。 2026-01-21 09:52,,医疗健康新闻,https://www.cnr.cn/2014jkpd/mypy/20260121/t20260121_527501280.shtml
NEWS_000770,news,央广网健康-名医陪你,“抗肿瘤药物会伤害正常细胞”，这个说法对吗？ 治肿瘤，到底是“用药救命”，还是“用药伤身”？在治疗肿瘤的过程中，“抗肿瘤药物敌我不分，用药会拖垮身体、加速病情恶化”的说法流传甚广，让不少患者及其家属在治疗的十字路口左右为难，那么，这种说法正,2026-01-15,“抗肿瘤药物会伤害正常细胞”，这个说法对吗？ 治肿瘤，到底是“用药救命”，还是“用药伤身”？在治疗肿瘤的过程中，“抗肿瘤药物敌我不分，用药会拖垮身体、加速病情恶化”的说法流传甚广，让不少患者及其家属在治疗的十字路口左右为难，那么，这种说法正确吗？在治疗过程中出现了副反应怎么办？近日，上海市东方医院肿瘤科副主任周斐接受了央广网记者的采访，并给出了专业解答。 2026-01-15 10:30,,医疗健康新闻,https://www.cnr.cn/2014jkpd/mypy/20260115/t20260115_527494042.shtml
NEWS_000771,news,央广网健康-名医陪你,穿羽绒服、盖羽绒被，就会得“羽绒肺”？ 什么是“羽绒肺”？“羽绒肺”究竟是如何诱发的？典型症状有哪些？又该如何远离？央广网记者采访了清华大学北京清华长庚医院呼吸与危重症医学科副主任医师蔡存良。 2025-12-29 17:46,2025-12-29,穿羽绒服、盖羽绒被，就会得“羽绒肺”？ 什么是“羽绒肺”？“羽绒肺”究竟是如何诱发的？典型症状有哪些？又该如何远离？央广网记者采访了清华大学北京清华长庚医院呼吸与危重症医学科副主任医师蔡存良。 2025-12-29 17:46,,医疗健康新闻,https://www.cnr.cn/2014jkpd/mypy/20251229/t20251229_527476627.shtml
NEWS_000772,news,央广网健康-名医陪你,孩子口臭≠积食，别再瞎调理了 此处@家长朋友们，孩子嘴巴里有异味，别再一股脑归罪于积食，更别忙着给娃吃消食药、熬调理汤了。很多时候，娃的口臭和积食压根没关系，盲目调理反而可能给孩子的肠胃添负担。那真正的臭味源头在哪？娃口臭太尴尬怎么办？针对,2025-12-28,孩子口臭≠积食，别再瞎调理了 此处@家长朋友们，孩子嘴巴里有异味，别再一股脑归罪于积食，更别忙着给娃吃消食药、熬调理汤了。很多时候，娃的口臭和积食压根没关系，盲目调理反而可能给孩子的肠胃添负担。那真正的臭味源头在哪？娃口臭太尴尬怎么办？针对以上问题，浙江大学医学院附属儿童医院综合ICU主任叶盛做客央广网《中华名医号》栏目，给出了专业解答。 2025-12-28 09:27,,医疗健康新闻,https://www.cnr.cn/2014jkpd/mypy/20251228/t20251228_527475180.shtml
NEWS_000773,news,央广网健康-名医陪你,食物过敏检测阳性=必须忌口？医生：不一定 拿到食物过敏检测报告，看到一堆“阳性”结果，你是不是瞬间慌了？难道以后这些食物都要彻底“拉黑”？对此，浙江大学医学院附属儿童医院综合ICU主任叶盛近日做客央广网《中华名医号》栏目，给出了专业解答。,2025-12-26,食物过敏检测阳性=必须忌口？医生：不一定 拿到食物过敏检测报告，看到一堆“阳性”结果，你是不是瞬间慌了？难道以后这些食物都要彻底“拉黑”？对此，浙江大学医学院附属儿童医院综合ICU主任叶盛近日做客央广网《中华名医号》栏目，给出了专业解答。 2025-12-26 10:34,,医疗健康新闻,https://www.cnr.cn/2014jkpd/mypy/20251226/t20251226_527473195.shtml
NEWS_000774,news,央广网健康-名医陪你,发烧会烧坏肺和脑子？家长别被这些说法吓破胆啦！ 娃发烧那几天，多少家长整宿整宿睡不着，就怕一句“发烧会烧坏脑子、烧坏肺”的老话成真，事实果真如此？浙江大学医学院附属儿童医院综合ICU主任叶盛做客央广网《中华名医号》栏目，给出了专业解答。 2,2025-12-24,发烧会烧坏肺和脑子？家长别被这些说法吓破胆啦！ 娃发烧那几天，多少家长整宿整宿睡不着，就怕一句“发烧会烧坏脑子、烧坏肺”的老话成真，事实果真如此？浙江大学医学院附属儿童医院综合ICU主任叶盛做客央广网《中华名医号》栏目，给出了专业解答。 2025-12-24 10:36,,医疗健康新闻,https://www.cnr.cn/2014jkpd/mypy/20251224/t20251224_527470832.shtml
NEWS_000775,news,央广网健康-名医陪你,中药泡脚能长高？专家：警惕身高焦虑背后的营销陷阱 近日，对孩子身高充满焦虑的李女士在电商平台看到一款宣称能助长高的儿童泡脚中药包，尽管颇为心动，可冷静下来又犯嘀咕：泡个脚就能长高到底靠不靠谱？ 2025-12-23 10:49,2025-12-23,中药泡脚能长高？专家：警惕身高焦虑背后的营销陷阱 近日，对孩子身高充满焦虑的李女士在电商平台看到一款宣称能助长高的儿童泡脚中药包，尽管颇为心动，可冷静下来又犯嘀咕：泡个脚就能长高到底靠不靠谱？ 2025-12-23 10:49,,医疗健康新闻,https://www.cnr.cn/2014jkpd/mypy/20251223/t20251223_527469532.shtml
NEWS_000776,news,央广网健康-名医陪你,谣言止步于科学！央广网《名医辟谣平台》上线 权威专家为健康护航 中华名医智库年度盛典暨央广网2026健康传播行动启动会上，由央广网中华名医智库打造的《名医辟谣平台》首次亮相。 2025-12-04 20:08,2025-12-04,谣言止步于科学！央广网《名医辟谣平台》上线 权威专家为健康护航 中华名医智库年度盛典暨央广网2026健康传播行动启动会上，由央广网中华名医智库打造的《名医辟谣平台》首次亮相。 2025-12-04 20:08,,医疗健康新闻,https://www.cnr.cn/2014jkpd/mypy/20251204/t20251204_527450124.shtml
NEWS_000777,news,央广网健康-名医陪你,中华名医号 | 多捂汗、多喝热水就能退烧？ 感冒、发烧了怎么办？“多捂汗、多喝热水”来帮忙！我们在生活中常听到类似说法。那么，“捂汗、喝热水”真能帮助患者退烧？正确的护理方法有哪些？近日，北京中医药大学东直门医院呼吸科主治医师寇娜做客央广网,2025-11-24,中华名医号 | 多捂汗、多喝热水就能退烧？ 感冒、发烧了怎么办？“多捂汗、多喝热水”来帮忙！我们在生活中常听到类似说法。那么，“捂汗、喝热水”真能帮助患者退烧？正确的护理方法有哪些？近日，北京中医药大学东直门医院呼吸科主治医师寇娜做客央广网《中华名医号》栏目，给出了专业解答。 2025-11-24 10:40,,医疗健康新闻,https://www.cnr.cn/2014jkpd/mypy/20251124/t20251124_527439327.shtml
NEWS_000778,news,央广网健康-名医陪你,中华名医号 | 戒酒、戒肉，痛风就好了吗？ 众所周知，海鲜配啤酒是“痛风套餐”。因此，不少痛风患者开始“出家人式”饮食，认为清淡饮食，就能治好痛风。事实果真如此吗？戒酒、戒肉，痛风就好了吗？北京中医药大学东直门医院风湿病科主任王海隆做客央广,2025-11-08,中华名医号 | 戒酒、戒肉，痛风就好了吗？ 众所周知，海鲜配啤酒是“痛风套餐”。因此，不少痛风患者开始“出家人式”饮食，认为清淡饮食，就能治好痛风。事实果真如此吗？戒酒、戒肉，痛风就好了吗？北京中医药大学东直门医院风湿病科主任王海隆做客央广网《中华名医号》栏目，给出了专业解答。 2025-11-08 09:40,,医疗健康新闻,https://www.cnr.cn/2014jkpd/mypy/20251108/t20251108_527423222.shtml
NEWS_000779,news,央广网健康-名医陪你,螃蟹柿子同吃会腹泻？螃蟹啤酒同吃会痛风？营养专家解析 “螃蟹和橙子同吃等于吃砒霜”“螃蟹和柿子同吃会腹泻”“螃蟹和牛奶同吃会得肠炎”“螃蟹和啤酒同吃会痛风”……这些说法到底是否正确？浙大一院营养科主管营养师赵卫玉逐个解析。 2025-10-,2025-10-09,螃蟹柿子同吃会腹泻？螃蟹啤酒同吃会痛风？营养专家解析 “螃蟹和橙子同吃等于吃砒霜”“螃蟹和柿子同吃会腹泻”“螃蟹和牛奶同吃会得肠炎”“螃蟹和啤酒同吃会痛风”……这些说法到底是否正确？浙大一院营养科主管营养师赵卫玉逐个解析。 2025-10-09 14:14,,医疗健康新闻,https://www.cnr.cn/2014jkpd/mypy/20251009/t20251009_527389797.shtml
NEWS_000780,news,央广网健康-名医陪你,长期吸烟，没有肺部疾病就表示肺完好无损？专家解答 秋季养肺正当时！在关于肺健康的讨论中，有人说吸了一辈子的烟，肺部毫发无损；也有人不吸烟却患上肺部疾病，甚至发展为肺癌。“吸烟有害健康”是危言耸听吗？肺健康的真相到底是什么？中国中医科学院广安,2025-09-19,长期吸烟，没有肺部疾病就表示肺完好无损？专家解答 秋季养肺正当时！在关于肺健康的讨论中，有人说吸了一辈子的烟，肺部毫发无损；也有人不吸烟却患上肺部疾病，甚至发展为肺癌。“吸烟有害健康”是危言耸听吗？肺健康的真相到底是什么？中国中医科学院广安门医院南区业务副院长、外科主任医师王如然做客央广网《中华名医号》栏目，并给出了解答。 2025-09-19 15:28,,医疗健康新闻,https://www.cnr.cn/2014jkpd/mypy/20250919/t20250919_527368388.shtml
NEWS_000781,news,央广网健康-名医陪你,口干、咽干、皮肤干要多喝水？中医：防秋燥重在“津液” ，喝水是防秋燥的基础。杨涛表示，水是津液的主要来源，及时补水能直接缓解津液不足的问题。正确的补水方式是“少量多次喝温水”。 2025-09-08 17:52,2025-09-08,口干、咽干、皮肤干要多喝水？中医：防秋燥重在“津液” ，喝水是防秋燥的基础。杨涛表示，水是津液的主要来源，及时补水能直接缓解津液不足的问题。正确的补水方式是“少量多次喝温水”。 2025-09-08 17:52,,医疗健康新闻,https://www.cnr.cn/2014jkpd/mypy/20250908/t20250908_527354412.shtml
NEWS_000782,news,央广网健康-名医陪你,换季血压高点没关系？ 专家：别信！ 北京中医药大学东方医院主任医师王乐在国家卫生健康委新闻发布会上特别澄清，“血压稍高没有关系，换季后自然会降下来” 是一个常见误区 。 2025-08-06 16:56,2025-08-06,换季血压高点没关系？ 专家：别信！ 北京中医药大学东方医院主任医师王乐在国家卫生健康委新闻发布会上特别澄清，“血压稍高没有关系，换季后自然会降下来” 是一个常见误区 。 2025-08-06 16:56,,医疗健康新闻,https://www.cnr.cn/2014jkpd/mypy/20250806/t20250806_527306049.shtml
NEWS_000783,news,央广网健康-名医陪你,晚安牛奶有效吗？医生：更多是安慰剂效应 “晚安牛奶”是否真的能助眠？其内含的褪黑素能否长期当作助眠药使用？喝一杯就能真的“晚安”吗？对此，浙大一院精神卫生科副主任医师魏宁给出了答案 2025-07-22 10:00,2025-07-22,晚安牛奶有效吗？医生：更多是安慰剂效应 “晚安牛奶”是否真的能助眠？其内含的褪黑素能否长期当作助眠药使用？喝一杯就能真的“晚安”吗？对此，浙大一院精神卫生科副主任医师魏宁给出了答案 2025-07-22 10:00,,医疗健康新闻,https://www.cnr.cn/2014jkpd/mypy/20250722/t20250722_527276260.shtml
NEWS_000784,news,央广网健康-名医陪你,抱冬瓜睡觉可防暑降温？中医：有依据，但别用错了 各地网友纷纷实践，给自己、给孩子甚至宠物都配上了“冬瓜搭子”。抱冬瓜”真的有防暑降温的效果吗？是否有确切的依据？中国中医科学院西苑医院综合内科主任医师曾文颖表示：从物理降温及中医理论来看，“抱,2025-07-11,抱冬瓜睡觉可防暑降温？中医：有依据，但别用错了 各地网友纷纷实践，给自己、给孩子甚至宠物都配上了“冬瓜搭子”。抱冬瓜”真的有防暑降温的效果吗？是否有确切的依据？中国中医科学院西苑医院综合内科主任医师曾文颖表示：从物理降温及中医理论来看，“抱冬瓜”可以起到缓解暑热、清凉助眠的功效。 2025-07-11 09:07,,医疗健康新闻,https://www.cnr.cn/2014jkpd/mypy/20250711/t20250711_527256181.shtml
NEWS_000785,news,央广网健康-何问中西,何问中西第30期：冬季话养生,,何问中西第30期：冬季话养生,,医疗健康新闻,https://www.cnr.cn/2014jkpd/jkzt/hwzx/zxrb/20250109/t20250109_527035588.shtml
NEWS_000786,news,央广网健康-何问中西,何问中西第29期：怎样喝茶才健康？,,何问中西第29期：怎样喝茶才健康？,,医疗健康新闻,https://www.cnr.cn/2014jkpd/jkzt/hwzx/zxrb/20241226/t20241226_527021578.shtml
NEWS_000787,news,央广网健康-何问中西,何问中西第28期：别被心梗“盯上”,,何问中西第28期：别被心梗“盯上”,,医疗健康新闻,https://www.cnr.cn/2014jkpd/jkzt/hwzx/zxrb/20241212/t20241212_527007259.shtml
NEWS_000788,news,央广网健康-何问中西,何问中西第27期：《黄帝内经》漫谈,,何问中西第27期：《黄帝内经》漫谈,,医疗健康新闻,https://www.cnr.cn/2014jkpd/jkzt/hwzx/zxrb/20241208/t20241208_527002502.shtml
NEWS_000789,news,央广网健康-何问中西,何问中西第26期：《黄帝内经》的养生智慧,,何问中西第26期：《黄帝内经》的养生智慧,,医疗健康新闻,https://www.cnr.cn/2014jkpd/jkzt/hwzx/zxrb/20241129/t20241129_526993334.shtml
NEWS_000790,news,央广网健康-何问中西,何问中西第25期：中医现代化漫谈,,何问中西第25期：中医现代化漫谈,,医疗健康新闻,https://www.cnr.cn/2014jkpd/jkzt/hwzx/zxrb/20241114/t20241114_526975152.shtml
NEWS_000791,news,央广网健康-何问中西,支修益教授：肺结节并不可怕,,支修益教授：肺结节并不可怕,,医疗健康新闻,https://www.cnr.cn/2014jkpd/jkzt/hwzx/jcgd/20240730/t20240730_526823271.shtml
NEWS_000792,news,央广网健康-何问中西,科普：东方美少女病,,科普：东方美少女病,,医疗健康新闻,https://www.cnr.cn/2014jkpd/jkzt/hwzx/jcgd/20240730/t20240730_526823270.shtml
NEWS_000793,news,央广网健康-何问中西,中医警示：别吃太多！,,中医警示：别吃太多！,,医疗健康新闻,https://www.cnr.cn/2014jkpd/jkzt/hwzx/jcgd/20240730/t20240730_526823269.shtml
NEWS_000794,news,央广网健康-何问中西,医生教你辨别心绞痛,,医生教你辨别心绞痛,,医疗健康新闻,https://www.cnr.cn/2014jkpd/jkzt/hwzx/jcgd/20240730/t20240730_526823267.shtml
NEWS_000795,news,央广网健康-何问中西,痰湿瘀阻，当心是冠心病！,,痰湿瘀阻，当心是冠心病！,,医疗健康新闻,https://www.cnr.cn/2014jkpd/jkzt/hwzx/jcgd/20240726/t20240726_526817002.shtml
NEWS_000796,news,央广网健康-何问中西,健康中国｜高血压“盯”上年轻人 食疗秘籍来“解围”,,健康中国｜高血压“盯”上年轻人 食疗秘籍来“解围”,,医疗健康新闻,https://www.cnr.cn/2014jkpd/jkzt/hwzx/zx/20241214/t20241214_527009331.shtml
NEWS_000797,news,央广网健康-何问中西,央广营养课｜如何区分阴虚咳嗽和痰湿咳嗽？中医专家来支招,,央广营养课｜如何区分阴虚咳嗽和痰湿咳嗽？中医专家来支招,,医疗健康新闻,https://www.cnr.cn/2014jkpd/jkzt/hwzx/zx/20240912/t20240912_526900061.shtml
NEWS_000798,news,央广网健康-何问中西,支修益教授：肺结节不能一切了之,,支修益教授：肺结节不能一切了之,,医疗健康新闻,https://www.cnr.cn/2014jkpd/jkzt/hwzx/zx/20240814/t20240814_526852317.shtml
NEWS_000799,news,央广网健康-何问中西,直播预告｜无腿登顶珠峰第一人夏伯渝本周三做客《何问中西》,,直播预告｜无腿登顶珠峰第一人夏伯渝本周三做客《何问中西》,,医疗健康新闻,https://www.cnr.cn/2014jkpd/jkzt/hwzx/zx/20241105/t20241105_526965136.shtml
NEWS_000800,news,央广网健康-何问中西,中医药与教育领域专家齐聚，探讨孔子思想与中医药文化的融汇互通,,中医药与教育领域专家齐聚，探讨孔子思想与中医药文化的融汇互通,,医疗健康新闻,https://www.cnr.cn/2014jkpd/jkzt/hwzx/zx/20240729/t20240729_526821323.shtml
NEWS_000801,news,央广网健康-何问中西,权威专家说结节 | 支修益教授：肺结节并不可怕,,权威专家说结节 | 支修益教授：肺结节并不可怕,,医疗健康新闻,https://www.cnr.cn/2014jkpd/jkzt/hwzx/zx/20240715/t20240715_526794277.shtml
