record_id,source_type,source,title,event_date,content,mentioned_entity,read_count,comment_count,url
COMM_000001,comment,东方财富股吧,分红前的最差走势就是上涨，复投的人失望了,2026-06-08,分红前的最差走势就是上涨，复投的人失望了,平安银行(000001),47,1,"https://guba.eastmoney.com/news,000001,1722254098.html"
COMM_000002,comment,东方财富股吧,把房卖了买平安银行，如果能卖一千万全部买入平安银行股票，每年分红能得六十万股息，,2026-06-08,把房卖了买平安银行，如果能卖一千万全部买入平安银行股票，每年分红能得六十万股息，,平安银行(000001),77,3,"https://guba.eastmoney.com/news,000001,1722436571.html"
COMM_000003,comment,东方财富股吧,最重要的事说三遍，别加杠杆别加杠杆别加杠杆。只要不加杠杆就死不了人！大家都记住了,2026-06-08,最重要的事说三遍，别加杠杆别加杠杆别加杠杆。只要不加杠杆就死不了人！大家都记住了,平安银行(000001),12,0,"https://guba.eastmoney.com/news,000001,1722536688.html"
COMM_000004,comment,东方财富股吧,唉，千错万错选了最弱的,2026-06-08,唉，千错万错选了最弱的,平安银行(000001),30,2,"https://guba.eastmoney.com/news,000001,1722439155.html"
COMM_000005,comment,东方财富股吧,买平安银行最大的好处就是你不用看盘，它无视一切，大盘涨了它跌，大盘跌了它横，谁也,2026-06-08,买平安银行最大的好处就是你不用看盘，它无视一切，大盘涨了它跌，大盘跌了它横，谁也,平安银行(000001),17,0,"https://guba.eastmoney.com/news,000001,1722531918.html"
COMM_000006,comment,东方财富股吧,你只管有钱就买入,2026-06-08,你只管有钱就买入,平安银行(000001),20,0,"https://guba.eastmoney.com/news,000001,1722530957.html"
COMM_000007,comment,东方财富股吧,前怕狼后怕虎那就什么事也干不成了，拼一把，爱咋咋地，大不了一败涂地从头再来。何况,2026-06-08,前怕狼后怕虎那就什么事也干不成了，拼一把，爱咋咋地，大不了一败涂地从头再来。何况,平安银行(000001),17,0,"https://guba.eastmoney.com/news,000001,1722528983.html"
COMM_000008,comment,东方财富股吧,被大盘带下来了,2026-06-08,被大盘带下来了,平安银行(000001),34,3,"https://guba.eastmoney.com/news,000001,1722485923.html"
COMM_000009,comment,东方财富股吧,四大行全高位！股息低过美债！做空能量积累！银行小心！,2026-06-08,四大行全高位！股息低过美债！做空能量积累！银行小心！,平安银行(000001),78,1,"https://guba.eastmoney.com/news,000001,1722367717.html"
COMM_000010,comment,东方财富股吧,今天能不绿，你就是最棒的,2026-06-08,今天能不绿，你就是最棒的,平安银行(000001),12,0,"https://guba.eastmoney.com/news,000001,1722499894.html"
COMM_000011,comment,东方财富股吧,大股东平安保险独家操纵！业绩分红都难预期！谁敢参与？,2026-06-07,大股东平安保险独家操纵！业绩分红都难预期！谁敢参与？,平安银行(000001),272,3,"https://guba.eastmoney.com/news,000001,1721936408.html"
COMM_000012,comment,东方财富股吧,下来,2026-06-08,下来,平安银行(000001),13,0,"https://guba.eastmoney.com/news,000001,1722491835.html"
COMM_000013,comment,东方财富股吧,给你机会涨，你咋还跌！,2026-06-08,给你机会涨，你咋还跌！,平安银行(000001),12,0,"https://guba.eastmoney.com/news,000001,1722482557.html"
COMM_000014,comment,东方财富股吧,本周7家银行“红包”将到账！超331亿 哪家最大方？,2026-06-08,本周7家银行“红包”将到账！超331亿 哪家最大方？,平安银行(000001),1880,2,"https://guba.eastmoney.com/news,601229,1722426158.html"
COMM_000015,comment,东方财富股吧,全市性价比最高的银行,2026-06-08,全市性价比最高的银行,平安银行(000001),27,1,"https://guba.eastmoney.com/news,000001,1722453844.html"
COMM_000016,comment,东方财富股吧,"走，留，还是减仓!如何操作,高手来,!",2026-06-08,"走，留，还是减仓!如何操作,高手来,!",平安银行(000001),79,5,"https://guba.eastmoney.com/news,000001,1722367381.html"
COMM_000017,comment,东方财富股吧,"每年盈利2块多,现价仅剩11元,已低至极限还有人不识金",2026-06-08,"每年盈利2块多,现价仅剩11元,已低至极限还有人不识金",平安银行(000001),24,0,"https://guba.eastmoney.com/news,000001,1722457597.html"
COMM_000018,comment,东方财富股吧,平安银行是跌不下去了吧,2026-06-08,平安银行是跌不下去了吧,平安银行(000001),14,0,"https://guba.eastmoney.com/news,000001,1722443521.html"
COMM_000019,comment,东方财富股吧,Z，我一卖出，你就开涨，我一买入，你就跌跌不休，什么东西嘛,2026-06-08,Z，我一卖出，你就开涨，我一买入，你就跌跌不休，什么东西嘛,平安银行(000001),23,0,"https://guba.eastmoney.com/news,000001,1722389172.html"
COMM_000020,comment,东方财富股吧,银行股除权后要开始填权了,2026-06-08,银行股除权后要开始填权了,平安银行(000001),30,1,"https://guba.eastmoney.com/news,000001,1722410124.html"
COMM_000021,comment,东方财富股吧,每股收益两块钱，股价11块，5年就翻倍，每年还得股息，不香吗？,2026-06-08,每股收益两块钱，股价11块，5年就翻倍，每年还得股息，不香吗？,平安银行(000001),107,3,"https://guba.eastmoney.com/news,000001,1722302252.html"
COMM_000022,comment,东方财富股吧,问下20年股龄的朋友，有多少是在回本的路上？如果这20年，买的是分红率5个点以上,2026-06-08,问下20年股龄的朋友，有多少是在回本的路上？如果这20年，买的是分红率5个点以上,平安银行(000001),197,3,"https://guba.eastmoney.com/news,000001,1722272231.html"
COMM_000023,comment,东方财富股吧,人在阵地在,2026-06-08,人在阵地在,平安银行(000001),23,0,"https://guba.eastmoney.com/news,000001,1722379095.html"
COMM_000024,comment,东方财富股吧,叙事控盘汪队空到底！剔除A50退出资金诱多！10.8下才买！,2026-06-05,叙事控盘汪队空到底！剔除A50退出资金诱多！10.8下才买！,平安银行(000001),558,5,"https://guba.eastmoney.com/news,000001,1721027924.html"
COMM_000025,comment,东方财富股吧,没活性，没人在乎这票！被边缘化，几年吃股息还亏51.8%，勿鬼银行来的？,2026-06-06,没活性，没人在乎这票！被边缘化，几年吃股息还亏51.8%，勿鬼银行来的？,平安银行(000001),404,6,"https://guba.eastmoney.com/news,000001,1721850282.html"
COMM_000026,comment,东方财富股吧,周五分红完就被建行超越了,2026-06-08,周五分红完就被建行超越了,平安银行(000001),38,1,"https://guba.eastmoney.com/news,000001,1722357259.html"
COMM_000027,comment,东方财富股吧,用银行来稳定盘面的，并不是银行板块会大涨！,2026-06-08,用银行来稳定盘面的，并不是银行板块会大涨！,平安银行(000001),33,2,"https://guba.eastmoney.com/news,000001,1722272573.html"
COMM_000028,comment,东方财富股吧,不破不买…超散们加把劲四千在眼部了,2026-06-05,不破不买…超散们加把劲四千在眼部了,平安银行(000001),59,2,"https://guba.eastmoney.com/news,000001,1721602764.html"
COMM_000029,comment,东方财富股吧,虽然你被踢出Ａ50了，但咱好歹也盯着000001的头衔吧，期待挣口气明天站在11,2026-06-08,虽然你被踢出Ａ50了，但咱好歹也盯着000001的头衔吧，期待挣口气明天站在11,平安银行(000001),130,2,"https://guba.eastmoney.com/news,000001,1722007696.html"
COMM_000030,comment,东方财富股吧,银行指数是用来调节指数的，到时候也会动用白酒的？,2026-06-08,银行指数是用来调节指数的，到时候也会动用白酒的？,平安银行(000001),27,0,"https://guba.eastmoney.com/news,000001,1722294750.html"
COMM_000031,comment,东方财富股吧,题材过山车，概念多凶险，赛道大起落，周期难把握，成长股更是难辨真假；,2026-03-31,题材过山车，概念多凶险，赛道大起落，周期难把握，成长股更是难辨真假；,平安银行(000001),1343,29,"https://guba.eastmoney.com/news,000001,1687367141.html"
COMM_000032,comment,东方财富股吧,全世界的银行市盈率都在8到15倍·，市净率1.2左右！无论发达国家还是发展中国家,2026-06-08,全世界的银行市盈率都在8到15倍·，市净率1.2左右！无论发达国家还是发展中国家,平安银行(000001),34,0,"https://guba.eastmoney.com/news,000001,1722286792.html"
COMM_000033,comment,东方财富股吧,卖了买不回来了跌一下我要买回来,2026-06-08,卖了买不回来了跌一下我要买回来,平安银行(000001),47,1,"https://guba.eastmoney.com/news,000001,1722164464.html"
COMM_000034,comment,东方财富股吧,七月份会不会拉升上去吧？,2026-06-08,七月份会不会拉升上去吧？,平安银行(000001),26,0,"https://guba.eastmoney.com/news,000001,1722240980.html"
COMM_000035,comment,东方财富股吧,银行股年内跌超5% 幸好还有高分红！6家银行下周发225亿红包 4家股息率超5%,2026-06-06,银行股年内跌超5% 幸好还有高分红！6家银行下周发225亿红包 4家股息率超5%,平安银行(000001),10058,53,"https://guba.eastmoney.com/news,601398,1721830706.html"
COMM_000036,comment,东方财富股吧,已跑输，不唱空银行和了，举报王府井操纵后万手夹单，倒量砸全消失。仅靠空头融券4.,2026-05-26,已跑输，不唱空银行和了，举报王府井操纵后万手夹单，倒量砸全消失。仅靠空头融券4.,平安银行(000001),216,2,"https://guba.eastmoney.com/news,601169,1714722434.html"
COMM_000037,comment,东方财富股吧,美股大跌、韩国熔断，非农、加息预期、ai不及预期引发担忧，风险一经引发，不是短期,2026-06-08,美股大跌、韩国熔断，非农、加息预期、ai不及预期引发担忧，风险一经引发，不是短期,平安银行(000001),97,0,"https://guba.eastmoney.com/news,601138,1722137210.html"
COMM_000038,comment,东方财富股吧,涨跌随意，坐等分红。,2026-06-08,涨跌随意，坐等分红。,平安银行(000001),31,0,"https://guba.eastmoney.com/news,000001,1722130640.html"
COMM_000039,comment,东方财富股吧,就是不让散户地位股息复投，良心大大嘀坏。,2026-06-08,就是不让散户地位股息复投，良心大大嘀坏。,平安银行(000001),27,0,"https://guba.eastmoney.com/news,000001,1722119190.html"
COMM_000040,comment,东方财富股吧,10.8没买到真是可惜了,2026-06-08,10.8没买到真是可惜了,平安银行(000001),34,0,"https://guba.eastmoney.com/news,000001,1722094938.html"
COMM_000041,comment,东方财富股吧,这回看来是分到猪后腿，而且是剃净毛的。,2026-06-08,这回看来是分到猪后腿，而且是剃净毛的。,平安银行(000001),35,0,"https://guba.eastmoney.com/news,000001,1722081306.html"
COMM_000042,comment,东方财富股吧,周五卖了哭死了,2026-06-08,周五卖了哭死了,平安银行(000001),27,0,"https://guba.eastmoney.com/news,000001,1722079993.html"
COMM_000043,comment,东方财富股吧,低于10.7元就补仓,2026-06-08,低于10.7元就补仓,平安银行(000001),37,2,"https://guba.eastmoney.com/news,000001,1722042555.html"
COMM_000044,comment,东方财富股吧,11元以下，分红就补仓,2026-06-08,11元以下，分红就补仓,平安银行(000001),32,0,"https://guba.eastmoney.com/news,000001,1722067509.html"
COMM_000045,comment,东方财富股吧,黑色星期一啊,2026-06-08,黑色星期一啊,平安银行(000001),30,0,"https://guba.eastmoney.com/news,000001,1722061048.html"
COMM_000046,comment,东方财富股吧,银行上周五已护盘，今天同样会，下跌可以，但指数不能爆跌？看看吧！,2026-06-08,银行上周五已护盘，今天同样会，下跌可以，但指数不能爆跌？看看吧！,平安银行(000001),42,0,"https://guba.eastmoney.com/news,000001,1722035659.html"
COMM_000047,comment,东方财富股吧,血雨腥风的一天,2026-06-08,血雨腥风的一天,平安银行(000001),49,1,"https://guba.eastmoney.com/news,000001,1722010909.html"
COMM_000048,comment,东方财富股吧,都在摩拳擦掌！磨刀霍霍向猪羊！,2026-06-08,都在摩拳擦掌！磨刀霍霍向猪羊！,平安银行(000001),32,0,"https://guba.eastmoney.com/news,000001,1722032384.html"
COMM_000049,comment,东方财富股吧,打新价投攒股收息+股吧金句选摘收集。鸣谢金句作者，点赞传递正能量！,2026-04-02,打新价投攒股收息+股吧金句选摘收集。鸣谢金句作者，点赞传递正能量！,平安银行(000001),2176,21,"https://guba.eastmoney.com/news,000001,1688703535.html"
COMM_000050,comment,东方财富股吧,预测今天收盘价为12元,2026-06-08,预测今天收盘价为12元,平安银行(000001),56,2,"https://guba.eastmoney.com/news,000001,1722024110.html"
COMM_000051,comment,东方财富股吧,是不是6.18最受影响被动卖出,2026-06-08,是不是6.18最受影响被动卖出,平安银行(000001),40,0,"https://guba.eastmoney.com/news,000001,1722025377.html"
COMM_000052,comment,东方财富股吧,贷款增长少时，银行可以大比例分红了，如同煤炭企业煤矿投资减少，大比例分红。中国经,2026-06-07,贷款增长少时，银行可以大比例分红了，如同煤炭企业煤矿投资减少，大比例分红。中国经,平安银行(000001),352,2,"https://guba.eastmoney.com/news,601997,1721962283.html"
COMM_000053,comment,东方财富股吧,先支个锅，烧开水，万一分到带毛猪肉，先褪毛。,2026-06-08,先支个锅，烧开水，万一分到带毛猪肉，先褪毛。,平安银行(000001),31,0,"https://guba.eastmoney.com/news,000001,1722021907.html"
COMM_000054,comment,东方财富股吧,明天怎么走，大神们预测一下,2026-06-07,明天怎么走，大神们预测一下,平安银行(000001),62,1,"https://guba.eastmoney.com/news,000001,1721993929.html"
COMM_000055,comment,东方财富股吧,下周只要有5个点以上的调整，就加大入货力度，一年分红近6毛，好过存银行。,2026-06-06,下周只要有5个点以上的调整，就加大入货力度，一年分红近6毛，好过存银行。,平安银行(000001),472,9,"https://guba.eastmoney.com/news,000001,1721841541.html"
COMM_000056,comment,东方财富股吧,平安银行这个价值得买入吗？？大神指点一下,2026-06-07,平安银行这个价值得买入吗？？大神指点一下,平安银行(000001),90,1,"https://guba.eastmoney.com/news,000001,1721987755.html"
COMM_000057,comment,东方财富股吧,明天看你扛大旗,2026-06-07,明天看你扛大旗,平安银行(000001),277,7,"https://guba.eastmoney.com/news,000001,1721940185.html"
COMM_000058,comment,东方财富股吧,富时中国A50指数，重要调整,2026-06-03,富时中国A50指数，重要调整,平安银行(000001),11627,32,"https://guba.eastmoney.com/news,hk03986,1720032923.html"
COMM_000059,comment,东方财富股吧,周一怎么走,2026-06-06,周一怎么走,平安银行(000001),180,3,"https://guba.eastmoney.com/news,000001,1721833902.html"
COMM_000060,comment,东方财富股吧,$平安银行(SZ000001)$,2026-06-07,$平安银行(SZ000001)$,平安银行(000001),58,0,"https://guba.eastmoney.com/news,000001,1721971817.html"
COMM_000061,comment,东方财富股吧,富时中国A50指数，迎来重大调整,2026-06-03,富时中国A50指数，迎来重大调整,平安银行(000001),27020,79,"https://guba.eastmoney.com/news,603986,1720025543.html"
COMM_000062,comment,东方财富股吧,我还在等10.6多加呢，结果这就上去了,2026-06-05,我还在等10.6多加呢，结果这就上去了,平安银行(000001),107,3,"https://guba.eastmoney.com/news,000001,1721123607.html"
COMM_000063,comment,东方财富股吧,三年了，吃股息还亏7%,2026-06-05,三年了，吃股息还亏7%,平安银行(000001),252,6,"https://guba.eastmoney.com/news,000001,1721763979.html"
COMM_000064,comment,东方财富股吧,平安银行：2025年年度权益分派实施公告,2026-06-04,平安银行：2025年年度权益分派实施公告,平安银行(000001),5027,17,"https://guba.eastmoney.com/news,000001,1720946324.html"
COMM_000065,comment,东方财富股吧,6月与7月是大部分投资分红收获季。6月11日是平安银行登记日，每股分红0.36，,2026-06-06,6月与7月是大部分投资分红收获季。6月11日是平安银行登记日，每股分红0.36，,平安银行(000001),441,4,"https://guba.eastmoney.com/news,000001,1721839591.html"
COMM_000066,comment,东方财富股吧,现在回头看2024年初9元价格买入平安银行的人都已经躺赢了，按现在股息率算，股息,2026-06-06,现在回头看2024年初9元价格买入平安银行的人都已经躺赢了，按现在股息率算，股息,平安银行(000001),1167,8,"https://guba.eastmoney.com/news,000001,1721848641.html"
COMM_000067,comment,东方财富股吧,平安银行今年在银行股中后期必将成为黑马，理由如下，一是重回增长已确定，冀总已反复,2026-06-05,平安银行今年在银行股中后期必将成为黑马，理由如下，一是重回增长已确定，冀总已反复,平安银行(000001),1330,11,"https://guba.eastmoney.com/news,000001,1721589441.html"
COMM_000068,comment,东方财富股吧,总洁:发起924行情，是套人亥人的，，,2026-06-04,总洁:发起924行情，是套人亥人的，，,平安银行(000001),470,9,"https://guba.eastmoney.com/news,601601,1720520818.html"
COMM_000069,comment,东方财富股吧,历史上被剔除的股票永远是最低点，纳入的永远是最高点,2026-06-06,历史上被剔除的股票永远是最低点，纳入的永远是最高点,平安银行(000001),291,4,"https://guba.eastmoney.com/news,000001,1721796473.html"
COMM_000070,comment,东方财富股吧,看抖音来的垃圾平安银行,2026-06-05,看抖音来的垃圾平安银行,平安银行(000001),100,1,"https://guba.eastmoney.com/news,000001,1721789790.html"
COMM_000071,comment,东方财富股吧,咋上去了呢？等着加仓呢看来得等到分红除息后看看能有机会吗？,2026-06-05,咋上去了呢？等着加仓呢看来得等到分红除息后看看能有机会吗？,平安银行(000001),66,1,"https://guba.eastmoney.com/news,000001,1721648492.html"
COMM_000072,comment,东方财富股吧,都在说平安被踢出Ａ50是利好，我怎么感觉后背发凉呢？但愿是我想太多了，总觉得人在,2026-06-04,都在说平安被踢出Ａ50是利好，我怎么感觉后背发凉呢？但愿是我想太多了，总觉得人在,平安银行(000001),2329,29,"https://guba.eastmoney.com/news,000001,1720091764.html"
COMM_000073,comment,东方财富股吧,很多人说分红就是分自己的钱，还不去不分，你们是这是什么脑回路啊？这些人脑袋上肯定,2026-06-07,很多人说分红就是分自己的钱，还不去不分，你们是这是什么脑回路啊？这些人脑袋上肯定,平安银行(000001),548,30,"https://guba.eastmoney.com/news,000001,1721973945.html"
COMM_000074,comment,东方财富股吧,想挣钱就是一个字：干！人生短暂，留给我们的时间不多了，何不拼一下子呢，拒绝平庸，,2026-06-08,想挣钱就是一个字：干！人生短暂，留给我们的时间不多了，何不拼一下子呢，拒绝平庸，,平安银行(000001),17,0,"https://guba.eastmoney.com/news,000001,1722444771.html"
COMM_000075,comment,东方财富股吧,平安银行这是要高打高举，回归本源。,2026-06-08,平安银行这是要高打高举，回归本源。,平安银行(000001),20,0,"https://guba.eastmoney.com/news,000001,1722414116.html"
COMM_000076,comment,东方财富股吧,假如每年都能分六毛我也就知足了，不奢望太多，看来也无可能。,2026-06-07,假如每年都能分六毛我也就知足了，不奢望太多，看来也无可能。,平安银行(000001),198,4,"https://guba.eastmoney.com/news,000001,1721944511.html"
COMM_000077,comment,东方财富股吧,积极参加分猪肉，当然，万一分到带毛母猪肉，只能自认倒霉。不过，这个价位，再向下到,2026-06-07,积极参加分猪肉，当然，万一分到带毛母猪肉，只能自认倒霉。不过，这个价位，再向下到,平安银行(000001),171,1,"https://guba.eastmoney.com/news,000001,1721938389.html"
COMM_000078,comment,东方财富股吧,市盈率太低了，起码达到9才合适。,2026-06-05,市盈率太低了，起码达到9才合适。,平安银行(000001),120,4,"https://guba.eastmoney.com/news,000001,1721589238.html"
COMM_000079,comment,东方财富股吧,能不能涨到12，涨到12我交出筹码，只求给我个回本的机会，熬的我已经生病了,2026-06-05,能不能涨到12，涨到12我交出筹码，只求给我个回本的机会，熬的我已经生病了,平安银行(000001),361,18,"https://guba.eastmoney.com/news,000001,1721446319.html"
COMM_000080,comment,东方财富股吧,刚才看到个疑似雷,2026-06-05,刚才看到个疑似雷,平安银行(000001),74,0,"https://guba.eastmoney.com/news,000001,1721772052.html"
COMM_000081,comment,东方财富股吧,~,2026-06-05,~,平安银行(000001),40,0,"https://guba.eastmoney.com/news,000001,1721767507.html"
COMM_000082,comment,东方财富股吧,近七成A股上市银行已设国际业务部，离岸联动与流程嵌入“双轨”并行,2026-06-05,近七成A股上市银行已设国际业务部，离岸联动与流程嵌入“双轨”并行,平安银行(000001),1046,0,"https://guba.eastmoney.com/news,000001,1721766188.html"
COMM_000083,comment,东方财富股吧,动态市盈率不到4，四年不到再赚一个平安。现在进简直就是捡钱啊,2026-06-05,动态市盈率不到4，四年不到再赚一个平安。现在进简直就是捡钱啊,平安银行(000001),247,3,"https://guba.eastmoney.com/news,000001,1721730695.html"
COMM_000084,comment,东方财富股吧,细品，中证金，北向为什么拼命往外跑，而散户们不惜本金流失也要分红呢？26年的分红,2026-06-04,细品，中证金，北向为什么拼命往外跑，而散户们不惜本金流失也要分红呢？26年的分红,平安银行(000001),401,8,"https://guba.eastmoney.com/news,000001,1720948353.html"
COMM_000085,comment,东方财富股吧,下周或许会到11.6+,2026-06-05,下周或许会到11.6+,平安银行(000001),237,4,"https://guba.eastmoney.com/news,000001,1721513232.html"
COMM_000086,comment,东方财富股吧,大银行没有长的，也就平安了,2026-06-05,大银行没有长的，也就平安了,平安银行(000001),83,1,"https://guba.eastmoney.com/news,000001,1721710325.html"
COMM_000087,comment,东方财富股吧,A50指数，有重要调整,2026-06-03,A50指数，有重要调整,平安银行(000001),15167,39,"https://guba.eastmoney.com/news,hk03986,1720055290.html"
COMM_000088,comment,东方财富股吧,平安银行:2025年年度权益分派实施公告,2026-06-04,平安银行:2025年年度权益分派实施公告,平安银行(000001),1006,31,"https://guba.eastmoney.com/news,000001,1720887624.html"
COMM_000089,comment,东方财富股吧,江苏，南京都超过你了,2026-06-05,江苏，南京都超过你了,平安银行(000001),106,3,"https://guba.eastmoney.com/news,000001,1721493018.html"
COMM_000090,comment,东方财富股吧,看来得注意了A50ETF被动盘出逃那天收盘前有机会捡点低价筹码吗？,2026-06-05,看来得注意了A50ETF被动盘出逃那天收盘前有机会捡点低价筹码吗？,平安银行(000001),65,0,"https://guba.eastmoney.com/news,000001,1721655800.html"
COMM_000091,comment,东方财富股吧,平安银行真不涨啊，只能每天踢它一脚平安银行盘子太大，没有游资炒它。只能自己想办法,2026-04-11,平安银行真不涨啊，只能每天踢它一脚平安银行盘子太大，没有游资炒它。只能自己想办法,平安银行(000001),1644,49,"https://guba.eastmoney.com/news,000001,1692002029.html"
COMM_000092,comment,东方财富股吧,$平安银行(SZ000001)$,2026-06-05,$平安银行(SZ000001)$,平安银行(000001),47,0,"https://guba.eastmoney.com/news,000001,1721642994.html"
COMM_000093,comment,东方财富股吧,$平安银行(SZ000001)$,2026-06-05,$平安银行(SZ000001)$,平安银行(000001),43,0,"https://guba.eastmoney.com/news,000001,1721641980.html"
COMM_000094,comment,东方财富股吧,辛苦钱投入，有去无回,2026-06-05,辛苦钱投入，有去无回,平安银行(000001),49,0,"https://guba.eastmoney.com/news,000001,1721640539.html"
COMM_000095,comment,东方财富股吧,只有投入，没有回报！,2026-06-05,只有投入，没有回报！,平安银行(000001),44,0,"https://guba.eastmoney.com/news,000001,1721635709.html"
COMM_000096,comment,东方财富股吧,梭哈是一种智慧,2026-05-28,梭哈是一种智慧,平安银行(000001),54,0,"https://guba.eastmoney.com/news,000001,1716479598.html"
COMM_000097,comment,东方财富股吧,分完红9.88能买上吗,2026-06-04,分完红9.88能买上吗,平安银行(000001),166,5,"https://guba.eastmoney.com/news,000001,1720932808.html"
COMM_000098,comment,东方财富股吧,昨个儿四千多家绿，指数红了…今儿四千多见红了指数大部分绿了！午后二小时自由发挥可,2026-06-05,昨个儿四千多家绿，指数红了…今儿四千多见红了指数大部分绿了！午后二小时自由发挥可,平安银行(000001),59,0,"https://guba.eastmoney.com/news,000001,1721562748.html"
COMM_000099,comment,东方财富股吧,怎么不动了？,2026-06-05,怎么不动了？,平安银行(000001),117,4,"https://guba.eastmoney.com/news,000001,1721347830.html"
COMM_000100,comment,东方财富股吧,平安银行这股价真对不起它证券代码！,2026-06-05,平安银行这股价真对不起它证券代码！,平安银行(000001),44,0,"https://guba.eastmoney.com/news,000001,1721522609.html"
COMM_000101,comment,东方财富股吧,快点分红，拖拖拉拉，我持股满1年了，分我自己的钱，还好不用缴税了。,2026-06-04,快点分红，拖拖拉拉，我持股满1年了，分我自己的钱，还好不用缴税了。,平安银行(000001),432,25,"https://guba.eastmoney.com/news,000001,1720889149.html"
COMM_000102,comment,东方财富股吧,除了息pe又得降低了。,2026-06-04,除了息pe又得降低了。,平安银行(000001),78,0,"https://guba.eastmoney.com/news,000001,1720909174.html"
COMM_000103,comment,东方财富股吧,昨天卖了就涨,2026-06-05,昨天卖了就涨,平安银行(000001),112,3,"https://guba.eastmoney.com/news,000001,1721403882.html"
COMM_000104,comment,东方财富股吧,大家都坐等分猪肉，分我手上，不会是带毛的吧？,2026-06-05,大家都坐等分猪肉，分我手上，不会是带毛的吧？,平安银行(000001),186,5,"https://guba.eastmoney.com/news,000001,1721332383.html"
COMM_000105,comment,东方财富股吧,别装了,2026-06-05,别装了,平安银行(000001),52,3,"https://guba.eastmoney.com/news,000001,1721252856.html"
COMM_000106,comment,东方财富股吧,宁可追高，小心抄底，就算分了带毛猪肉，也拼了！,2026-06-05,宁可追高，小心抄底，就算分了带毛猪肉，也拼了！,平安银行(000001),42,0,"https://guba.eastmoney.com/news,000001,1721422665.html"
COMM_000107,comment,东方财富股吧,平安目前投资应该是最安全的，当然这说的是持有半年到一年的投资者，现在买入到明年这,2026-06-05,平安目前投资应该是最安全的，当然这说的是持有半年到一年的投资者，现在买入到明年这,平安银行(000001),379,7,"https://guba.eastmoney.com/news,000001,1721280867.html"
COMM_000108,comment,东方财富股吧,牛啊，涨停来一个,2026-06-05,牛啊，涨停来一个,平安银行(000001),54,1,"https://guba.eastmoney.com/news,000001,1721378126.html"
COMM_000109,comment,东方财富股吧,A股上市银行分红季来了 2025年度分红总额有望创下历史新高,2026-06-03,A股上市银行分红季来了 2025年度分红总额有望创下历史新高,平安银行(000001),6646,15,"https://guba.eastmoney.com/news,601998,1719969866.html"
COMM_000110,comment,东方财富股吧,三年存贷款量不增，规模不增何来业绩？！看华夏银行，每年存贷量都大增，业绩自然会好,2026-05-29,三年存贷款量不增，规模不增何来业绩？！看华夏银行，每年存贷量都大增，业绩自然会好,平安银行(000001),70,1,"https://guba.eastmoney.com/news,000001,1717020487.html"
COMM_000111,comment,东方财富股吧,短线户别来凑热闹就好了,2026-06-05,短线户别来凑热闹就好了,平安银行(000001),118,8,"https://guba.eastmoney.com/news,000001,1720974080.html"
COMM_000112,comment,东方财富股吧,高中签率新股来了：惠科股份，001399，记得要申购哦！！！,2026-06-04,高中签率新股来了：惠科股份，001399，记得要申购哦！！！,平安银行(000001),4510,9,"https://guba.eastmoney.com/news,001399,1720152786.html"
COMM_000113,comment,东方财富股吧,涨了就卖,2026-06-05,涨了就卖,平安银行(000001),35,0,"https://guba.eastmoney.com/news,000001,1721317475.html"
COMM_000114,comment,东方财富股吧,平安银行，严重破净股，净利增长，超过五个点的股息率，不到五倍的市盈率。想做空这样,2026-06-05,平安银行，严重破净股，净利增长，超过五个点的股息率，不到五倍的市盈率。想做空这样,平安银行(000001),191,2,"https://guba.eastmoney.com/news,000001,1721229503.html"
COMM_000115,comment,东方财富股吧,大家成本多少？接下来还要不要补仓平安银行，请高手指点。,2026-05-28,大家成本多少？接下来还要不要补仓平安银行，请高手指点。,平安银行(000001),1752,24,"https://guba.eastmoney.com/news,000001,1716604174.html"
COMM_000116,comment,东方财富股吧,加油，争取上榜一,2026-06-05,加油，争取上榜一,平安银行(000001),47,1,"https://guba.eastmoney.com/news,000001,1721222442.html"
COMM_000117,comment,东方财富股吧,他奶奶的，你们不是说这两天要砸到9块钱吗？害得我昨天没加仓,2026-06-05,他奶奶的，你们不是说这两天要砸到9块钱吗？害得我昨天没加仓,平安银行(000001),142,2,"https://guba.eastmoney.com/news,000001,1721215940.html"
COMM_000118,comment,东方财富股吧,下来吧别装了,2026-06-05,下来吧别装了,平安银行(000001),41,0,"https://guba.eastmoney.com/news,000001,1721255306.html"
COMM_000119,comment,东方财富股吧,科技不死，狂跌不止,2026-06-05,科技不死，狂跌不止,平安银行(000001),42,0,"https://guba.eastmoney.com/news,000001,1721223326.html"
COMM_000120,comment,东方财富股吧,平安有80亿的十大股东外的股票，市值900亿，我们把每年的分红50亿买平安的股票,2026-06-05,平安有80亿的十大股东外的股票，市值900亿，我们把每年的分红50亿买平安的股票,平安银行(000001),129,1,"https://guba.eastmoney.com/news,000001,1721168564.html"
COMM_000121,comment,东方财富股吧,的一声,2026-06-05,的一声,平安银行(000001),53,1,"https://guba.eastmoney.com/news,000001,1721145672.html"
COMM_000122,comment,东方财富股吧,"你涨多高都与我无关,我只要股息",2026-06-05,"你涨多高都与我无关,我只要股息",平安银行(000001),117,5,"https://guba.eastmoney.com/news,000001,1721034908.html"
COMM_000123,comment,东方财富股吧,我都不知道为啥要涨，不涨不行吗,2026-06-05,我都不知道为啥要涨，不涨不行吗,平安银行(000001),63,2,"https://guba.eastmoney.com/news,000001,1721109451.html"
COMM_000124,comment,东方财富股吧,昨天才卖,2026-06-05,昨天才卖,平安银行(000001),42,0,"https://guba.eastmoney.com/news,000001,1721123686.html"
COMM_000125,comment,东方财富股吧,昨天才卖,2026-06-05,昨天才卖,平安银行(000001),39,0,"https://guba.eastmoney.com/news,000001,1721118704.html"
COMM_000126,comment,东方财富股吧,的又骗走我两万股,2026-06-05,的又骗走我两万股,平安银行(000001),52,0,"https://guba.eastmoney.com/news,000001,1721098669.html"
COMM_000127,comment,东方财富股吧,"傻13科技,说到底就是赌博,包装得似模似样",2026-06-05,"傻13科技,说到底就是赌博,包装得似模似样",平安银行(000001),42,0,"https://guba.eastmoney.com/news,000001,1721055158.html"
COMM_000128,comment,东方财富股吧,赶紧分红吧！我要拿股息加仓！,2026-06-05,赶紧分红吧！我要拿股息加仓！,平安银行(000001),38,0,"https://guba.eastmoney.com/news,000001,1721046255.html"
COMM_000129,comment,东方财富股吧,"美股银行不一样,他们加息潮来了,说明息差要回升了,所以银行股才涨",2026-06-05,"美股银行不一样,他们加息潮来了,说明息差要回升了,所以银行股才涨",平安银行(000001),50,0,"https://guba.eastmoney.com/news,000001,1721042420.html"
COMM_000130,comment,东方财富股吧,年初：我要翻倍！年底：保本就行,2026-06-05,年初：我要翻倍！年底：保本就行,平安银行(000001),43,0,"https://guba.eastmoney.com/news,000001,1721031626.html"
COMM_000131,comment,东方财富股吧,平安银行：融资净买入1310.71万元，融资余额54.55亿元,2026-06-05,平安银行：融资净买入1310.71万元，融资余额54.55亿元,平安银行(000001),74,0,"https://guba.eastmoney.com/news,000001,1721031197.html"
COMM_000132,comment,东方财富股吧,明天能不能涨5个点，美股银行大涨,2026-06-05,明天能不能涨5个点，美股银行大涨,平安银行(000001),144,4,"https://guba.eastmoney.com/news,000001,1720973001.html"
COMM_000133,comment,东方财富股吧,今天收在11.10元之上，，,2026-06-05,今天收在11.10元之上，，,平安银行(000001),46,0,"https://guba.eastmoney.com/news,000001,1721016835.html"
COMM_000134,comment,东方财富股吧,这是非要把人往科技股里赶，偏不去！,2026-06-05,这是非要把人往科技股里赶，偏不去！,平安银行(000001),29,0,"https://guba.eastmoney.com/news,000001,1721011891.html"
COMM_000135,comment,东方财富股吧,本周五出公告，11日分红,2026-06-03,本周五出公告，11日分红,平安银行(000001),193,3,"https://guba.eastmoney.com/news,000001,1720051524.html"
COMM_000136,comment,东方财富股吧,终于要分红了,2026-06-05,终于要分红了,平安银行(000001),45,0,"https://guba.eastmoney.com/news,000001,1720997284.html"
COMM_000137,comment,东方财富股吧,近5亿元锦龙到底还还是不还？两家还在打官司。会不会变成坏账，计入损失？如果是这样,2026-06-04,近5亿元锦龙到底还还是不还？两家还在打官司。会不会变成坏账，计入损失？如果是这样,平安银行(000001),204,7,"https://guba.eastmoney.com/news,000001,1720903680.html"
COMM_000138,comment,东方财富股吧,吃股息吃股息吃股息，贷款100万，利率3%，吃股息5%,2026-06-04,吃股息吃股息吃股息，贷款100万，利率3%，吃股息5%,平安银行(000001),232,7,"https://guba.eastmoney.com/news,000001,1720475649.html"
COMM_000139,comment,东方财富股吧,每个月1w定投到退休30年能实现财富自由全球旅行吗,2026-06-04,每个月1w定投到退休30年能实现财富自由全球旅行吗,平安银行(000001),261,7,"https://guba.eastmoney.com/news,000001,1720829771.html"
COMM_000140,comment,东方财富股吧,买银行就说明我要放十年，这点波动无所谓,2026-06-05,买银行就说明我要放十年，这点波动无所谓,平安银行(000001),53,0,"https://guba.eastmoney.com/news,000001,1720972295.html"
COMM_000141,comment,东方财富股吧,买银行的都是钉子户，庄家铁锤砸不出来，开压路机碾。,2026-06-04,买银行的都是钉子户，庄家铁锤砸不出来，开压路机碾。,平安银行(000001),53,0,"https://guba.eastmoney.com/news,000001,1720968596.html"
COMM_000142,comment,东方财富股吧,主力，能不能给点力，涨一涨吧，没钱了,2026-06-04,主力，能不能给点力，涨一涨吧，没钱了,平安银行(000001),47,0,"https://guba.eastmoney.com/news,000001,1720967838.html"
COMM_000143,comment,东方财富股吧,$平安银行(SZ000001)$,2026-06-04,$平安银行(SZ000001)$,平安银行(000001),344,2,"https://guba.eastmoney.com/news,000001,1720958624.html"
COMM_000144,comment,东方财富股吧,这就是散户在怪A市场大讲投资价值的苦果,2026-06-04,这就是散户在怪A市场大讲投资价值的苦果,平安银行(000001),54,1,"https://guba.eastmoney.com/news,000001,1720950795.html"
COMM_000145,comment,东方财富股吧,现在已经很怀疑价值投资了,2026-06-04,现在已经很怀疑价值投资了,平安银行(000001),227,3,"https://guba.eastmoney.com/news,000001,1720951263.html"
COMM_000146,comment,东方财富股吧,我要集中资金把平安银行炒正了，再集中资金把海螺水泥炒正了，再集中资金把民生银行炒,2026-06-04,我要集中资金把平安银行炒正了，再集中资金把海螺水泥炒正了，再集中资金把民生银行炒,平安银行(000001),154,7,"https://guba.eastmoney.com/news,000001,1720697461.html"
COMM_000147,comment,东方财富股吧,8块是支撑线,2026-06-04,8块是支撑线,平安银行(000001),60,2,"https://guba.eastmoney.com/news,000001,1720943549.html"
COMM_000148,comment,东方财富股吧,终于要派息了。,2026-06-04,终于要派息了。,平安银行(000001),214,4,"https://guba.eastmoney.com/news,000001,1720892494.html"
COMM_000149,comment,东方财富股吧,靠，调出A50会跌到9元吗,2026-06-04,靠，调出A50会跌到9元吗,平安银行(000001),238,6,"https://guba.eastmoney.com/news,000001,1720666286.html"
COMM_000150,comment,东方财富股吧,搞笑,2026-06-04,搞笑,平安银行(000001),44,0,"https://guba.eastmoney.com/news,000001,1720948575.html"
COMM_000151,comment,东方财富股吧,"散户不下车,就不会有大涨!大家磨!看谁命长!",2026-06-04,"散户不下车,就不会有大涨!大家磨!看谁命长!",平安银行(000001),96,3,"https://guba.eastmoney.com/news,000001,1720911710.html"
COMM_000152,comment,东方财富股吧,不要管票子的涨跌，你只负责将票子变多就行了,2026-06-04,不要管票子的涨跌，你只负责将票子变多就行了,平安银行(000001),55,0,"https://guba.eastmoney.com/news,000001,1720937413.html"
COMM_000153,comment,东方财富股吧,分两次红利比一次牛逼呀，多了一次复利行情,2026-06-04,分两次红利比一次牛逼呀，多了一次复利行情,平安银行(000001),51,0,"https://guba.eastmoney.com/news,000001,1720934531.html"
COMM_000154,comment,东方财富股吧,有人怕分红股价大跌，越跌分红越多，23年分红就高,2026-06-04,有人怕分红股价大跌，越跌分红越多，23年分红就高,平安银行(000001),97,1,"https://guba.eastmoney.com/news,000001,1720913954.html"
COMM_000155,comment,东方财富股吧,有钱送了。零花钱有了。,2026-06-04,有钱送了。零花钱有了。,平安银行(000001),53,0,"https://guba.eastmoney.com/news,000001,1720918511.html"
COMM_000156,comment,东方财富股吧,怎么办，怎么办，有没有人知道怎么办，快给我跌麻了,2026-06-04,怎么办，怎么办，有没有人知道怎么办，快给我跌麻了,平安银行(000001),121,5,"https://guba.eastmoney.com/news,000001,1720873181.html"
COMM_000157,comment,东方财富股吧,持有3年多又到分红时了,2026-06-04,持有3年多又到分红时了,平安银行(000001),63,0,"https://guba.eastmoney.com/news,000001,1720912456.html"
COMM_000158,comment,东方财富股吧,"10.64买入平安,昨天和今天交易了两道3次,成本10.57!满血和主力熬,看谁",2026-06-04,"10.64买入平安,昨天和今天交易了两道3次,成本10.57!满血和主力熬,看谁",平安银行(000001),60,0,"https://guba.eastmoney.com/news,000001,1720910856.html"
COMM_000159,comment,东方财富股吧,涉诉太多，锦龙股份的债主“坐不住”了？平安银行想要提前收回4.99亿元借款,2026-06-03,涉诉太多，锦龙股份的债主“坐不住”了？平安银行想要提前收回4.99亿元借款,平安银行(000001),2877,11,"https://guba.eastmoney.com/news,000712,1719978327.html"
COMM_000160,comment,东方财富股吧,除权价不到10.5了,2026-06-04,除权价不到10.5了,平安银行(000001),72,1,"https://guba.eastmoney.com/news,000001,1720890909.html"
COMM_000161,comment,东方财富股吧,我买来打个新都不放过我....,2026-06-04,我买来打个新都不放过我....,平安银行(000001),190,11,"https://guba.eastmoney.com/news,000001,1720614381.html"
COMM_000162,comment,东方财富股吧,6.11日登记日,2026-06-04,6.11日登记日,平安银行(000001),58,0,"https://guba.eastmoney.com/news,000001,1720888631.html"
COMM_000163,comment,东方财富股吧,平安银行的股民真的好苦啊为什么要这样对我们,2026-06-04,平安银行的股民真的好苦啊为什么要这样对我们,平安银行(000001),53,0,"https://guba.eastmoney.com/news,000001,1720887774.html"
COMM_000164,comment,东方财富股吧,pb不到0.5，pe不到5，股息5%以上，还是银行，业绩稳定不会爆亏爆赚，这都不,2026-06-04,pb不到0.5，pe不到5，股息5%以上，还是银行，业绩稳定不会爆亏爆赚，这都不,平安银行(000001),238,9,"https://guba.eastmoney.com/news,000001,1720569497.html"
COMM_000165,comment,东方财富股吧,2025年报及2026一季报点评：收入利润增速均回正,2026-04-26,2025年报及2026一季报点评：收入利润增速均回正,平安银行(000001),1601,5,"https://guba.eastmoney.com/news,000001,1699362698.html"
COMM_000166,comment,东方财富股吧,珍惜10元的平安吧,2026-06-04,珍惜10元的平安吧,平安银行(000001),44,0,"https://guba.eastmoney.com/news,000001,1720873603.html"
COMM_000167,comment,东方财富股吧,种,2026-06-04,种,平安银行(000001),42,0,"https://guba.eastmoney.com/news,000001,1720852569.html"
COMM_000168,comment,东方财富股吧,散户们趁高价赎回科技股基金，公募、私募肯定慌，只要一个点的筹码松动，都会比跑得快,2026-06-04,散户们趁高价赎回科技股基金，公募、私募肯定慌，只要一个点的筹码松动，都会比跑得快,平安银行(000001),77,0,"https://guba.eastmoney.com/news,000001,1720847866.html"
COMM_000169,comment,东方财富股吧,说实话，真不怪平安银行。现在市场除了科技，全部无差别杀。哎，畸形的市场就是这样,2026-06-04,说实话，真不怪平安银行。现在市场除了科技，全部无差别杀。哎，畸形的市场就是这样,平安银行(000001),284,6,"https://guba.eastmoney.com/news,000001,1720628731.html"
COMM_000170,comment,东方财富股吧,梭哈买30万股，躺平收息养老了,2026-06-04,梭哈买30万股，躺平收息养老了,平安银行(000001),194,4,"https://guba.eastmoney.com/news,000001,1720835517.html"
COMM_000171,comment,东方财富股吧,平安保险占了60%股份，大股东要不要股息分红？只要能分红，复投最好不涨，或者几年,2026-06-04,平安保险占了60%股份，大股东要不要股息分红？只要能分红，复投最好不涨，或者几年,平安银行(000001),341,6,"https://guba.eastmoney.com/news,000001,1720337781.html"
COMM_000172,comment,东方财富股吧,这走势，估计是在保险和券商，洗盘结束！三大金融一起发力！,2026-06-04,这走势，估计是在保险和券商，洗盘结束！三大金融一起发力！,平安银行(000001),56,0,"https://guba.eastmoney.com/news,000001,1720832945.html"
COMM_000173,comment,东方财富股吧,还不发公告派息？,2026-06-04,还不发公告派息？,平安银行(000001),46,0,"https://guba.eastmoney.com/news,000001,1720830782.html"
COMM_000174,comment,东方财富股吧,破10.4肯定,2026-06-04,破10.4肯定,平安银行(000001),47,0,"https://guba.eastmoney.com/news,000001,1720821824.html"
COMM_000175,comment,东方财富股吧,大家擦亮眼睛，千手哥屡屡出现！,2026-06-04,大家擦亮眼睛，千手哥屡屡出现！,平安银行(000001),82,2,"https://guba.eastmoney.com/news,000001,1720665697.html"
COMM_000176,comment,东方财富股吧,连跌十几天，反弹不到一半又掉头往下。几年了跌是常态。,2026-06-04,连跌十几天，反弹不到一半又掉头往下。几年了跌是常态。,平安银行(000001),52,1,"https://guba.eastmoney.com/news,000001,1720373051.html"
COMM_000177,comment,东方财富股吧,平安银行的股价很配合建仓啊，不错不错,2026-06-04,平安银行的股价很配合建仓啊，不错不错,平安银行(000001),45,0,"https://guba.eastmoney.com/news,000001,1720808566.html"
COMM_000178,comment,东方财富股吧,肯定很多人抗不住！资本主力大力绞杀！,2026-06-03,肯定很多人抗不住！资本主力大力绞杀！,平安银行(000001),87,2,"https://guba.eastmoney.com/news,000001,1719751444.html"
COMM_000179,comment,东方财富股吧,价值投资？？,2026-06-04,价值投资？？,平安银行(000001),298,4,"https://guba.eastmoney.com/news,000001,1720699037.html"
COMM_000180,comment,东方财富股吧,完了，10.84补了一点仓，补完不停跌,2026-06-04,完了，10.84补了一点仓，补完不停跌,平安银行(000001),42,1,"https://guba.eastmoney.com/news,000001,1720732637.html"
COMM_000181,comment,东方财富股吧,别被唱多的人带偏了方向，要坚持自己的投资策略。,2026-06-04,别被唱多的人带偏了方向，要坚持自己的投资策略。,平安银行(000001),34,0,"https://guba.eastmoney.com/news,000001,1720798396.html"
COMM_000182,comment,东方财富股吧,就这-----卓越领先的智能化零售银行,2026-06-04,就这-----卓越领先的智能化零售银行,平安银行(000001),29,0,"https://guba.eastmoney.com/news,000001,1720796885.html"
COMM_000183,comment,东方财富股吧,就这-----卓越领先的智能化零售银行,2026-06-04,就这-----卓越领先的智能化零售银行,平安银行(000001),25,0,"https://guba.eastmoney.com/news,000001,1720794939.html"
COMM_000184,comment,东方财富股吧,就这一一卓越领先的智能化零售银行,2026-06-04,就这一一卓越领先的智能化零售银行,平安银行(000001),28,0,"https://guba.eastmoney.com/news,000001,1720792942.html"
COMM_000185,comment,东方财富股吧,一个人一旦融入群体智商就会下降,2026-06-04,一个人一旦融入群体智商就会下降,平安银行(000001),28,0,"https://guba.eastmoney.com/news,000001,1720781787.html"
COMM_000186,comment,东方财富股吧,大盘涨我不涨，大盘跌我跟跌，无语了,2026-06-04,大盘涨我不涨，大盘跌我跟跌，无语了,平安银行(000001),45,2,"https://guba.eastmoney.com/news,000001,1720722900.html"
COMM_000187,comment,东方财富股吧,"股价会负你,时间不会负你,时间到了向净资产靠拢加股息就够你发财",2026-06-04,"股价会负你,时间不会负你,时间到了向净资产靠拢加股息就够你发财",平安银行(000001),60,2,"https://guba.eastmoney.com/news,000001,1720762506.html"
COMM_000188,comment,东方财富股吧,明天啥股都得跌只留光屁股不跌,2026-06-04,明天啥股都得跌只留光屁股不跌,平安银行(000001),31,0,"https://guba.eastmoney.com/news,000001,1720756485.html"
COMM_000189,comment,东方财富股吧,慢慢熬吧你会挣很多钱,2026-06-04,慢慢熬吧你会挣很多钱,平安银行(000001),27,0,"https://guba.eastmoney.com/news,000001,1720756238.html"
COMM_000190,comment,东方财富股吧,时间就是我的好朋友,2026-06-04,时间就是我的好朋友,平安银行(000001),21,0,"https://guba.eastmoney.com/news,000001,1720751439.html"
COMM_000191,comment,东方财富股吧,"也就这样而已,反正跌多了就买",2026-06-04,"也就这样而已,反正跌多了就买",平安银行(000001),26,0,"https://guba.eastmoney.com/news,000001,1720748022.html"
COMM_000192,comment,东方财富股吧,被剔除a50，成为弃子，一路向下，大底是6块5,2026-06-04,被剔除a50，成为弃子，一路向下，大底是6块5,平安银行(000001),82,1,"https://guba.eastmoney.com/news,000001,1720648154.html"
COMM_000193,comment,东方财富股吧,一天回到解放前,2026-06-04,一天回到解放前,平安银行(000001),34,0,"https://guba.eastmoney.com/news,000001,1720666701.html"
COMM_000194,comment,东方财富股吧,这个货20几买的还是银行股太坏了,2026-06-04,这个货20几买的还是银行股太坏了,平安银行(000001),30,0,"https://guba.eastmoney.com/news,000001,1720664716.html"
COMM_000195,comment,东方财富股吧,啥情况，woc了,2026-06-04,啥情况，woc了,平安银行(000001),34,0,"https://guba.eastmoney.com/news,000001,1720655712.html"
COMM_000196,comment,东方财富股吧,光大银行被a50剔除后，跌的非常哇塞,2026-06-04,光大银行被a50剔除后，跌的非常哇塞,平安银行(000001),96,1,"https://guba.eastmoney.com/news,000001,1720627181.html"
COMM_000197,comment,东方财富股吧,今天先建仓，跌10%补2倍仓，在跌10%在补4倍仓，我就要那5%以前的分红，我不,2026-06-04,今天先建仓，跌10%补2倍仓，在跌10%在补4倍仓，我就要那5%以前的分红，我不,平安银行(000001),55,0,"https://guba.eastmoney.com/news,000001,1720637070.html"
COMM_000198,comment,东方财富股吧,凶残，一天把涨了几天的幅度都跌没了,2026-06-04,凶残，一天把涨了几天的幅度都跌没了,平安银行(000001),35,0,"https://guba.eastmoney.com/news,000001,1720621458.html"
COMM_000199,comment,东方财富股吧,11.05挂好久了买不到,2026-06-02,11.05挂好久了买不到,平安银行(000001),207,9,"https://guba.eastmoney.com/news,000001,1718720857.html"
COMM_000200,comment,东方财富股吧,不到3.5个亿你就这样了，有一点骨气行不行……,2026-06-04,不到3.5个亿你就这样了，有一点骨气行不行……,平安银行(000001),33,0,"https://guba.eastmoney.com/news,000001,1720617829.html"
COMM_000201,comment,东方财富股吧,其实也不用怪平安银行，所有老登都一样。明显有ggd操作,2026-06-04,其实也不用怪平安银行，所有老登都一样。明显有ggd操作,平安银行(000001),39,0,"https://guba.eastmoney.com/news,000001,1720615519.html"
COMM_000202,comment,东方财富股吧,被指数基金踢出去了,2026-06-04,被指数基金踢出去了,平安银行(000001),36,0,"https://guba.eastmoney.com/news,000001,1720605277.html"
COMM_000203,comment,东方财富股吧,老登股不行了,2026-06-04,老登股不行了,平安银行(000001),35,1,"https://guba.eastmoney.com/news,000001,1720561759.html"
COMM_000204,comment,东方财富股吧,骂不动了，毁灭吧,2026-06-04,骂不动了，毁灭吧,平安银行(000001),26,0,"https://guba.eastmoney.com/news,000001,1720586279.html"
COMM_000205,comment,东方财富股吧,静静的看你表演,2026-06-04,静静的看你表演,平安银行(000001),30,0,"https://guba.eastmoney.com/news,000001,1720585476.html"
COMM_000206,comment,东方财富股吧,银行中最垃圾的一个,2026-06-04,银行中最垃圾的一个,平安银行(000001),43,1,"https://guba.eastmoney.com/news,000001,1720529053.html"
COMM_000207,comment,东方财富股吧,大快人心啊,2026-06-04,大快人心啊,平安银行(000001),41,1,"https://guba.eastmoney.com/news,000001,1720570441.html"
COMM_000208,comment,东方财富股吧,大股东再不作为这股就废了……,2026-06-04,大股东再不作为这股就废了……,平安银行(000001),35,0,"https://guba.eastmoney.com/news,000001,1720568889.html"
COMM_000209,comment,东方财富股吧,日本要加息了拉爆全球,2026-06-04,日本要加息了拉爆全球,平安银行(000001),30,0,"https://guba.eastmoney.com/news,000001,1720568776.html"
COMM_000210,comment,东方财富股吧,"第一季度绩沪电的业绩0.65元，平安的业绩0.67元,一个上百一个十元,天理不公",2026-06-04,"第一季度绩沪电的业绩0.65元，平安的业绩0.67元,一个上百一个十元,天理不公",平安银行(000001),79,2,"https://guba.eastmoney.com/news,000001,1720520084.html"
COMM_000211,comment,东方财富股吧,上一波跌到10.62，这一次能跌到什么位置,2026-06-04,上一波跌到10.62，这一次能跌到什么位置,平安银行(000001),151,6,"https://guba.eastmoney.com/news,000001,1720370734.html"
COMM_000212,comment,东方财富股吧,我成本1130，无力补仓了，只能静等解套或深套,2026-06-04,我成本1130，无力补仓了，只能静等解套或深套,平安银行(000001),60,2,"https://guba.eastmoney.com/news,000001,1720503754.html"
COMM_000213,comment,东方财富股吧,分红日期公布了吗,2026-06-04,分红日期公布了吗,平安银行(000001),88,3,"https://guba.eastmoney.com/news,000001,1720409108.html"
COMM_000214,comment,东方财富股吧,一眼看过去，自选一片绿，除了半导体没别的了吗,2026-06-04,一眼看过去，自选一片绿，除了半导体没别的了吗,平安银行(000001),48,1,"https://guba.eastmoney.com/news,000001,1720509644.html"
COMM_000215,comment,东方财富股吧,看到昨晚美国三倍做空了吗。提出富时指数是绝对的大利好，然而机构蝇营狗苟为了这三瓜,2026-06-04,看到昨晚美国三倍做空了吗。提出富时指数是绝对的大利好，然而机构蝇营狗苟为了这三瓜,平安银行(000001),136,1,"https://guba.eastmoney.com/news,000001,1720424453.html"
COMM_000216,comment,东方财富股吧,以大多数才智水平论，不买银行股，反而亏损套牢更多更惨,2026-06-04,以大多数才智水平论，不买银行股，反而亏损套牢更多更惨,平安银行(000001),31,0,"https://guba.eastmoney.com/news,000001,1720503236.html"
COMM_000217,comment,东方财富股吧,太不行了换科技去了,2026-06-04,太不行了换科技去了,平安银行(000001),36,2,"https://guba.eastmoney.com/news,000001,1720340314.html"
COMM_000218,comment,东方财富股吧,股份制银行你最差，快让我解套，我要去兴业,2026-06-04,股份制银行你最差，快让我解套，我要去兴业,平安银行(000001),64,1,"https://guba.eastmoney.com/news,000001,1720443928.html"
COMM_000219,comment,东方财富股吧,10.43守不住了真的太烂了破10大概率,2026-06-04,10.43守不住了真的太烂了破10大概率,平安银行(000001),32,0,"https://guba.eastmoney.com/news,000001,1720492108.html"
COMM_000220,comment,东方财富股吧,赶紧砸到九块,2026-06-04,赶紧砸到九块,平安银行(000001),25,0,"https://guba.eastmoney.com/news,000001,1720449134.html"
COMM_000221,comment,东方财富股吧,剔出富时A50有影响吗,2026-06-04,剔出富时A50有影响吗,平安银行(000001),140,4,"https://guba.eastmoney.com/news,000001,1720207136.html"
COMM_000222,comment,东方财富股吧,它的反向指标这次失灵了！,2026-06-04,它的反向指标这次失灵了！,平安银行(000001),28,1,"https://guba.eastmoney.com/news,000001,1720413222.html"
COMM_000223,comment,东方财富股吧,真正炒AI科技的人，自选股里都没有一支银行股，跟本看不起,2026-06-04,真正炒AI科技的人，自选股里都没有一支银行股，跟本看不起,平安银行(000001),39,0,"https://guba.eastmoney.com/news,000001,1720373400.html"
COMM_000224,comment,东方财富股吧,$平安银行(SZ000001)$,2026-06-04,$平安银行(SZ000001)$,平安银行(000001),30,0,"https://guba.eastmoney.com/news,000001,1720345449.html"
COMM_000225,comment,东方财富股吧,被调出富时A50是不是基金多在跑啊,2026-06-04,被调出富时A50是不是基金多在跑啊,平安银行(000001),112,2,"https://guba.eastmoney.com/news,000001,1720286696.html"
COMM_000226,comment,东方财富股吧,吓唬谁呢，这个股息我是不会卖的,2026-06-04,吓唬谁呢，这个股息我是不会卖的,平安银行(000001),177,5,"https://guba.eastmoney.com/news,000001,1720189615.html"
COMM_000227,comment,东方财富股吧,服了，11都上不去吗。,2026-06-04,服了，11都上不去吗。,平安银行(000001),28,0,"https://guba.eastmoney.com/news,000001,1720339502.html"
COMM_000228,comment,东方财富股吧,快大家买进来分红了,2026-06-04,快大家买进来分红了,平安银行(000001),20,0,"https://guba.eastmoney.com/news,000001,1720339272.html"
COMM_000229,comment,东方财富股吧,调出了，有这么严重吗？开盘竟然是跌幅第一名？,2026-06-04,调出了，有这么严重吗？开盘竟然是跌幅第一名？,平安银行(000001),165,6,"https://guba.eastmoney.com/news,000001,1720167714.html"
COMM_000230,comment,东方财富股吧,平银，甚至是平安保险应该是有问题的。市场持续多年用脚投票。,2026-06-04,平银，甚至是平安保险应该是有问题的。市场持续多年用脚投票。,平安银行(000001),30,0,"https://guba.eastmoney.com/news,000001,1720332536.html"
COMM_000231,comment,东方财富股吧,踢出富时a50的长期影响会慢慢阴跌,2026-06-04,踢出富时a50的长期影响会慢慢阴跌,平安银行(000001),66,1,"https://guba.eastmoney.com/news,000001,1720262604.html"
COMM_000232,comment,东方财富股吧,事实上，现在的股市已经像2024年9月24日以前的状态了……根本没有多少散户在交,2026-06-04,事实上，现在的股市已经像2024年9月24日以前的状态了……根本没有多少散户在交,平安银行(000001),54,0,"https://guba.eastmoney.com/news,000001,1720319140.html"
COMM_000233,comment,东方财富股吧,你要分红，他要本金,2026-06-04,你要分红，他要本金,平安银行(000001),25,0,"https://guba.eastmoney.com/news,000001,1720316766.html"
COMM_000234,comment,东方财富股吧,为了赶散户去科技接盘，拼命打压低价银行股,2026-06-04,为了赶散户去科技接盘，拼命打压低价银行股,平安银行(000001),39,0,"https://guba.eastmoney.com/news,000001,1720290448.html"
COMM_000235,comment,东方财富股吧,，,2026-06-04,，,平安银行(000001),29,0,"https://guba.eastmoney.com/news,000001,1720288198.html"
COMM_000236,comment,东方财富股吧,强烈要求冀光恒引咎辞职,2026-06-04,强烈要求冀光恒引咎辞职,平安银行(000001),18,0,"https://guba.eastmoney.com/news,000001,1720268626.html"
COMM_000237,comment,东方财富股吧,它一年都是这样躺平发育，不涨也不跌，人家算准了！,2026-06-04,它一年都是这样躺平发育，不涨也不跌，人家算准了！,平安银行(000001),26,0,"https://guba.eastmoney.com/news,000001,1720265919.html"
COMM_000238,comment,东方财富股吧,还有比平安银行更低市盈率的吗,2026-06-04,还有比平安银行更低市盈率的吗,平安银行(000001),51,1,"https://guba.eastmoney.com/news,000001,1720177860.html"
COMM_000239,comment,东方财富股吧,恶心至极，垃圾够恶心了,2026-06-04,恶心至极，垃圾够恶心了,平安银行(000001),21,0,"https://guba.eastmoney.com/news,000001,1720235125.html"
COMM_000240,comment,东方财富股吧,强烈要求呢只股除牌,2026-06-04,强烈要求呢只股除牌,平安银行(000001),25,0,"https://guba.eastmoney.com/news,000001,1720216125.html"
COMM_000241,comment,东方财富股吧,这垃圾严重污染市场环境，应该清理出市场,2026-06-04,这垃圾严重污染市场环境，应该清理出市场,平安银行(000001),26,0,"https://guba.eastmoney.com/news,000001,1720184347.html"
COMM_000242,comment,东方财富股吧,利空出尽，不涨也难了。,2026-06-04,利空出尽，不涨也难了。,平安银行(000001),31,0,"https://guba.eastmoney.com/news,000001,1720180762.html"
COMM_000243,comment,东方财富股吧,2000万砸市值20亿也是牛，这是一个接盘的也没了？,2026-06-04,2000万砸市值20亿也是牛，这是一个接盘的也没了？,平安银行(000001),256,0,"https://guba.eastmoney.com/news,000001,1720177566.html"
COMM_000244,comment,东方财富股吧,这么多人等分猪肉，是不是有情况，有些不妙啊。,2026-06-04,这么多人等分猪肉，是不是有情况，有些不妙啊。,平安银行(000001),65,1,"https://guba.eastmoney.com/news,000001,1720132873.html"
COMM_000245,comment,东方财富股吧,恭喜倒数第一,2026-06-04,恭喜倒数第一,平安银行(000001),24,0,"https://guba.eastmoney.com/news,000001,1720164732.html"
COMM_000246,comment,东方财富股吧,早该清出去！！几年前四千多亿市值硬给老马干到二千亿……老马赶快分红！！！,2026-06-04,早该清出去！！几年前四千多亿市值硬给老马干到二千亿……老马赶快分红！！！,平安银行(000001),41,0,"https://guba.eastmoney.com/news,000001,1720156918.html"
COMM_000247,comment,东方财富股吧,涨一根阳线，也不知道后面有多少阴线拿着分红,2026-05-29,涨一根阳线，也不知道后面有多少阴线拿着分红,平安银行(000001),108,0,"https://guba.eastmoney.com/news,000001,1717361784.html"
COMM_000248,comment,东方财富股吧,屋漏偏逢连夜雨，船破遭遇打头风,2026-06-03,屋漏偏逢连夜雨，船破遭遇打头风,平安银行(000001),161,3,"https://guba.eastmoney.com/news,000001,1720047626.html"
COMM_000249,comment,东方财富股吧,平安银行，真是换了一波又一波的散户！回过头啦！看看还是那个样。好多以前股民都不在,2026-06-04,平安银行，真是换了一波又一波的散户！回过头啦！看看还是那个样。好多以前股民都不在,平安银行(000001),165,2,"https://guba.eastmoney.com/news,000001,1720109047.html"
COMM_000250,comment,东方财富股吧,平安银行：融资净买入273.28万元，融资余额54.41亿元,2026-06-04,平安银行：融资净买入273.28万元，融资余额54.41亿元,平安银行(000001),69,0,"https://guba.eastmoney.com/news,000001,1720137849.html"
COMM_000251,comment,东方财富股吧,豆包里说调出A50股价至少会跌到10.50元，极限会到9.7元，如果这样那就是买,2026-06-03,豆包里说调出A50股价至少会跌到10.50元，极限会到9.7元，如果这样那就是买,平安银行(000001),492,9,"https://guba.eastmoney.com/news,000001,1720073638.html"
COMM_000252,comment,东方财富股吧,剔除A50成分股很好反正股价在低位的，不活跃的，套牢者甚多的，股价在高位的，热门,2026-06-03,剔除A50成分股很好反正股价在低位的，不活跃的，套牢者甚多的，股价在高位的，热门,平安银行(000001),584,5,"https://guba.eastmoney.com/news,000001,1720030517.html"
COMM_000253,comment,东方财富股吧,A50调整，所以大盘看着红火火，可这些赚钱又分红的老登一片绿，虚假的市场信号！,2026-06-04,A50调整，所以大盘看着红火火，可这些赚钱又分红的老登一片绿，虚假的市场信号！,平安银行(000001),49,0,"https://guba.eastmoney.com/news,000001,1720113234.html"
COMM_000254,comment,东方财富股吧,反弹结束了!？，还是先蹲一下然后起跳!？,2026-06-04,反弹结束了!？，还是先蹲一下然后起跳!？,平安银行(000001),34,0,"https://guba.eastmoney.com/news,000001,1720101912.html"
COMM_000255,comment,东方财富股吧,$平安银行(SZ000001)$,2026-06-04,$平安银行(SZ000001)$,平安银行(000001),31,0,"https://guba.eastmoney.com/news,000001,1720101047.html"
COMM_000256,comment,东方财富股吧,平银三年存贷款不增，规模不增何来业绩？！,2026-05-29,平银三年存贷款不增，规模不增何来业绩？！,平安银行(000001),215,0,"https://guba.eastmoney.com/news,000001,1716970542.html"
COMM_000257,comment,东方财富股吧,今年必上23,2026-06-03,今年必上23,平安银行(000001),132,4,"https://guba.eastmoney.com/news,000001,1719912963.html"
COMM_000258,comment,东方财富股吧,过两年平安银行分红来个十派六元，转五股送五股就爽透了。哈哈哈！,2026-06-03,过两年平安银行分红来个十派六元，转五股送五股就爽透了。哈哈哈！,平安银行(000001),173,3,"https://guba.eastmoney.com/news,000001,1719958254.html"
COMM_000259,comment,东方财富股吧,车险的客服还给我推平安银行的贷款呀,2026-06-04,车险的客服还给我推平安银行的贷款呀,平安银行(000001),32,0,"https://guba.eastmoney.com/news,000001,1720091721.html"
COMM_000260,comment,东方财富股吧,这么多人等分红？,2026-06-03,这么多人等分红？,平安银行(000001),37,0,"https://guba.eastmoney.com/news,000001,1720084511.html"
COMM_000261,comment,东方财富股吧,啥时候上20，3年了，你知道这3年我是什么过。,2026-06-03,啥时候上20，3年了，你知道这3年我是什么过。,平安银行(000001),219,9,"https://guba.eastmoney.com/news,000001,1719825687.html"
COMM_000262,comment,东方财富股吧,一直跌分红公告也不出来下,2026-06-03,一直跌分红公告也不出来下,平安银行(000001),42,0,"https://guba.eastmoney.com/news,000001,1720075072.html"
COMM_000263,comment,东方财富股吧,特大利好来了,2026-06-03,特大利好来了,平安银行(000001),1702,13,"https://guba.eastmoney.com/news,000001,1719994311.html"
COMM_000264,comment,东方财富股吧,踢出A50了,2026-06-03,踢出A50了,平安银行(000001),207,3,"https://guba.eastmoney.com/news,000001,1720026843.html"
COMM_000265,comment,东方财富股吧,明天加仓干,2026-06-03,明天加仓干,平安银行(000001),41,0,"https://guba.eastmoney.com/news,000001,1720045842.html"
COMM_000266,comment,东方财富股吧,好期待分红！！！这个月不分，下个月也得分。躲得了初一，躲不过十五。快点公告呀！,2026-06-03,好期待分红！！！这个月不分，下个月也得分。躲得了初一，躲不过十五。快点公告呀！,平安银行(000001),89,1,"https://guba.eastmoney.com/news,000001,1719989692.html"
COMM_000267,comment,东方财富股吧,29股股息率超4% 价值板块安全边际增厚,2026-05-27,29股股息率超4% 价值板块安全边际增厚,平安银行(000001),89535,386,"https://guba.eastmoney.com/news,000651,1714990314.html"
COMM_000268,comment,东方财富股吧,还不错,2026-06-03,还不错,平安银行(000001),37,0,"https://guba.eastmoney.com/news,000001,1719980921.html"
COMM_000269,comment,东方财富股吧,15以下坚决不卖，随便你咋折腾！,2026-06-03,15以下坚决不卖，随便你咋折腾！,平安银行(000001),199,7,"https://guba.eastmoney.com/news,000001,1719795133.html"
COMM_000270,comment,东方财富股吧,账户绿油油。科技泡沫很快破灭。到时候看我们表演。,2026-06-03,账户绿油油。科技泡沫很快破灭。到时候看我们表演。,平安银行(000001),38,0,"https://guba.eastmoney.com/news,000001,1719979301.html"
COMM_000271,comment,东方财富股吧,低于25我不出，5年起步一个阶段深知播种和收获不在一个季节,2026-06-03,低于25我不出，5年起步一个阶段深知播种和收获不在一个季节,平安银行(000001),63,1,"https://guba.eastmoney.com/news,000001,1719945872.html"
COMM_000272,comment,东方财富股吧,还不错,2026-06-03,还不错,平安银行(000001),32,0,"https://guba.eastmoney.com/news,000001,1719977294.html"
COMM_000273,comment,东方财富股吧,分红啦,2026-06-03,分红啦,平安银行(000001),57,0,"https://guba.eastmoney.com/news,000001,1719963191.html"
COMM_000274,comment,东方财富股吧,这个位置能建仓吗？,2026-06-03,这个位置能建仓吗？,平安银行(000001),125,5,"https://guba.eastmoney.com/news,000001,1719599357.html"
COMM_000275,comment,东方财富股吧,分红前使劲跌吧！还有20W能加仓,2026-06-03,分红前使劲跌吧！还有20W能加仓,平安银行(000001),663,7,"https://guba.eastmoney.com/news,000001,1719665810.html"
COMM_000276,comment,东方财富股吧,如果是6月11分红，这货大概率一年涨幅就是一个寂寞！,2026-06-03,如果是6月11分红，这货大概率一年涨幅就是一个寂寞！,平安银行(000001),53,0,"https://guba.eastmoney.com/news,000001,1719942243.html"
COMM_000277,comment,东方财富股吧,你一句话让我的锦龙跌停了，卄,2026-06-03,你一句话让我的锦龙跌停了，卄,平安银行(000001),47,0,"https://guba.eastmoney.com/news,000001,1719940372.html"
COMM_000278,comment,东方财富股吧,张差男,2026-06-03,张差男,平安银行(000001),49,3,"https://guba.eastmoney.com/news,000001,1719770849.html"
COMM_000279,comment,东方财富股吧,市场太缺资金了 拉了那头 这头就完,2026-06-03,市场太缺资金了 拉了那头 这头就完,平安银行(000001),85,4,"https://guba.eastmoney.com/news,000001,1719586849.html"
COMM_000280,comment,东方财富股吧,银行股要等一年之后，科技见顶了才能启动，劝你们识时务点儿,2026-06-03,银行股要等一年之后，科技见顶了才能启动，劝你们识时务点儿,平安银行(000001),88,0,"https://guba.eastmoney.com/news,000001,1719649703.html"
COMM_000281,comment,东方财富股吧,老马你怎为全体股东打工？？就几年A股市值从六十多万亿干到一百多万亿！！你将平银五,2026-06-03,老马你怎为全体股东打工？？就几年A股市值从六十多万亿干到一百多万亿！！你将平银五,平安银行(000001),66,2,"https://guba.eastmoney.com/news,000001,1719564389.html"
COMM_000282,comment,东方财富股吧,日经指标高歌猛进…挑战七万就在眼花！！A股杂事操心左顾忌又盼盼！！怎办？？消费者,2026-06-03,日经指标高歌猛进…挑战七万就在眼花！！A股杂事操心左顾忌又盼盼！！怎办？？消费者,平安银行(000001),33,0,"https://guba.eastmoney.com/news,000001,1719756854.html"
COMM_000283,comment,东方财富股吧,呼叫主力，呼叫主力，呼叫主力，12块求回本谢谢主力,2026-06-03,呼叫主力，呼叫主力，呼叫主力，12块求回本谢谢主力,平安银行(000001),57,2,"https://guba.eastmoney.com/news,000001,1719611567.html"
COMM_000284,comment,东方财富股吧,现在搞宣传的天天让大家买所谓的蓝筹股，亏了那么多钱就没有人出声了，市场太残酷，还,2026-06-03,现在搞宣传的天天让大家买所谓的蓝筹股，亏了那么多钱就没有人出声了，市场太残酷，还,平安银行(000001),58,1,"https://guba.eastmoney.com/news,000001,1719652081.html"
COMM_000285,comment,东方财富股吧,什么时候分红啊,2026-06-03,什么时候分红啊,平安银行(000001),47,0,"https://guba.eastmoney.com/news,000001,1719677162.html"
COMM_000286,comment,东方财富股吧,下跌没什么力度，感觉随时会拉起来,2026-06-03,下跌没什么力度，感觉随时会拉起来,平安银行(000001),37,0,"https://guba.eastmoney.com/news,000001,1719670417.html"
COMM_000287,comment,东方财富股吧,牛市在新闻里，熊市在账户里,2026-06-03,牛市在新闻里，熊市在账户里,平安银行(000001),35,0,"https://guba.eastmoney.com/news,000001,1719659800.html"
COMM_000288,comment,东方财富股吧,一家银行红的都没有，无敌,2026-06-03,一家银行红的都没有，无敌,平安银行(000001),40,0,"https://guba.eastmoney.com/news,000001,1719642644.html"
COMM_000289,comment,东方财富股吧,平安又多了一个概念，要参股券商东莞证券,2026-06-03,平安又多了一个概念，要参股券商东莞证券,平安银行(000001),45,0,"https://guba.eastmoney.com/news,000001,1719638494.html"
COMM_000290,comment,东方财富股吧,创业板指数那么涨？会不会让股民更穷？会不会是资本收割？,2026-06-03,创业板指数那么涨？会不会让股民更穷？会不会是资本收割？,平安银行(000001),30,0,"https://guba.eastmoney.com/news,000001,1719637055.html"
COMM_000291,comment,东方财富股吧,锦龙股份欠平安的4.66亿到期了，然后貌似没钱还,2026-06-03,锦龙股份欠平安的4.66亿到期了，然后貌似没钱还,平安银行(000001),99,2,"https://guba.eastmoney.com/news,000001,1719529984.html"
COMM_000292,comment,东方财富股吧,中科金财是华为、智谱、MiniMax、甲骨文的战略合作伙伴。,2026-06-03,中科金财是华为、智谱、MiniMax、甲骨文的战略合作伙伴。,平安银行(000001),51,0,"https://guba.eastmoney.com/news,002156,1719611139.html"
COMM_000293,comment,东方财富股吧,中科金财是华为、智谱、MiniMax、甲骨文的战略合作伙伴。,2026-06-03,中科金财是华为、智谱、MiniMax、甲骨文的战略合作伙伴。,平安银行(000001),61,0,"https://guba.eastmoney.com/news,600584,1719610596.html"
COMM_000294,comment,东方财富股吧,都捏好了＾０＾~,2026-06-03,都捏好了＾０＾~,平安银行(000001),31,0,"https://guba.eastmoney.com/news,000001,1719593809.html"
COMM_000295,comment,东方财富股吧,你想它的分红，他们想你的本金,2026-06-03,你想它的分红，他们想你的本金,平安银行(000001),41,1,"https://guba.eastmoney.com/news,000001,1719564139.html"
COMM_000296,comment,东方财富股吧,太弱了,2026-06-03,太弱了,平安银行(000001),26,0,"https://guba.eastmoney.com/news,000001,1719588956.html"
COMM_000297,comment,东方财富股吧,啥时候分红那,2026-06-03,啥时候分红那,平安银行(000001),61,2,"https://guba.eastmoney.com/news,000001,1719552233.html"
COMM_000298,comment,东方财富股吧,11元t了一点，不知道能否接回来,2026-06-02,11元t了一点，不知道能否接回来,平安银行(000001),119,6,"https://guba.eastmoney.com/news,000001,1718606024.html"
COMM_000299,comment,东方财富股吧,这次如果不控制住，科技垃圾股跌起来会比较厉害,2026-06-03,这次如果不控制住，科技垃圾股跌起来会比较厉害,平安银行(000001),35,0,"https://guba.eastmoney.com/news,000001,1719563778.html"
COMM_000300,comment,东方财富股吧,当股东了,2026-06-03,当股东了,平安银行(000001),29,0,"https://guba.eastmoney.com/news,000001,1719551556.html"
COMM_000301,comment,东方财富股吧,AI冲先，众股祭天！,2026-06-03,AI冲先，众股祭天！,平安银行(000001),32,0,"https://guba.eastmoney.com/news,000001,1719540584.html"
COMM_000302,comment,东方财富股吧,诱多快跑,2026-06-03,诱多快跑,平安银行(000001),49,2,"https://guba.eastmoney.com/news,000001,1719310780.html"
COMM_000303,comment,东方财富股吧,你再涨5毛解套去兴业呀,2026-06-03,你再涨5毛解套去兴业呀,平安银行(000001),34,0,"https://guba.eastmoney.com/news,000001,1719499511.html"
COMM_000304,comment,东方财富股吧,今天进来那么多资金！却跌了一个点。,2026-06-03,今天进来那么多资金！却跌了一个点。,平安银行(000001),119,3,"https://guba.eastmoney.com/news,000001,1719438528.html"
COMM_000305,comment,东方财富股吧,要么涨上去别让我看盘了，要么跌到10.50，我来上你。来回折腾。,2026-06-03,要么涨上去别让我看盘了，要么跌到10.50，我来上你。来回折腾。,平安银行(000001),31,0,"https://guba.eastmoney.com/news,000001,1719488965.html"
COMM_000306,comment,东方财富股吧,这货一年都不涨，没有看盘的必要,2026-06-03,这货一年都不涨，没有看盘的必要,平安银行(000001),30,0,"https://guba.eastmoney.com/news,000001,1719453639.html"
COMM_000307,comment,东方财富股吧,不争气的老东西,2026-06-03,不争气的老东西,平安银行(000001),44,1,"https://guba.eastmoney.com/news,000001,1719334996.html"
COMM_000308,comment,东方财富股吧,科技起来了，大金融股不行了,2026-06-03,科技起来了，大金融股不行了,平安银行(000001),36,0,"https://guba.eastmoney.com/news,000001,1719372673.html"
COMM_000309,comment,东方财富股吧,这个废了,2026-06-03,这个废了,平安银行(000001),27,0,"https://guba.eastmoney.com/news,000001,1719348265.html"
COMM_000310,comment,东方财富股吧,要回调了吗？,2026-06-03,要回调了吗？,平安银行(000001),30,0,"https://guba.eastmoney.com/news,000001,1719329317.html"
COMM_000311,comment,东方财富股吧,平安银行：融资净偿还4777.63万元，融资余额54.39亿元,2026-06-03,平安银行：融资净偿还4777.63万元，融资余额54.39亿元,平安银行(000001),69,0,"https://guba.eastmoney.com/news,000001,1719302178.html"
COMM_000312,comment,东方财富股吧,股份制银行最弱，要不是被套，重仓我就换兴业去了,2026-06-02,股份制银行最弱，要不是被套，重仓我就换兴业去了,平安银行(000001),349,13,"https://guba.eastmoney.com/news,000001,1718731187.html"
COMM_000313,comment,东方财富股吧,平安银行什么时候分红啊,2026-06-03,平安银行什么时候分红啊,平安银行(000001),88,1,"https://guba.eastmoney.com/news,000001,1719273872.html"
COMM_000314,comment,东方财富股吧,吧里真安静。,2026-06-02,吧里真安静。,平安银行(000001),62,1,"https://guba.eastmoney.com/news,000001,1719209603.html"
COMM_000315,comment,东方财富股吧,发力亲子客群！多家银行，密集布局,2026-06-01,发力亲子客群！多家银行，密集布局,平安银行(000001),944,2,"https://guba.eastmoney.com/news,000001,1718472324.html"
COMM_000316,comment,东方财富股吧,你在涨1.5个点我就走了快五个点了,2026-06-03,你在涨1.5个点我就走了快五个点了,平安银行(000001),37,0,"https://guba.eastmoney.com/news,000001,1719282151.html"
COMM_000317,comment,东方财富股吧,如果有点钱，是现在买合适还是分红后买？去年年度分红后，很快就贴权，半年后才回到分,2026-06-02,如果有点钱，是现在买合适还是分红后买？去年年度分红后，很快就贴权，半年后才回到分,平安银行(000001),700,7,"https://guba.eastmoney.com/news,000001,1719177128.html"
COMM_000318,comment,东方财富股吧,大周期处在大型三角形顶端变盘点，日线强底分型带动周线、月线、季线甚至年线变盘，目,2026-06-02,大周期处在大型三角形顶端变盘点，日线强底分型带动周线、月线、季线甚至年线变盘，目,平安银行(000001),93,2,"https://guba.eastmoney.com/news,000001,1719245885.html"
COMM_000319,comment,东方财富股吧,什么时候分红啊，就靠分红活着了。,2026-06-02,什么时候分红啊，就靠分红活着了。,平安银行(000001),149,3,"https://guba.eastmoney.com/news,000001,1719149614.html"
COMM_000320,comment,东方财富股吧,基金经理的孩子们开始考大学啦。这个时候，他们无心管一切。考完带孩子去旅行。,2026-06-03,基金经理的孩子们开始考大学啦。这个时候，他们无心管一切。考完带孩子去旅行。,平安银行(000001),40,0,"https://guba.eastmoney.com/news,000001,1719272674.html"
COMM_000321,comment,东方财富股吧,两融1600万全仓杀入，一直买到2太阳,2026-06-02,两融1600万全仓杀入，一直买到2太阳,平安银行(000001),657,5,"https://guba.eastmoney.com/news,000001,1719129775.html"
COMM_000322,comment,东方财富股吧,去年6月11号分的红，前年6月13号，估计今年差不多10号左右,2026-06-02,去年6月11号分的红，前年6月13号，估计今年差不多10号左右,平安银行(000001),132,1,"https://guba.eastmoney.com/news,000001,1719207130.html"
COMM_000323,comment,东方财富股吧,网上说12号分红。。,2026-06-02,网上说12号分红。。,平安银行(000001),289,4,"https://guba.eastmoney.com/news,000001,1719165162.html"
COMM_000324,comment,东方财富股吧,这叫红三兵吗？,2026-06-02,这叫红三兵吗？,平安银行(000001),56,0,"https://guba.eastmoney.com/news,000001,1719162561.html"
COMM_000325,comment,东方财富股吧,网上说中国平安10号分红，平安银行12号分红。,2026-06-02,网上说中国平安10号分红，平安银行12号分红。,平安银行(000001),89,0,"https://guba.eastmoney.com/news,000001,1719162082.html"
COMM_000326,comment,东方财富股吧,耐心等待macd月线，季线金叉，临门一脚了。,2026-06-02,耐心等待macd月线，季线金叉，临门一脚了。,平安银行(000001),61,0,"https://guba.eastmoney.com/news,000001,1719160393.html"
COMM_000327,comment,东方财富股吧,平安银行:2025年年度股东会决议公告,2026-05-22,平安银行:2025年年度股东会决议公告,平安银行(000001),1279,13,"https://guba.eastmoney.com/news,000001,1713178389.html"
COMM_000328,comment,东方财富股吧,什么时候分红啊,2026-06-02,什么时候分红啊,平安银行(000001),48,0,"https://guba.eastmoney.com/news,000001,1719148837.html"
COMM_000329,comment,东方财富股吧,明天加速向上的概率在增大！,2026-06-01,明天加速向上的概率在增大！,平安银行(000001),199,0,"https://guba.eastmoney.com/news,000001,1718266346.html"
COMM_000330,comment,东方财富股吧,好样的,2026-06-02,好样的,平安银行(000001),62,1,"https://guba.eastmoney.com/news,000001,1718924973.html"
COMM_000331,comment,东方财富股吧,4倍不到的pe上涨潜力巨大！,2026-06-02,4倍不到的pe上涨潜力巨大！,平安银行(000001),94,2,"https://guba.eastmoney.com/news,000001,1719034414.html"
COMM_000332,comment,东方财富股吧,涨停了,2026-06-02,涨停了,平安银行(000001),91,2,"https://guba.eastmoney.com/news,000001,1719026253.html"
COMM_000333,comment,东方财富股吧,叫你分红之后涨，为什么不讲武德,2026-06-02,叫你分红之后涨，为什么不讲武德,平安银行(000001),51,0,"https://guba.eastmoney.com/news,000001,1719050148.html"
COMM_000334,comment,东方财富股吧,21年4000多亿市值，现在二千亿老马这样为股东打工？？快点分红要嘛让大散拉涨…,2026-06-02,21年4000多亿市值，现在二千亿老马这样为股东打工？？快点分红要嘛让大散拉涨…,平安银行(000001),106,2,"https://guba.eastmoney.com/news,000001,1718917523.html"
COMM_000335,comment,东方财富股吧,老马说他是所有股东的打工仔…可惜九成股东属牛的拍到牛庇股了！！废话少说快点分红！,2026-06-02,老马说他是所有股东的打工仔…可惜九成股东属牛的拍到牛庇股了！！废话少说快点分红！,平安银行(000001),75,1,"https://guba.eastmoney.com/news,000001,1718864691.html"
COMM_000336,comment,东方财富股吧,我的证券跌麻了还是银行稳,2026-06-02,我的证券跌麻了还是银行稳,平安银行(000001),48,0,"https://guba.eastmoney.com/news,000001,1718907297.html"
COMM_000337,comment,东方财富股吧,1.2万的11.00的买单，应该掉不下去,2026-06-02,1.2万的11.00的买单，应该掉不下去,平安银行(000001),69,1,"https://guba.eastmoney.com/news,000001,1718813658.html"
COMM_000338,comment,东方财富股吧,这是逼下车走势！没办法，你如果不喝汤！就渣都捞不倒！资本市场就是这么残酷！,2026-06-02,这是逼下车走势！没办法，你如果不喝汤！就渣都捞不倒！资本市场就是这么残酷！,平安银行(000001),50,0,"https://guba.eastmoney.com/news,000001,1718864655.html"
COMM_000339,comment,东方财富股吧,怎么会如此之垃圾,2026-06-02,怎么会如此之垃圾,平安银行(000001),50,1,"https://guba.eastmoney.com/news,000001,1718837115.html"
COMM_000340,comment,东方财富股吧,银行的差等生,2026-06-02,银行的差等生,平安银行(000001),41,0,"https://guba.eastmoney.com/news,000001,1718828202.html"
COMM_000341,comment,东方财富股吧,上午调整，下午拉升。,2026-06-02,上午调整，下午拉升。,平安银行(000001),45,0,"https://guba.eastmoney.com/news,000001,1718823050.html"
COMM_000342,comment,东方财富股吧,这走势，容易被洗下去！估计很多散户抗不住！,2026-06-02,这走势，容易被洗下去！估计很多散户抗不住！,平安银行(000001),75,1,"https://guba.eastmoney.com/news,000001,1718791176.html"
COMM_000343,comment,东方财富股吧,大盘与银行是跷跷板啊,2026-06-02,大盘与银行是跷跷板啊,平安银行(000001),35,0,"https://guba.eastmoney.com/news,000001,1718790092.html"
COMM_000344,comment,东方财富股吧,还要绿,2026-06-02,还要绿,平安银行(000001),36,0,"https://guba.eastmoney.com/news,000001,1718783572.html"
COMM_000345,comment,东方财富股吧,散了吧，大家都去买易中天组装厂,2026-06-02,散了吧，大家都去买易中天组装厂,平安银行(000001),38,0,"https://guba.eastmoney.com/news,000001,1718781954.html"
COMM_000346,comment,东方财富股吧,按理不可能这么涨上去，银行的洗盘很恐怖，按年计算。一般人根本顶不住,2026-06-02,按理不可能这么涨上去，银行的洗盘很恐怖，按年计算。一般人根本顶不住,平安银行(000001),50,0,"https://guba.eastmoney.com/news,000001,1718778831.html"
COMM_000347,comment,东方财富股吧,太烂了,2026-06-02,太烂了,平安银行(000001),43,2,"https://guba.eastmoney.com/news,000001,1718752872.html"
COMM_000348,comment,东方财富股吧,怎么这么弱？,2026-06-02,怎么这么弱？,平安银行(000001),59,2,"https://guba.eastmoney.com/news,000001,1718698943.html"
COMM_000349,comment,东方财富股吧,$苏州银行(SZ002966)$$平安银行(SZ000001)$$南京银行(SH,2026-06-02,$苏州银行(SZ002966)$$平安银行(SZ000001)$$南京银行(SH,平安银行(000001),269,0,"https://guba.eastmoney.com/news,002966,1718771161.html"
COMM_000350,comment,东方财富股吧,从来没有独立行情过，永远跟着板块走，又涨不过板块,2026-06-02,从来没有独立行情过，永远跟着板块走，又涨不过板块,平安银行(000001),40,0,"https://guba.eastmoney.com/news,000001,1718721614.html"
COMM_000351,comment,东方财富股吧,今晚把分红实施方案公布吧，别冷了股东的心。,2026-06-02,今晚把分红实施方案公布吧，别冷了股东的心。,平安银行(000001),60,0,"https://guba.eastmoney.com/news,000001,1718705872.html"
COMM_000352,comment,东方财富股吧,我什么时候能回本？,2026-06-02,我什么时候能回本？,平安银行(000001),226,1,"https://guba.eastmoney.com/news,000001,1718644797.html"
COMM_000353,comment,东方财富股吧,涨跌都是倒数的命，二季度应该蛮差的,2026-06-02,涨跌都是倒数的命，二季度应该蛮差的,平安银行(000001),55,0,"https://guba.eastmoney.com/news,000001,1718696511.html"
COMM_000354,comment,东方财富股吧,全是卖单,2026-06-02,全是卖单,平安银行(000001),34,0,"https://guba.eastmoney.com/news,000001,1718691160.html"
COMM_000355,comment,东方财富股吧,都是被动上涨散户多主力太弱。,2026-06-02,都是被动上涨散户多主力太弱。,平安银行(000001),36,0,"https://guba.eastmoney.com/news,000001,1718679420.html"
COMM_000356,comment,东方财富股吧,主力生病了吗,2026-06-02,主力生病了吗,平安银行(000001),35,0,"https://guba.eastmoney.com/news,000001,1718669378.html"
COMM_000357,comment,东方财富股吧,一股分0.36元含税，如果股价是12元，股价成了11.64元,2026-06-01,一股分0.36元含税，如果股价是12元，股价成了11.64元,平安银行(000001),311,4,"https://guba.eastmoney.com/news,000001,1718441330.html"
COMM_000358,comment,东方财富股吧,H股比A便宜得多了，同股同权，为什么不去买港股呢？,2026-06-02,H股比A便宜得多了，同股同权，为什么不去买港股呢？,平安银行(000001),146,4,"https://guba.eastmoney.com/news,000001,1718534860.html"
COMM_000359,comment,东方财富股吧,别涨了，再涨我就要挣钱了,2026-06-02,别涨了，再涨我就要挣钱了,平安银行(000001),40,0,"https://guba.eastmoney.com/news,000001,1718635298.html"
COMM_000360,comment,东方财富股吧,$平安银行(SZ000001)$,2026-06-02,$平安银行(SZ000001)$,平安银行(000001),40,0,"https://guba.eastmoney.com/news,000001,1718603282.html"
COMM_000361,comment,东方财富股吧,平安银行：融资净偿还691.45万元，融资余额54.86亿元,2026-06-02,平安银行：融资净偿还691.45万元，融资余额54.86亿元,平安银行(000001),88,0,"https://guba.eastmoney.com/news,000001,1718530199.html"
COMM_000362,comment,东方财富股吧,明天特大阳线可能涨停板，能买的赶快买。,2026-06-02,明天特大阳线可能涨停板，能买的赶快买。,平安银行(000001),134,2,"https://guba.eastmoney.com/news,000001,1718486492.html"
COMM_000363,comment,东方财富股吧,什么时候分红啊,2026-06-01,什么时候分红啊,平安银行(000001),383,9,"https://guba.eastmoney.com/news,000001,1718398399.html"
COMM_000364,comment,东方财富股吧,深发展12号分红，深发展是可以涨停的,2026-06-01,深发展12号分红，深发展是可以涨停的,平安银行(000001),144,1,"https://guba.eastmoney.com/news,000001,1718451571.html"
COMM_000365,comment,东方财富股吧,跌一个点没买又拉升了,2026-06-01,跌一个点没买又拉升了,平安银行(000001),55,1,"https://guba.eastmoney.com/news,000001,1717991343.html"
COMM_000366,comment,东方财富股吧,珍惜14的平安银行，11左右请不要珍惜,2026-06-01,珍惜14的平安银行，11左右请不要珍惜,平安银行(000001),54,0,"https://guba.eastmoney.com/news,000001,1718474233.html"
COMM_000367,comment,东方财富股吧,中国平安6月10号分红，为啥平安银行还没有公告股权登记信息啊，一般不都是平安银行,2026-06-01,中国平安6月10号分红，为啥平安银行还没有公告股权登记信息啊，一般不都是平安银行,平安银行(000001),432,3,"https://guba.eastmoney.com/news,000001,1718428641.html"
COMM_000368,comment,东方财富股吧,市值管理纳入刚性考核：将市值表现直接与高管薪酬、职务任免挂钩。对于连续12个月股,2026-06-01,市值管理纳入刚性考核：将市值表现直接与高管薪酬、职务任免挂钩。对于连续12个月股,平安银行(000001),349,1,"https://guba.eastmoney.com/news,000001,1718450150.html"
COMM_000369,comment,东方财富股吧,，这只股票的规律就是五月买十月卖,2026-05-30,，这只股票的规律就是五月买十月卖,平安银行(000001),92,0,"https://guba.eastmoney.com/news,000001,1717653706.html"
COMM_000370,comment,东方财富股吧,期待大阳，必定大阳。,2026-06-01,期待大阳，必定大阳。,平安银行(000001),112,3,"https://guba.eastmoney.com/news,000001,1717779511.html"
COMM_000371,comment,东方财富股吧,你连续两天压招商银行一头！,2026-06-01,你连续两天压招商银行一头！,平安银行(000001),55,0,"https://guba.eastmoney.com/news,000001,1718447891.html"
COMM_000372,comment,东方财富股吧,太菜了,2026-06-01,太菜了,平安银行(000001),48,0,"https://guba.eastmoney.com/news,000001,1718420646.html"
COMM_000373,comment,东方财富股吧,今天不走，周一跌到你怀疑人生,2026-05-29,今天不走，周一跌到你怀疑人生,平安银行(000001),560,20,"https://guba.eastmoney.com/news,000001,1717221452.html"
COMM_000374,comment,东方财富股吧,中科金财和智谱、MiniMax、甲骨文均有合作，同时有Token业务。,2026-06-01,中科金财和智谱、MiniMax、甲骨文均有合作，同时有Token业务。,平安银行(000001),97,0,"https://guba.eastmoney.com/news,600584,1718385493.html"
COMM_000375,comment,东方财富股吧,中科金财和智谱、MiniMax、甲骨文均有合作，同时有Token业务。,2026-06-01,中科金财和智谱、MiniMax、甲骨文均有合作，同时有Token业务。,平安银行(000001),96,0,"https://guba.eastmoney.com/news,000767,1718385386.html"
COMM_000376,comment,东方财富股吧,回本了要不要卖呢？,2026-06-01,回本了要不要卖呢？,平安银行(000001),80,2,"https://guba.eastmoney.com/news,000001,1718213523.html"
COMM_000377,comment,东方财富股吧,尾盘大单跑了好多，估计周一要低开,2026-05-29,尾盘大单跑了好多，估计周一要低开,平安银行(000001),190,2,"https://guba.eastmoney.com/news,000001,1717504824.html"
COMM_000378,comment,东方财富股吧,最高价收盘，明天接着涨,2026-06-01,最高价收盘，明天接着涨,平安银行(000001),50,0,"https://guba.eastmoney.com/news,000001,1718366967.html"
COMM_000379,comment,东方财富股吧,一卖就涨,2026-06-01,一卖就涨,平安银行(000001),54,1,"https://guba.eastmoney.com/news,000001,1718326308.html"
COMM_000380,comment,东方财富股吧,12.5的本，能回本吗,2026-06-01,12.5的本，能回本吗,平安银行(000001),90,1,"https://guba.eastmoney.com/news,000001,1718326902.html"
COMM_000381,comment,东方财富股吧,看看人家风华高科，涨的都兜不住了！也学学人家吧！经理该换的就换，该撤的就撤！不称,2026-06-01,看看人家风华高科，涨的都兜不住了！也学学人家吧！经理该换的就换，该撤的就撤！不称,平安银行(000001),43,0,"https://guba.eastmoney.com/news,000001,1718346243.html"
COMM_000382,comment,东方财富股吧,你们说平安银行2028年能到15吗,2026-05-31,你们说平安银行2028年能到15吗,平安银行(000001),430,10,"https://guba.eastmoney.com/news,000001,1717747540.html"
COMM_000383,comment,东方财富股吧,珍惜10块钱的平安银行,2026-06-01,珍惜10块钱的平安银行,平安银行(000001),45,0,"https://guba.eastmoney.com/news,000001,1718331678.html"
COMM_000384,comment,东方财富股吧,董秘:14块钱的平安银行要珍惜。一句话套了大家三年,2026-06-01,董秘:14块钱的平安银行要珍惜。一句话套了大家三年,平安银行(000001),223,7,"https://guba.eastmoney.com/news,000001,1718201949.html"
COMM_000385,comment,东方财富股吧,今天表现像3月25日那天走势，可以参考,2026-06-01,今天表现像3月25日那天走势，可以参考,平安银行(000001),83,2,"https://guba.eastmoney.com/news,000001,1718300901.html"
COMM_000386,comment,东方财富股吧,依然是银行板块倒数,2026-06-01,依然是银行板块倒数,平安银行(000001),34,0,"https://guba.eastmoney.com/news,000001,1718325103.html"
COMM_000387,comment,东方财富股吧,11到不了吗,2026-06-01,11到不了吗,平安银行(000001),95,4,"https://guba.eastmoney.com/news,000001,1718229433.html"
COMM_000388,comment,东方财富股吧,尾盘抢银行都没抢平安，悲剧,2026-06-01,尾盘抢银行都没抢平安，悲剧,平安银行(000001),68,1,"https://guba.eastmoney.com/news,000001,1718284727.html"
COMM_000389,comment,东方财富股吧,分红时间一直不说,2026-06-01,分红时间一直不说,平安银行(000001),83,1,"https://guba.eastmoney.com/news,000001,1718299962.html"
COMM_000390,comment,东方财富股吧,四大行都1个点了，不知道你在压什么,2026-06-01,四大行都1个点了，不知道你在压什么,平安银行(000001),39,0,"https://guba.eastmoney.com/news,000001,1718278021.html"
COMM_000391,comment,东方财富股吧,还没涨又压盘？,2026-06-01,还没涨又压盘？,平安银行(000001),35,0,"https://guba.eastmoney.com/news,000001,1718277148.html"
COMM_000392,comment,东方财富股吧,还没涨又压盘。,2026-06-01,还没涨又压盘。,平安银行(000001),35,0,"https://guba.eastmoney.com/news,000001,1718275441.html"
COMM_000393,comment,东方财富股吧,"不买过几天除权成本就会变高了,每年都这样想买便宜结果买得更高",2026-06-01,"不买过几天除权成本就会变高了,每年都这样想买便宜结果买得更高",平安银行(000001),72,2,"https://guba.eastmoney.com/news,000001,1718199419.html"
COMM_000394,comment,东方财富股吧,10.92已经买入200万,2026-06-01,10.92已经买入200万,平安银行(000001),134,4,"https://guba.eastmoney.com/news,000001,1718188504.html"
COMM_000395,comment,东方财富股吧,[旺柴][成交],2026-06-01,[旺柴][成交],平安银行(000001),39,0,"https://guba.eastmoney.com/news,000001,1718224294.html"
COMM_000396,comment,东方财富股吧,平安银行今天主力出货,2026-06-01,平安银行今天主力出货,平安银行(000001),36,0,"https://guba.eastmoney.com/news,000001,1718197929.html"
COMM_000397,comment,东方财富股吧,10.6几卖出的，你们的心情怎么样？股息这么高，你们就不能等等吗？把你们郁闷的心,2026-06-01,10.6几卖出的，你们的心情怎么样？股息这么高，你们就不能等等吗？把你们郁闷的心,平安银行(000001),319,2,"https://guba.eastmoney.com/news,000001,1718140094.html"
COMM_000398,comment,东方财富股吧,你只需要知道十年后除了分红之外净资产至少达到40元以上就足够了,2026-06-01,你只需要知道十年后除了分红之外净资产至少达到40元以上就足够了,平安银行(000001),105,3,"https://guba.eastmoney.com/news,000001,1718047375.html"
COMM_000399,comment,东方财富股吧,跌狠了就反弹，涨高了就下跌，正常现象，看你如何把握操作。,2026-06-01,跌狠了就反弹，涨高了就下跌，正常现象，看你如何把握操作。,平安银行(000001),48,0,"https://guba.eastmoney.com/news,000001,1718139860.html"
COMM_000400,comment,东方财富股吧,$平安银行(SZ000001)$,2026-06-01,$平安银行(SZ000001)$,平安银行(000001),40,0,"https://guba.eastmoney.com/news,000001,1718121081.html"
COMM_000401,comment,东方财富股吧,比兴业强势,2026-06-01,比兴业强势,平安银行(000001),55,1,"https://guba.eastmoney.com/news,000001,1718073269.html"
COMM_000402,comment,东方财富股吧,亚洲股市暴发…韩日涨到溶洞！！有人问平银大散清空,2026-06-01,亚洲股市暴发…韩日涨到溶洞！！有人问平银大散清空,平安银行(000001),67,1,"https://guba.eastmoney.com/news,000001,1718088510.html"
COMM_000403,comment,东方财富股吧,深发展彻底被上海银行超越了,2026-06-01,深发展彻底被上海银行超越了,平安银行(000001),85,2,"https://guba.eastmoney.com/news,000001,1718068065.html"
COMM_000404,comment,东方财富股吧,今天能上11不,2026-06-01,今天能上11不,平安银行(000001),58,2,"https://guba.eastmoney.com/news,000001,1718052015.html"
COMM_000405,comment,东方财富股吧,"投资的人需要克制那种急于暴利的心态,虽然短期看人家挣得不错,其实都不正常的,它会",2026-06-01,"投资的人需要克制那种急于暴利的心态,虽然短期看人家挣得不错,其实都不正常的,它会",平安银行(000001),43,0,"https://guba.eastmoney.com/news,000001,1718071866.html"
COMM_000406,comment,东方财富股吧,保险，券商，银行，最近应该有大动作！上证先到4400+,2026-06-01,保险，券商，银行，最近应该有大动作！上证先到4400+,平安银行(000001),38,0,"https://guba.eastmoney.com/news,000001,1718071095.html"
COMM_000407,comment,东方财富股吧,除权前，能否上11.6很重要，能上，除权后直接填权拉升，到13+！,2026-06-01,除权前，能否上11.6很重要，能上，除权后直接填权拉升，到13+！,平安银行(000001),54,0,"https://guba.eastmoney.com/news,000001,1718068037.html"
COMM_000408,comment,东方财富股吧,不出来护盘吗，还等什么,2026-06-01,不出来护盘吗，还等什么,平安银行(000001),34,0,"https://guba.eastmoney.com/news,000001,1718043353.html"
COMM_000409,comment,东方财富股吧,科技股ETF全翻倍了，分红股主力又不肯大量进来。主力散户双方耗着吧，现在科技股就,2026-06-01,科技股ETF全翻倍了，分红股主力又不肯大量进来。主力散户双方耗着吧，现在科技股就,平安银行(000001),79,0,"https://guba.eastmoney.com/news,000001,1718022747.html"
COMM_000410,comment,东方财富股吧,这跟3月24，25的走势一模一样啊？后面应该来个10连阳,2026-06-01,这跟3月24，25的走势一模一样啊？后面应该来个10连阳,平安银行(000001),48,0,"https://guba.eastmoney.com/news,000001,1718022000.html"
COMM_000411,comment,东方财富股吧,啥时候发钱？放假带孩子去玩,2026-06-01,啥时候发钱？放假带孩子去玩,平安银行(000001),42,0,"https://guba.eastmoney.com/news,000001,1718006169.html"
COMM_000412,comment,东方财富股吧,有谁知道中证金出完没有,2026-06-01,有谁知道中证金出完没有,平安银行(000001),35,1,"https://guba.eastmoney.com/news,000001,1717864339.html"
COMM_000413,comment,东方财富股吧,这么大的量应该是证金杀的回马枪,2026-06-01,这么大的量应该是证金杀的回马枪,平安银行(000001),55,1,"https://guba.eastmoney.com/news,000001,1717888666.html"
COMM_000414,comment,东方财富股吧,主力终于睡醒了？,2026-06-01,主力终于睡醒了？,平安银行(000001),47,1,"https://guba.eastmoney.com/news,000001,1717953223.html"
COMM_000415,comment,东方财富股吧,主力不让涨，没办法,2026-06-01,主力不让涨，没办法,平安银行(000001),42,0,"https://guba.eastmoney.com/news,000001,1717958006.html"
COMM_000416,comment,东方财富股吧,……,2026-06-01,……,平安银行(000001),36,0,"https://guba.eastmoney.com/news,000001,1717945210.html"
COMM_000417,comment,东方财富股吧,一路被超越，继重庆、苏州、南京后，现在又要被建行超啦,2026-06-01,一路被超越，继重庆、苏州、南京后，现在又要被建行超啦,平安银行(000001),38,0,"https://guba.eastmoney.com/news,000001,1717903087.html"
COMM_000418,comment,东方财富股吧,还是五大行靠谱,2026-06-01,还是五大行靠谱,平安银行(000001),35,0,"https://guba.eastmoney.com/news,000001,1717867078.html"
COMM_000419,comment,东方财富股吧,这是什么品种的垃圾？,2026-06-01,这是什么品种的垃圾？,平安银行(000001),34,0,"https://guba.eastmoney.com/news,000001,1717861009.html"
COMM_000420,comment,东方财富股吧,兄弟们，这股权登记日是什么时候呀，,2026-06-01,兄弟们，这股权登记日是什么时候呀，,平安银行(000001),237,4,"https://guba.eastmoney.com/news,000001,1717775193.html"
COMM_000421,comment,东方财富股吧,明天会跌停吗,2026-05-31,明天会跌停吗,平安银行(000001),96,2,"https://guba.eastmoney.com/news,000001,1717751714.html"
COMM_000422,comment,东方财富股吧,今天跌,2026-06-01,今天跌,平安银行(000001),36,0,"https://guba.eastmoney.com/news,000001,1717809556.html"
COMM_000423,comment,东方财富股吧,根据光大银行估值，平平银行还要补跌的,2026-05-30,根据光大银行估值，平平银行还要补跌的,平安银行(000001),299,2,"https://guba.eastmoney.com/news,000001,1717611722.html"
COMM_000424,comment,东方财富股吧,撒时候分红？,2026-05-30,撒时候分红？,平安银行(000001),180,3,"https://guba.eastmoney.com/news,000001,1717608091.html"
COMM_000425,comment,东方财富股吧,下雨没拿伞轮也该轮到平安了吧，最后三分钟十二万手有点抢筹的意思。,2026-06-01,下雨没拿伞轮也该轮到平安了吧，最后三分钟十二万手有点抢筹的意思。,平安银行(000001),102,2,"https://guba.eastmoney.com/news,000001,1717773128.html"
COMM_000426,comment,东方财富股吧,光大银行跟这个比怎么样,2026-05-31,光大银行跟这个比怎么样,平安银行(000001),134,2,"https://guba.eastmoney.com/news,000001,1717690748.html"
COMM_000427,comment,东方财富股吧,1,2026-05-01,1,平安银行(000001),130,12,"https://guba.eastmoney.com/news,000001,1702538846.html"
COMM_000428,comment,东方财富股吧,可以确定的是这支股票不会退市，还可以确定的是这支股票每年都有分红。更能确定的是这,2026-05-30,可以确定的是这支股票不会退市，还可以确定的是这支股票每年都有分红。更能确定的是这,平安银行(000001),381,3,"https://guba.eastmoney.com/news,000001,1717660847.html"
COMM_000429,comment,东方财富股吧,减持害死了散户,2026-05-31,减持害死了散户,平安银行(000001),928,2,"https://guba.eastmoney.com/news,000001,1717709763.html"
COMM_000430,comment,东方财富股吧,科幻股必杀…一而再再而三的杀跌…银行必上涨,2026-05-30,科幻股必杀…一而再再而三的杀跌…银行必上涨,平安银行(000001),151,1,"https://guba.eastmoney.com/news,000001,1717666677.html"
COMM_000431,comment,东方财富股吧,下星期银行证券白酒医药开启暴涨模式，有希望取代光模块等被爆炒过的板块。,2026-05-30,下星期银行证券白酒医药开启暴涨模式，有希望取代光模块等被爆炒过的板块。,平安银行(000001),132,2,"https://guba.eastmoney.com/news,000001,1717675555.html"
COMM_000432,comment,东方财富股吧,下周主力将暴拉银行股，掩护高科技资金撤退。,2026-05-30,下周主力将暴拉银行股，掩护高科技资金撤退。,平安银行(000001),179,3,"https://guba.eastmoney.com/news,000001,1717608928.html"
COMM_000433,comment,东方财富股吧,我在自选股中，大都看到主力进市的影子唯独未看到平安银行股票，说明什么？主力未看好,2026-05-31,我在自选股中，大都看到主力进市的影子唯独未看到平安银行股票，说明什么？主力未看好,平安银行(000001),123,0,"https://guba.eastmoney.com/news,000001,1717698256.html"
COMM_000434,comment,东方财富股吧,$温氏股份(SZ300498)$$工商银行(SH601398)$$平安银行(SZ,2026-05-31,$温氏股份(SZ300498)$$工商银行(SH601398)$$平安银行(SZ,平安银行(000001),355,0,"https://guba.eastmoney.com/news,300498,1717692953.html"
COMM_000435,comment,东方财富股吧,26年净利润保持2元，分红6毛，净资产增加1.4元，年均股价涨50%也有0.7元,2026-05-30,26年净利润保持2元，分红6毛，净资产增加1.4元，年均股价涨50%也有0.7元,平安银行(000001),421,5,"https://guba.eastmoney.com/news,000001,1717610249.html"
COMM_000436,comment,东方财富股吧,平安不灭，天理不容,2026-05-29,平安不灭，天理不容,平安银行(000001),114,2,"https://guba.eastmoney.com/news,000001,1717574972.html"
COMM_000437,comment,东方财富股吧,平银现在的优势是，目前估值不高，一季度财报出现拐点，半年报看能否进一步验证。图形,2026-05-29,平银现在的优势是，目前估值不高，一季度财报出现拐点，半年报看能否进一步验证。图形,平安银行(000001),336,3,"https://guba.eastmoney.com/news,000001,1717495528.html"
COMM_000438,comment,东方财富股吧,这个位置可以建仓吗？,2026-05-30,这个位置可以建仓吗？,平安银行(000001),104,2,"https://guba.eastmoney.com/news,000001,1717652488.html"
COMM_000439,comment,东方财富股吧,就是冲着分红来的平安银行有二次分红6月中旬和10月中旬。分红除权贴权的继续加，低,2026-05-30,就是冲着分红来的平安银行有二次分红6月中旬和10月中旬。分红除权贴权的继续加，低,平安银行(000001),601,4,"https://guba.eastmoney.com/news,000001,1717650779.html"
COMM_000440,comment,东方财富股吧,你涨了我怎么加仓,2026-05-30,你涨了我怎么加仓,平安银行(000001),71,1,"https://guba.eastmoney.com/news,000001,1717604344.html"
COMM_000441,comment,东方财富股吧,我昨天才想着买点平安银行，钱还没准备好，他却开车了。啥时候才能再有低价上车机会呀,2026-05-29,我昨天才想着买点平安银行，钱还没准备好，他却开车了。啥时候才能再有低价上车机会呀,平安银行(000001),334,5,"https://guba.eastmoney.com/news,000001,1717541537.html"
COMM_000442,comment,东方财富股吧,月线图显示平安银行没有跟随银行板块在23、24、25年上涨，原因很多，在此不再赘,2026-05-30,月线图显示平安银行没有跟随银行板块在23、24、25年上涨，原因很多，在此不再赘,平安银行(000001),658,8,"https://guba.eastmoney.com/news,000001,1717592220.html"
COMM_000443,comment,东方财富股吧,千万不要涨，越涨我本金越多，可以融资越多，买入就越多，陷入无限循环了，我怕到时候,2026-05-30,千万不要涨，越涨我本金越多，可以融资越多，买入就越多，陷入无限循环了，我怕到时候,平安银行(000001),86,0,"https://guba.eastmoney.com/news,000001,1717636027.html"
COMM_000444,comment,东方财富股吧,条件单上个月11.5没成交，搞坏了心疼，多次补仓，最终浮盈变亏损,2026-05-30,条件单上个月11.5没成交，搞坏了心疼，多次补仓，最终浮盈变亏损,平安银行(000001),75,0,"https://guba.eastmoney.com/news,000001,1717589608.html"
COMM_000445,comment,东方财富股吧,完了，10.88想做个t的，难道t飞了,2026-05-29,完了，10.88想做个t的，难道t飞了,平安银行(000001),156,4,"https://guba.eastmoney.com/news,000001,1717257262.html"
COMM_000446,comment,东方财富股吧,6月努力一把，争取上12,2026-05-29,6月努力一把，争取上12,平安银行(000001),119,2,"https://guba.eastmoney.com/news,000001,1717465675.html"
COMM_000447,comment,东方财富股吧,平安系是不是有大雷,2026-05-29,平安系是不是有大雷,平安银行(000001),106,2,"https://guba.eastmoney.com/news,000001,1717132189.html"
COMM_000448,comment,东方财富股吧,不要看谁赚的多，要比别人有耐心，钱是坚定持有慢慢等来的，有价值的公司总会价值回归,2026-05-29,不要看谁赚的多，要比别人有耐心，钱是坚定持有慢慢等来的，有价值的公司总会价值回归,平安银行(000001),143,3,"https://guba.eastmoney.com/news,000001,1717333896.html"
COMM_000449,comment,东方财富股吧,这股是有妖股潜质的，跌不到哪里去，但是能涨到翻倍,2026-05-29,这股是有妖股潜质的，跌不到哪里去，但是能涨到翻倍,平安银行(000001),84,0,"https://guba.eastmoney.com/news,000001,1717540541.html"
COMM_000450,comment,东方财富股吧,割肉了，受不了了，随便追一个科技股AI股，都赚翻了，浪费时间。,2026-05-29,割肉了，受不了了，随便追一个科技股AI股，都赚翻了，浪费时间。,平安银行(000001),96,1,"https://guba.eastmoney.com/news,000001,1716738944.html"
COMM_000451,comment,东方财富股吧,今天涨得有点头晕目眩，马上就回本了，烦死了,2026-05-29,今天涨得有点头晕目眩，马上就回本了，烦死了,平安银行(000001),63,0,"https://guba.eastmoney.com/news,000001,1717534682.html"
COMM_000452,comment,东方财富股吧,晕死，没钱买了！拆迁款，还没到帐！先别涨！！！！,2026-05-29,晕死，没钱买了！拆迁款，还没到帐！先别涨！！！！,平安银行(000001),63,1,"https://guba.eastmoney.com/news,000001,1717017634.html"
COMM_000453,comment,东方财富股吧,个贷负增长好不好,2026-05-29,个贷负增长好不好,平安银行(000001),347,1,"https://guba.eastmoney.com/news,000001,1717432019.html"
COMM_000454,comment,东方财富股吧,赶紧靴子落地，宣布发行可转债吧，不然都怕,2026-05-29,赶紧靴子落地，宣布发行可转债吧，不然都怕,平安银行(000001),89,1,"https://guba.eastmoney.com/news,000001,1717374592.html"
COMM_000455,comment,东方财富股吧,昙花一现,2026-05-29,昙花一现,平安银行(000001),55,0,"https://guba.eastmoney.com/news,000001,1717480802.html"
COMM_000456,comment,东方财富股吧,晚上应该有个分红公告！登记日4，除权日5！,2026-05-29,晚上应该有个分红公告！登记日4，除权日5！,平安银行(000001),346,3,"https://guba.eastmoney.com/news,000001,1717299315.html"
COMM_000457,comment,东方财富股吧,6月坚定持有。,2026-05-29,6月坚定持有。,平安银行(000001),57,0,"https://guba.eastmoney.com/news,000001,1717468799.html"
COMM_000458,comment,东方财富股吧,啥时候分红啊,2026-05-29,啥时候分红啊,平安银行(000001),88,1,"https://guba.eastmoney.com/news,000001,1717459548.html"
COMM_000459,comment,东方财富股吧,尾盘什么情况？,2026-05-29,尾盘什么情况？,平安银行(000001),376,7,"https://guba.eastmoney.com/news,000001,1717411531.html"
COMM_000460,comment,东方财富股吧,今天赚钱了，相互变红了，科技跌麻了,2026-05-29,今天赚钱了，相互变红了，科技跌麻了,平安银行(000001),61,0,"https://guba.eastmoney.com/news,000001,1717458438.html"
COMM_000461,comment,东方财富股吧,零售业务承压，这些银行何以逆势增长？,2026-05-29,零售业务承压，这些银行何以逆势增长？,平安银行(000001),1824,3,"https://guba.eastmoney.com/news,002142,1717189485.html"
COMM_000462,comment,东方财富股吧,2种情况：1。暴力突破13~15，2。曲折震荡到13~15！因为科技下跌，如果要,2026-05-29,2种情况：1。暴力突破13~15，2。曲折震荡到13~15！因为科技下跌，如果要,平安银行(000001),107,0,"https://guba.eastmoney.com/news,000001,1717428519.html"
COMM_000463,comment,东方财富股吧,想买5w玩玩的，结果买成5w股了，下周能连涨不,2026-05-29,想买5w玩玩的，结果买成5w股了，下周能连涨不,平安银行(000001),118,1,"https://guba.eastmoney.com/news,000001,1717363768.html"
COMM_000464,comment,东方财富股吧,啥时候分红？,2026-05-29,啥时候分红？,平安银行(000001),50,0,"https://guba.eastmoney.com/news,000001,1717421854.html"
COMM_000465,comment,东方财富股吧,达安，望你守护健康中国！100~2100股之间买卖切换，记录。,2026-05-26,达安，望你守护健康中国！100~2100股之间买卖切换，记录。,平安银行(000001),847,4,"https://guba.eastmoney.com/news,002030,1714856982.html"
COMM_000466,comment,东方财富股吧,凉席屁，哪来这么多买盘？,2026-05-29,凉席屁，哪来这么多买盘？,平安银行(000001),75,1,"https://guba.eastmoney.com/news,000001,1717358330.html"
COMM_000467,comment,东方财富股吧,看K线图头肩底形成底部不知道还要多长时间打磨，拿着分红，分几年红成本自然下降，不,2026-05-29,看K线图头肩底形成底部不知道还要多长时间打磨，拿着分红，分几年红成本自然下降，不,平安银行(000001),57,0,"https://guba.eastmoney.com/news,000001,1717414022.html"
COMM_000468,comment,东方财富股吧,温和放量上涨，这次应该稳了,2026-05-29,温和放量上涨，这次应该稳了,平安银行(000001),143,1,"https://guba.eastmoney.com/news,000001,1717401570.html"
COMM_000469,comment,东方财富股吧,@妙想@炒股冠军军哥炒股冠军方军，提醒银行机会。不喜欢冒险的股友成，低买银行1成,2026-05-29,@妙想@炒股冠军军哥炒股冠军方军，提醒银行机会。不喜欢冒险的股友成，低买银行1成,平安银行(000001),2360,1,"https://guba.eastmoney.com/news,000001,1717379891.html"
COMM_000470,comment,东方财富股吧,此股一涨千股枯,2026-05-29,此股一涨千股枯,平安银行(000001),48,0,"https://guba.eastmoney.com/news,000001,1717378168.html"
COMM_000471,comment,东方财富股吧,10.9开始买的，这么快就涨回来了啊，我还没买够啊,2026-05-29,10.9开始买的，这么快就涨回来了啊，我还没买够啊,平安银行(000001),58,0,"https://guba.eastmoney.com/news,000001,1717360029.html"
COMM_000472,comment,东方财富股吧,11.73收盘的话，后天就是12.90，高层行驶市值管理提升股价立马翻倍去，严重,2026-05-29,11.73收盘的话，后天就是12.90，高层行驶市值管理提升股价立马翻倍去，严重,平安银行(000001),242,12,"https://guba.eastmoney.com/news,000001,1717168364.html"
COMM_000473,comment,东方财富股吧,银行是今年主旋律了，平安的分红还是不错的，比那些铁公鸡强多了,2026-05-29,银行是今年主旋律了，平安的分红还是不错的，比那些铁公鸡强多了,平安银行(000001),131,3,"https://guba.eastmoney.com/news,000001,1717209159.html"
COMM_000474,comment,东方财富股吧,如果每天涨1毛连涨81天，不知道会发生什么事情，估计会疯掉一大片人。,2026-05-29,如果每天涨1毛连涨81天，不知道会发生什么事情，估计会疯掉一大片人。,平安银行(000001),76,1,"https://guba.eastmoney.com/news,000001,1717301469.html"
COMM_000475,comment,东方财富股吧,招商银行一阳穿8阴,2026-05-29,招商银行一阳穿8阴,平安银行(000001),78,1,"https://guba.eastmoney.com/news,000001,1717276676.html"
COMM_000476,comment,东方财富股吧,今日收盘价为11.01元,2026-05-29,今日收盘价为11.01元,平安银行(000001),70,1,"https://guba.eastmoney.com/news,000001,1717248743.html"
COMM_000477,comment,东方财富股吧,上啊，等啥呢,2026-05-29,上啊，等啥呢,平安银行(000001),47,0,"https://guba.eastmoney.com/news,000001,1717265464.html"
COMM_000478,comment,东方财富股吧,大涨8个点，一扫晦气,2026-05-29,大涨8个点，一扫晦气,平安银行(000001),49,0,"https://guba.eastmoney.com/news,000001,1717264862.html"
COMM_000479,comment,东方财富股吧,大阳，大阳，呼唤大阳。,2026-05-29,大阳，大阳，呼唤大阳。,平安银行(000001),45,1,"https://guba.eastmoney.com/news,000001,1717173690.html"
COMM_000480,comment,东方财富股吧,回本了，走不走,2026-05-29,回本了，走不走,平安银行(000001),129,7,"https://guba.eastmoney.com/news,000001,1717064893.html"
COMM_000481,comment,东方财富股吧,十前年我喊你买平安，你说我是托，我说股市有托吗？今天我继续喊你买平安，你还要叫我,2026-05-29,十前年我喊你买平安，你说我是托，我说股市有托吗？今天我继续喊你买平安，你还要叫我,平安银行(000001),205,6,"https://guba.eastmoney.com/news,000001,1717145977.html"
COMM_000482,comment,东方财富股吧,平银分红不错，业绩也转正了，以为要起来了，股价却一直在底部打转，真的难理解。这股,2026-05-28,平银分红不错，业绩也转正了，以为要起来了，股价却一直在底部打转，真的难理解。这股,平安银行(000001),280,2,"https://guba.eastmoney.com/news,000001,1716539710.html"
COMM_000483,comment,东方财富股吧,#炒股日记#,2026-05-29,#炒股日记#,平安银行(000001),121,0,"https://guba.eastmoney.com/news,000001,1717218322.html"
COMM_000484,comment,东方财富股吧,唤醒沉睡的记忆，王者归来,2026-05-29,唤醒沉睡的记忆，王者归来,平安银行(000001),49,0,"https://guba.eastmoney.com/news,000001,1717204694.html"
COMM_000485,comment,东方财富股吧,$平安银行(SZ000001)$,2026-05-29,$平安银行(SZ000001)$,平安银行(000001),43,0,"https://guba.eastmoney.com/news,000001,1717202457.html"
COMM_000486,comment,东方财富股吧,涨一点吧,2026-05-29,涨一点吧,平安银行(000001),53,1,"https://guba.eastmoney.com/news,000001,1717143458.html"
COMM_000487,comment,东方财富股吧,好好表现一下，好好当好龙头股。,2026-05-29,好好表现一下，好好当好龙头股。,平安银行(000001),45,0,"https://guba.eastmoney.com/news,000001,1717197282.html"
COMM_000488,comment,东方财富股吧,，,2026-05-29,，,平安银行(000001),45,0,"https://guba.eastmoney.com/news,000001,1717193179.html"
COMM_000489,comment,东方财富股吧,10.6几卖的，你们的心情怎么样？把你们的心情说出来，让大家高兴高兴。,2026-05-29,10.6几卖的，你们的心情怎么样？把你们的心情说出来，让大家高兴高兴。,平安银行(000001),179,7,"https://guba.eastmoney.com/news,000001,1716943048.html"
COMM_000490,comment,东方财富股吧,平安银行给重庆银行提鞋都不配,2026-05-29,平安银行给重庆银行提鞋都不配,平安银行(000001),63,1,"https://guba.eastmoney.com/news,000001,1717131266.html"
COMM_000491,comment,东方财富股吧,见底了吗？还没加仓,2026-05-29,见底了吗？还没加仓,平安银行(000001),46,0,"https://guba.eastmoney.com/news,000001,1717141484.html"
COMM_000492,comment,东方财富股吧,为什么我说现在银行最看好平安。当然指标都有滞后性，且走出来后才知道。,2026-05-29,为什么我说现在银行最看好平安。当然指标都有滞后性，且走出来后才知道。,平安银行(000001),219,0,"https://guba.eastmoney.com/news,000001,1717133163.html"
COMM_000493,comment,东方财富股吧,ETF基金和证金大量退出，造成金容股大铁，兴业银行股东会上说的,2026-05-26,ETF基金和证金大量退出，造成金容股大铁，兴业银行股东会上说的,平安银行(000001),643,6,"https://guba.eastmoney.com/news,601211,1714950129.html"
COMM_000494,comment,东方财富股吧,平安银行：2026年一季度公司实现营业收入352.77亿元，同比增长4.7%,2026-05-27,平安银行：2026年一季度公司实现营业收入352.77亿元，同比增长4.7%,平安银行(000001),2933,31,"https://guba.eastmoney.com/news,000001,1715803887.html"
COMM_000495,comment,东方财富股吧,今天过年了,2026-05-29,今天过年了,平安银行(000001),85,3,"https://guba.eastmoney.com/news,000001,1717061692.html"
COMM_000496,comment,东方财富股吧,中车拉高就要跑，今天老登小涨，昨天加的平安今天T出去了，要安全稳的只能赚点小钱，,2026-05-29,中车拉高就要跑，今天老登小涨，昨天加的平安今天T出去了，要安全稳的只能赚点小钱，,平安银行(000001),77,0,"https://guba.eastmoney.com/news,601766,1717111927.html"
COMM_000497,comment,东方财富股吧,科技就这样走完了？这样突然告一段落？,2026-05-29,科技就这样走完了？这样突然告一段落？,平安银行(000001),49,0,"https://guba.eastmoney.com/news,000001,1717097810.html"
COMM_000498,comment,东方财富股吧,买入高增长、买入拿高分红又翻倍，银行股市盈率平均7.6对应价23.40，长期投资,2026-05-28,买入高增长、买入拿高分红又翻倍，银行股市盈率平均7.6对应价23.40，长期投资,平安银行(000001),272,12,"https://guba.eastmoney.com/news,000001,1716068346.html"
COMM_000499,comment,东方财富股吧,下个月分红了，炒科技的到这里来的，低位分红+落袋为安！,2026-05-29,下个月分红了，炒科技的到这里来的，低位分红+落袋为安！,平安银行(000001),44,0,"https://guba.eastmoney.com/news,000001,1717073929.html"
COMM_000500,comment,东方财富股吧,疯掉了，涨这么多，想买点闭下风，算了空着吧！,2026-05-29,疯掉了，涨这么多，想买点闭下风，算了空着吧！,平安银行(000001),50,0,"https://guba.eastmoney.com/news,000001,1717066162.html"
COMM_000501,comment,东方财富股吧,这银行和这些红利全都是稳指数的，前两天疯狂卖现在今天科技跌了又买入银行。,2026-05-29,这银行和这些红利全都是稳指数的，前两天疯狂卖现在今天科技跌了又买入银行。,平安银行(000001),50,0,"https://guba.eastmoney.com/news,000001,1717056212.html"
COMM_000502,comment,东方财富股吧,冲啊,2026-05-29,冲啊,平安银行(000001),43,0,"https://guba.eastmoney.com/news,000001,1717053758.html"
COMM_000503,comment,东方财富股吧,今天涨得我头晕目眩的,2026-05-29,今天涨得我头晕目眩的,平安银行(000001),85,2,"https://guba.eastmoney.com/news,000001,1716969290.html"
COMM_000504,comment,东方财富股吧,6月以前拉升银行，才能拉高保险股的公允值收益，财报才会好看！,2026-05-29,6月以前拉升银行，才能拉高保险股的公允值收益，财报才会好看！,平安银行(000001),59,0,"https://guba.eastmoney.com/news,000001,1717033194.html"
COMM_000505,comment,东方财富股吧,快跑大盘要翻红了！,2026-05-29,快跑大盘要翻红了！,平安银行(000001),45,0,"https://guba.eastmoney.com/news,000001,1717014889.html"
COMM_000506,comment,东方财富股吧,啊啊啊啊啊啊啊啊啊,2026-05-29,啊啊啊啊啊啊啊啊啊,平安银行(000001),47,0,"https://guba.eastmoney.com/news,000001,1716992935.html"
COMM_000507,comment,东方财富股吧,再买再跌，再卖再涨,2026-05-29,再买再跌，再卖再涨,平安银行(000001),39,0,"https://guba.eastmoney.com/news,000001,1716989111.html"
COMM_000508,comment,东方财富股吧,就算平安银行今天涨停，我也还是亏钱,2026-05-29,就算平安银行今天涨停，我也还是亏钱,平安银行(000001),42,0,"https://guba.eastmoney.com/news,000001,1716967905.html"
COMM_000509,comment,东方财富股吧,作为房地产龙头，也该起飞了,2026-05-29,作为房地产龙头，也该起飞了,平安银行(000001),37,0,"https://guba.eastmoney.com/news,000001,1716964418.html"
COMM_000510,comment,东方财富股吧,可以介入了吗？,2026-05-29,可以介入了吗？,平安银行(000001),60,1,"https://guba.eastmoney.com/news,000001,1716933202.html"
COMM_000511,comment,东方财富股吧,卖不完，根本卖不完，永远的垃圾,2026-05-29,卖不完，根本卖不完，永远的垃圾,平安银行(000001),44,0,"https://guba.eastmoney.com/news,000001,1716949435.html"
COMM_000512,comment,东方财富股吧,快拉银行股，大盘顶不住了。,2026-05-29,快拉银行股，大盘顶不住了。,平安银行(000001),51,1,"https://guba.eastmoney.com/news,000001,1716926420.html"
COMM_000513,comment,东方财富股吧,大盘翘翘板，昨天10.64进，今天10.74出。拿一半仓位来做T。我就不信干不过,2026-05-29,大盘翘翘板，昨天10.64进，今天10.74出。拿一半仓位来做T。我就不信干不过,平安银行(000001),84,3,"https://guba.eastmoney.com/news,000001,1716866142.html"
COMM_000514,comment,东方财富股吧,老实的中国人！5年前我3元买入农业银行，一直没有动！今年我10.64买入平安银行,2026-05-28,老实的中国人！5年前我3元买入农业银行，一直没有动！今年我10.64买入平安银行,平安银行(000001),405,8,"https://guba.eastmoney.com/news,000001,1716585513.html"
COMM_000515,comment,东方财富股吧,下来啊?我就抄，上去我就再出一半。,2026-05-29,下来啊?我就抄，上去我就再出一半。,平安银行(000001),43,0,"https://guba.eastmoney.com/news,000001,1716878870.html"
COMM_000516,comment,东方财富股吧,近五年来最低9元最高25元。现在的价格谁怕谁。坐收利息好过存银行。,2026-05-29,近五年来最低9元最高25元。现在的价格谁怕谁。坐收利息好过存银行。,平安银行(000001),43,0,"https://guba.eastmoney.com/news,000001,1716827382.html"
COMM_000517,comment,东方财富股吧,中国大陆的科幻股将会在“狂欢中爆炸……走着瞧吧！…这样说不客观吗？？？？,2026-05-29,中国大陆的科幻股将会在“狂欢中爆炸……走着瞧吧！…这样说不客观吗？？？？,平安银行(000001),47,0,"https://guba.eastmoney.com/news,000001,1716823699.html"
COMM_000518,comment,东方财富股吧,千手哥睡醒了，开始砸盘。,2026-05-29,千手哥睡醒了，开始砸盘。,平安银行(000001),39,0,"https://guba.eastmoney.com/news,000001,1716801737.html"
COMM_000519,comment,东方财富股吧,什么时候才派息？,2026-05-29,什么时候才派息？,平安银行(000001),45,0,"https://guba.eastmoney.com/news,000001,1716797726.html"
COMM_000520,comment,东方财富股吧,这是牛市还是股灾？？？,2026-05-28,这是牛市还是股灾？？？,平安银行(000001),82,1,"https://guba.eastmoney.com/news,000001,1716613684.html"
COMM_000521,comment,东方财富股吧,平安银行：融资净买入1744.96万元，融资余额55.67亿元,2026-05-29,平安银行：融资净买入1744.96万元，融资余额55.67亿元,平安银行(000001),81,0,"https://guba.eastmoney.com/news,000001,1716752035.html"
COMM_000522,comment,东方财富股吧,证金满打满算不到40亿的持仓，这么久了，还没有卖完吗,2026-05-29,证金满打满算不到40亿的持仓，这么久了，还没有卖完吗,平安银行(000001),56,0,"https://guba.eastmoney.com/news,000001,1716741405.html"
COMM_000523,comment,东方财富股吧,我如果能做决定我就10号公布日期11号登记日12号除权。股息到账。哈哈哈！,2026-05-29,我如果能做决定我就10号公布日期11号登记日12号除权。股息到账。哈哈哈！,平安银行(000001),125,3,"https://guba.eastmoney.com/news,000001,1716719327.html"
COMM_000524,comment,东方财富股吧,谁能想到10年没涨，市值还不如2015年。,2026-05-29,谁能想到10年没涨，市值还不如2015年。,平安银行(000001),60,0,"https://guba.eastmoney.com/news,000001,1716737331.html"
COMM_000525,comment,东方财富股吧,天，不复权价格跌回两年前了,2026-05-28,天，不复权价格跌回两年前了,平安银行(000001),84,0,"https://guba.eastmoney.com/news,000001,1716631938.html"
COMM_000526,comment,东方财富股吧,请问要不要珍惜10.66元的平安银行,2026-05-28,请问要不要珍惜10.66元的平安银行,平安银行(000001),145,2,"https://guba.eastmoney.com/news,000001,1716546294.html"
COMM_000527,comment,东方财富股吧,买个放18年，能回本吗？,2026-05-28,买个放18年，能回本吗？,平安银行(000001),96,3,"https://guba.eastmoney.com/news,000001,1716573033.html"
COMM_000528,comment,东方财富股吧,踏马的，那些所谓的科技股有业绩吗？炒到几百上千块，说好的价值投资呢,2026-05-28,踏马的，那些所谓的科技股有业绩吗？炒到几百上千块，说好的价值投资呢,平安银行(000001),69,2,"https://guba.eastmoney.com/news,000001,1716669981.html"
COMM_000529,comment,东方财富股吧,啥时候才能止跌企稳,2026-05-28,啥时候才能止跌企稳,平安银行(000001),53,2,"https://guba.eastmoney.com/news,000001,1716660419.html"
COMM_000530,comment,东方财富股吧,老登股出货去买科技股了！,2026-05-29,老登股出货去买科技股了！,平安银行(000001),49,0,"https://guba.eastmoney.com/news,000001,1716713927.html"
COMM_000531,comment,东方财富股吧,基本面好的股票也要看趋势.有些人以为看看几个指标就能判断低或者高.那么简单股市谁,2026-05-28,基本面好的股票也要看趋势.有些人以为看看几个指标就能判断低或者高.那么简单股市谁,平安银行(000001),1270,14,"https://guba.eastmoney.com/news,000001,1716532821.html"
COMM_000532,comment,东方财富股吧,看完中信银行，发现平安银行也没那么丑陋了，中信这个k线咋看就是退市*st股呀,2026-05-28,看完中信银行，发现平安银行也没那么丑陋了，中信这个k线咋看就是退市*st股呀,平安银行(000001),592,5,"https://guba.eastmoney.com/news,000001,1716691048.html"
COMM_000533,comment,东方财富股吧,睡不着,2026-05-29,睡不着,平安银行(000001),48,0,"https://guba.eastmoney.com/news,000001,1716698870.html"
COMM_000534,comment,东方财富股吧,银行股21年到26年5年间没有行情，大盘指数怎么涨都以它没有关系，白酒也一样，赚,2026-05-28,银行股21年到26年5年间没有行情，大盘指数怎么涨都以它没有关系，白酒也一样，赚,平安银行(000001),132,3,"https://guba.eastmoney.com/news,000001,1716675717.html"
COMM_000535,comment,东方财富股吧,聚势AI向新 深圳加速构建产融生态,2026-05-28,聚势AI向新 深圳加速构建产融生态,平安银行(000001),955,0,"https://guba.eastmoney.com/news,hk03968,1716672975.html"
COMM_000536,comment,东方财富股吧,现在买进去就是套，下方还有20%的空间,2026-05-28,现在买进去就是套，下方还有20%的空间,平安银行(000001),51,0,"https://guba.eastmoney.com/news,000001,1716667670.html"
COMM_000537,comment,东方财富股吧,到底是哪个在源源不断的出货？,2026-05-28,到底是哪个在源源不断的出货？,平安银行(000001),133,6,"https://guba.eastmoney.com/news,000001,1716419483.html"
COMM_000538,comment,东方财富股吧,现在买入等于买了10.3的平银，拿完26年的分红，成本就是9.7！预测现在27年,2026-05-28,现在买入等于买了10.3的平银，拿完26年的分红，成本就是9.7！预测现在27年,平安银行(000001),197,2,"https://guba.eastmoney.com/news,000001,1716576718.html"
COMM_000539,comment,东方财富股吧,中报看看证金还在不在前十,2026-05-28,中报看看证金还在不在前十,平安银行(000001),112,4,"https://guba.eastmoney.com/news,000001,1716339015.html"
COMM_000540,comment,东方财富股吧,完全是莫名其妙的走势，一季报从当天走势来看也算超预期，结果走成这样。估值打到还不,2026-05-28,完全是莫名其妙的走势，一季报从当天走势来看也算超预期，结果走成这样。估值打到还不,平安银行(000001),173,1,"https://guba.eastmoney.com/news,000001,1716543468.html"
COMM_000541,comment,东方财富股吧,觉得便宜才买的，还会更便宜吗？,2026-05-28,觉得便宜才买的，还会更便宜吗？,平安银行(000001),159,3,"https://guba.eastmoney.com/news,000001,1716580006.html"
COMM_000542,comment,东方财富股吧,你厉害，我持有快两年呢，成本比你还高1元，你买入时机比较好[赞],2026-05-28,你厉害，我持有快两年呢，成本比你还高1元，你买入时机比较好[赞],平安银行(000001),79,0,"https://guba.eastmoney.com/news,000001,1716577890.html"
COMM_000543,comment,东方财富股吧,跌吧，还有20W能补仓，争取今年存到5W股,2026-05-28,跌吧，还有20W能补仓，争取今年存到5W股,平安银行(000001),399,3,"https://guba.eastmoney.com/news,000001,1716519845.html"
COMM_000544,comment,东方财富股吧,下个月要反了吧，今天，券商，保险，银行！一起砸盘！,2026-05-28,下个月要反了吧，今天，券商，保险，银行！一起砸盘！,平安银行(000001),54,0,"https://guba.eastmoney.com/news,000001,1716569849.html"
COMM_000545,comment,东方财富股吧,10.66加了点仓。,2026-05-28,10.66加了点仓。,平安银行(000001),105,4,"https://guba.eastmoney.com/news,000001,1716506146.html"
COMM_000546,comment,东方财富股吧,证金赶紧用力砸完啊？砸到10我好接盘,2026-05-28,证金赶紧用力砸完啊？砸到10我好接盘,平安银行(000001),60,1,"https://guba.eastmoney.com/news,000001,1716358060.html"
COMM_000547,comment,东方财富股吧,真不知担心平银下跌的人是用什么思维问题的,2026-05-28,真不知担心平银下跌的人是用什么思维问题的,平安银行(000001),83,1,"https://guba.eastmoney.com/news,000001,1716548018.html"
COMM_000548,comment,东方财富股吧,货。就没涨过，，22啥时候回本,2026-05-28,货。就没涨过，，22啥时候回本,平安银行(000001),71,1,"https://guba.eastmoney.com/news,000001,1716539796.html"
COMM_000549,comment,东方财富股吧,11.5走的我很机智,2026-05-28,11.5走的我很机智,平安银行(000001),51,0,"https://guba.eastmoney.com/news,000001,1716543644.html"
COMM_000550,comment,东方财富股吧,$平安银行(SZ000001)$,2026-05-28,$平安银行(SZ000001)$,平安银行(000001),60,1,"https://guba.eastmoney.com/news,000001,1716530781.html"
COMM_000551,comment,东方财富股吧,半导体代表一切了，其他股票都是陪跑的,2026-05-28,半导体代表一切了，其他股票都是陪跑的,平安银行(000001),49,0,"https://guba.eastmoney.com/news,000001,1716527758.html"
COMM_000552,comment,东方财富股吧,这样的行情对银行是利好，股市赚不到钱，大家都把钱存回银行去了,2026-05-28,这样的行情对银行是利好，股市赚不到钱，大家都把钱存回银行去了,平安银行(000001),64,1,"https://guba.eastmoney.com/news,000001,1716522385.html"
COMM_000553,comment,东方财富股吧,平安还能继续这么跌啊,2026-05-28,平安还能继续这么跌啊,平安银行(000001),53,0,"https://guba.eastmoney.com/news,000001,1716525883.html"
COMM_000554,comment,东方财富股吧,平安银行：截至2026年3月末公司普通股股东总户数为457610户,2026-05-27,平安银行：截至2026年3月末公司普通股股东总户数为457610户,平安银行(000001),1320,5,"https://guba.eastmoney.com/news,000001,1715813990.html"
COMM_000555,comment,东方财富股吧,再不涨一点，准备减点仓了。到外面去试试运气。,2026-05-28,再不涨一点，准备减点仓了。到外面去试试运气。,平安银行(000001),48,0,"https://guba.eastmoney.com/news,000001,1716522897.html"
COMM_000556,comment,东方财富股吧,不说话,2026-05-28,不说话,平安银行(000001),142,2,"https://guba.eastmoney.com/news,000001,1716411969.html"
COMM_000557,comment,东方财富股吧,没有机构看好，又在减成持，服份分散，还得下跌,2026-05-28,没有机构看好，又在减成持，服份分散，还得下跌,平安银行(000001),42,0,"https://guba.eastmoney.com/news,000001,1716519759.html"
COMM_000558,comment,东方财富股吧,"明天就是本月的最后一天了,收红,还是收绿?",2026-05-28,"明天就是本月的最后一天了,收红,还是收绿?",平安银行(000001),43,0,"https://guba.eastmoney.com/news,000001,1716518696.html"
COMM_000559,comment,东方财富股吧,10.64买入平安，10.84舍不得卖出，结果就我只想说C!,2026-05-28,10.64买入平安，10.84舍不得卖出，结果就我只想说C!,平安银行(000001),45,0,"https://guba.eastmoney.com/news,000001,1716516532.html"
COMM_000560,comment,东方财富股吧,大神们，明天咋看?今天能抄一点吗？搞顿火锅也好。,2026-05-28,大神们，明天咋看?今天能抄一点吗？搞顿火锅也好。,平安银行(000001),61,2,"https://guba.eastmoney.com/news,000001,1716481459.html"
COMM_000561,comment,东方财富股吧,只想把诸位逼出来 去接科技,2026-05-28,只想把诸位逼出来 去接科技,平安银行(000001),122,6,"https://guba.eastmoney.com/news,000001,1716424772.html"
COMM_000562,comment,东方财富股吧,我很少发帖子，今天忍不住了，我只想说主力这种砸法，砸这种优质股，我已经找不出话来,2026-05-28,我很少发帖子，今天忍不住了，我只想说主力这种砸法，砸这种优质股，我已经找不出话来,平安银行(000001),216,8,"https://guba.eastmoney.com/news,000001,1716464152.html"
COMM_000563,comment,东方财富股吧,平安银行·网格交易,2026-05-28,平安银行·网格交易,平安银行(000001),107,0,"https://guba.eastmoney.com/news,000001,1716492625.html"
COMM_000564,comment,东方财富股吧,这垃圾严重污染市场生态，应该清理出市场,2026-05-28,这垃圾严重污染市场生态，应该清理出市场,平安银行(000001),58,1,"https://guba.eastmoney.com/news,000001,1716461609.html"
COMM_000565,comment,东方财富股吧,个位数不远了,2026-05-28,个位数不远了,平安银行(000001),45,0,"https://guba.eastmoney.com/news,000001,1716489487.html"
COMM_000566,comment,东方财富股吧,你们成本多少，有多少股,2026-05-28,你们成本多少，有多少股,平安银行(000001),42,0,"https://guba.eastmoney.com/news,000001,1716488923.html"
COMM_000567,comment,东方财富股吧,你们就这样重视市值管理啊？,2026-05-28,你们就这样重视市值管理啊？,平安银行(000001),66,1,"https://guba.eastmoney.com/news,000001,1716471555.html"
COMM_000568,comment,东方财富股吧,平安银行真是好股票现在价格也很低就是不敢进，砸盘搅棍还有很多货，科创板上长还能,2026-05-28,平安银行真是好股票现在价格也很低就是不敢进，砸盘搅棍还有很多货，科创板上长还能,平安银行(000001),134,4,"https://guba.eastmoney.com/news,000001,1716431935.html"
COMM_000569,comment,东方财富股吧,666，恶意砸盘,2026-05-28,666，恶意砸盘,平安银行(000001),56,0,"https://guba.eastmoney.com/news,000001,1716465968.html"
COMM_000570,comment,东方财富股吧,万科还有50%的跌幅，平安银行至少下跌20%,2026-05-28,万科还有50%的跌幅，平安银行至少下跌20%,平安银行(000001),55,0,"https://guba.eastmoney.com/news,000001,1716465470.html"
COMM_000571,comment,东方财富股吧,千手弟一路狂砸。股友们，你们顶得住吗?,2026-05-28,千手弟一路狂砸。股友们，你们顶得住吗?,平安银行(000001),71,3,"https://guba.eastmoney.com/news,000001,1716452908.html"
COMM_000572,comment,东方财富股吧,真够恶心了,2026-05-28,真够恶心了,平安银行(000001),48,0,"https://guba.eastmoney.com/news,000001,1716461001.html"
COMM_000573,comment,东方财富股吧,科技还是涨,2026-05-28,科技还是涨,平安银行(000001),37,0,"https://guba.eastmoney.com/news,000001,1716455788.html"
COMM_000574,comment,东方财富股吧,往昔所造诸恶业，皆由无始贪嗔痴，从身语意之所生，一切我今皆忏悔。,2026-05-28,往昔所造诸恶业，皆由无始贪嗔痴，从身语意之所生，一切我今皆忏悔。,平安银行(000001),65,2,"https://guba.eastmoney.com/news,000001,1716389696.html"
COMM_000575,comment,东方财富股吧,姚老板成本11.5附近，这么跌下去姚老板裤衩子都跌没了,2026-05-28,姚老板成本11.5附近，这么跌下去姚老板裤衩子都跌没了,平安银行(000001),201,7,"https://guba.eastmoney.com/news,000001,1716254704.html"
COMM_000576,comment,东方财富股吧,指数都上去了，10.66还卖，下周卖多三毛钱不好吗？赔钱活该。,2026-05-28,指数都上去了，10.66还卖，下周卖多三毛钱不好吗？赔钱活该。,平安银行(000001),94,4,"https://guba.eastmoney.com/news,000001,1716367964.html"
COMM_000577,comment,东方财富股吧,看不懂，看不懂!大盘都红了0.76%破银行股还往下跌!,2026-05-28,看不懂，看不懂!大盘都红了0.76%破银行股还往下跌!,平安银行(000001),61,1,"https://guba.eastmoney.com/news,000001,1716415182.html"
COMM_000578,comment,东方财富股吧,虽然我也很生气，但平安银行最近在银行股里面算是表现还不错的。,2026-05-28,虽然我也很生气，但平安银行最近在银行股里面算是表现还不错的。,平安银行(000001),51,0,"https://guba.eastmoney.com/news,000001,1716411559.html"
COMM_000579,comment,东方财富股吧,底部的天际股份为何本周大跌20%？！,2026-05-28,底部的天际股份为何本周大跌20%？！,平安银行(000001),53,0,"https://guba.eastmoney.com/news,000636,1716400875.html"
COMM_000580,comment,东方财富股吧,底部的天际股份为何本周大跌20%？！,2026-05-28,底部的天际股份为何本周大跌20%？！,平安银行(000001),46,0,"https://guba.eastmoney.com/news,600726,1716400364.html"
COMM_000581,comment,东方财富股吧,底部的天际股份为何本周大跌20%？！,2026-05-28,底部的天际股份为何本周大跌20%？！,平安银行(000001),58,0,"https://guba.eastmoney.com/news,600584,1716398563.html"
COMM_000582,comment,东方财富股吧,底部的天际股份为何本周大跌20%？！,2026-05-28,底部的天际股份为何本周大跌20%？！,平安银行(000001),32,0,"https://guba.eastmoney.com/news,002185,1716397948.html"
COMM_000583,comment,东方财富股吧,涨四天不够一天跌的,2026-05-28,涨四天不够一天跌的,平安银行(000001),49,1,"https://guba.eastmoney.com/news,000001,1716336265.html"
COMM_000584,comment,东方财富股吧,观察：同样破净绩优，布局历史超跌消费还是追高银行拿着等待分红利息划算呢？现在指数,2026-05-19,观察：同样破净绩优，布局历史超跌消费还是追高银行拿着等待分红利息划算呢？现在指数,平安银行(000001),605,7,"https://guba.eastmoney.com/news,000001,1710325624.html"
COMM_000585,comment,东方财富股吧,底部3794，还有300点，听天由命吧,2026-05-28,底部3794，还有300点，听天由命吧,平安银行(000001),44,0,"https://guba.eastmoney.com/news,000001,1716357606.html"
COMM_000586,comment,东方财富股吧,为什么我买的一直跌,2026-05-28,为什么我买的一直跌,平安银行(000001),49,1,"https://guba.eastmoney.com/news,000001,1716350980.html"
COMM_000587,comment,东方财富股吧,再也没有资金跟这个公司耗下去了，简直太奇葩的公司,2026-05-28,再也没有资金跟这个公司耗下去了，简直太奇葩的公司,平安银行(000001),40,0,"https://guba.eastmoney.com/news,000001,1716347299.html"
COMM_000588,comment,东方财富股吧,你跌啥呢，我真无语了,2026-05-28,你跌啥呢，我真无语了,平安银行(000001),44,1,"https://guba.eastmoney.com/news,000001,1716337473.html"
COMM_000589,comment,东方财富股吧,业绩是假的吧,2026-05-28,业绩是假的吧,平安银行(000001),43,0,"https://guba.eastmoney.com/news,000001,1716331244.html"
COMM_000590,comment,东方财富股吧,护盘没你吗,2026-05-28,护盘没你吗,平安银行(000001),40,0,"https://guba.eastmoney.com/news,000001,1716317491.html"
COMM_000591,comment,东方财富股吧,天天扯什么分红，，五粮液当时分红多少？充足的现金流，强大背景，现在在看看呢？？,2026-05-15,天天扯什么分红，，五粮液当时分红多少？充足的现金流，强大背景，现在在看看呢？？,平安银行(000001),1313,25,"https://guba.eastmoney.com/news,000001,1708780186.html"
COMM_000592,comment,东方财富股吧,9.2-9.5今年估计会到,2026-05-28,9.2-9.5今年估计会到,平安银行(000001),53,0,"https://guba.eastmoney.com/news,000001,1716309387.html"
COMM_000593,comment,东方财富股吧,什么时候分红,2026-05-28,什么时候分红,平安银行(000001),69,1,"https://guba.eastmoney.com/news,000001,1716271217.html"
COMM_000594,comment,东方财富股吧,继续跳水，逃起来。。。。,2026-05-28,继续跳水，逃起来。。。。,平安银行(000001),53,0,"https://guba.eastmoney.com/news,000001,1716301506.html"
COMM_000595,comment,东方财富股吧,垃圾草,2026-05-28,垃圾草,平安银行(000001),49,0,"https://guba.eastmoney.com/news,000001,1716285435.html"
COMM_000596,comment,东方财富股吧,平安银行逾10亿元不良贷款资产包招商！抵押物涉五星级酒店银行业低迷源于低息差难以,2026-05-20,平安银行逾10亿元不良贷款资产包招商！抵押物涉五星级酒店银行业低迷源于低息差难以,平安银行(000001),106,2,"https://guba.eastmoney.com/news,000001,1711094086.html"
COMM_000597,comment,东方财富股吧,证金公司在2015年三季度均价6元左右大手笔购入4亿多股，十多年的分红基本覆盖了,2026-05-28,证金公司在2015年三季度均价6元左右大手笔购入4亿多股，十多年的分红基本覆盖了,平安银行(000001),157,1,"https://guba.eastmoney.com/news,000001,1716003552.html"
COMM_000598,comment,东方财富股吧,各位大神，3.58的市盈率是不是3.58年就可以回本？23元的净资产是不是每股值,2026-05-28,各位大神，3.58的市盈率是不是3.58年就可以回本？23元的净资产是不是每股值,平安银行(000001),196,4,"https://guba.eastmoney.com/news,000001,1716179930.html"
COMM_000599,comment,东方财富股吧,昨天涨了一天，又可以跌十几天了,2026-05-27,昨天涨了一天，又可以跌十几天了,平安银行(000001),61,1,"https://guba.eastmoney.com/news,000001,1715409040.html"
COMM_000600,comment,东方财富股吧,跌跌更健康呀！越绿越买，越涨越丢,2026-05-28,跌跌更健康呀！越绿越买，越涨越丢,平安银行(000001),49,0,"https://guba.eastmoney.com/news,000001,1716255682.html"
COMM_000601,comment,东方财富股吧,那些卖的你是在担心不涨没有挣吗？真是可笑,2026-05-28,那些卖的你是在担心不涨没有挣吗？真是可笑,平安银行(000001),59,2,"https://guba.eastmoney.com/news,000001,1716165213.html"
COMM_000602,comment,东方财富股吧,还跌，我c了,2026-05-28,还跌，我c了,平安银行(000001),47,1,"https://guba.eastmoney.com/news,000001,1716248781.html"
COMM_000603,comment,东方财富股吧,从这个月初的11.60跌下来，到今天的10.69，快一个跌停了，竟然没有一次像样,2026-05-28,从这个月初的11.60跌下来，到今天的10.69，快一个跌停了，竟然没有一次像样,平安银行(000001),70,0,"https://guba.eastmoney.com/news,000001,1716250958.html"
COMM_000604,comment,东方财富股吧,翘翘板，大盘回升下跌。,2026-05-28,翘翘板，大盘回升下跌。,平安银行(000001),50,1,"https://guba.eastmoney.com/news,000001,1716251278.html"
COMM_000605,comment,东方财富股吧,我进来就绿了！这是进哪里绿哪里吗？,2026-05-28,我进来就绿了！这是进哪里绿哪里吗？,平安银行(000001),52,1,"https://guba.eastmoney.com/news,000001,1716251386.html"
COMM_000606,comment,东方财富股吧,翘翘板，大盘回升破股下跌!,2026-05-28,翘翘板，大盘回升破股下跌!,平安银行(000001),42,0,"https://guba.eastmoney.com/news,000001,1716252481.html"
COMM_000607,comment,东方财富股吧,建行追上你,2026-05-26,建行追上你,平安银行(000001),86,0,"https://guba.eastmoney.com/news,000001,1714431454.html"
COMM_000608,comment,东方财富股吧,当市场极端时买再等等给你带来一笔不错收入…当它红了冉升起卖别忧烦果断清仓A股本来,2026-05-28,当市场极端时买再等等给你带来一笔不错收入…当它红了冉升起卖别忧烦果断清仓A股本来,平安银行(000001),41,0,"https://guba.eastmoney.com/news,000001,1716221110.html"
COMM_000609,comment,东方财富股吧,下跌的量缩没,2026-05-28,下跌的量缩没,平安银行(000001),49,0,"https://guba.eastmoney.com/news,000001,1716218381.html"
COMM_000610,comment,东方财富股吧,怎么分红还没到账,2026-05-28,怎么分红还没到账,平安银行(000001),71,1,"https://guba.eastmoney.com/news,000001,1716166392.html"
COMM_000611,comment,东方财富股吧,其他票跌还会骂两句，你跌我都不生气了,2026-05-28,其他票跌还会骂两句，你跌我都不生气了,平安银行(000001),45,0,"https://guba.eastmoney.com/news,000001,1716212579.html"
COMM_000612,comment,东方财富股吧,11.35买的，怎么跌跌不休了,2026-05-28,11.35买的，怎么跌跌不休了,平安银行(000001),50,0,"https://guba.eastmoney.com/news,000001,1716211363.html"
COMM_000613,comment,东方财富股吧,卖出的挂单10.80就能出手，何必10.70这么急呢？你家着火了？,2026-05-28,卖出的挂单10.80就能出手，何必10.70这么急呢？你家着火了？,平安银行(000001),39,0,"https://guba.eastmoney.com/news,000001,1716209688.html"
COMM_000614,comment,东方财富股吧,太多了，买不完,2026-05-28,太多了，买不完,平安银行(000001),44,0,"https://guba.eastmoney.com/news,000001,1716207487.html"
COMM_000615,comment,东方财富股吧,你,2026-05-28,你,平安银行(000001),36,0,"https://guba.eastmoney.com/news,000001,1716206009.html"
COMM_000616,comment,东方财富股吧,机构都是机械化管理，等下个月数据出来确认进入复苏就会争先恐后买进,2026-05-28,机构都是机械化管理，等下个月数据出来确认进入复苏就会争先恐后买进,平安银行(000001),48,0,"https://guba.eastmoney.com/news,000001,1716188725.html"
COMM_000617,comment,东方财富股吧,不要了，我。。。。你。。。,2026-05-28,不要了，我。。。。你。。。,平安银行(000001),46,1,"https://guba.eastmoney.com/news,000001,1716164006.html"
COMM_000618,comment,东方财富股吧,珍惜手中证券和银行、白酒、电力、商业零售、交通、消费、中国石化、中国石油等廉价的,2026-05-28,珍惜手中证券和银行、白酒、电力、商业零售、交通、消费、中国石化、中国石油等廉价的,平安银行(000001),58,0,"https://guba.eastmoney.com/news,000001,1716160321.html"
COMM_000619,comment,东方财富股吧,当市场超级大中小散外加资管决定权衡板块上还是下时辰时……砖头给你意见等等……！！,2026-05-28,当市场超级大中小散外加资管决定权衡板块上还是下时辰时……砖头给你意见等等……！！,平安银行(000001),49,0,"https://guba.eastmoney.com/news,000001,1716145146.html"
COMM_000620,comment,东方财富股吧,哇噻!千手哥睡醒了!必须点赞,2026-05-28,哇噻!千手哥睡醒了!必须点赞,平安银行(000001),50,2,"https://guba.eastmoney.com/news,000001,1716115990.html"
COMM_000621,comment,东方财富股吧,每到最后的几秒，各种大卖单就砸出来了,2026-05-27,每到最后的几秒，各种大卖单就砸出来了,平安银行(000001),393,4,"https://guba.eastmoney.com/news,000001,1715676762.html"
COMM_000622,comment,东方财富股吧,中小银行都是一堆垃圾,2026-05-28,中小银行都是一堆垃圾,平安银行(000001),40,0,"https://guba.eastmoney.com/news,000001,1716088739.html"
COMM_000623,comment,东方财富股吧,没有千手的买单，只有千手的卖单。想涨?门都没有。,2026-05-28,没有千手的买单，只有千手的卖单。想涨?门都没有。,平安银行(000001),40,0,"https://guba.eastmoney.com/news,000001,1716062832.html"
COMM_000624,comment,东方财富股吧,曾经深发展的气质呢？,2026-05-28,曾经深发展的气质呢？,平安银行(000001),43,0,"https://guba.eastmoney.com/news,000001,1716046392.html"
COMM_000625,comment,东方财富股吧,你怎么变成织布机了？,2026-05-28,你怎么变成织布机了？,平安银行(000001),41,0,"https://guba.eastmoney.com/news,000001,1716045821.html"
COMM_000626,comment,东方财富股吧,企稳叠加目前整体行情，这个安全系数非常高，已入等抬轿,2026-05-28,企稳叠加目前整体行情，这个安全系数非常高，已入等抬轿,平安银行(000001),45,0,"https://guba.eastmoney.com/news,000001,1716034176.html"
COMM_000627,comment,东方财富股吧,建议大股东通过大宗交易将证金公司尚未出清的股票承接下来，避免对全体股东及公司价值,2026-05-28,建议大股东通过大宗交易将证金公司尚未出清的股票承接下来，避免对全体股东及公司价值,平安银行(000001),38,0,"https://guba.eastmoney.com/news,000001,1716030104.html"
COMM_000628,comment,东方财富股吧,平银像病人,2026-05-28,平银像病人,平安银行(000001),46,0,"https://guba.eastmoney.com/news,000001,1716029980.html"
COMM_000629,comment,东方财富股吧,原以为最强，结果最弱。,2026-05-28,原以为最强，结果最弱。,平安银行(000001),41,0,"https://guba.eastmoney.com/news,000001,1716011128.html"
COMM_000630,comment,东方财富股吧,两三年内你千万不要卖平安银行，只进不出,2026-05-28,两三年内你千万不要卖平安银行，只进不出,平安银行(000001),108,1,"https://guba.eastmoney.com/news,000001,1715914310.html"
COMM_000631,comment,东方财富股吧,昨天怎么还有S13卖货，你这样操作不亏钱是天才,2026-05-28,昨天怎么还有S13卖货，你这样操作不亏钱是天才,平安银行(000001),59,1,"https://guba.eastmoney.com/news,000001,1715912844.html"
COMM_000632,comment,东方财富股吧,平安银行：融资净偿还3161.42万元，融资余额55.49亿元,2026-05-28,平安银行：融资净偿还3161.42万元，融资余额55.49亿元,平安银行(000001),69,0,"https://guba.eastmoney.com/news,000001,1715906941.html"
COMM_000633,comment,东方财富股吧,远离黑五类，金融地产医药白酒农业，平安这个周期必跌破5元！,2026-05-26,远离黑五类，金融地产医药白酒农业，平安这个周期必跌破5元！,平安银行(000001),386,16,"https://guba.eastmoney.com/news,000001,1714186515.html"
COMM_000634,comment,东方财富股吧,平安银行：截至2025年末公司投资组合中持有少量美国国债和中债评级A级以下国内债券,2026-05-27,平安银行：截至2025年末公司投资组合中持有少量美国国债和中债评级A级以下国内债券,平安银行(000001),1368,5,"https://guba.eastmoney.com/news,000001,1715787068.html"
COMM_000635,comment,东方财富股吧,轮到科技爆跌，平安银行爆涨的时刻，大家就应该全仓加栱杆抽底锁仓平安银行保一方平安,2026-05-27,轮到科技爆跌，平安银行爆涨的时刻，大家就应该全仓加栱杆抽底锁仓平安银行保一方平安,平安银行(000001),347,14,"https://guba.eastmoney.com/news,000001,1715639842.html"
COMM_000636,comment,东方财富股吧,平安银行必涨，我们推论一个核心逻辑。平安银行一年盈利400亿，过一年又400亿，,2026-05-22,平安银行必涨，我们推论一个核心逻辑。平安银行一年盈利400亿，过一年又400亿，,平安银行(000001),621,9,"https://guba.eastmoney.com/news,000001,1712479884.html"
COMM_000637,comment,东方财富股吧,我记得之前董秘说过再也买不到多少钱的平安银行来着？13还是14？,2026-05-27,我记得之前董秘说过再也买不到多少钱的平安银行来着？13还是14？,平安银行(000001),146,2,"https://guba.eastmoney.com/news,000001,1715794810.html"
COMM_000638,comment,东方财富股吧,买股票，分红才是硬道理，别的都是老谣。个人财产包括存款、债券，知识产权，房产等等,2026-05-27,买股票，分红才是硬道理，别的都是老谣。个人财产包括存款、债券，知识产权，房产等等,平安银行(000001),160,3,"https://guba.eastmoney.com/news,000001,1715762382.html"
COMM_000639,comment,东方财富股吧,既然这样那我也就不客气了，直接上货,2026-05-26,既然这样那我也就不客气了，直接上货,平安银行(000001),1411,2,"https://guba.eastmoney.com/news,000001,1714714727.html"
COMM_000640,comment,东方财富股吧,明天能2%阳线吗？,2026-05-27,明天能2%阳线吗？,平安银行(000001),72,1,"https://guba.eastmoney.com/news,000001,1715791473.html"
COMM_000641,comment,东方财富股吧,时间筛掉的不过是本身不够坚定的东西。,2026-05-27,时间筛掉的不过是本身不够坚定的东西。,平安银行(000001),39,0,"https://guba.eastmoney.com/news,000001,1715807759.html"
COMM_000642,comment,东方财富股吧,st板块个股那些没业绩负利润的烂股都没有跌破24年9月启动行的情一半，结果现在你,2026-05-27,st板块个股那些没业绩负利润的烂股都没有跌破24年9月启动行的情一半，结果现在你,平安银行(000001),55,0,"https://guba.eastmoney.com/news,000001,1715790331.html"
COMM_000643,comment,东方财富股吧,不少股民认为10.50元是强支撑，每逢跌至附近，就会迎来一波买盘，可一旦跌破10,2026-05-27,不少股民认为10.50元是强支撑，每逢跌至附近，就会迎来一波买盘，可一旦跌破10,平安银行(000001),103,0,"https://guba.eastmoney.com/news,000001,1715789631.html"
COMM_000644,comment,东方财富股吧,几号分红,2026-05-27,几号分红,平安银行(000001),77,1,"https://guba.eastmoney.com/news,000001,1715778603.html"
COMM_000645,comment,东方财富股吧,现在这种状态下有钱我也不买房，宁可租房我也不买房，拿钱买股票，等分红等股价上涨等,2026-05-27,现在这种状态下有钱我也不买房，宁可租房我也不买房，拿钱买股票，等分红等股价上涨等,平安银行(000001),90,1,"https://guba.eastmoney.com/news,000001,1715763391.html"
COMM_000646,comment,东方财富股吧,恩情公司被套了吗？,2026-05-27,恩情公司被套了吗？,平安银行(000001),69,1,"https://guba.eastmoney.com/news,000001,1715738196.html"
COMM_000647,comment,东方财富股吧,平安银行这个价位买入就持股收息每年分红再复投，年复一年五年后你的持仓成本是7.7,2026-05-22,平安银行这个价位买入就持股收息每年分红再复投，年复一年五年后你的持仓成本是7.7,平安银行(000001),1637,54,"https://guba.eastmoney.com/news,000001,1712808836.html"
COMM_000648,comment,东方财富股吧,你们以为股价跌了股息就能高？那是你们以去年的分红作为参考的谁能保证今年明年是什么,2026-05-27,你们以为股价跌了股息就能高？那是你们以去年的分红作为参考的谁能保证今年明年是什么,平安银行(000001),85,1,"https://guba.eastmoney.com/news,000001,1715693610.html"
COMM_000649,comment,东方财富股吧,公司股东人数,2026-05-27,公司股东人数,平安银行(000001),261,0,"https://guba.eastmoney.com/news,000001,1715696772.html"
COMM_000650,comment,东方财富股吧,请问5月13日兰州银行在京东拍卖3亿股，贵司是否参与？,2026-05-27,请问5月13日兰州银行在京东拍卖3亿股，贵司是否参与？,平安银行(000001),160,0,"https://guba.eastmoney.com/news,000001,1715696771.html"
COMM_000651,comment,东方财富股吧,截止5月11日股东人数多少,2026-05-27,截止5月11日股东人数多少,平安银行(000001),157,0,"https://guba.eastmoney.com/news,000001,1715696530.html"
COMM_000652,comment,东方财富股吧,管理层，您好！公司投资组合中是否持有美债和国内评价A以下的债券？如果持有的话，规,2026-05-27,管理层，您好！公司投资组合中是否持有美债和国内评价A以下的债券？如果持有的话，规,平安银行(000001),79,0,"https://guba.eastmoney.com/news,000001,1715696254.html"
COMM_000653,comment,东方财富股吧,根据贵行股票近两年走势，贵行是否存在末报露信息？今年一季度营收，利润同比均上升。,2026-05-27,根据贵行股票近两年走势，贵行是否存在末报露信息？今年一季度营收，利润同比均上升。,平安银行(000001),294,0,"https://guba.eastmoney.com/news,000001,1715695364.html"
COMM_000654,comment,东方财富股吧,又被套牢了,2026-05-27,又被套牢了,平安银行(000001),36,0,"https://guba.eastmoney.com/news,000001,1715669586.html"
COMM_000655,comment,东方财富股吧,看拉到80收盘,2026-05-27,看拉到80收盘,平安银行(000001),47,0,"https://guba.eastmoney.com/news,000001,1715629803.html"
COMM_000656,comment,东方财富股吧,垃圾,2026-05-27,垃圾,平安银行(000001),35,0,"https://guba.eastmoney.com/news,000001,1715616729.html"
COMM_000657,comment,东方财富股吧,……,2026-05-27,……,平安银行(000001),28,0,"https://guba.eastmoney.com/news,000001,1715565865.html"
COMM_000658,comment,东方财富股吧,有些不懂装懂的~说股息一直保持%5的都是不懂股票的~~~民生银行从高位跌下来也就,2026-05-27,有些不懂装懂的~说股息一直保持%5的都是不懂股票的~~~民生银行从高位跌下来也就,平安银行(000001),223,2,"https://guba.eastmoney.com/news,000001,1715465697.html"
COMM_000659,comment,东方财富股吧,还好老人家机智，抛了,2026-05-27,还好老人家机智，抛了,平安银行(000001),46,0,"https://guba.eastmoney.com/news,000001,1715520907.html"
COMM_000660,comment,东方财富股吧,今天应该雄起才对的，看下午了。,2026-05-27,今天应该雄起才对的，看下午了。,平安银行(000001),49,0,"https://guba.eastmoney.com/news,000001,1715432435.html"
COMM_000661,comment,东方财富股吧,nb,2026-05-27,nb,平安银行(000001),36,0,"https://guba.eastmoney.com/news,000001,1715431699.html"
COMM_000662,comment,东方财富股吧,根据光大银行的估值，还要补跌的。空仓观望,2026-05-27,根据光大银行的估值，还要补跌的。空仓观望,平安银行(000001),70,1,"https://guba.eastmoney.com/news,000001,1715016658.html"
COMM_000663,comment,东方财富股吧,怎么还不St,2026-05-27,怎么还不St,平安银行(000001),41,0,"https://guba.eastmoney.com/news,000001,1715420674.html"
COMM_000664,comment,东方财富股吧,业务做的巨烂,2026-05-27,业务做的巨烂,平安银行(000001),40,0,"https://guba.eastmoney.com/news,000001,1715420434.html"
COMM_000665,comment,东方财富股吧,管理层,2026-05-27,管理层,平安银行(000001),36,0,"https://guba.eastmoney.com/news,000001,1715420293.html"
COMM_000666,comment,东方财富股吧,己全部离场，希望这怪股除牌,2026-05-27,己全部离场，希望这怪股除牌,平安银行(000001),40,0,"https://guba.eastmoney.com/news,000001,1715414778.html"
COMM_000667,comment,东方财富股吧,要死了吧,2026-05-27,要死了吧,平安银行(000001),38,0,"https://guba.eastmoney.com/news,000001,1715414713.html"
COMM_000668,comment,东方财富股吧,麻了,2026-05-27,麻了,平安银行(000001),35,0,"https://guba.eastmoney.com/news,000001,1715399025.html"
COMM_000669,comment,东方财富股吧,分红700多亿，融资有1100多亿，实际上是把融资的钱拿来分红还白赚了400亿，,2026-05-27,分红700多亿，融资有1100多亿，实际上是把融资的钱拿来分红还白赚了400亿，,平安银行(000001),53,0,"https://guba.eastmoney.com/news,000001,1715362244.html"
COMM_000670,comment,东方财富股吧,深圳经济已经无增长空间，题材已无挖掘了。,2026-05-27,深圳经济已经无增长空间，题材已无挖掘了。,平安银行(000001),29,0,"https://guba.eastmoney.com/news,000001,1715351486.html"
COMM_000671,comment,东方财富股吧,这垃圾咋会死，兴业只少有反弹，这货到死不活的,2026-05-27,这垃圾咋会死，兴业只少有反弹，这货到死不活的,平安银行(000001),45,0,"https://guba.eastmoney.com/news,000001,1715317537.html"
COMM_000672,comment,东方财富股吧,当自有A股三十多年至此从没真实过也没正常过…市值一百万亿了还在三千四千聊望？？利,2026-05-27,当自有A股三十多年至此从没真实过也没正常过…市值一百万亿了还在三千四千聊望？？利,平安银行(000001),53,0,"https://guba.eastmoney.com/news,000001,1715304638.html"
COMM_000673,comment,东方财富股吧,平安银行11元压力山大，很难上去。垃圾,2026-05-27,平安银行11元压力山大，很难上去。垃圾,平安银行(000001),43,0,"https://guba.eastmoney.com/news,000001,1715276370.html"
COMM_000674,comment,东方财富股吧,现在买入，10年后情况会是咋样呢？,2026-05-27,现在买入，10年后情况会是咋样呢？,平安银行(000001),158,4,"https://guba.eastmoney.com/news,000001,1714984934.html"
COMM_000675,comment,东方财富股吧,$平安银行(SZ000001)$,2026-05-27,$平安银行(SZ000001)$,平安银行(000001),308,2,"https://guba.eastmoney.com/news,000001,1715160661.html"
COMM_000676,comment,东方财富股吧,科技生万物死,2026-05-27,科技生万物死,平安银行(000001),34,0,"https://guba.eastmoney.com/news,000001,1715249435.html"
COMM_000677,comment,东方财富股吧,建行快赶上平安了,2026-05-27,建行快赶上平安了,平安银行(000001),58,1,"https://guba.eastmoney.com/news,000001,1715217141.html"
COMM_000678,comment,东方财富股吧,确定不护一下指数吗,2026-05-27,确定不护一下指数吗,平安银行(000001),27,0,"https://guba.eastmoney.com/news,000001,1715225258.html"
COMM_000679,comment,东方财富股吧,技术支撑位大概在9元附近，主力一定会跌破支撑位，在底部反复震荡收集筹码，破8也是,2026-05-14,技术支撑位大概在9元附近，主力一定会跌破支撑位，在底部反复震荡收集筹码，破8也是,平安银行(000001),712,28,"https://guba.eastmoney.com/news,000001,1708237821.html"
COMM_000680,comment,东方财富股吧,何时派息？等着补仓呢,2026-05-26,何时派息？等着补仓呢,平安银行(000001),205,4,"https://guba.eastmoney.com/news,000001,1714847031.html"
COMM_000681,comment,东方财富股吧,有点样子，今天大阳。开始连续上涨，涨涨涨。,2026-05-27,有点样子，今天大阳。开始连续上涨，涨涨涨。,平安银行(000001),38,0,"https://guba.eastmoney.com/news,000001,1715159201.html"
COMM_000682,comment,东方财富股吧,快一点分红，我好补仓,2026-05-27,快一点分红，我好补仓,平安银行(000001),39,0,"https://guba.eastmoney.com/news,000001,1715138218.html"
COMM_000683,comment,东方财富股吧,希望你崛起,2026-05-27,希望你崛起,平安银行(000001),36,0,"https://guba.eastmoney.com/news,000001,1715135031.html"
COMM_000684,comment,东方财富股吧,就天天早上红一下,2026-05-27,就天天早上红一下,平安银行(000001),34,0,"https://guba.eastmoney.com/news,000001,1715114242.html"
COMM_000685,comment,东方财富股吧,平安银行：融资净偿还2597.82万元，融资余额55.81亿元,2026-05-27,平安银行：融资净偿还2597.82万元，融资余额55.81亿元,平安银行(000001),77,0,"https://guba.eastmoney.com/news,000001,1715029398.html"
COMM_000686,comment,东方财富股吧,根据光大银行走势，还要补跌的。,2026-05-26,根据光大银行走势，还要补跌的。,平安银行(000001),133,3,"https://guba.eastmoney.com/news,000001,1714588862.html"
COMM_000687,comment,东方财富股吧,什么时候分红呢,2026-05-27,什么时候分红呢,平安银行(000001),42,0,"https://guba.eastmoney.com/news,000001,1715019752.html"
COMM_000688,comment,东方财富股吧,怎么上海没信号了,2026-05-27,怎么上海没信号了,平安银行(000001),41,0,"https://guba.eastmoney.com/news,000001,1715013610.html"
COMM_000689,comment,东方财富股吧,[卖出][卖出][卖出],2026-05-27,[卖出][卖出][卖出],平安银行(000001),33,0,"https://guba.eastmoney.com/news,000001,1715000603.html"
COMM_000690,comment,东方财富股吧,真的垃圾啊，跌这么多，就涨一点,2026-05-27,真的垃圾啊，跌这么多，就涨一点,平安银行(000001),41,0,"https://guba.eastmoney.com/news,000001,1715000592.html"
COMM_000691,comment,东方财富股吧,根据光大银行走势，银行股还有得跌的,2026-05-26,根据光大银行走势，银行股还有得跌的,平安银行(000001),119,3,"https://guba.eastmoney.com/news,000001,1714882059.html"
COMM_000692,comment,东方财富股吧,建行创新高了，什么时候轮到平安银行？,2026-05-26,建行创新高了，什么时候轮到平安银行？,平安银行(000001),123,1,"https://guba.eastmoney.com/news,000001,1714599470.html"
COMM_000693,comment,东方财富股吧,现在银行股都在回调，这只也免不了，8元左右进入，长期持有,2026-05-26,现在银行股都在回调，这只也免不了，8元左右进入，长期持有,平安银行(000001),49,0,"https://guba.eastmoney.com/news,000001,1714966797.html"
COMM_000694,comment,东方财富股吧,平安银行可能是第一个退市的银行,2026-05-25,平安银行可能是第一个退市的银行,平安银行(000001),443,8,"https://guba.eastmoney.com/news,000001,1714038784.html"
COMM_000695,comment,东方财富股吧,分红没有消息，是没现金了吗？,2026-05-26,分红没有消息，是没现金了吗？,平安银行(000001),201,3,"https://guba.eastmoney.com/news,000001,1714928472.html"
COMM_000696,comment,东方财富股吧,最后三分钟买了1.7万手。明天可期。,2026-05-26,最后三分钟买了1.7万手。明天可期。,平安银行(000001),111,2,"https://guba.eastmoney.com/news,000001,1714837918.html"
COMM_000697,comment,东方财富股吧,上周加仓6手，10.69，今天加仓2手，10.76，10.5等不上。,2026-05-26,上周加仓6手，10.69，今天加仓2手，10.76，10.5等不上。,平安银行(000001),73,2,"https://guba.eastmoney.com/news,000001,1714845601.html"
COMM_000698,comment,东方财富股吧,告别规模情结！九大股份行一季报透视：净息差筑底与资产质量分化,2026-05-26,告别规模情结！九大股份行一季报透视：净息差筑底与资产质量分化,平安银行(000001),3458,5,"https://guba.eastmoney.com/news,600036,1714853193.html"
COMM_000699,comment,东方财富股吧,3.5的市盈率为什么还要抛出，泡沫股要走下坡路了,2026-05-26,3.5的市盈率为什么还要抛出，泡沫股要走下坡路了,平安银行(000001),95,1,"https://guba.eastmoney.com/news,000001,1714734768.html"
COMM_000700,comment,东方财富股吧,好不容易涨了几分钱，大家迫不及待地跑路，不值得，续持仓,2026-05-26,好不容易涨了几分钱，大家迫不及待地跑路，不值得，续持仓,平安银行(000001),61,0,"https://guba.eastmoney.com/news,000001,1714567889.html"
COMM_000701,comment,东方财富股吧,不到20块不卖，庄家想低价拿筹码，没门。,2026-05-26,不到20块不卖，庄家想低价拿筹码，没门。,平安银行(000001),55,1,"https://guba.eastmoney.com/news,000001,1714875833.html"
COMM_000702,comment,东方财富股吧,平安银行买了3次，次次都没有亏钱。好股票。,2026-05-26,平安银行买了3次，次次都没有亏钱。好股票。,平安银行(000001),458,1,"https://guba.eastmoney.com/news,000001,1714668046.html"
COMM_000703,comment,东方财富股吧,平安这种有波段的股票，是很良心了。。。,2026-05-26,平安这种有波段的股票，是很良心了。。。,平安银行(000001),60,0,"https://guba.eastmoney.com/news,000001,1714868345.html"
COMM_000704,comment,东方财富股吧,三天不创新低，猛干,2026-05-26,三天不创新低，猛干,平安银行(000001),55,0,"https://guba.eastmoney.com/news,000001,1714843103.html"
COMM_000705,comment,东方财富股吧,平安也许迟到决不会缺席，每年吃股息平稳赚钱，健康第一，能玩短线的要承受很多心跳的,2026-05-26,平安也许迟到决不会缺席，每年吃股息平稳赚钱，健康第一，能玩短线的要承受很多心跳的,平安银行(000001),71,0,"https://guba.eastmoney.com/news,000001,1714827162.html"
COMM_000706,comment,东方财富股吧,$上海医药(SH601607)$$平安银行(SZ000001)$$美的集团(SZ,2026-05-26,$上海医药(SH601607)$$平安银行(SZ000001)$$美的集团(SZ,平安银行(000001),325,2,"https://guba.eastmoney.com/news,601607,1714763190.html"
COMM_000707,comment,东方财富股吧,请技术派高手看一下，这两个十字星属于下跌的中继还是止跌企稳了？,2026-05-26,请技术派高手看一下，这两个十字星属于下跌的中继还是止跌企稳了？,平安银行(000001),251,5,"https://guba.eastmoney.com/news,000001,1714648379.html"
COMM_000708,comment,东方财富股吧,大概率事件分红前至少涨到11元上方，分红后股价不会新低，再逐步填权。,2026-05-26,大概率事件分红前至少涨到11元上方，分红后股价不会新低，再逐步填权。,平安银行(000001),90,0,"https://guba.eastmoney.com/news,000001,1714707850.html"
COMM_000709,comment,东方财富股吧,$平安银行(SZ000001)$,2026-05-26,$平安银行(SZ000001)$,平安银行(000001),52,0,"https://guba.eastmoney.com/news,000001,1714651165.html"
COMM_000710,comment,东方财富股吧,不要买平安公司的股票不要做平安公司的业务,2026-05-26,不要买平安公司的股票不要做平安公司的业务,平安银行(000001),52,0,"https://guba.eastmoney.com/news,000001,1714608466.html"
COMM_000711,comment,东方财富股吧,行长都这么说了，噗。,2026-05-26,行长都这么说了，噗。,平安银行(000001),976,4,"https://guba.eastmoney.com/news,601166,1714555960.html"
COMM_000712,comment,东方财富股吧,今天做了个高抛低吸，卖飞就算了，但没想到还是成功了，10.81卖出，10.71接,2026-05-26,今天做了个高抛低吸，卖飞就算了，但没想到还是成功了，10.81卖出，10.71接,平安银行(000001),97,2,"https://guba.eastmoney.com/news,000001,1714508538.html"
COMM_000713,comment,东方财富股吧,垃圾,2026-05-26,垃圾,平安银行(000001),48,0,"https://guba.eastmoney.com/news,000001,1714590079.html"
COMM_000714,comment,东方财富股吧,目前所有迹象表明，银行开始止跌回稳了，科技股已成强弩之末，没有业绩支撑的投资就是,2026-05-26,目前所有迹象表明，银行开始止跌回稳了，科技股已成强弩之末，没有业绩支撑的投资就是,平安银行(000001),115,2,"https://guba.eastmoney.com/news,000001,1714409504.html"
COMM_000715,comment,东方财富股吧,连续跌了15天，牛逼,2026-05-26,连续跌了15天，牛逼,平安银行(000001),93,1,"https://guba.eastmoney.com/news,000001,1714206234.html"
COMM_000716,comment,东方财富股吧,今天是什么鸡血,2026-05-26,今天是什么鸡血,平安银行(000001),74,3,"https://guba.eastmoney.com/news,000001,1714318145.html"
COMM_000717,comment,东方财富股吧,30W已融资，利率5%，每年分红6*0.3=1.8W，还利息30*0.05=1.,2026-05-26,30W已融资，利率5%，每年分红6*0.3=1.8W，还利息30*0.05=1.,平安银行(000001),211,7,"https://guba.eastmoney.com/news,000001,1714376092.html"
COMM_000718,comment,东方财富股吧,什么时候分红,2026-05-26,什么时候分红,平安银行(000001),44,0,"https://guba.eastmoney.com/news,000001,1714563434.html"
COMM_000719,comment,东方财富股吧,平安浦发起来了，青农商行何时？,2026-05-26,平安浦发起来了，青农商行何时？,平安银行(000001),40,0,"https://guba.eastmoney.com/news,000001,1714563313.html"
COMM_000720,comment,东方财富股吧,今天股息兜底的股就不会心慌,2026-05-26,今天股息兜底的股就不会心慌,平安银行(000001),45,0,"https://guba.eastmoney.com/news,000001,1714542802.html"
COMM_000721,comment,东方财富股吧,早盘又忽悠一批进来的~~~~真的无语,2026-05-26,早盘又忽悠一批进来的~~~~真的无语,平安银行(000001),47,0,"https://guba.eastmoney.com/news,000001,1714469408.html"
COMM_000722,comment,东方财富股吧,6啊，这位置进都套我,2026-05-26,6啊，这位置进都套我,平安银行(000001),44,0,"https://guba.eastmoney.com/news,000001,1714467815.html"
COMM_000723,comment,东方财富股吧,1050建仓了，这票其实我觉得最少会去10。但是我又特别看好平安银行，我觉得比兴,2026-05-25,1050建仓了，这票其实我觉得最少会去10。但是我又特别看好平安银行，我觉得比兴,平安银行(000001),146,3,"https://guba.eastmoney.com/news,000001,1713916670.html"
COMM_000724,comment,东方财富股吧,把人当猴耍呢，恶心,2026-05-26,把人当猴耍呢，恶心,平安银行(000001),39,0,"https://guba.eastmoney.com/news,000001,1714465686.html"
COMM_000725,comment,东方财富股吧,本来还幻想你今天爆发一把的！,2026-05-26,本来还幻想你今天爆发一把的！,平安银行(000001),43,0,"https://guba.eastmoney.com/news,000001,1714465628.html"
COMM_000726,comment,东方财富股吧,每次冲高就是逃命的机会，给你机会你不中用啊,2026-05-26,每次冲高就是逃命的机会，给你机会你不中用啊,平安银行(000001),42,0,"https://guba.eastmoney.com/news,000001,1714464937.html"
COMM_000727,comment,东方财富股吧,太恶心了,2026-05-26,太恶心了,平安银行(000001),45,0,"https://guba.eastmoney.com/news,000001,1714453534.html"
COMM_000728,comment,东方财富股吧,一模一样，走吧，还得创新低。,2026-05-26,一模一样，走吧，还得创新低。,平安银行(000001),171,0,"https://guba.eastmoney.com/news,000001,1714451937.html"
COMM_000729,comment,东方财富股吧,前期和青农商行一样的走势，主力打出空间回补,2026-05-26,前期和青农商行一样的走势，主力打出空间回补,平安银行(000001),50,0,"https://guba.eastmoney.com/news,000001,1714449871.html"
COMM_000730,comment,东方财富股吧,根本站不住垃圾,2026-05-26,根本站不住垃圾,平安银行(000001),36,0,"https://guba.eastmoney.com/news,000001,1714446721.html"
COMM_000731,comment,东方财富股吧,昨天一摸一样的套路。,2026-05-26,昨天一摸一样的套路。,平安银行(000001),42,0,"https://guba.eastmoney.com/news,000001,1714443321.html"
COMM_000732,comment,东方财富股吧,收盘还是收盘还是红不了一点,2026-05-26,收盘还是收盘还是红不了一点,平安银行(000001),45,0,"https://guba.eastmoney.com/news,000001,1714433280.html"
COMM_000733,comment,东方财富股吧,汇金在大量卖出,2026-05-26,汇金在大量卖出,平安银行(000001),46,0,"https://guba.eastmoney.com/news,000001,1714423829.html"
COMM_000734,comment,东方财富股吧,机构跑完了就可以止跌,2026-05-26,机构跑完了就可以止跌,平安银行(000001),47,1,"https://guba.eastmoney.com/news,000001,1714359799.html"
COMM_000735,comment,东方财富股吧,回本就卖,2026-05-26,回本就卖,平安银行(000001),184,2,"https://guba.eastmoney.com/news,000001,1714304676.html"
COMM_000736,comment,东方财富股吧,过山车行情,2026-05-26,过山车行情,平安银行(000001),43,0,"https://guba.eastmoney.com/news,000001,1714322616.html"
COMM_000737,comment,东方财富股吧,别涨啊，快点派息，等派完息复投了再涨,2026-05-26,别涨啊，快点派息，等派完息复投了再涨,平安银行(000001),41,0,"https://guba.eastmoney.com/news,000001,1714315976.html"
COMM_000738,comment,东方财富股吧,今天老登股见红，这个月买菜应该有，注意高抛低吸,2026-05-26,今天老登股见红，这个月买菜应该有，注意高抛低吸,平安银行(000001),47,0,"https://guba.eastmoney.com/news,601766,1714314636.html"
COMM_000739,comment,东方财富股吧,慢慢等吧，队长筹码都出完了就回到正确轨道了，还有2层估计下个月就全出完了,2026-05-26,慢慢等吧，队长筹码都出完了就回到正确轨道了，还有2层估计下个月就全出完了,平安银行(000001),55,0,"https://guba.eastmoney.com/news,000001,1714283202.html"
COMM_000740,comment,东方财富股吧,要起飞了吗,2026-05-26,要起飞了吗,平安银行(000001),44,0,"https://guba.eastmoney.com/news,000001,1714255266.html"
COMM_000741,comment,东方财富股吧,什么时候分红？9字开头，更适合补仓！,2026-05-26,什么时候分红？9字开头，更适合补仓！,平安银行(000001),61,0,"https://guba.eastmoney.com/news,000001,1714238392.html"
COMM_000742,comment,东方财富股吧,平安银行：融资净买入2003.62万元，融资余额56.07亿元,2026-05-26,平安银行：融资净买入2003.62万元，融资余额56.07亿元,平安银行(000001),84,0,"https://guba.eastmoney.com/news,000001,1714232178.html"
COMM_000743,comment,东方财富股吧,把有风险的股票整成了固定的理财产品,2026-05-26,把有风险的股票整成了固定的理财产品,平安银行(000001),49,0,"https://guba.eastmoney.com/news,000001,1714228873.html"
COMM_000744,comment,东方财富股吧,建行都要超过你了，LJ,2026-05-25,建行都要超过你了，LJ,平安银行(000001),78,1,"https://guba.eastmoney.com/news,000001,1713584172.html"
COMM_000745,comment,东方财富股吧,不管是谁把股价砸下来的，我代表我全家感谢你，让我以更低的价格买到更多的平银筹码，,2026-05-25,不管是谁把股价砸下来的，我代表我全家感谢你，让我以更低的价格买到更多的平银筹码，,平安银行(000001),91,0,"https://guba.eastmoney.com/news,000001,1714034887.html"
COMM_000746,comment,东方财富股吧,管他谁在卖，每跌5毛就买入5％，这样股份就越来越多，分红率也就越来越高，比买科技,2026-05-25,管他谁在卖，每跌5毛就买入5％，这样股份就越来越多，分红率也就越来越高，比买科技,平安银行(000001),228,9,"https://guba.eastmoney.com/news,000001,1714027979.html"
COMM_000747,comment,东方财富股吧,利好不懂炒股的储户,2026-05-26,利好不懂炒股的储户,平安银行(000001),46,0,"https://guba.eastmoney.com/news,000001,1714205384.html"
COMM_000748,comment,东方财富股吧,要开始大涨了，主力一直在打压洗筹码，低价拿货，都不要卖，年底20块。不到20不卖,2026-05-25,要开始大涨了，主力一直在打压洗筹码，低价拿货，都不要卖，年底20块。不到20不卖,平安银行(000001),156,4,"https://guba.eastmoney.com/news,000001,1714003205.html"
COMM_000749,comment,东方财富股吧,砸的有多欢，回购就有多痛，都把价格顶起来，让庄家高价回购。,2026-05-25,砸的有多欢，回购就有多痛，都把价格顶起来，让庄家高价回购。,平安银行(000001),152,4,"https://guba.eastmoney.com/news,000001,1714023905.html"
COMM_000750,comment,东方财富股吧,三年存贷款量不增，规模不增何来业绩？三年实际业绩下降29%,2026-05-14,三年存贷款量不增，规模不增何来业绩？三年实际业绩下降29%,平安银行(000001),807,8,"https://guba.eastmoney.com/news,000001,1708293136.html"
COMM_000751,comment,东方财富股吧,理财的收入不够几天炒股亏的,2026-05-25,理财的收入不够几天炒股亏的,平安银行(000001),621,2,"https://guba.eastmoney.com/news,000001,1714056751.html"
COMM_000752,comment,东方财富股吧,请问各位，平安银行什么时候分红,2026-05-25,请问各位，平安银行什么时候分红,平安银行(000001),256,5,"https://guba.eastmoney.com/news,000001,1714148764.html"
COMM_000753,comment,东方财富股吧,进来几天了，跌了一个点，按技术指标不应该进来的，不过进来了也本打着长期拿的，拿十,2026-05-25,进来几天了，跌了一个点，按技术指标不应该进来的，不过进来了也本打着长期拿的，拿十,平安银行(000001),195,1,"https://guba.eastmoney.com/news,000001,1714159562.html"
COMM_000754,comment,东方财富股吧,11.05买了1000股，试试,2026-05-14,11.05买了1000股，试试,平安银行(000001),86,2,"https://guba.eastmoney.com/news,000001,1708107645.html"
COMM_000755,comment,东方财富股吧,10.5元非进不可,2026-05-25,10.5元非进不可,平安银行(000001),60,0,"https://guba.eastmoney.com/news,000001,1713850513.html"
COMM_000756,comment,东方财富股吧,能不能继续12连音,2026-05-25,能不能继续12连音,平安银行(000001),65,1,"https://guba.eastmoney.com/news,000001,1714111320.html"
COMM_000757,comment,东方财富股吧,上午以为要上天了，又跌回来。这不是打击信心吗。还好，没有绿。,2026-05-25,上午以为要上天了，又跌回来。这不是打击信心吗。还好，没有绿。,平安银行(000001),98,2,"https://guba.eastmoney.com/news,000001,1714113258.html"
COMM_000758,comment,东方财富股吧,终于地量见地价了,2026-05-25,终于地量见地价了,平安银行(000001),59,0,"https://guba.eastmoney.com/news,000001,1714118185.html"
COMM_000759,comment,东方财富股吧,底部十字星，跟昨天一样，底部确认。好的很,2026-05-25,底部十字星，跟昨天一样，底部确认。好的很,平安银行(000001),74,1,"https://guba.eastmoney.com/news,000001,1714019467.html"
COMM_000760,comment,东方财富股吧,有钱就加仓不管三七二十一，期待总有逆转之日。确实继续下跌长期持有分红。,2026-05-25,有钱就加仓不管三七二十一，期待总有逆转之日。确实继续下跌长期持有分红。,平安银行(000001),61,0,"https://guba.eastmoney.com/news,000001,1714105571.html"
COMM_000761,comment,东方财富股吧,平安银行:北京市海问律师事务所关于平安银行股份有限公司2025年年度股东会的法律意见书,2026-05-22,平安银行:北京市海问律师事务所关于平安银行股份有限公司2025年年度股东会的法律意见书,平安银行(000001),457,3,"https://guba.eastmoney.com/news,000001,1713178392.html"
COMM_000762,comment,东方财富股吧,你原地踏步,2026-05-25,你原地踏步,平安银行(000001),62,0,"https://guba.eastmoney.com/news,000001,1714098643.html"
COMM_000763,comment,东方财富股吧,十五连跌都悲状,2026-05-25,十五连跌都悲状,平安银行(000001),65,1,"https://guba.eastmoney.com/news,000001,1714036213.html"
COMM_000764,comment,东方财富股吧,有生之年能看见浦发涨停一次吗？,2026-06-08,有生之年能看见浦发涨停一次吗？,浦发银行(600000),29,3,"https://guba.eastmoney.com/news,600000,1722514503.html"
COMM_000765,comment,东方财富股吧,浦发走的真强啊,2026-06-08,浦发走的真强啊,浦发银行(600000),30,2,"https://guba.eastmoney.com/news,600000,1722480049.html"
COMM_000766,comment,东方财富股吧,你涨不动就下来搁这边磨叽,2026-06-08,你涨不动就下来搁这边磨叽,浦发银行(600000),9,1,"https://guba.eastmoney.com/news,600000,1722538392.html"
COMM_000767,comment,东方财富股吧,四大行全在高位！做空能量积累！银行业小心！,2026-06-08,四大行全在高位！做空能量积累！银行业小心！,浦发银行(600000),41,0,"https://guba.eastmoney.com/news,600000,1722364973.html"
COMM_000768,comment,东方财富股吧,主力哥，人家易中天一年前7块钱，现在最高时候1200，市盈率几千几万，我就想问一,2026-06-08,主力哥，人家易中天一年前7块钱，现在最高时候1200，市盈率几千几万，我就想问一,浦发银行(600000),4,0,"https://guba.eastmoney.com/news,600000,1722517802.html"
COMM_000769,comment,东方财富股吧,出货出的蛮爽,2026-06-08,出货出的蛮爽,浦发银行(600000),19,1,"https://guba.eastmoney.com/news,600000,1722489897.html"
COMM_000770,comment,东方财富股吧,这个专门在大盘大跌时出来表演，看看今天的表现,2026-06-08,这个专门在大盘大跌时出来表演，看看今天的表现,浦发银行(600000),13,0,"https://guba.eastmoney.com/news,600000,1722463555.html"
COMM_000771,comment,东方财富股吧,汽车金融业务违规！浦发银行长春分行、长春一汽支行合计被罚230万,2026-06-08,汽车金融业务违规！浦发银行长春分行、长春一汽支行合计被罚230万,浦发银行(600000),214,3,"https://guba.eastmoney.com/news,600000,1722218457.html"
COMM_000772,comment,东方财富股吧,学法狮龙,2026-06-08,学法狮龙,浦发银行(600000),19,1,"https://guba.eastmoney.com/news,600000,1722441846.html"
COMM_000773,comment,东方财富股吧,浦发银行长春两分支被罚230万，涉汽车金融业务违规等,2026-06-08,浦发银行长春两分支被罚230万，涉汽车金融业务违规等,浦发银行(600000),126,2,"https://guba.eastmoney.com/news,600000,1722411703.html"
COMM_000774,comment,东方财富股吧,等周线那根红线下来慢慢磨来回扯,2026-06-08,等周线那根红线下来慢慢磨来回扯,浦发银行(600000),28,1,"https://guba.eastmoney.com/news,600000,1722377999.html"
COMM_000775,comment,东方财富股吧,杂谈,2026-03-29,杂谈,浦发银行(600000),12480,588,"https://guba.eastmoney.com/news,600000,1686195468.html"
COMM_000776,comment,东方财富股吧,高科技股进入最后的疯狂，资金将慢慢转移到低价低市盈率低净值股中过渡，以便发动下一,2026-06-08,高科技股进入最后的疯狂，资金将慢慢转移到低价低市盈率低净值股中过渡，以便发动下一,浦发银行(600000),54,1,"https://guba.eastmoney.com/news,600000,1722128798.html"
COMM_000777,comment,东方财富股吧,浦发：今年目标价位：18.66以上！2024年涨百分之六十多！2025年涨百分之,2026-05-22,浦发：今年目标价位：18.66以上！2024年涨百分之六十多！2025年涨百分之,浦发银行(600000),1204,58,"https://guba.eastmoney.com/news,600000,1712730113.html"
COMM_000778,comment,东方财富股吧,贷前贷后管理失职：浦发银行长春两家机构合计被罚230万元,2026-06-08,贷前贷后管理失职：浦发银行长春两家机构合计被罚230万元,浦发银行(600000),147,2,"https://guba.eastmoney.com/news,600000,1722382931.html"
COMM_000779,comment,东方财富股吧,保险和AMC都在增持银行股卡BUG呢,2026-06-08,保险和AMC都在增持银行股卡BUG呢,浦发银行(600000),70,0,"https://guba.eastmoney.com/news,600000,1722376729.html"
COMM_000780,comment,东方财富股吧,蒲发银行行长，请问你是怎样当行长的？上市近30年，净资产都20多元股价破发？是什,2026-06-08,蒲发银行行长，请问你是怎样当行长的？上市近30年，净资产都20多元股价破发？是什,浦发银行(600000),85,4,"https://guba.eastmoney.com/news,600000,1722208274.html"
COMM_000781,comment,东方财富股吧,监管持续高压，前5月银行遭罚款8.71亿，数据违规类罚单数同比大增2.66倍,2026-06-05,监管持续高压，前5月银行遭罚款8.71亿，数据违规类罚单数同比大增2.66倍,浦发银行(600000),1334,5,"https://guba.eastmoney.com/news,601939,1721751960.html"
COMM_000782,comment,东方财富股吧,仓位不多，出局。感觉还没到持续上涨的时候，今天跌完，还是科技股的行情。,2026-06-08,仓位不多，出局。感觉还没到持续上涨的时候，今天跌完，还是科技股的行情。,浦发银行(600000),27,0,"https://guba.eastmoney.com/news,600000,1722309845.html"
COMM_000783,comment,东方财富股吧,右侧交易陆续进场，等待主升浪,2026-06-08,右侧交易陆续进场，等待主升浪,浦发银行(600000),26,0,"https://guba.eastmoney.com/news,600000,1722305224.html"
COMM_000784,comment,东方财富股吧,今天是卖点，不是买点，兄弟们，切记呀,2026-06-08,今天是卖点，不是买点，兄弟们，切记呀,浦发银行(600000),23,0,"https://guba.eastmoney.com/news,600000,1722301038.html"
COMM_000785,comment,东方财富股吧,去年今日此门中，人面桃花相映红。人面不知何处去，桃花依旧笑春风。～牢记2025年,2026-05-08,去年今日此门中，人面桃花相映红。人面不知何处去，桃花依旧笑春风。～牢记2025年,浦发银行(600000),2437,67,"https://guba.eastmoney.com/news,002594,1704447967.html"
COMM_000786,comment,东方财富股吧,汽车金融业务严重违规！浦发银行长春分行被罚170万元,2026-06-08,汽车金融业务严重违规！浦发银行长春分行被罚170万元,浦发银行(600000),135,1,"https://guba.eastmoney.com/news,600000,1722205363.html"
COMM_000787,comment,东方财富股吧,买这个都不如买银行指数，没见过这么拉胯的银行,2026-06-08,买这个都不如买银行指数，没见过这么拉胯的银行,浦发银行(600000),25,1,"https://guba.eastmoney.com/news,600000,1722216717.html"
COMM_000788,comment,东方财富股吧,杂凑匕又要连跌几天了！,2026-06-08,杂凑匕又要连跌几天了！,浦发银行(600000),24,0,"https://guba.eastmoney.com/news,600000,1722206025.html"
COMM_000789,comment,东方财富股吧,银行股里的败类,2026-06-08,银行股里的败类,浦发银行(600000),36,2,"https://guba.eastmoney.com/news,600000,1722173565.html"
COMM_000790,comment,东方财富股吧,戆银行,2026-06-08,戆银行,浦发银行(600000),24,1,"https://guba.eastmoney.com/news,600000,1722180384.html"
COMM_000791,comment,东方财富股吧,你就是垃圾,2026-06-08,你就是垃圾,浦发银行(600000),30,1,"https://guba.eastmoney.com/news,600000,1722174755.html"
COMM_000792,comment,东方财富股吧,口舍匕匕一样的，该护盘不护就打算着自己的那些小九九，恶心,2026-06-08,口舍匕匕一样的，该护盘不护就打算着自己的那些小九九，恶心,浦发银行(600000),32,0,"https://guba.eastmoney.com/news,600000,1722140238.html"
COMM_000793,comment,东方财富股吧,开盘卖了浦发，买了科技好爽，就是这么靠谱,2026-06-08,开盘卖了浦发，买了科技好爽，就是这么靠谱,浦发银行(600000),28,0,"https://guba.eastmoney.com/news,600000,1722139769.html"
COMM_000794,comment,东方财富股吧,今天浦发银行又是最靓的仔，绿油油,2026-06-08,今天浦发银行又是最靓的仔，绿油油,浦发银行(600000),28,1,"https://guba.eastmoney.com/news,600000,1722128489.html"
COMM_000795,comment,东方财富股吧,在用点力呀,2026-06-08,在用点力呀,浦发银行(600000),28,0,"https://guba.eastmoney.com/news,600000,1722119815.html"
COMM_000796,comment,东方财富股吧,垃圾,2026-06-08,垃圾,浦发银行(600000),25,0,"https://guba.eastmoney.com/news,600000,1722109563.html"
COMM_000797,comment,东方财富股吧,今天会出现高点，之后又将是无尽的下跌,2026-06-08,今天会出现高点，之后又将是无尽的下跌,浦发银行(600000),27,0,"https://guba.eastmoney.com/news,600000,1722031460.html"
COMM_000798,comment,东方财富股吧,今天可以涨停嘛,2026-06-08,今天可以涨停嘛,浦发银行(600000),29,0,"https://guba.eastmoney.com/news,600000,1722030837.html"
COMM_000799,comment,东方财富股吧,明天还是买点银行股来避险吧，科技股的行情暂告一个段落,2026-06-07,明天还是买点银行股来避险吧，科技股的行情暂告一个段落,浦发银行(600000),55,1,"https://guba.eastmoney.com/news,600000,1721983502.html"
COMM_000800,comment,东方财富股吧,科技跳水，老登准备起飞,2026-06-07,科技跳水，老登准备起飞,浦发银行(600000),80,1,"https://guba.eastmoney.com/news,zssz399006,1721980200.html"
COMM_000801,comment,东方财富股吧,明天暴涨护盘拉高出货,2026-06-07,明天暴涨护盘拉高出货,浦发银行(600000),51,1,"https://guba.eastmoney.com/news,600000,1721973441.html"
COMM_000802,comment,东方财富股吧,唯金融例外“公司市值”A股都按未几年业绩支撑估值进行定价！,2026-06-07,唯金融例外“公司市值”A股都按未几年业绩支撑估值进行定价！,浦发银行(600000),67,0,"https://guba.eastmoney.com/news,600000,1721934241.html"
COMM_000803,comment,东方财富股吧,下周应该站稳9.5以上了吧,2026-06-07,下周应该站稳9.5以上了吧,浦发银行(600000),48,0,"https://guba.eastmoney.com/news,600000,1721934742.html"
COMM_000804,comment,东方财富股吧,明天会不会被错杀啊？重仓了，瑟瑟发抖,2026-06-07,明天会不会被错杀啊？重仓了，瑟瑟发抖,浦发银行(600000),40,0,"https://guba.eastmoney.com/news,600000,1721929369.html"
COMM_000805,comment,东方财富股吧,嘴上说绿的，心里盼着红，大家都是这个心理。看趋势就好，浦发已经从最低点走出来了，,2026-06-05,嘴上说绿的，心里盼着红，大家都是这个心理。看趋势就好，浦发已经从最低点走出来了，,浦发银行(600000),177,11,"https://guba.eastmoney.com/news,600000,1721240785.html"
COMM_000806,comment,东方财富股吧,下个礼拜要高开3个点开盘？,2026-06-06,下个礼拜要高开3个点开盘？,浦发银行(600000),61,1,"https://guba.eastmoney.com/news,600000,1721882271.html"
COMM_000807,comment,东方财富股吧,短期至少9.5以上，全稳了，我是被甩下了,2026-06-05,短期至少9.5以上，全稳了，我是被甩下了,浦发银行(600000),55,1,"https://guba.eastmoney.com/news,600000,1721763184.html"
COMM_000808,comment,东方财富股吧,浦发银行管理层，从14.39元跌至今，你们丢尽了民族银行的脸,2026-05-13,浦发银行管理层，从14.39元跌至今，你们丢尽了民族银行的脸,浦发银行(600000),1667,134,"https://guba.eastmoney.com/news,600000,1707230891.html"
COMM_000809,comment,东方财富股吧,股息5%，银行存款2%。对应浦发股价25。所以20以内不卖,2026-06-06,股息5%，银行存款2%。对应浦发股价25。所以20以内不卖,浦发银行(600000),79,1,"https://guba.eastmoney.com/news,600000,1721863405.html"
COMM_000810,comment,东方财富股吧,纳斯达克崩盘，伪科技实际亏损股将暴跌90%以上，千元会跌到10，浦发银行崛起。真,2026-06-06,纳斯达克崩盘，伪科技实际亏损股将暴跌90%以上，千元会跌到10，浦发银行崛起。真,浦发银行(600000),65,0,"https://guba.eastmoney.com/news,600000,1721854021.html"
COMM_000811,comment,东方财富股吧,外围牛市结束，大a走熊后可以7元买来吃股息了。我在7元很想你。,2026-06-06,外围牛市结束，大a走熊后可以7元买来吃股息了。我在7元很想你。,浦发银行(600000),109,4,"https://guba.eastmoney.com/news,600000,1721839187.html"
COMM_000812,comment,东方财富股吧,浦发银行：融资净偿还766.09万元，融资余额37.79亿元,2026-06-06,浦发银行：融资净偿还766.09万元，融资余额37.79亿元,浦发银行(600000),75,0,"https://guba.eastmoney.com/news,600000,1721826128.html"
COMM_000813,comment,东方财富股吧,直击“老博会”！沪上银行养老金融有何创新？,2026-06-06,直击“老博会”！沪上银行养老金融有何创新？,浦发银行(600000),515,0,"https://guba.eastmoney.com/news,601398,1721801071.html"
COMM_000814,comment,东方财富股吧,零售业务一团糟，,2026-06-05,零售业务一团糟，,浦发银行(600000),34,0,"https://guba.eastmoney.com/news,600000,1721791042.html"
COMM_000815,comment,东方财富股吧,浦发银行的事实成交量说明…10元以下根本没有多少散户卖出…所以根本没有多少成交量,2026-06-05,浦发银行的事实成交量说明…10元以下根本没有多少散户卖出…所以根本没有多少成交量,浦发银行(600000),269,3,"https://guba.eastmoney.com/news,600000,1721520441.html"
COMM_000816,comment,东方财富股吧,真猴，9.28卖了，4w股,2026-06-05,真猴，9.28卖了，4w股,浦发银行(600000),52,0,"https://guba.eastmoney.com/news,600000,1721751325.html"
COMM_000817,comment,东方财富股吧,冲高就应该立刻卖的，砸太快了，没挂上，损失了一半收益,2026-06-05,冲高就应该立刻卖的，砸太快了，没挂上，损失了一半收益,浦发银行(600000),54,2,"https://guba.eastmoney.com/news,600000,1721182615.html"
COMM_000818,comment,东方财富股吧,多家银行开通个人养老金购买储蓄国债入口，邮储银行提醒发售时间,2026-06-05,多家银行开通个人养老金购买储蓄国债入口，邮储银行提醒发售时间,浦发银行(600000),715,0,"https://guba.eastmoney.com/news,601658,1721705584.html"
COMM_000819,comment,东方财富股吧,浦发银行:上海浦东发展银行股份有限公司关于召开2025年年度股东会的通知,2026-06-04,浦发银行:上海浦东发展银行股份有限公司关于召开2025年年度股东会的通知,浦发银行(600000),350,3,"https://guba.eastmoney.com/news,600000,1720892841.html"
COMM_000820,comment,东方财富股吧,主力吃货应该差不多了，该拉升了,2026-06-05,主力吃货应该差不多了，该拉升了,浦发银行(600000),64,2,"https://guba.eastmoney.com/news,600000,1721559078.html"
COMM_000821,comment,东方财富股吧,银行支棱起来。否则指数跌得一塌糊涂。,2026-06-05,银行支棱起来。否则指数跌得一塌糊涂。,浦发银行(600000),65,1,"https://guba.eastmoney.com/news,600000,1721586001.html"
COMM_000822,comment,东方财富股吧,我每次建仓浦发银行，还是能带来一小波上涨的。不过这个适合几百万资金搞它，我这次搞,2026-06-05,我每次建仓浦发银行，还是能带来一小波上涨的。不过这个适合几百万资金搞它，我这次搞,浦发银行(600000),85,0,"https://guba.eastmoney.com/news,600000,1721582129.html"
COMM_000823,comment,东方财富股吧,等分红，分红前一天拜拜,2026-06-05,等分红，分红前一天拜拜,浦发银行(600000),74,2,"https://guba.eastmoney.com/news,600000,1721563294.html"
COMM_000824,comment,东方财富股吧,$浦发银行(SH600000)$,2026-06-05,$浦发银行(SH600000)$,浦发银行(600000),37,0,"https://guba.eastmoney.com/news,600000,1721563201.html"
COMM_000825,comment,东方财富股吧,$浦发银行(SH600000)$,2026-06-05,$浦发银行(SH600000)$,浦发银行(600000),34,0,"https://guba.eastmoney.com/news,600000,1721562994.html"
COMM_000826,comment,东方财富股吧,感觉涨一分钱都是那么的痛苦和纠结,2026-06-05,感觉涨一分钱都是那么的痛苦和纠结,浦发银行(600000),44,1,"https://guba.eastmoney.com/news,600000,1721540732.html"
COMM_000827,comment,东方财富股吧,还是兴业银行牛，,2026-06-05,还是兴业银行牛，,浦发银行(600000),60,3,"https://guba.eastmoney.com/news,600000,1721382680.html"
COMM_000828,comment,东方财富股吧,全线清仓，只保留AI，芯片，保留少量浦发。其他全部清仓，留3万左右尾货记仇，也提,2026-06-05,全线清仓，只保留AI，芯片，保留少量浦发。其他全部清仓，留3万左右尾货记仇，也提,浦发银行(600000),86,2,"https://guba.eastmoney.com/news,600000,1721138502.html"
COMM_000829,comment,东方财富股吧,蒲发银行行长。请冋公司经近30年的发展，今时今日连发行价10元价都达不到，为什么,2026-06-05,蒲发银行行长。请冋公司经近30年的发展，今时今日连发行价10元价都达不到，为什么,浦发银行(600000),69,2,"https://guba.eastmoney.com/news,600000,1721372124.html"
COMM_000830,comment,东方财富股吧,没实力就不要当庄！,2026-06-05,没实力就不要当庄！,浦发银行(600000),37,0,"https://guba.eastmoney.com/news,600000,1721378512.html"
COMM_000831,comment,东方财富股吧,再次重申看空浦发，目标价位7块，坐等二季度报出来就知道结果。,2026-06-05,再次重申看空浦发，目标价位7块，坐等二季度报出来就知道结果。,浦发银行(600000),43,0,"https://guba.eastmoney.com/news,600000,1721372422.html"
COMM_000832,comment,东方财富股吧,浦发经常冲高回落，这种票有什么用，跌也没见回落冲高,2026-06-05,浦发经常冲高回落，这种票有什么用，跌也没见回落冲高,浦发银行(600000),86,4,"https://guba.eastmoney.com/news,600000,1721162545.html"
COMM_000833,comment,东方财富股吧,我11赚三个点卖的、看来是卖对了,2026-06-05,我11赚三个点卖的、看来是卖对了,浦发银行(600000),37,0,"https://guba.eastmoney.com/news,600000,1721317971.html"
COMM_000834,comment,东方财富股吧,你就是垃圾股,2026-06-05,你就是垃圾股,浦发银行(600000),36,0,"https://guba.eastmoney.com/news,600000,1721308473.html"
COMM_000835,comment,东方财富股吧,震仓洗盘，昨天今天进来的机构资金没有出去，下午拉升，耐心等待,2026-06-05,震仓洗盘，昨天今天进来的机构资金没有出去，下午拉升，耐心等待,浦发银行(600000),118,8,"https://guba.eastmoney.com/news,600000,1721156312.html"
COMM_000836,comment,东方财富股吧,太保，海通都小涨今天，撑指数，这浦发今天估计绿不了,2026-06-08,太保，海通都小涨今天，撑指数，这浦发今天估计绿不了,浦发银行(600000),23,0,"https://guba.eastmoney.com/news,600000,1722346450.html"
COMM_000837,comment,东方财富股吧,拿住了，就不信了，主力有那么多钱天天拉CPO，大科技,2026-06-08,拿住了，就不信了，主力有那么多钱天天拉CPO，大科技,浦发银行(600000),27,0,"https://guba.eastmoney.com/news,600000,1722268318.html"
COMM_000838,comment,东方财富股吧,宗甚！,2026-06-08,宗甚！,浦发银行(600000),17,0,"https://guba.eastmoney.com/news,600000,1722235740.html"
COMM_000839,comment,东方财富股吧,这苟妆一点格局没有的，非要逼人割肉才罢休，老子就是不割！,2026-06-08,这苟妆一点格局没有的，非要逼人割肉才罢休，老子就是不割！,浦发银行(600000),21,0,"https://guba.eastmoney.com/news,600000,1722124159.html"
COMM_000840,comment,东方财富股吧,垃圾,2026-06-08,垃圾,浦发银行(600000),30,0,"https://guba.eastmoney.com/news,600000,1722106907.html"
COMM_000841,comment,东方财富股吧,哈哈哈，cpo起来了,2026-06-08,哈哈哈，cpo起来了,浦发银行(600000),23,0,"https://guba.eastmoney.com/news,600000,1722089180.html"
COMM_000842,comment,东方财富股吧,特么板块在拉它在出货！,2026-06-08,特么板块在拉它在出货！,浦发银行(600000),23,0,"https://guba.eastmoney.com/news,600000,1722080149.html"
COMM_000843,comment,东方财富股吧,谁说高开来着,2026-06-08,谁说高开来着,浦发银行(600000),21,0,"https://guba.eastmoney.com/news,600000,1722040363.html"
COMM_000844,comment,东方财富股吧,整天公司牛逼吹的响胖胖，股价跌的令人发指，破发银行,2026-06-08,整天公司牛逼吹的响胖胖，股价跌的令人发指，破发银行,浦发银行(600000),28,0,"https://guba.eastmoney.com/news,600000,1722023454.html"
COMM_000845,comment,东方财富股吧,发行价10元，这是一个破发银行，不多见,2026-06-08,发行价10元，这是一个破发银行，不多见,浦发银行(600000),40,0,"https://guba.eastmoney.com/news,600000,1722018587.html"
COMM_000846,comment,东方财富股吧,分红前一个月基本稳在9.5左右,2026-06-07,分红前一个月基本稳在9.5左右,浦发银行(600000),48,1,"https://guba.eastmoney.com/news,600000,1721997934.html"
COMM_000847,comment,东方财富股吧,这浦发要说分红也是所有银行里垫底，时间又慢，次数又少，,2026-06-07,这浦发要说分红也是所有银行里垫底，时间又慢，次数又少，,浦发银行(600000),40,0,"https://guba.eastmoney.com/news,600000,1721997826.html"
COMM_000848,comment,东方财富股吧,周一浦发如砸盘，大盘彻底,2026-06-07,周一浦发如砸盘，大盘彻底,浦发银行(600000),83,1,"https://guba.eastmoney.com/news,600000,1721945222.html"
COMM_000849,comment,东方财富股吧,周一能不跌的都是牛,2026-06-07,周一能不跌的都是牛,浦发银行(600000),50,1,"https://guba.eastmoney.com/news,600000,1721936266.html"
COMM_000850,comment,东方财富股吧,我之前一直说，浦发和cpo决对死对头，cpo涨这货必跌无疑，cpo跌则浦发跌不到,2026-06-07,我之前一直说，浦发和cpo决对死对头，cpo涨这货必跌无疑，cpo跌则浦发跌不到,浦发银行(600000),52,0,"https://guba.eastmoney.com/news,600000,1721933814.html"
COMM_000851,comment,东方财富股吧,大盘如不好，这货会有作为的，这点我可以,2026-06-07,大盘如不好，这货会有作为的，这点我可以,浦发银行(600000),35,0,"https://guba.eastmoney.com/news,600000,1721923079.html"
COMM_000852,comment,东方财富股吧,一般都是慢慢涨到分红之后就开跌了,2026-06-07,一般都是慢慢涨到分红之后就开跌了,浦发银行(600000),38,1,"https://guba.eastmoney.com/news,600000,1721923035.html"
COMM_000853,comment,东方财富股吧,为什么市盈率个位数的公司年年有稳定分红，市盈率几千几万的高科技公司没有分红，有没,2026-06-06,为什么市盈率个位数的公司年年有稳定分红，市盈率几千几万的高科技公司没有分红，有没,浦发银行(600000),188,5,"https://guba.eastmoney.com/news,600000,1721883149.html"
COMM_000854,comment,东方财富股吧,今年一月这根巨阴线是致命的，修复很难,2026-06-06,今年一月这根巨阴线是致命的，修复很难,浦发银行(600000),50,1,"https://guba.eastmoney.com/news,600000,1721894474.html"
COMM_000855,comment,东方财富股吧,去年4.7你也跌的很厉害,2026-06-06,去年4.7你也跌的很厉害,浦发银行(600000),38,0,"https://guba.eastmoney.com/news,600000,1721894185.html"
COMM_000856,comment,东方财富股吧,其实周五早盘银行还跌的，下午开始cpo里资金已经得到消息疯狂出逃，所以大盘已经下,2026-06-06,其实周五早盘银行还跌的，下午开始cpo里资金已经得到消息疯狂出逃，所以大盘已经下,浦发银行(600000),168,3,"https://guba.eastmoney.com/news,600000,1721857699.html"
COMM_000857,comment,东方财富股吧,瑟瑟发抖啊，会不会一起跌,2026-06-06,瑟瑟发抖啊，会不会一起跌,浦发银行(600000),72,3,"https://guba.eastmoney.com/news,600000,1721836274.html"
COMM_000858,comment,东方财富股吧,你特么机会在眼前了能把握住吗？怂了一年了能不装了吗？周一看你的了！,2026-06-06,你特么机会在眼前了能把握住吗？怂了一年了能不装了吗？周一看你的了！,浦发银行(600000),51,0,"https://guba.eastmoney.com/news,600000,1721859837.html"
COMM_000859,comment,东方财富股吧,科技崩了你能争气点吗,2026-06-05,科技崩了你能争气点吗,浦发银行(600000),39,0,"https://guba.eastmoney.com/news,600000,1721793739.html"
COMM_000860,comment,东方财富股吧,下周一可能你要互一下盘面，控制一下,2026-06-05,下周一可能你要互一下盘面，控制一下,浦发银行(600000),38,0,"https://guba.eastmoney.com/news,600000,1721790716.html"
COMM_000861,comment,东方财富股吧,这个月9元下方如果不去的话，今年8.75底部了,2026-06-05,这个月9元下方如果不去的话，今年8.75底部了,浦发银行(600000),81,3,"https://guba.eastmoney.com/news,600000,1721704932.html"
COMM_000862,comment,东方财富股吧,引诱，诱多，爆裂下跌,2026-06-05,引诱，诱多，爆裂下跌,浦发银行(600000),38,0,"https://guba.eastmoney.com/news,600000,1721752758.html"
COMM_000863,comment,东方财富股吧,信达证券走势看看，谁看得懂，怎么现在都如此,2026-06-05,信达证券走势看看，谁看得懂，怎么现在都如此,浦发银行(600000),63,0,"https://guba.eastmoney.com/news,600000,1721755114.html"
COMM_000864,comment,东方财富股吧,翻阅很多票，周线都是如此及其恶劣行为，去年八月左右见顶，太多了,2026-06-05,翻阅很多票，周线都是如此及其恶劣行为，去年八月左右见顶，太多了,浦发银行(600000),41,0,"https://guba.eastmoney.com/news,600000,1721752585.html"
COMM_000865,comment,东方财富股吧,空勾还在吗？还质疑我吗？下周一10块钱,2026-06-05,空勾还在吗？还质疑我吗？下周一10块钱,浦发银行(600000),152,5,"https://guba.eastmoney.com/news,600000,1721656110.html"
COMM_000866,comment,东方财富股吧,上面一个重要位置4月21那天，9.72关注，当然要板块强势首先,2026-06-05,上面一个重要位置4月21那天，9.72关注，当然要板块强势首先,浦发银行(600000),156,0,"https://guba.eastmoney.com/news,600000,1721684249.html"
COMM_000867,comment,东方财富股吧,cpo突然回落救了浦发一下，否则今天早上回落收阴那必破9元,2026-06-05,cpo突然回落救了浦发一下，否则今天早上回落收阴那必破9元,浦发银行(600000),36,0,"https://guba.eastmoney.com/news,600000,1721668675.html"
COMM_000868,comment,东方财富股吧,今天，好几天一直收到浦发垃圾短信，拉黑,2026-06-05,今天，好几天一直收到浦发垃圾短信，拉黑,浦发银行(600000),125,0,"https://guba.eastmoney.com/news,600000,1721657160.html"
COMM_000869,comment,东方财富股吧,这货生存之道只局限于cpo大跌，那不是办法,2026-06-05,这货生存之道只局限于cpo大跌，那不是办法,浦发银行(600000),39,1,"https://guba.eastmoney.com/news,600000,1721598203.html"
COMM_000870,comment,东方财富股吧,$浦发银行(SH600000)$,2026-06-05,$浦发银行(SH600000)$,浦发银行(600000),20,0,"https://guba.eastmoney.com/news,600000,1721560536.html"
COMM_000871,comment,东方财富股吧,难怪，cpo救你命,2026-06-05,难怪，cpo救你命,浦发银行(600000),40,0,"https://guba.eastmoney.com/news,600000,1721475684.html"
COMM_000872,comment,东方财富股吧,我估计这月收盘，它顶多收在9.5到9.6这里附近,2026-06-05,我估计这月收盘，它顶多收在9.5到9.6这里附近,浦发银行(600000),33,0,"https://guba.eastmoney.com/news,600000,1721404341.html"
COMM_000873,comment,东方财富股吧,六月底开股东大会，七月头分红，看这个月它怎么收，今天中移动分红除权头一天跌，上海,2026-06-05,六月底开股东大会，七月头分红，看这个月它怎么收，今天中移动分红除权头一天跌，上海,浦发银行(600000),53,0,"https://guba.eastmoney.com/news,600000,1721403756.html"
COMM_000874,comment,东方财富股吧,归儿子不是很难砸吗？怎么今天砸不动了,2026-06-05,归儿子不是很难砸吗？怎么今天砸不动了,浦发银行(600000),37,0,"https://guba.eastmoney.com/news,600000,1721397061.html"
COMM_000875,comment,东方财富股吧,我今天就发话这里，不赚一毛钱，我都不会走,2026-06-05,我今天就发话这里，不赚一毛钱，我都不会走,浦发银行(600000),36,0,"https://guba.eastmoney.com/news,600000,1721393325.html"
COMM_000876,comment,东方财富股吧,主力哥，你要洗就给我来个跌停，别天天装。笔,2026-06-05,主力哥，你要洗就给我来个跌停，别天天装。笔,浦发银行(600000),41,2,"https://guba.eastmoney.com/news,600000,1721347967.html"
COMM_000877,comment,东方财富股吧,这个苟妆真的扣门，小气的很，竟然妄想一个散户都不想带上车一个人吃独食，想得美,2026-06-05,这个苟妆真的扣门，小气的很，竟然妄想一个散户都不想带上车一个人吃独食，想得美,浦发银行(600000),36,0,"https://guba.eastmoney.com/news,600000,1721360605.html"
COMM_000878,comment,东方财富股吧,"不看好的够都gun,我就看好浦发这轮能破10块钱",2026-06-05,"不看好的够都gun,我就看好浦发这轮能破10块钱",浦发银行(600000),66,4,"https://guba.eastmoney.com/news,600000,1721319150.html"
COMM_000879,comment,东方财富股吧,大家坚持住，苟妆老是整这出就是想让我们心浮气躁忍不住割肉放弃分红，大家都拿好筹码,2026-06-05,大家坚持住，苟妆老是整这出就是想让我们心浮气躁忍不住割肉放弃分红，大家都拿好筹码,浦发银行(600000),56,2,"https://guba.eastmoney.com/news,600000,1721244772.html"
COMM_000880,comment,东方财富股吧,最垃圾银行，现在比兴业都差不是一点点，跌那么多还原地踏步，年跌幅第一,2026-06-05,最垃圾银行，现在比兴业都差不是一点点，跌那么多还原地踏步，年跌幅第一,浦发银行(600000),43,1,"https://guba.eastmoney.com/news,600000,1721286427.html"
COMM_000881,comment,东方财富股吧,必绿,2026-06-05,必绿,浦发银行(600000),26,0,"https://guba.eastmoney.com/news,600000,1721307408.html"
COMM_000882,comment,东方财富股吧,它们已经在开始删评论了，坚持住兄弟们！,2026-06-05,它们已经在开始删评论了，坚持住兄弟们！,浦发银行(600000),81,0,"https://guba.eastmoney.com/news,600000,1721306736.html"
COMM_000883,comment,东方财富股吧,板块普跌的时候跌得稍微少点，板块红的时候就吊车尾，这个操盘手吃相不要这么难看，你,2026-06-05,板块普跌的时候跌得稍微少点，板块红的时候就吊车尾，这个操盘手吃相不要这么难看，你,浦发银行(600000),36,1,"https://guba.eastmoney.com/news,600000,1721057735.html"
COMM_000884,comment,东方财富股吧,快点绿快点绿，看着心烦，反正老子也不止你一个票,2026-06-05,快点绿快点绿，看着心烦，反正老子也不止你一个票,浦发银行(600000),28,0,"https://guba.eastmoney.com/news,600000,1721220974.html"
COMM_000885,comment,东方财富股吧,今天必绿，下午回来看,2026-06-05,今天必绿，下午回来看,浦发银行(600000),31,0,"https://guba.eastmoney.com/news,600000,1721210770.html"
COMM_000886,comment,东方财富股吧,我记得前几天一直讲，和cpo死对头，看看cpo，抛吧,2026-06-05,我记得前几天一直讲，和cpo死对头，看看cpo，抛吧,浦发银行(600000),24,0,"https://guba.eastmoney.com/news,600000,1721210453.html"
COMM_000887,comment,东方财富股吧,包绿的,2026-06-05,包绿的,浦发银行(600000),32,0,"https://guba.eastmoney.com/news,600000,1721202856.html"
COMM_000888,comment,东方财富股吧,投票：浦发今天会绿吗？,2026-06-05,投票：浦发今天会绿吗？,浦发银行(600000),45,1,"https://guba.eastmoney.com/news,600000,1721191948.html"
COMM_000889,comment,东方财富股吧,主力今天没吃饭,2026-06-05,主力今天没吃饭,浦发银行(600000),34,1,"https://guba.eastmoney.com/news,600000,1721194001.html"
COMM_000890,comment,东方财富股吧,每天上一当，当当都一样,2026-06-05,每天上一当，当当都一样,浦发银行(600000),39,0,"https://guba.eastmoney.com/news,600000,1721191713.html"
COMM_000891,comment,东方财富股吧,哈哈哈，和前几天一样，又是套人的一天。不过对我还是没用，你绿吧，我躺平了,2026-06-05,哈哈哈，和前几天一样，又是套人的一天。不过对我还是没用，你绿吧，我躺平了,浦发银行(600000),22,0,"https://guba.eastmoney.com/news,600000,1721189303.html"
COMM_000892,comment,东方财富股吧,年内跌幅超7%，A股银行板块为何大幅跑输大盘？,2026-05-19,年内跌幅超7%，A股银行板块为何大幅跑输大盘？,浦发银行(600000),9105,37,"https://guba.eastmoney.com/news,600928,1710738488.html"
COMM_000893,comment,东方财富股吧,太弱了，走了,2026-06-05,太弱了，走了,浦发银行(600000),27,1,"https://guba.eastmoney.com/news,600000,1721157455.html"
COMM_000894,comment,东方财富股吧,今天9.4收盘,2026-06-05,今天9.4收盘,浦发银行(600000),36,1,"https://guba.eastmoney.com/news,600000,1721106758.html"
COMM_000895,comment,东方财富股吧,下来了，这就是垃圾极限,2026-06-05,下来了，这就是垃圾极限,浦发银行(600000),37,1,"https://guba.eastmoney.com/news,600000,1721107119.html"
COMM_000896,comment,东方财富股吧,美银和中银天差地别，谁要负这个责任？,2026-06-05,美银和中银天差地别，谁要负这个责任？,浦发银行(600000),60,2,"https://guba.eastmoney.com/news,600000,1721025499.html"
COMM_000897,comment,东方财富股吧,我是老登，我就不去科技,2026-06-05,我是老登，我就不去科技,浦发银行(600000),36,0,"https://guba.eastmoney.com/news,600000,1721080644.html"
COMM_000898,comment,东方财富股吧,怎么样，我说的5连绿，已经四连绿了，今天继续跌,2026-06-05,怎么样，我说的5连绿，已经四连绿了，今天继续跌,浦发银行(600000),70,3,"https://guba.eastmoney.com/news,600000,1721045420.html"
COMM_000899,comment,东方财富股吧,继续跌,2026-06-05,继续跌,浦发银行(600000),35,0,"https://guba.eastmoney.com/news,600000,1721057306.html"
COMM_000900,comment,东方财富股吧,当年11.8跑路，看来是对了,2026-06-05,当年11.8跑路，看来是对了,浦发银行(600000),42,2,"https://guba.eastmoney.com/news,600000,1721029387.html"
COMM_000901,comment,东方财富股吧,看涨的人那么多？,2026-06-05,看涨的人那么多？,浦发银行(600000),45,0,"https://guba.eastmoney.com/news,600000,1721038759.html"
COMM_000902,comment,东方财富股吧,根据浦发银行的业绩和最近的低估值，它有一次涨停并不奇怪，不过即使涨停，我也不会卖,2026-06-05,根据浦发银行的业绩和最近的低估值，它有一次涨停并不奇怪，不过即使涨停，我也不会卖,浦发银行(600000),163,3,"https://guba.eastmoney.com/news,600000,1720994619.html"
COMM_000903,comment,东方财富股吧,请问董秘。今年的股东大会还要拖延到6月份吗。业绩分红发布一个月。四大行都开始股息,2026-05-12,请问董秘。今年的股东大会还要拖延到6月份吗。业绩分红发布一个月。四大行都开始股息,浦发银行(600000),819,7,"https://guba.eastmoney.com/news,600000,1706523088.html"
COMM_000904,comment,东方财富股吧,有3-4倍的空间，目标：美国的银行平均市净率约1.5倍、市盈率平均15倍，而中国,2026-05-25,有3-4倍的空间，目标：美国的银行平均市净率约1.5倍、市盈率平均15倍，而中国,浦发银行(600000),612,19,"https://guba.eastmoney.com/news,600000,1714161910.html"
COMM_000905,comment,东方财富股吧,这点成交量，证金公司要减持完何时是个头,2026-06-04,这点成交量，证金公司要减持完何时是个头,浦发银行(600000),136,5,"https://guba.eastmoney.com/news,600000,1720680009.html"
COMM_000906,comment,东方财富股吧,浦发银行：融资净偿还1878.24万元，融资余额37.86亿元,2026-06-05,浦发银行：融资净偿还1878.24万元，融资余额37.86亿元,浦发银行(600000),74,0,"https://guba.eastmoney.com/news,600000,1721007522.html"
COMM_000907,comment,东方财富股吧,浦发银行:上海浦东发展银行股份有限公司董事会2026年第六次会议决议公告,2026-06-04,浦发银行:上海浦东发展银行股份有限公司董事会2026年第六次会议决议公告,浦发银行(600000),241,3,"https://guba.eastmoney.com/news,600000,1720892793.html"
COMM_000908,comment,东方财富股吧,中信行已分红，平安行、兴业行分眼在眼前，浦发却连股东大会都没会，这节奏、这效率，,2026-06-05,中信行已分红，平安行、兴业行分眼在眼前，浦发却连股东大会都没会，这节奏、这效率，,浦发银行(600000),72,2,"https://guba.eastmoney.com/news,600000,1721003654.html"
COMM_000909,comment,东方财富股吧,这里就是浓缩板3月底走势，一是一样,2026-06-05,这里就是浓缩板3月底走势，一是一样,浦发银行(600000),34,0,"https://guba.eastmoney.com/news,600000,1721001363.html"
COMM_000910,comment,东方财富股吧,看k线，每一次反弹过后必定开始绵绵阴跌,2026-06-05,看k线，每一次反弹过后必定开始绵绵阴跌,浦发银行(600000),31,0,"https://guba.eastmoney.com/news,600000,1721001190.html"
COMM_000911,comment,东方财富股吧,从去年底开始被套近20个点了，还有希望吗,2026-06-05,从去年底开始被套近20个点了，还有希望吗,浦发银行(600000),52,1,"https://guba.eastmoney.com/news,600000,1720996908.html"
COMM_000912,comment,东方财富股吧,对于手拿浦发银行的散户来讲，最好就是双休，因为基本一开市看到它总再跌，就算偶尔反,2026-06-05,对于手拿浦发银行的散户来讲，最好就是双休，因为基本一开市看到它总再跌，就算偶尔反,浦发银行(600000),52,0,"https://guba.eastmoney.com/news,600000,1720998813.html"
COMM_000913,comment,东方财富股吧,探路“大城养老”新模式 上海试点养老服务信托,2026-06-04,探路“大城养老”新模式 上海试点养老服务信托,浦发银行(600000),389,2,"https://guba.eastmoney.com/news,600000,1720930235.html"
COMM_000914,comment,东方财富股吧,垃圾,2026-06-04,垃圾,浦发银行(600000),30,0,"https://guba.eastmoney.com/news,600000,1720939521.html"
COMM_000915,comment,东方财富股吧,主力哥，求求你明天做个好人吧，干脆直接跌停吧，天天拉高再砸下来，我真的无语死了,2026-06-04,主力哥，求求你明天做个好人吧，干脆直接跌停吧，天天拉高再砸下来，我真的无语死了,浦发银行(600000),67,3,"https://guba.eastmoney.com/news,600000,1720925716.html"
COMM_000916,comment,东方财富股吧,8.6以下再考虑低吸,2026-06-04,8.6以下再考虑低吸,浦发银行(600000),43,0,"https://guba.eastmoney.com/news,600000,1720902069.html"
COMM_000917,comment,东方财富股吧,累计被罚没约8.7亿元！1至5月，银行业收到2400余张监管罚单,2026-06-04,累计被罚没约8.7亿元！1至5月，银行业收到2400余张监管罚单,浦发银行(600000),722,3,"https://guba.eastmoney.com/news,601939,1720726092.html"
COMM_000918,comment,东方财富股吧,浦发银行:上海浦东发展银行股份有限公司关联交易公告,2026-06-04,浦发银行:上海浦东发展银行股份有限公司关联交易公告,浦发银行(600000),236,3,"https://guba.eastmoney.com/news,600000,1720892792.html"
COMM_000919,comment,东方财富股吧,主力你好，不是我不去cpo，主要是你给我砸得深套了，我实在不想割，甚至还有点想再,2026-06-04,主力你好，不是我不去cpo，主要是你给我砸得深套了，我实在不想割，甚至还有点想再,浦发银行(600000),61,1,"https://guba.eastmoney.com/news,600000,1720872478.html"
COMM_000920,comment,东方财富股吧,9元很快下破,2026-06-04,9元很快下破,浦发银行(600000),42,1,"https://guba.eastmoney.com/news,600000,1720901888.html"
COMM_000921,comment,东方财富股吧,我再说一遍，破9元这次买,2026-06-04,我再说一遍，破9元这次买,浦发银行(600000),87,2,"https://guba.eastmoney.com/news,600000,1720900648.html"
COMM_000922,comment,东方财富股吧,如出一辙呵呵，准备哦新一轮下跌,2026-06-04,如出一辙呵呵，准备哦新一轮下跌,浦发银行(600000),163,3,"https://guba.eastmoney.com/news,600000,1720864408.html"
COMM_000923,comment,东方财富股吧,这么跌跌不休，跌一年，可人气从没有跌出二千开外，奇怪,2026-06-04,这么跌跌不休，跌一年，可人气从没有跌出二千开外，奇怪,浦发银行(600000),38,1,"https://guba.eastmoney.com/news,600000,1720893008.html"
COMM_000924,comment,东方财富股吧,浦发银行:上海浦东发展银行股份有限公司2025年年度股东会会议资料,2026-06-04,浦发银行:上海浦东发展银行股份有限公司2025年年度股东会会议资料,浦发银行(600000),238,2,"https://guba.eastmoney.com/news,600000,1720892790.html"
COMM_000925,comment,东方财富股吧,这生解套没希望,2026-06-04,这生解套没希望,浦发银行(600000),28,0,"https://guba.eastmoney.com/news,600000,1720883492.html"
COMM_000926,comment,东方财富股吧,今年每逢周四，浦发就没红过,2026-06-04,今年每逢周四，浦发就没红过,浦发银行(600000),38,3,"https://guba.eastmoney.com/news,600000,1720562123.html"
COMM_000927,comment,东方财富股吧,今天加仓浦发，没多加，30万左右。科创真坚强啊，但这个钱我真的不挣了。思特威减仓,2026-06-04,今天加仓浦发，没多加，30万左右。科创真坚强啊，但这个钱我真的不挣了。思特威减仓,浦发银行(600000),196,9,"https://guba.eastmoney.com/news,600000,1720764804.html"
COMM_000928,comment,东方财富股吧,这票最大一个问题就是跌的时间远远比涨的时候多得多,2026-06-04,这票最大一个问题就是跌的时间远远比涨的时候多得多,浦发银行(600000),39,1,"https://guba.eastmoney.com/news,600000,1720833379.html"
COMM_000929,comment,东方财富股吧,那么艰难的日子都没有投降，苟妆还指望这几天小打小闹把我洗掉简直是痴人做梦我会笑着,2026-06-04,那么艰难的日子都没有投降，苟妆还指望这几天小打小闹把我洗掉简直是痴人做梦我会笑着,浦发银行(600000),183,3,"https://guba.eastmoney.com/news,600000,1720822196.html"
COMM_000930,comment,东方财富股吧,连续4天都是阴见小雨，晴一日阴4日,2026-06-04,连续4天都是阴见小雨，晴一日阴4日,浦发银行(600000),38,1,"https://guba.eastmoney.com/news,600000,1720808314.html"
COMM_000931,comment,东方财富股吧,还有说一句，我昨天忍不住9.23抛了几千股，它敢涨？,2026-06-04,还有说一句，我昨天忍不住9.23抛了几千股，它敢涨？,浦发银行(600000),33,0,"https://guba.eastmoney.com/news,600000,1720813851.html"
COMM_000932,comment,东方财富股吧,连跌四天，有位尾号姓什么佑的兄弟在吗，说的真准，连跌五天，,2026-06-04,连跌四天，有位尾号姓什么佑的兄弟在吗，说的真准，连跌五天，,浦发银行(600000),40,0,"https://guba.eastmoney.com/news,600000,1720813269.html"
COMM_000933,comment,东方财富股吧,说这岚货吧，眼看要跌30%了给你拉回二十几，说这岚货要脸吧，每次红一两个点,2026-06-04,说这岚货吧，眼看要跌30%了给你拉回二十几，说这岚货要脸吧，每次红一两个点,浦发银行(600000),45,0,"https://guba.eastmoney.com/news,600000,1720809542.html"
COMM_000934,comment,东方财富股吧,真无耻竞价还要砸,2026-06-04,真无耻竞价还要砸,浦发银行(600000),57,2,"https://guba.eastmoney.com/news,600000,1720787810.html"
COMM_000935,comment,东方财富股吧,这票今年10元看不到,2026-06-04,这票今年10元看不到,浦发银行(600000),68,3,"https://guba.eastmoney.com/news,600000,1720758926.html"
COMM_000936,comment,东方财富股吧,这么好的股票从哪里能找到，拿一个月现在买七月分红4.5个点，只扣0.1个点的税，,2026-06-04,这么好的股票从哪里能找到，拿一个月现在买七月分红4.5个点，只扣0.1个点的税，,浦发银行(600000),1181,16,"https://guba.eastmoney.com/news,600000,1720356285.html"
COMM_000937,comment,东方财富股吧,收盘还要砸两分,2026-06-04,收盘还要砸两分,浦发银行(600000),34,0,"https://guba.eastmoney.com/news,600000,1720784385.html"
COMM_000938,comment,东方财富股吧,该涨了,2026-06-04,该涨了,浦发银行(600000),43,1,"https://guba.eastmoney.com/news,600000,1720532257.html"
COMM_000939,comment,东方财富股吧,该发放红利了吧,2026-06-04,该发放红利了吧,浦发银行(600000),40,0,"https://guba.eastmoney.com/news,600000,1720776048.html"
COMM_000940,comment,东方财富股吧,那民生银行不更优秀了啊,2026-06-04,那民生银行不更优秀了啊,浦发银行(600000),31,0,"https://guba.eastmoney.com/news,600000,1720741533.html"
COMM_000941,comment,东方财富股吧,这孩子跟跌的,2026-06-04,这孩子跟跌的,浦发银行(600000),33,0,"https://guba.eastmoney.com/news,600000,1720732176.html"
COMM_000942,comment,东方财富股吧,请开始你的表演,2026-06-04,请开始你的表演,浦发银行(600000),40,1,"https://guba.eastmoney.com/news,600000,1720618881.html"
COMM_000943,comment,东方财富股吧,看到没有，还洗地吗？现在就是一天半个点左右洗，洗到散户割肉放弃分红,2026-06-04,看到没有，还洗地吗？现在就是一天半个点左右洗，洗到散户割肉放弃分红,浦发银行(600000),37,0,"https://guba.eastmoney.com/news,600000,1720722152.html"
COMM_000944,comment,东方财富股吧,好，下来了,2026-06-04,好，下来了,浦发银行(600000),25,0,"https://guba.eastmoney.com/news,600000,1720721361.html"
COMM_000945,comment,东方财富股吧,用点力好吗,2026-06-04,用点力好吗,浦发银行(600000),27,0,"https://guba.eastmoney.com/news,600000,1720670207.html"
COMM_000946,comment,东方财富股吧,一个这周全绿的岚货竟然还有人洗地，真的脑子瓦特了,2026-06-04,一个这周全绿的岚货竟然还有人洗地，真的脑子瓦特了,浦发银行(600000),42,0,"https://guba.eastmoney.com/news,600000,1720642203.html"
COMM_000947,comment,东方财富股吧,今天表现的挺优秀,2026-06-04,今天表现的挺优秀,浦发银行(600000),77,2,"https://guba.eastmoney.com/news,600000,1720597667.html"
COMM_000948,comment,东方财富股吧,不跌，不再继续跌算好的，这种票没个几年光景不会涨上去,2026-06-04,不跌，不再继续跌算好的，这种票没个几年光景不会涨上去,浦发银行(600000),40,1,"https://guba.eastmoney.com/news,600000,1720532796.html"
COMM_000949,comment,东方财富股吧,你们没想过吗？把它当租房，租给别人，半年收一次房租，假设今天我买了，一年10个点,2026-06-04,你们没想过吗？把它当租房，租给别人，半年收一次房租，假设今天我买了，一年10个点,浦发银行(600000),98,3,"https://guba.eastmoney.com/news,600000,1720521577.html"
COMM_000950,comment,东方财富股吧,这里只有出一根中阴线，不是十字线，这浦发破9元，趋势彻底结束,2026-06-04,这里只有出一根中阴线，不是十字线，这浦发破9元，趋势彻底结束,浦发银行(600000),42,1,"https://guba.eastmoney.com/news,600000,1720530588.html"
COMM_000951,comment,东方财富股吧,买浦发太煎熬了……从最高14元多跌到现在，这什么股啊，,2026-06-04,买浦发太煎熬了……从最高14元多跌到现在，这什么股啊，,浦发银行(600000),48,1,"https://guba.eastmoney.com/news,600000,1720496346.html"
COMM_000952,comment,东方财富股吧,2470张罚单！银行业今年以来被罚没8.7亿元,2026-06-04,2470张罚单！银行业今年以来被罚没8.7亿元,浦发银行(600000),866,5,"https://guba.eastmoney.com/news,601939,1720402161.html"
COMM_000953,comment,东方财富股吧,1.67亿成交量？还不如亨通，长飞随便一只一分钟成交多,2026-06-04,1.67亿成交量？还不如亨通，长飞随便一只一分钟成交多,浦发银行(600000),46,2,"https://guba.eastmoney.com/news,600000,1720389972.html"
COMM_000954,comment,东方财富股吧,苟妆今天怎么两次乌龙指了？昨晚商k喝多了手抖？,2026-06-04,苟妆今天怎么两次乌龙指了？昨晚商k喝多了手抖？,浦发银行(600000),36,1,"https://guba.eastmoney.com/news,600000,1720415047.html"
COMM_000955,comment,东方财富股吧,中钨高新以前二十年之前一直四五元，现在七十几,2026-06-04,中钨高新以前二十年之前一直四五元，现在七十几,浦发银行(600000),36,0,"https://guba.eastmoney.com/news,600000,1720413473.html"
COMM_000956,comment,东方财富股吧,板块拉切了呵呵,2026-06-04,板块拉切了呵呵,浦发银行(600000),26,0,"https://guba.eastmoney.com/news,600000,1720383372.html"
COMM_000957,comment,东方财富股吧,下个月7块的时候可以逐步建仓了,2026-06-04,下个月7块的时候可以逐步建仓了,浦发银行(600000),47,1,"https://guba.eastmoney.com/news,600000,1720337502.html"
COMM_000958,comment,东方财富股吧,操盘作失误乌龙指,2026-06-04,操盘作失误乌龙指,浦发银行(600000),31,0,"https://guba.eastmoney.com/news,600000,1720325056.html"
COMM_000959,comment,东方财富股吧,9.285000万,2026-06-04,9.285000万,浦发银行(600000),32,0,"https://guba.eastmoney.com/news,600000,1720318289.html"
COMM_000960,comment,东方财富股吧,这个货要开启连今天跟板块了？不做逆子了？岚货！,2026-06-04,这个货要开启连今天跟板块了？不做逆子了？岚货！,浦发银行(600000),33,0,"https://guba.eastmoney.com/news,600000,1720287895.html"
COMM_000961,comment,东方财富股吧,破9元，等你,2026-06-04,破9元，等你,浦发银行(600000),26,0,"https://guba.eastmoney.com/news,600000,1720282654.html"
COMM_000962,comment,东方财富股吧,兄弟们，拿住一年，靠股息率回本，越跌越买，就当存银行,2026-06-04,兄弟们，拿住一年，靠股息率回本，越跌越买，就当存银行,浦发银行(600000),24,0,"https://guba.eastmoney.com/news,600000,1720266804.html"
COMM_000963,comment,东方财富股吧,没必要5000只股票，留下500只就可以了，其它的全是废票,2026-06-04,没必要5000只股票，留下500只就可以了，其它的全是废票,浦发银行(600000),30,0,"https://guba.eastmoney.com/news,600000,1720252690.html"
COMM_000964,comment,东方财富股吧,主力流入跌，主力流出也跌,2026-06-04,主力流入跌，主力流出也跌,浦发银行(600000),30,0,"https://guba.eastmoney.com/news,600000,1720247551.html"
COMM_000965,comment,东方财富股吧,不想玩了,2026-06-04,不想玩了,浦发银行(600000),37,2,"https://guba.eastmoney.com/news,600000,1720216452.html"
COMM_000966,comment,东方财富股吧,没人陪玩了，已经被彻底抛弃,2026-06-04,没人陪玩了，已经被彻底抛弃,浦发银行(600000),57,0,"https://guba.eastmoney.com/news,600000,1720240213.html"
COMM_000967,comment,东方财富股吧,今天涨3毛,2026-06-04,今天涨3毛,浦发银行(600000),49,2,"https://guba.eastmoney.com/news,600000,1720118103.html"
COMM_000968,comment,东方财富股吧,绝对的银行拉几古,2026-06-04,绝对的银行拉几古,浦发银行(600000),29,0,"https://guba.eastmoney.com/news,600000,1720214814.html"
COMM_000969,comment,东方财富股吧,不想玩了,2026-06-04,不想玩了,浦发银行(600000),19,0,"https://guba.eastmoney.com/news,600000,1720214498.html"
COMM_000970,comment,东方财富股吧,不想玩了，主力资金流入也跌，主力资金流出也跌,2026-06-04,不想玩了，主力资金流入也跌，主力资金流出也跌,浦发银行(600000),20,0,"https://guba.eastmoney.com/news,600000,1720206721.html"
COMM_000971,comment,东方财富股吧,清仓出货，不跟你玩儿了，跌跌不休，没人有这等耐心！,2026-06-04,清仓出货，不跟你玩儿了，跌跌不休，没人有这等耐心！,浦发银行(600000),33,0,"https://guba.eastmoney.com/news,600000,1720203703.html"
COMM_000972,comment,东方财富股吧,不想玩了，主力资金流入也跌，主力资金流出也跌,2026-06-04,不想玩了，主力资金流入也跌，主力资金流出也跌,浦发银行(600000),20,0,"https://guba.eastmoney.com/news,600000,1720203402.html"
COMM_000973,comment,东方财富股吧,以后叫干脆改名叫垃圾银行吧,2026-06-04,以后叫干脆改名叫垃圾银行吧,浦发银行(600000),27,0,"https://guba.eastmoney.com/news,600000,1720199311.html"
COMM_000974,comment,东方财富股吧,9.42元买的就指望分红，到现在还不发登记日公告，吊人胃口。如果你跌破9元我就补,2026-06-04,9.42元买的就指望分红，到现在还不发登记日公告，吊人胃口。如果你跌破9元我就补,浦发银行(600000),49,1,"https://guba.eastmoney.com/news,600000,1720121943.html"
COMM_000975,comment,东方财富股吧,每个周四都是跌的浦发银行，么有例外,2026-06-04,每个周四都是跌的浦发银行，么有例外,浦发银行(600000),52,1,"https://guba.eastmoney.com/news,600000,1720124751.html"
COMM_000976,comment,东方财富股吧,浦发银行：融资净偿还692.89万元，融资余额38.05亿元,2026-06-04,浦发银行：融资净偿还692.89万元，融资余额38.05亿元,浦发银行(600000),62,0,"https://guba.eastmoney.com/news,600000,1720122525.html"
COMM_000977,comment,东方财富股吧,很快六月又一晃即将结束，这垃圾9.5上不去,2026-06-04,很快六月又一晃即将结束，这垃圾9.5上不去,浦发银行(600000),34,0,"https://guba.eastmoney.com/news,600000,1720112764.html"
COMM_000978,comment,东方财富股吧,中债资信与浦发银行联合发布天津信用债优选指数,2026-06-03,中债资信与浦发银行联合发布天津信用债优选指数,浦发银行(600000),329,2,"https://guba.eastmoney.com/news,600000,1720058034.html"
COMM_000979,comment,东方财富股吧,2026中国商飞客户大会在广州召开,2026-06-03,2026中国商飞客户大会在广州召开,浦发银行(600000),495,1,"https://guba.eastmoney.com/news,hk03328,1720087802.html"
COMM_000980,comment,东方财富股吧,半年时间里，没有一次实在涨二个百分点以上，没有,2026-06-03,半年时间里，没有一次实在涨二个百分点以上，没有,浦发银行(600000),41,0,"https://guba.eastmoney.com/news,600000,1720088880.html"
COMM_000981,comment,东方财富股吧,cpo只要大涨，浦发必跌无一例外，cpo不涨浦发或许不跌横盘，cpo大跌浦发会红,2026-06-03,cpo只要大涨，浦发必跌无一例外，cpo不涨浦发或许不跌横盘，cpo大跌浦发会红,浦发银行(600000),55,0,"https://guba.eastmoney.com/news,600000,1720088551.html"
COMM_000982,comment,东方财富股吧,三连绿了，还有2绿，大家坚持住,2026-06-03,三连绿了，还有2绿，大家坚持住,浦发银行(600000),40,0,"https://guba.eastmoney.com/news,600000,1720087713.html"
COMM_000983,comment,东方财富股吧,底部已经确立，吹气反攻号角,2026-06-03,底部已经确立，吹气反攻号角,浦发银行(600000),35,0,"https://guba.eastmoney.com/news,600000,1720076280.html"
COMM_000984,comment,东方财富股吧,好的公司，连10元都站不上，可笑,2026-06-03,好的公司，连10元都站不上，可笑,浦发银行(600000),34,0,"https://guba.eastmoney.com/news,600000,1720064722.html"
COMM_000985,comment,东方财富股吧,年跌幅26个点银行里败类,2026-06-03,年跌幅26个点银行里败类,浦发银行(600000),33,0,"https://guba.eastmoney.com/news,600000,1720025302.html"
COMM_000986,comment,东方财富股吧,明天该拉升了吧,2026-06-03,明天该拉升了吧,浦发银行(600000),78,3,"https://guba.eastmoney.com/news,600000,1719939048.html"
COMM_000987,comment,东方财富股吧,每逢周四浦发都是开绿色，跌，几个月每次如此无一例外，明天看跌，今天被动无奈拉上去,2026-06-03,每逢周四浦发都是开绿色，跌，几个月每次如此无一例外，明天看跌，今天被动无奈拉上去,浦发银行(600000),51,0,"https://guba.eastmoney.com/news,600000,1720015880.html"
COMM_000988,comment,东方财富股吧,七月初分好红利，也得破9元，大势已去浦发,2026-06-03,七月初分好红利，也得破9元，大势已去浦发,浦发银行(600000),42,0,"https://guba.eastmoney.com/news,600000,1720011511.html"
COMM_000989,comment,东方财富股吧,银行股市盈率TTM到3才有性价比，反弹结束，目标7块左右我全仓吃股息。,2026-06-03,银行股市盈率TTM到3才有性价比，反弹结束，目标7块左右我全仓吃股息。,浦发银行(600000),99,4,"https://guba.eastmoney.com/news,600000,1719989096.html"
COMM_000990,comment,东方财富股吧,相当难,2026-06-03,相当难,浦发银行(600000),32,0,"https://guba.eastmoney.com/news,600000,1719986422.html"
COMM_000991,comment,东方财富股吧,真是坏银行,2026-06-03,真是坏银行,浦发银行(600000),58,1,"https://guba.eastmoney.com/news,600000,1719967757.html"
COMM_000992,comment,东方财富股吧,浦发银行10送4.2元，无下跌的理由！,2026-06-03,浦发银行10送4.2元，无下跌的理由！,浦发银行(600000),190,8,"https://guba.eastmoney.com/news,600000,1719460064.html"
COMM_000993,comment,东方财富股吧,明天可能还要跌，多数,2026-06-03,明天可能还要跌，多数,浦发银行(600000),61,4,"https://guba.eastmoney.com/news,600000,1719928210.html"
COMM_000994,comment,东方财富股吧,目前趋势很弱，这种k线形态，多数概率后面肯定跌，当然破不破九元不好说，看一步走一,2026-06-03,目前趋势很弱，这种k线形态，多数概率后面肯定跌，当然破不破九元不好说，看一步走一,浦发银行(600000),57,0,"https://guba.eastmoney.com/news,600000,1719948224.html"
COMM_000995,comment,东方财富股吧,日周月线都有反弹像了。加油,2026-06-03,日周月线都有反弹像了。加油,浦发银行(600000),42,0,"https://guba.eastmoney.com/news,600000,1719944912.html"
COMM_000996,comment,东方财富股吧,今天羞辱苟妆，还是被我拿到筹码了，丢人啊，明天砸两个点找回场子吧哈哈哈哈哈。明显,2026-06-03,今天羞辱苟妆，还是被我拿到筹码了，丢人啊，明天砸两个点找回场子吧哈哈哈哈哈。明显,浦发银行(600000),92,0,"https://guba.eastmoney.com/news,600000,1719935846.html"
COMM_000997,comment,东方财富股吧,砸盘了,2026-06-03,砸盘了,浦发银行(600000),35,0,"https://guba.eastmoney.com/news,600000,1719923869.html"
COMM_000998,comment,东方财富股吧,能抄底了吗？科技起来了还能砸吧,2026-06-03,能抄底了吗？科技起来了还能砸吧,浦发银行(600000),32,0,"https://guba.eastmoney.com/news,600000,1719919090.html"
COMM_000999,comment,东方财富股吧,之前一天跌一个点，现在跌多了开始一天半个点洗盘了,2026-06-03,之前一天跌一个点，现在跌多了开始一天半个点洗盘了,浦发银行(600000),29,0,"https://guba.eastmoney.com/news,600000,1719907315.html"
COMM_001000,comment,东方财富股吧,就等分红回点血找机会清仓了。今年一共就在三支票上是负收益，这货是其中之一。,2026-06-03,就等分红回点血找机会清仓了。今年一共就在三支票上是负收益，这货是其中之一。,浦发银行(600000),82,4,"https://guba.eastmoney.com/news,600000,1719787252.html"
COMM_001001,comment,东方财富股吧,如果我这辈子看不到小浦涨停，我就留给我的孙子，告诉他，看不到涨停留给他孙子的孙子,2026-06-03,如果我这辈子看不到小浦涨停，我就留给我的孙子，告诉他，看不到涨停留给他孙子的孙子,浦发银行(600000),66,2,"https://guba.eastmoney.com/news,600000,1719854354.html"
COMM_001002,comment,东方财富股吧,快讯：中石油直线拉升 大涨3% 中国工行直线拉升,2026-06-02,快讯：中石油直线拉升 大涨3% 中国工行直线拉升,浦发银行(600000),83,2,"https://guba.eastmoney.com/news,600000,1718651748.html"
COMM_001003,comment,东方财富股吧,9.28收盘，看都不要看呵呵，亏的垃圾板块,2026-06-03,9.28收盘，看都不要看呵呵，亏的垃圾板块,浦发银行(600000),27,0,"https://guba.eastmoney.com/news,600000,1719864541.html"
COMM_001004,comment,东方财富股吧,我讲句公道话，很多科技股市盈率已经几百几千甚至上万了，浦发这种市盈率才个位数的股,2026-06-03,我讲句公道话，很多科技股市盈率已经几百几千甚至上万了，浦发这种市盈率才个位数的股,浦发银行(600000),39,0,"https://guba.eastmoney.com/news,600000,1719862613.html"
COMM_001005,comment,东方财富股吧,大家注意慢慢熬吧,2026-06-03,大家注意慢慢熬吧,浦发银行(600000),22,0,"https://guba.eastmoney.com/news,600000,1719837539.html"
COMM_001006,comment,东方财富股吧,除非张亭否则没用,2026-06-03,除非张亭否则没用,浦发银行(600000),39,2,"https://guba.eastmoney.com/news,600000,1719761590.html"
COMM_001007,comment,东方财富股吧,那么明显拐头朝下，，下来再接回,2026-06-03,那么明显拐头朝下，，下来再接回,浦发银行(600000),32,1,"https://guba.eastmoney.com/news,600000,1719678970.html"
COMM_001008,comment,东方财富股吧,我觉得很好,2026-06-03,我觉得很好,浦发银行(600000),27,0,"https://guba.eastmoney.com/news,600000,1719747874.html"
COMM_001009,comment,东方财富股吧,你发吧，反正百分之九十都派给了散户，都等两个分红呢，你不要分红了就全出了,2026-06-03,你发吧，反正百分之九十都派给了散户，都等两个分红呢，你不要分红了就全出了,浦发银行(600000),42,0,"https://guba.eastmoney.com/news,600000,1719744950.html"
COMM_001010,comment,东方财富股吧,浦发，,2026-06-03,浦发，,浦发银行(600000),31,0,"https://guba.eastmoney.com/news,600000,1719730329.html"
COMM_001011,comment,东方财富股吧,9元下面再买回来,2026-06-03,9元下面再买回来,浦发银行(600000),56,1,"https://guba.eastmoney.com/news,600000,1719669126.html"
COMM_001012,comment,东方财富股吧,苟妆你觉得我会投降吗？来！下午不砸两个点你跟我姓！,2026-06-03,苟妆你觉得我会投降吗？来！下午不砸两个点你跟我姓！,浦发银行(600000),83,0,"https://guba.eastmoney.com/news,600000,1719672982.html"
COMM_001013,comment,东方财富股吧,和4月3日一模一样，又来了,2026-06-03,和4月3日一模一样，又来了,浦发银行(600000),36,0,"https://guba.eastmoney.com/news,600000,1719669876.html"
COMM_001014,comment,东方财富股吧,早上来的0.1亿的大单是来挨抽的呢,2026-06-03,早上来的0.1亿的大单是来挨抽的呢,浦发银行(600000),40,0,"https://guba.eastmoney.com/news,600000,1719655074.html"
COMM_001015,comment,东方财富股吧,主线就是cpo光模块，虽然有时涨多了会回调但主线，银行这些只是混迹在防御板块，它,2026-06-03,主线就是cpo光模块，虽然有时涨多了会回调但主线，银行这些只是混迹在防御板块，它,浦发银行(600000),40,0,"https://guba.eastmoney.com/news,600000,1719663527.html"
COMM_001016,comment,东方财富股吧,垃圾起来啊,2026-06-03,垃圾起来啊,浦发银行(600000),38,2,"https://guba.eastmoney.com/news,600000,1719617421.html"
COMM_001017,comment,东方财富股吧,资金流入明显，是买入的信号吗？大神给说说,2026-06-03,资金流入明显，是买入的信号吗？大神给说说,浦发银行(600000),97,5,"https://guba.eastmoney.com/news,600000,1719528232.html"
COMM_001018,comment,东方财富股吧,垃圾,2026-06-03,垃圾,浦发银行(600000),30,0,"https://guba.eastmoney.com/news,600000,1719598837.html"
COMM_001019,comment,东方财富股吧,朱莉，聪明得很，开盘打到917就吃回来了，收盘随随便便收个927附近就又T1个点,2026-06-03,朱莉，聪明得很，开盘打到917就吃回来了，收盘随随便便收个927附近就又T1个点,浦发银行(600000),53,1,"https://guba.eastmoney.com/news,600000,1719470774.html"
COMM_001020,comment,东方财富股吧,竟然还有人给这货说好话，斯德哥尔摩综合症了么？前几天板块红它跟了么？昨天冲高砸盘,2026-06-03,竟然还有人给这货说好话，斯德哥尔摩综合症了么？前几天板块红它跟了么？昨天冲高砸盘,浦发银行(600000),42,1,"https://guba.eastmoney.com/news,600000,1719527542.html"
COMM_001021,comment,东方财富股吧,我是新股民，现在被套进来了，打算不行攒一年股息算了，后面发工资就补仓，请问一下股,2026-06-03,我是新股民，现在被套进来了，打算不行攒一年股息算了，后面发工资就补仓，请问一下股,浦发银行(600000),61,2,"https://guba.eastmoney.com/news,600000,1719517183.html"
COMM_001022,comment,东方财富股吧,今天涨不可能，小跌,2026-06-03,今天涨不可能，小跌,浦发银行(600000),31,0,"https://guba.eastmoney.com/news,600000,1719528874.html"
COMM_001023,comment,东方财富股吧,家人们，怎么看,2026-06-03,家人们，怎么看,浦发银行(600000),88,0,"https://guba.eastmoney.com/news,600000,1719522945.html"
COMM_001024,comment,东方财富股吧,今天挺猛,2026-06-03,今天挺猛,浦发银行(600000),33,1,"https://guba.eastmoney.com/news,600000,1719472108.html"
COMM_001025,comment,东方财富股吧,今天简直是萎靡不振，无法无天,2026-06-03,今天简直是萎靡不振，无法无天,浦发银行(600000),35,0,"https://guba.eastmoney.com/news,600000,1719510722.html"
COMM_001026,comment,东方财富股吧,兄弟们，这个股票一年股息是几个点,2026-06-03,兄弟们，这个股票一年股息是几个点,浦发银行(600000),46,2,"https://guba.eastmoney.com/news,600000,1719386588.html"
COMM_001027,comment,东方财富股吧,K线图让你给弄的不准了，看了不顶用，不准！,2026-06-03,K线图让你给弄的不准了，看了不顶用，不准！,浦发银行(600000),37,1,"https://guba.eastmoney.com/news,600000,1719392471.html"
COMM_001028,comment,东方财富股吧,今天估计黄了,2026-06-03,今天估计黄了,浦发银行(600000),59,5,"https://guba.eastmoney.com/news,600000,1719314209.html"
COMM_001029,comment,东方财富股吧,看看中际旭创看看你不觉得参魁吗,2026-06-03,看看中际旭创看看你不觉得参魁吗,浦发银行(600000),26,0,"https://guba.eastmoney.com/news,600000,1719455349.html"
COMM_001030,comment,东方财富股吧,cpo看看,2026-06-03,cpo看看,浦发银行(600000),37,1,"https://guba.eastmoney.com/news,600000,1719404714.html"
COMM_001031,comment,东方财富股吧,万科业务咋办,2026-06-03,万科业务咋办,浦发银行(600000),38,0,"https://guba.eastmoney.com/news,600000,1719443625.html"
COMM_001032,comment,东方财富股吧,随便砸，砸多少，我买多少,2026-06-03,随便砸，砸多少，我买多少,浦发银行(600000),22,0,"https://guba.eastmoney.com/news,600000,1719360981.html"
COMM_001033,comment,东方财富股吧,所谓的价值投资就是个伪名题你们看看科技股随便一支都暴涨十倍多而浦发却,2026-06-03,所谓的价值投资就是个伪名题你们看看科技股随便一支都暴涨十倍多而浦发却,浦发银行(600000),33,0,"https://guba.eastmoney.com/news,600000,1719328583.html"
COMM_001034,comment,东方财富股吧,乐观一点话好一些能还会看到10元上方今年，如果糟糕一点话，在10元下面得运行很长,2026-06-03,乐观一点话好一些能还会看到10元上方今年，如果糟糕一点话，在10元下面得运行很长,浦发银行(600000),138,2,"https://guba.eastmoney.com/news,600000,1719273087.html"
COMM_001035,comment,东方财富股吧,浦发银行：融资净偿还482.29万元，融资余额38.12亿元,2026-06-03,浦发银行：融资净偿还482.29万元，融资余额38.12亿元,浦发银行(600000),74,0,"https://guba.eastmoney.com/news,600000,1719279037.html"
COMM_001036,comment,东方财富股吧,浦发银行搞个Al就行了比喻Al收款Al支付Al贷款，那就会嗖嗖的一直涨上天,2026-06-03,浦发银行搞个Al就行了比喻Al收款Al支付Al贷款，那就会嗖嗖的一直涨上天,浦发银行(600000),55,2,"https://guba.eastmoney.com/news,600000,1719275389.html"
COMM_001037,comment,东方财富股吧,全球银行业的AI变革：从“让位给机器”到增量替代,2026-05-31,全球银行业的AI变革：从“让位给机器”到增量替代,浦发银行(600000),1670,10,"https://guba.eastmoney.com/news,usjpm,1717749635.html"
COMM_001038,comment,东方财富股吧,这个银行注定要废，为了降本增效，把合作机构的存量资源都收回去，不管合作方的死活，,2026-06-03,这个银行注定要废，为了降本增效，把合作机构的存量资源都收回去，不管合作方的死活，,浦发银行(600000),48,0,"https://guba.eastmoney.com/news,600000,1719250345.html"
COMM_001039,comment,东方财富股吧,对浦发银行感触，今年银行它跌幅第一no1，但明年不见的跌福还是第一,2026-06-02,对浦发银行感触，今年银行它跌幅第一no1，但明年不见的跌福还是第一,浦发银行(600000),131,1,"https://guba.eastmoney.com/news,600000,1719238678.html"
COMM_001040,comment,东方财富股吧,政府都看不下去了,2026-06-02,政府都看不下去了,浦发银行(600000),389,4,"https://guba.eastmoney.com/news,600000,1719211050.html"
COMM_001041,comment,东方财富股吧,兴业和招行怎么跌下来都能弄V上去了基本，中信银行虽说最近相对弱些但之前可连着涨创,2026-06-02,兴业和招行怎么跌下来都能弄V上去了基本，中信银行虽说最近相对弱些但之前可连着涨创,浦发银行(600000),60,0,"https://guba.eastmoney.com/news,600000,1719209471.html"
COMM_001042,comment,东方财富股吧,有股市才有震荡，平常心看待吧,2026-06-02,有股市才有震荡，平常心看待吧,浦发银行(600000),49,1,"https://guba.eastmoney.com/news,600000,1718870436.html"
COMM_001043,comment,东方财富股吧,二线成星，这一周要选择方向,2026-06-02,二线成星，这一周要选择方向,浦发银行(600000),51,1,"https://guba.eastmoney.com/news,600000,1719183265.html"
COMM_001044,comment,东方财富股吧,真奇妙，这浦发看月线和上涨指数真是决对相反，三月和五月上证都是收阴，浦发红，四月,2026-05-29,真奇妙，这浦发看月线和上涨指数真是决对相反，三月和五月上证都是收阴，浦发红，四月,浦发银行(600000),129,2,"https://guba.eastmoney.com/news,600000,1717576675.html"
COMM_001045,comment,东方财富股吧,原来浦兴双雄领跌，现在兴业不和你玩儿了！,2026-06-02,原来浦兴双雄领跌，现在兴业不和你玩儿了！,浦发银行(600000),54,1,"https://guba.eastmoney.com/news,600000,1719175761.html"
COMM_001046,comment,东方财富股吧,嫂子开门，我是我哥,2026-06-02,嫂子开门，我是我哥,浦发银行(600000),50,0,"https://guba.eastmoney.com/news,600000,1719176971.html"
COMM_001047,comment,东方财富股吧,三天中证银行如此涨，居然浦发还跌嘻嘻,2026-06-02,三天中证银行如此涨，居然浦发还跌嘻嘻,浦发银行(600000),41,0,"https://guba.eastmoney.com/news,600000,1719170639.html"
COMM_001048,comment,东方财富股吧,浦发最垃圾股份银行,2026-06-02,浦发最垃圾股份银行,浦发银行(600000),38,0,"https://guba.eastmoney.com/news,600000,1719141603.html"
COMM_001049,comment,东方财富股吧,今天上海噗噗一顿利好，你是不是上海的？,2026-06-02,今天上海噗噗一顿利好，你是不是上海的？,浦发银行(600000),99,5,"https://guba.eastmoney.com/news,600000,1719094546.html"
COMM_001050,comment,东方财富股吧,反弹结束了，后续继续向下,2026-06-02,反弹结束了，后续继续向下,浦发银行(600000),43,0,"https://guba.eastmoney.com/news,600000,1719126371.html"
COMM_001051,comment,东方财富股吧,碰到这种上影针，连续来的头疼，自个仔细看看,2026-06-02,碰到这种上影针，连续来的头疼，自个仔细看看,浦发银行(600000),220,0,"https://guba.eastmoney.com/news,600000,1719118099.html"
COMM_001052,comment,东方财富股吧,指望大盘崩盘，科技奔溃这个概率必进少数，防守赚钱很难,2026-06-02,指望大盘崩盘，科技奔溃这个概率必进少数，防守赚钱很难,浦发银行(600000),39,0,"https://guba.eastmoney.com/news,600000,1719117018.html"
COMM_001053,comment,东方财富股吧,这三天，中证银行要不是强势，浦发破9元,2026-06-02,这三天，中证银行要不是强势，浦发破9元,浦发银行(600000),52,2,"https://guba.eastmoney.com/news,600000,1719110566.html"
COMM_001054,comment,东方财富股吧,短期套利很丢人吗？既然选择来股市，我管你短线长线，黑猫白猫能赚到钱就是好票，好猫,2026-06-02,短期套利很丢人吗？既然选择来股市，我管你短线长线，黑猫白猫能赚到钱就是好票，好猫,浦发银行(600000),48,0,"https://guba.eastmoney.com/news,600000,1719106476.html"
COMM_001055,comment,东方财富股吧,我就奇怪了，银行股不都是长线客吗？怎么短线玩家天天在这里骂。长线客在这个位置建仓,2026-06-02,我就奇怪了，银行股不都是长线客吗？怎么短线玩家天天在这里骂。长线客在这个位置建仓,浦发银行(600000),134,8,"https://guba.eastmoney.com/news,600000,1719093088.html"
COMM_001056,comment,东方财富股吧,冲高回落最后收绿又是戏耍散户的一天，但从年初被折磨至今的我内心毫无波澜，只要我不,2026-06-02,冲高回落最后收绿又是戏耍散户的一天，但从年初被折磨至今的我内心毫无波澜，只要我不,浦发银行(600000),79,0,"https://guba.eastmoney.com/news,600000,1719095463.html"
COMM_001057,comment,东方财富股吧,死,2026-06-02,死,浦发银行(600000),40,0,"https://guba.eastmoney.com/news,600000,1719091343.html"
COMM_001058,comment,东方财富股吧,牛逼啊，最后还要恶心散户一下，这些苟在屏幕后面笑疯了吧。不过告诉这些苟一个坏消息,2026-06-02,牛逼啊，最后还要恶心散户一下，这些苟在屏幕后面笑疯了吧。不过告诉这些苟一个坏消息,浦发银行(600000),52,0,"https://guba.eastmoney.com/news,600000,1719089627.html"
COMM_001059,comment,东方财富股吧,今日收盘每股暴涨0.01元,2026-06-02,今日收盘每股暴涨0.01元,浦发银行(600000),26,0,"https://guba.eastmoney.com/news,600000,1719089255.html"
COMM_001060,comment,东方财富股吧,没病红一下！红一下，没病走二步。,2026-06-02,没病红一下！红一下，没病走二步。,浦发银行(600000),37,0,"https://guba.eastmoney.com/news,600000,1719075567.html"
COMM_001061,comment,东方财富股吧,大家注意不要买了大家注意不要买了谁买套谁谁买套谁,2026-06-02,大家注意不要买了大家注意不要买了谁买套谁谁买套谁,浦发银行(600000),44,1,"https://guba.eastmoney.com/news,600000,1718945585.html"
COMM_001062,comment,东方财富股吧,要演员了,2026-06-02,要演员了,浦发银行(600000),37,0,"https://guba.eastmoney.com/news,600000,1719066441.html"
COMM_001063,comment,东方财富股吧,别洗了，来三个跌停A我把，我不怕你，反正科技我就是不去，你拉10000倍科技我都,2026-06-02,别洗了，来三个跌停A我把，我不怕你，反正科技我就是不去，你拉10000倍科技我都,浦发银行(600000),73,1,"https://guba.eastmoney.com/news,600000,1719039815.html"
COMM_001064,comment,东方财富股吧,瞧瞧江苏银行,2026-06-02,瞧瞧江苏银行,浦发银行(600000),32,0,"https://guba.eastmoney.com/news,600000,1719060399.html"
COMM_001065,comment,东方财富股吧,你就是垃圾,2026-06-02,你就是垃圾,浦发银行(600000),40,1,"https://guba.eastmoney.com/news,600000,1719028328.html"
COMM_001066,comment,东方财富股吧,砸多少，我收多少，有本事跌停,2026-06-02,砸多少，我收多少，有本事跌停,浦发银行(600000),98,5,"https://guba.eastmoney.com/news,600000,1718998214.html"
COMM_001067,comment,东方财富股吧,赶紧卖，一股不要留,2026-06-02,赶紧卖，一股不要留,浦发银行(600000),34,0,"https://guba.eastmoney.com/news,600000,1718994535.html"
COMM_001068,comment,东方财富股吧,行情就在不远处，要有耐心,2026-06-02,行情就在不远处，要有耐心,浦发银行(600000),37,0,"https://guba.eastmoney.com/news,600000,1718954351.html"
COMM_001069,comment,东方财富股吧,股份银行只有你是绿的,2026-06-02,股份银行只有你是绿的,浦发银行(600000),26,0,"https://guba.eastmoney.com/news,600000,1718944749.html"
COMM_001070,comment,东方财富股吧,板块强势浦发都涨不上去，还指望板块回调它会涨,2026-06-02,板块强势浦发都涨不上去，还指望板块回调它会涨,浦发银行(600000),34,0,"https://guba.eastmoney.com/news,600000,1718881463.html"
COMM_001071,comment,东方财富股吧,这个必须再一次二次探底，破不破九元现在还很难说，看不出，但是一定跌,2026-06-02,这个必须再一次二次探底，破不破九元现在还很难说，看不出，但是一定跌,浦发银行(600000),39,0,"https://guba.eastmoney.com/news,600000,1718879749.html"
COMM_001072,comment,东方财富股吧,跌了几个月，上一个月好不容易涨一个多点费老劲，这一周还没到全跌没，呵呵,2026-06-02,跌了几个月，上一个月好不容易涨一个多点费老劲，这一周还没到全跌没，呵呵,浦发银行(600000),37,0,"https://guba.eastmoney.com/news,600000,1718868744.html"
COMM_001073,comment,东方财富股吧,卖不完，就是卖不完！十一元卖不行吗？非当破报纸卖？这价还卖，不心疼钱吗？,2026-06-02,卖不完，就是卖不完！十一元卖不行吗？非当破报纸卖？这价还卖，不心疼钱吗？,浦发银行(600000),60,2,"https://guba.eastmoney.com/news,600000,1718798453.html"
COMM_001074,comment,东方财富股吧,你就卖吧！上海银行让它自己去还钱吧。真下的去手！,2026-06-02,你就卖吧！上海银行让它自己去还钱吧。真下的去手！,浦发银行(600000),55,1,"https://guba.eastmoney.com/news,600000,1718838517.html"
COMM_001075,comment,东方财富股吧,这里感觉又在磨顶，随时下来破9元，不知道我的直觉对否,2026-06-02,这里感觉又在磨顶，随时下来破9元，不知道我的直觉对否,浦发银行(600000),39,0,"https://guba.eastmoney.com/news,600000,1718859740.html"
COMM_001076,comment,东方财富股吧,苟妆，你折磨我没用的，我外号叫陆地藤壶,2026-06-02,苟妆，你折磨我没用的，我外号叫陆地藤壶,浦发银行(600000),55,2,"https://guba.eastmoney.com/news,600000,1718592539.html"
COMM_001077,comment,东方财富股吧,都是随板块带动，没有主观意愿去涨，呵呵,2026-06-02,都是随板块带动，没有主观意愿去涨，呵呵,浦发银行(600000),27,0,"https://guba.eastmoney.com/news,600000,1718848276.html"
COMM_001078,comment,东方财富股吧,真后悔买了这个！10元多成本！什么时候回本？,2026-06-02,真后悔买了这个！10元多成本！什么时候回本？,浦发银行(600000),72,2,"https://guba.eastmoney.com/news,600000,1718811339.html"
COMM_001079,comment,东方财富股吧,接下去很可能会使用一阳一阴相递打法，而不是之前一贯阴线,2026-05-31,接下去很可能会使用一阳一阴相递打法，而不是之前一贯阴线,浦发银行(600000),209,9,"https://guba.eastmoney.com/news,600000,1717726966.html"
COMM_001080,comment,东方财富股吧,死活要拖死上海银行，上海要债转股！！！！,2026-06-02,死活要拖死上海银行，上海要债转股！！！！,浦发银行(600000),33,0,"https://guba.eastmoney.com/news,600000,1718811136.html"
COMM_001081,comment,东方财富股吧,这套路我懂，又开始阴跌，套人模式,2026-06-02,这套路我懂，又开始阴跌，套人模式,浦发银行(600000),32,0,"https://guba.eastmoney.com/news,600000,1718811044.html"
COMM_001082,comment,东方财富股吧,银河今天这么好行情，浦发你全天水下运动？和解？主力来姨妈了？,2026-06-01,银河今天这么好行情，浦发你全天水下运动？和解？主力来姨妈了？,浦发银行(600000),54,1,"https://guba.eastmoney.com/news,600000,1718241893.html"
COMM_001083,comment,东方财富股吧,可以又打了一个翻身仗,2026-06-02,可以又打了一个翻身仗,浦发银行(600000),38,0,"https://guba.eastmoney.com/news,600000,1718803246.html"
COMM_001084,comment,东方财富股吧,垃圾票，本性一直如此,2026-06-02,垃圾票，本性一直如此,浦发银行(600000),23,0,"https://guba.eastmoney.com/news,600000,1718797521.html"
COMM_001085,comment,东方财富股吧,可以跌停为什么不跌停,2026-06-02,可以跌停为什么不跌停,浦发银行(600000),38,0,"https://guba.eastmoney.com/news,600000,1718789893.html"
COMM_001086,comment,东方财富股吧,散户多跑了！又洗出去了一大堆,2026-06-02,散户多跑了！又洗出去了一大堆,浦发银行(600000),50,2,"https://guba.eastmoney.com/news,600000,1718778526.html"
COMM_001087,comment,东方财富股吧,一顿操作猛如虎，定睛一看原地褚,2026-06-02,一顿操作猛如虎，定睛一看原地褚,浦发银行(600000),37,1,"https://guba.eastmoney.com/news,600000,1718777778.html"
COMM_001088,comment,东方财富股吧,跌停我全仓一百万,2026-06-02,跌停我全仓一百万,浦发银行(600000),31,1,"https://guba.eastmoney.com/news,600000,1718745567.html"
COMM_001089,comment,东方财富股吧,拉完了,2026-06-02,拉完了,浦发银行(600000),27,0,"https://guba.eastmoney.com/news,600000,1718764061.html"
COMM_001090,comment,东方财富股吧,板块里属于最弱势群体，板块一跌立马跌,2026-06-02,板块里属于最弱势群体，板块一跌立马跌,浦发银行(600000),25,0,"https://guba.eastmoney.com/news,600000,1718741550.html"
COMM_001091,comment,东方财富股吧,谁在这卖呀？全部挂跌停，一次卖完吧！我们大家都帮你分点！行吗？,2026-06-02,谁在这卖呀？全部挂跌停，一次卖完吧！我们大家都帮你分点！行吗？,浦发银行(600000),34,1,"https://guba.eastmoney.com/news,600000,1718721523.html"
COMM_001092,comment,东方财富股吧,强烈要求浦发银行尽快投票表决分红派息……,2026-06-02,强烈要求浦发银行尽快投票表决分红派息……,浦发银行(600000),88,5,"https://guba.eastmoney.com/news,600000,1718514568.html"
COMM_001093,comment,东方财富股吧,板块也不算差，浦发怎么那么弱,2026-06-02,板块也不算差，浦发怎么那么弱,浦发银行(600000),66,3,"https://guba.eastmoney.com/news,600000,1718603394.html"
COMM_001094,comment,东方财富股吧,真倒霉，买这玩意换其他银行吧,2026-06-02,真倒霉，买这玩意换其他银行吧,浦发银行(600000),59,3,"https://guba.eastmoney.com/news,600000,1718593927.html"
COMM_001095,comment,东方财富股吧,中石油重回11元 拉升级狂奔 工行三天大涨5% 股价重回7.3元高点,2026-06-02,中石油重回11元 拉升级狂奔 工行三天大涨5% 股价重回7.3元高点,浦发银行(600000),39,0,"https://guba.eastmoney.com/news,600000,1718632199.html"
COMM_001096,comment,东方财富股吧,搞突袭,2026-06-02,搞突袭,浦发银行(600000),33,0,"https://guba.eastmoney.com/news,600000,1718616060.html"
COMM_001097,comment,东方财富股吧,绿,2026-06-02,绿,浦发银行(600000),29,0,"https://guba.eastmoney.com/news,600000,1718606541.html"
COMM_001098,comment,东方财富股吧,……,2026-06-02,……,浦发银行(600000),28,0,"https://guba.eastmoney.com/news,600000,1718591091.html"
COMM_001099,comment,东方财富股吧,坚定看空，但是呢，不赚钱不走,2026-06-02,坚定看空，但是呢，不赚钱不走,浦发银行(600000),84,0,"https://guba.eastmoney.com/news,600000,1718581238.html"
COMM_001100,comment,东方财富股吧,今天涨停,2026-06-02,今天涨停,浦发银行(600000),45,1,"https://guba.eastmoney.com/news,600000,1718530242.html"
